dataset,seed,readout,group,mode,target_edge_count,val_accuracy_delta,val_macro_f1_delta,edge_utility_val_loss_increase,val_margin_delta,matched_control_count,matched_control_edge_utility_mean,matched_control_edge_utility_population_std,target_minus_matched_utility,matched_control_accuracy_delta_mean,matching_status,matching_diagnostics_json,interpretation_boundary
Movies,42,uniform,low_similarity_high_novelty,FIXED_NORM_MASK,8221,-0.0029994001199760145,0.0009766015077792845,-0.0067719221115112305,-0.0661698579788208,20,-0.009771215915679931,0.0034075260538317938,0.0029992938041687005,-0.006358728254349105,MATCHED,"{""allocated_cells"": 17, ""allocation"": {""((0, 1), 3)"": 129, ""((0, 2), 3)"": 204, ""((0, 3), 2)"": 69, ""((0, 3), 3)"": 274, ""((1, 1), 3)"": 164, ""((1, 2), 3)"": 595, ""((1, 3), 1)"": 18, ""((1, 3), 2)"": 750, ""((1, 3), 3)"": 232, ""((2, 2), 2)"": 127, ""((2, 2), 3)"": 547, ""((2, 3), 1)"": 1432, ""((2, 3), 2)"": 486, ""((2, 3), 3)"": 1011, ""((3, 3), 0)"": 1086, ""((3, 3), 1)"": 232, ""((3, 3), 2)"": 865}, ""degree_pair_exact"": true, ""matched_edge_count_per_control"": 8221, ""matching_method"": ""integral max-flow with exact endpoint-degree-quantile-pair and base normalized edge-weight quantile marginals"", ""shortages"": {}, ""status"": ""MATCHED"", ""target_degree_pair_marginal"": ""{(1, 2): 595, (1, 3): 1000, (0, 2): 204, (1, 1): 164, (2, 2): 674, (2, 3): 2929, (3, 3): 2183, (0, 3): 343, (0, 1): 129}"", ""target_edge_count"": 8221, ""target_weight_quantile_marginal"": ""{3: 3156, 1: 1682, 2: 2297, 0: 1086}"", ""verified_exact_marginals"": true, ""weight_quantile_exact"": true}",frozen graph intervention; FIXED_NORM_MASK is not retrained valid-operator performance
Movies,42,uniform,low_similarity_high_novelty,RENORMALIZED_DELETE,8221,-0.0038992201559687745,0.00659878139387976,0.06112968921661377,0.12247967720031738,20,0.03684518337249756,0.004532812071860657,0.024284505844116212,-0.0065836832633473065,MATCHED,"{""allocated_cells"": 17, ""allocation"": {""((0, 1), 3)"": 129, ""((0, 2), 3)"": 204, ""((0, 3), 2)"": 69, ""((0, 3), 3)"": 274, ""((1, 1), 3)"": 164, ""((1, 2), 3)"": 595, ""((1, 3), 1)"": 18, ""((1, 3), 2)"": 750, ""((1, 3), 3)"": 232, ""((2, 2), 2)"": 127, ""((2, 2), 3)"": 547, ""((2, 3), 1)"": 1432, ""((2, 3), 2)"": 486, ""((2, 3), 3)"": 1011, ""((3, 3), 0)"": 1086, ""((3, 3), 1)"": 232, ""((3, 3), 2)"": 865}, ""degree_pair_exact"": true, ""matched_edge_count_per_control"": 8221, ""matching_method"": ""integral max-flow with exact endpoint-degree-quantile-pair and base normalized edge-weight quantile marginals"", ""shortages"": {}, ""status"": ""MATCHED"", ""target_degree_pair_marginal"": ""{(1, 2): 595, (1, 3): 1000, (0, 2): 204, (1, 1): 164, (2, 2): 674, (2, 3): 2929, (3, 3): 2183, (0, 3): 343, (0, 1): 129}"", ""target_edge_count"": 8221, ""target_weight_quantile_marginal"": ""{3: 3156, 1: 1682, 2: 2297, 0: 1086}"", ""verified_exact_marginals"": true, ""weight_quantile_exact"": true}",frozen graph intervention; FIXED_NORM_MASK is not retrained valid-operator performance
Movies,42,uniform,low_similarity_low_novelty,FIXED_NORM_MASK,1777,-0.0005998800239951363,-0.001733856404899481,0.0008339881896972656,-0.020803213119506836,20,-0.0030353963375091553,0.0013725218878455601,0.003869384527206421,-0.000584883023395294,MATCHED,"{""allocated_cells"": 10, ""allocation"": {""((0, 1), 3)"": 2, ""((1, 1), 3)"": 49, ""((1, 2), 3)"": 14, ""((1, 3), 1)"": 21, ""((2, 2), 2)"": 73, ""((2, 3), 0)"": 295, ""((2, 3), 3)"": 118, ""((3, 3), 0)"": 324, ""((3, 3), 1)"": 530, ""((3, 3), 2)"": 351}, ""degree_pair_exact"": true, ""matched_edge_count_per_control"": 1777, ""matching_method"": ""integral max-flow with exact endpoint-degree-quantile-pair and base normalized edge-weight quantile marginals"", ""shortages"": {}, ""status"": ""MATCHED"", ""target_degree_pair_marginal"": ""{(2, 3): 413, (3, 3): 1205, (1, 1): 49, (1, 3): 21, (2, 2): 73, (1, 2): 14, (0, 1): 2}"", ""target_edge_count"": 1777, ""target_weight_quantile_marginal"": ""{2: 424, 3: 183, 1: 551, 0: 619}"", ""verified_exact_marginals"": true, ""weight_quantile_exact"": true}",frozen graph intervention; FIXED_NORM_MASK is not retrained valid-operator performance
Movies,42,uniform,low_similarity_low_novelty,RENORMALIZED_DELETE,1777,-0.00179964007198552,-0.0023129557123945377,0.00141143798828125,0.0012134313583374023,20,0.0007534205913543701,0.0008400496539296051,0.0006580173969268799,-0.0008098380323935006,MATCHED,"{""allocated_cells"": 10, ""allocation"": {""((0, 1), 3)"": 2, ""((1, 1), 3)"": 49, ""((1, 2), 3)"": 14, ""((1, 3), 1)"": 21, ""((2, 2), 2)"": 73, ""((2, 3), 0)"": 295, ""((2, 3), 3)"": 118, ""((3, 3), 0)"": 324, ""((3, 3), 1)"": 530, ""((3, 3), 2)"": 351}, ""degree_pair_exact"": true, ""matched_edge_count_per_control"": 1777, ""matching_method"": ""integral max-flow with exact endpoint-degree-quantile-pair and base normalized edge-weight quantile marginals"", ""shortages"": {}, ""status"": ""MATCHED"", ""target_degree_pair_marginal"": ""{(2, 3): 413, (3, 3): 1205, (1, 1): 49, (1, 3): 21, (2, 2): 73, (1, 2): 14, (0, 1): 2}"", ""target_edge_count"": 1777, ""target_weight_quantile_marginal"": ""{2: 424, 3: 183, 1: 551, 0: 619}"", ""verified_exact_marginals"": true, ""weight_quantile_exact"": true}",frozen graph intervention; FIXED_NORM_MASK is not retrained valid-operator performance
Movies,42,uniform,low_similarity_low_embeddedness,FIXED_NORM_MASK,7886,-0.0005998800239951363,0.00641808476023803,-0.0022132396697998047,-0.04593944549560547,20,-0.005507951974868775,0.0021001579552347095,0.00329471230506897,-0.0029694061187762076,MATCHED,"{""allocated_cells"": 13, ""allocation"": {""((1, 1), 3)"": 98, ""((1, 2), 3)"": 400, ""((1, 3), 1)"": 269, ""((1, 3), 2)"": 467, ""((1, 3), 3)"": 14, ""((2, 2), 2)"": 123, ""((2, 2), 3)"": 581, ""((2, 3), 1)"": 1755, ""((2, 3), 2)"": 280, ""((2, 3), 3)"": 1048, ""((3, 3), 0)"": 1131, ""((3, 3), 1)"": 14, ""((3, 3), 2)"": 1706}, ""degree_pair_exact"": true, ""matched_edge_count_per_control"": 7886, ""matching_method"": ""integral max-flow with exact endpoint-degree-quantile-pair and base normalized edge-weight quantile marginals"", ""shortages"": {}, ""status"": ""MATCHED"", ""target_degree_pair_marginal"": ""{(1, 2): 400, (1, 3): 750, (1, 1): 98, (2, 2): 704, (2, 3): 3083, (3, 3): 2851}"", ""target_edge_count"": 7886, ""target_weight_quantile_marginal"": ""{3: 2141, 1: 2038, 2: 2576, 0: 1131}"", ""verified_exact_marginals"": true, ""weight_quantile_exact"": true}",frozen graph intervention; FIXED_NORM_MASK is not retrained valid-operator performance
Movies,42,uniform,low_similarity_low_embeddedness,RENORMALIZED_DELETE,7886,0.0029994001199760145,0.008628904870229936,0.027764320373535156,0.07246887683868408,20,0.010224491357803345,0.0018802512151245819,0.01753982901573181,-0.0038392321535692608,MATCHED,"{""allocated_cells"": 13, ""allocation"": {""((1, 1), 3)"": 98, ""((1, 2), 3)"": 400, ""((1, 3), 1)"": 269, ""((1, 3), 2)"": 467, ""((1, 3), 3)"": 14, ""((2, 2), 2)"": 123, ""((2, 2), 3)"": 581, ""((2, 3), 1)"": 1755, ""((2, 3), 2)"": 280, ""((2, 3), 3)"": 1048, ""((3, 3), 0)"": 1131, ""((3, 3), 1)"": 14, ""((3, 3), 2)"": 1706}, ""degree_pair_exact"": true, ""matched_edge_count_per_control"": 7886, ""matching_method"": ""integral max-flow with exact endpoint-degree-quantile-pair and base normalized edge-weight quantile marginals"", ""shortages"": {}, ""status"": ""MATCHED"", ""target_degree_pair_marginal"": ""{(1, 2): 400, (1, 3): 750, (1, 1): 98, (2, 2): 704, (2, 3): 3083, (3, 3): 2851}"", ""target_edge_count"": 7886, ""target_weight_quantile_marginal"": ""{3: 2141, 1: 2038, 2: 2576, 0: 1131}"", ""verified_exact_marginals"": true, ""weight_quantile_exact"": true}",frozen graph intervention; FIXED_NORM_MASK is not retrained valid-operator performance
Movies,42,uniform,low_similarity_high_embeddedness,FIXED_NORM_MASK,3067,-0.0014997000599880073,-0.0018375223415494912,-0.002400636672973633,-0.03732168674468994,20,-0.005583995580673217,0.0017925104496561896,0.0031833589076995846,-0.0018296340731853377,MATCHED,"{""allocated_cells"": 13, ""allocation"": {""((1, 1), 3)"": 138, ""((1, 2), 3)"": 288, ""((1, 3), 1)"": 99, ""((1, 3), 2)"": 222, ""((1, 3), 3)"": 198, ""((2, 2), 2)"": 132, ""((2, 2), 3)"": 96, ""((2, 3), 1)"": 329, ""((2, 3), 2)"": 209, ""((2, 3), 3)"": 467, ""((3, 3), 0)"": 467, ""((3, 3), 1)"": 198, ""((3, 3), 2)"": 224}, ""degree_pair_exact"": true, ""matched_edge_count_per_control"": 3067, ""matching_method"": ""integral max-flow with exact endpoint-degree-quantile-pair and base normalized edge-weight quantile marginals"", ""shortages"": {}, ""status"": ""MATCHED"", ""target_degree_pair_marginal"": ""{(3, 3): 889, (1, 1): 138, (2, 3): 1005, (1, 2): 288, (1, 3): 519, (2, 2): 228}"", ""target_edge_count"": 3067, ""target_weight_quantile_marginal"": ""{0: 467, 3: 1187, 2: 787, 1: 626}"", ""verified_exact_marginals"": true, ""weight_quantile_exact"": true}",frozen graph intervention; FIXED_NORM_MASK is not retrained valid-operator performance
Movies,42,uniform,low_similarity_high_embeddedness,RENORMALIZED_DELETE,3067,-0.00029994001199762366,0.0023816847287148057,0.01582920551300049,0.021322250366210938,20,0.006661063432693482,0.0014319423778286606,0.009168142080307006,-0.0024895020995800545,MATCHED,"{""allocated_cells"": 13, ""allocation"": {""((1, 1), 3)"": 138, ""((1, 2), 3)"": 288, ""((1, 3), 1)"": 99, ""((1, 3), 2)"": 222, ""((1, 3), 3)"": 198, ""((2, 2), 2)"": 132, ""((2, 2), 3)"": 96, ""((2, 3), 1)"": 329, ""((2, 3), 2)"": 209, ""((2, 3), 3)"": 467, ""((3, 3), 0)"": 467, ""((3, 3), 1)"": 198, ""((3, 3), 2)"": 224}, ""degree_pair_exact"": true, ""matched_edge_count_per_control"": 3067, ""matching_method"": ""integral max-flow with exact endpoint-degree-quantile-pair and base normalized edge-weight quantile marginals"", ""shortages"": {}, ""status"": ""MATCHED"", ""target_degree_pair_marginal"": ""{(3, 3): 889, (1, 1): 138, (2, 3): 1005, (1, 2): 288, (1, 3): 519, (2, 2): 228}"", ""target_edge_count"": 3067, ""target_weight_quantile_marginal"": ""{0: 467, 3: 1187, 2: 787, 1: 626}"", ""verified_exact_marginals"": true, ""weight_quantile_exact"": true}",frozen graph intervention; FIXED_NORM_MASK is not retrained valid-operator performance
Movies,42,gpr,gpr_low_similarity_high_novelty,FIXED_NORM_MASK,8168,0.001799640071985631,0.0029497775261304593,-0.017538070678710938,-0.07246148586273193,20,-0.015441244840621949,0.0037253677959916587,-0.002096825838088989,-0.006283743251349688,MATCHED,"{""allocated_cells"": 17, ""allocation"": {""((0, 1), 3)"": 127, ""((0, 2), 3)"": 203, ""((0, 3), 2)"": 70, ""((0, 3), 3)"": 269, ""((1, 1), 3)"": 163, ""((1, 2), 3)"": 597, ""((1, 3), 1)"": 24, ""((1, 3), 2)"": 736, ""((1, 3), 3)"": 232, ""((2, 2), 2)"": 127, ""((2, 2), 3)"": 537, ""((2, 3), 1)"": 1414, ""((2, 3), 2)"": 473, ""((2, 3), 3)"": 1014, ""((3, 3), 0)"": 1085, ""((3, 3), 1)"": 232, ""((3, 3), 2)"": 865}, ""degree_pair_exact"": true, ""matched_edge_count_per_control"": 8168, ""matching_method"": ""integral max-flow with exact endpoint-degree-quantile-pair and base normalized edge-weight quantile marginals"", ""shortages"": {}, ""status"": ""MATCHED"", ""target_degree_pair_marginal"": ""{(1, 2): 597, (1, 3): 992, (0, 2): 203, (1, 1): 163, (2, 2): 664, (2, 3): 2901, (3, 3): 2182, (0, 3): 339, (0, 1): 127}"", ""target_edge_count"": 8168, ""target_weight_quantile_marginal"": ""{3: 3142, 1: 1670, 2: 2271, 0: 1085}"", ""verified_exact_marginals"": true, ""weight_quantile_exact"": true}",frozen graph intervention; FIXED_NORM_MASK is not retrained valid-operator performance
Movies,42,gpr,gpr_low_similarity_high_novelty,RENORMALIZED_DELETE,8168,0.0,0.0052583400442621775,0.057172536849975586,0.10793054103851318,20,0.03621906042098999,0.0036713179542876727,0.020953476428985596,-0.006388722255548878,MATCHED,"{""allocated_cells"": 17, ""allocation"": {""((0, 1), 3)"": 127, ""((0, 2), 3)"": 203, ""((0, 3), 2)"": 70, ""((0, 3), 3)"": 269, ""((1, 1), 3)"": 163, ""((1, 2), 3)"": 597, ""((1, 3), 1)"": 24, ""((1, 3), 2)"": 736, ""((1, 3), 3)"": 232, ""((2, 2), 2)"": 127, ""((2, 2), 3)"": 537, ""((2, 3), 1)"": 1414, ""((2, 3), 2)"": 473, ""((2, 3), 3)"": 1014, ""((3, 3), 0)"": 1085, ""((3, 3), 1)"": 232, ""((3, 3), 2)"": 865}, ""degree_pair_exact"": true, ""matched_edge_count_per_control"": 8168, ""matching_method"": ""integral max-flow with exact endpoint-degree-quantile-pair and base normalized edge-weight quantile marginals"", ""shortages"": {}, ""status"": ""MATCHED"", ""target_degree_pair_marginal"": ""{(1, 2): 597, (1, 3): 992, (0, 2): 203, (1, 1): 163, (2, 2): 664, (2, 3): 2901, (3, 3): 2182, (0, 3): 339, (0, 1): 127}"", ""target_edge_count"": 8168, ""target_weight_quantile_marginal"": ""{3: 3142, 1: 1670, 2: 2271, 0: 1085}"", ""verified_exact_marginals"": true, ""weight_quantile_exact"": true}",frozen graph intervention; FIXED_NORM_MASK is not retrained valid-operator performance
Movies,42,gpr,gpr_low_similarity_low_novelty,FIXED_NORM_MASK,1821,-0.0011997600479903836,-0.00208145397655074,0.0004328489303588867,-0.02035057544708252,20,-0.0032475113868713377,0.000777775695894302,0.0036803603172302244,-0.000779844031193716,MATCHED,"{""allocated_cells"": 10, ""allocation"": {""((0, 1), 3)"": 2, ""((1, 1), 3)"": 46, ""((1, 2), 3)"": 14, ""((1, 3), 1)"": 21, ""((2, 2), 2)"": 77, ""((2, 3), 0)"": 295, ""((2, 3), 3)"": 124, ""((3, 3), 0)"": 353, ""((3, 3), 1)"": 537, ""((3, 3), 2)"": 352}, ""degree_pair_exact"": true, ""matched_edge_count_per_control"": 1821, ""matching_method"": ""integral max-flow with exact endpoint-degree-quantile-pair and base normalized edge-weight quantile marginals"", ""shortages"": {}, ""status"": ""MATCHED"", ""target_degree_pair_marginal"": ""{(2, 3): 419, (3, 3): 1242, (1, 1): 46, (1, 3): 21, (2, 2): 77, (1, 2): 14, (0, 1): 2}"", ""target_edge_count"": 1821, ""target_weight_quantile_marginal"": ""{2: 429, 3: 186, 1: 558, 0: 648}"", ""verified_exact_marginals"": true, ""weight_quantile_exact"": true}",frozen graph intervention; FIXED_NORM_MASK is not retrained valid-operator performance
Movies,42,gpr,gpr_low_similarity_low_novelty,RENORMALIZED_DELETE,1821,-0.0011997600479903836,0.0008519264354458489,0.0014175176620483398,0.0011472702026367188,20,0.0009016633033752441,0.000498770831390714,0.0005158543586730957,-0.0003449310137972006,MATCHED,"{""allocated_cells"": 10, ""allocation"": {""((0, 1), 3)"": 2, ""((1, 1), 3)"": 46, ""((1, 2), 3)"": 14, ""((1, 3), 1)"": 21, ""((2, 2), 2)"": 77, ""((2, 3), 0)"": 295, ""((2, 3), 3)"": 124, ""((3, 3), 0)"": 353, ""((3, 3), 1)"": 537, ""((3, 3), 2)"": 352}, ""degree_pair_exact"": true, ""matched_edge_count_per_control"": 1821, ""matching_method"": ""integral max-flow with exact endpoint-degree-quantile-pair and base normalized edge-weight quantile marginals"", ""shortages"": {}, ""status"": ""MATCHED"", ""target_degree_pair_marginal"": ""{(2, 3): 419, (3, 3): 1242, (1, 1): 46, (1, 3): 21, (2, 2): 77, (1, 2): 14, (0, 1): 2}"", ""target_edge_count"": 1821, ""target_weight_quantile_marginal"": ""{2: 429, 3: 186, 1: 558, 0: 648}"", ""verified_exact_marginals"": true, ""weight_quantile_exact"": true}",frozen graph intervention; FIXED_NORM_MASK is not retrained valid-operator performance
Movies,42,text_uniform,text_low_similarity_high_novelty,FIXED_NORM_MASK,8259,-0.005098980203959158,0.006742992378065582,0.0205385684967041,-0.05460822582244873,20,0.025397944450378417,0.002593538421276876,-0.004859375953674316,-0.00934313137372524,MATCHED,"{""allocated_cells"": 16, ""allocation"": {""((0, 1), 3)"": 137, ""((0, 2), 3)"": 209, ""((0, 3), 2)"": 70, ""((0, 3), 3)"": 261, ""((1, 1), 3)"": 168, ""((1, 2), 3)"": 592, ""((1, 3), 2)"": 802, ""((1, 3), 3)"": 244, ""((2, 2), 2)"": 125, ""((2, 2), 3)"": 532, ""((2, 3), 1)"": 1478, ""((2, 3), 2)"": 412, ""((2, 3), 3)"": 1033, ""((3, 3), 0)"": 1060, ""((3, 3), 1)"": 261, ""((3, 3), 2)"": 875}, ""degree_pair_exact"": true, ""matched_edge_count_per_control"": 8259, ""matching_method"": ""integral max-flow with exact endpoint-degree-quantile-pair and base normalized edge-weight quantile marginals"", ""shortages"": {}, ""status"": ""MATCHED"", ""target_degree_pair_marginal"": ""{(1, 2): 592, (1, 3): 1046, (2, 2): 657, (0, 2): 209, (1, 1): 168, (2, 3): 2923, (3, 3): 2196, (0, 3): 331, (0, 1): 137}"", ""target_edge_count"": 8259, ""target_weight_quantile_marginal"": ""{3: 3176, 1: 1739, 2: 2284, 0: 1060}"", ""verified_exact_marginals"": true, ""weight_quantile_exact"": true}",frozen graph intervention; FIXED_NORM_MASK is not retrained valid-operator performance
Movies,42,text_uniform,text_low_similarity_high_novelty,RENORMALIZED_DELETE,8259,-0.002699460107978391,0.009474945147546321,0.04043221473693848,0.08005762100219727,20,0.021534693241119385,0.0026517244765975004,0.01889752149581909,-0.0073935212957408295,MATCHED,"{""allocated_cells"": 16, ""allocation"": {""((0, 1), 3)"": 137, ""((0, 2), 3)"": 209, ""((0, 3), 2)"": 70, ""((0, 3), 3)"": 261, ""((1, 1), 3)"": 168, ""((1, 2), 3)"": 592, ""((1, 3), 2)"": 802, ""((1, 3), 3)"": 244, ""((2, 2), 2)"": 125, ""((2, 2), 3)"": 532, ""((2, 3), 1)"": 1478, ""((2, 3), 2)"": 412, ""((2, 3), 3)"": 1033, ""((3, 3), 0)"": 1060, ""((3, 3), 1)"": 261, ""((3, 3), 2)"": 875}, ""degree_pair_exact"": true, ""matched_edge_count_per_control"": 8259, ""matching_method"": ""integral max-flow with exact endpoint-degree-quantile-pair and base normalized edge-weight quantile marginals"", ""shortages"": {}, ""status"": ""MATCHED"", ""target_degree_pair_marginal"": ""{(1, 2): 592, (1, 3): 1046, (2, 2): 657, (0, 2): 209, (1, 1): 168, (2, 3): 2923, (3, 3): 2196, (0, 3): 331, (0, 1): 137}"", ""target_edge_count"": 8259, ""target_weight_quantile_marginal"": ""{3: 3176, 1: 1739, 2: 2284, 0: 1060}"", ""verified_exact_marginals"": true, ""weight_quantile_exact"": true}",frozen graph intervention; FIXED_NORM_MASK is not retrained valid-operator performance
Movies,42,text_uniform,joint_low_similarity_high_novelty,FIXED_NORM_MASK,8221,-0.003299340131973527,0.008318659786927585,0.016779541969299316,-0.05481564998626709,20,0.025116467475891115,0.0018283535736011336,-0.008336925506591798,-0.009298140371925584,MATCHED,"{""allocated_cells"": 17, ""allocation"": {""((0, 1), 3)"": 129, ""((0, 2), 3)"": 204, ""((0, 3), 2)"": 69, ""((0, 3), 3)"": 274, ""((1, 1), 3)"": 164, ""((1, 2), 3)"": 595, ""((1, 3), 1)"": 18, ""((1, 3), 2)"": 750, ""((1, 3), 3)"": 232, ""((2, 2), 2)"": 127, ""((2, 2), 3)"": 547, ""((2, 3), 1)"": 1432, ""((2, 3), 2)"": 486, ""((2, 3), 3)"": 1011, ""((3, 3), 0)"": 1086, ""((3, 3), 1)"": 232, ""((3, 3), 2)"": 865}, ""degree_pair_exact"": true, ""matched_edge_count_per_control"": 8221, ""matching_method"": ""integral max-flow with exact endpoint-degree-quantile-pair and base normalized edge-weight quantile marginals"", ""shortages"": {}, ""status"": ""MATCHED"", ""target_degree_pair_marginal"": ""{(1, 2): 595, (1, 3): 1000, (0, 2): 204, (1, 1): 164, (2, 2): 674, (2, 3): 2929, (3, 3): 2183, (0, 3): 343, (0, 1): 129}"", ""target_edge_count"": 8221, ""target_weight_quantile_marginal"": ""{3: 3156, 1: 1682, 2: 2297, 0: 1086}"", ""verified_exact_marginals"": true, ""weight_quantile_exact"": true}",frozen graph intervention; FIXED_NORM_MASK is not retrained valid-operator performance
Movies,42,text_uniform,joint_low_similarity_high_novelty,RENORMALIZED_DELETE,8221,-0.0014997000599880073,0.008029228636850294,0.032973647117614746,0.07534027099609375,20,0.021598798036575318,0.002465731338431954,0.011374849081039428,-0.0073485302939411854,MATCHED,"{""allocated_cells"": 17, ""allocation"": {""((0, 1), 3)"": 129, ""((0, 2), 3)"": 204, ""((0, 3), 2)"": 69, ""((0, 3), 3)"": 274, ""((1, 1), 3)"": 164, ""((1, 2), 3)"": 595, ""((1, 3), 1)"": 18, ""((1, 3), 2)"": 750, ""((1, 3), 3)"": 232, ""((2, 2), 2)"": 127, ""((2, 2), 3)"": 547, ""((2, 3), 1)"": 1432, ""((2, 3), 2)"": 486, ""((2, 3), 3)"": 1011, ""((3, 3), 0)"": 1086, ""((3, 3), 1)"": 232, ""((3, 3), 2)"": 865}, ""degree_pair_exact"": true, ""matched_edge_count_per_control"": 8221, ""matching_method"": ""integral max-flow with exact endpoint-degree-quantile-pair and base normalized edge-weight quantile marginals"", ""shortages"": {}, ""status"": ""MATCHED"", ""target_degree_pair_marginal"": ""{(1, 2): 595, (1, 3): 1000, (0, 2): 204, (1, 1): 164, (2, 2): 674, (2, 3): 2929, (3, 3): 2183, (0, 3): 343, (0, 1): 129}"", ""target_edge_count"": 8221, ""target_weight_quantile_marginal"": ""{3: 3156, 1: 1682, 2: 2297, 0: 1086}"", ""verified_exact_marginals"": true, ""weight_quantile_exact"": true}",frozen graph intervention; FIXED_NORM_MASK is not retrained valid-operator performance
Movies,42,visual_uniform,visual_low_similarity_high_novelty,FIXED_NORM_MASK,8863,-0.005098980203959158,0.004594249573319498,0.022091269493103027,-0.05687057971954346,20,0.019168466329574585,0.0022902541056016986,0.0029228031635284424,-0.007528494301139754,MATCHED,"{""allocated_cells"": 16, ""allocation"": {""((0, 1), 3)"": 137, ""((0, 2), 3)"": 196, ""((0, 3), 2)"": 78, ""((0, 3), 3)"": 262, ""((1, 1), 3)"": 165, ""((1, 2), 3)"": 605, ""((1, 3), 2)"": 745, ""((1, 3), 3)"": 262, ""((2, 2), 2)"": 126, ""((2, 2), 3)"": 577, ""((2, 3), 1)"": 1627, ""((2, 3), 2)"": 445, ""((2, 3), 3)"": 1029, ""((3, 3), 0)"": 1294, ""((3, 3), 1)"": 272, ""((3, 3), 2)"": 1043}, ""degree_pair_exact"": true, ""matched_edge_count_per_control"": 8863, ""matching_method"": ""integral max-flow with exact endpoint-degree-quantile-pair and base normalized edge-weight quantile marginals"", ""shortages"": {}, ""status"": ""MATCHED"", ""target_degree_pair_marginal"": ""{(2, 3): 3101, (1, 3): 1007, (1, 1): 165, (2, 2): 703, (3, 3): 2609, (0, 3): 340, (1, 2): 605, (0, 1): 137, (0, 2): 196}"", ""target_edge_count"": 8863, ""target_weight_quantile_marginal"": ""{2: 2437, 3: 3233, 0: 1294, 1: 1899}"", ""verified_exact_marginals"": true, ""weight_quantile_exact"": true}",frozen graph intervention; FIXED_NORM_MASK is not retrained valid-operator performance
Movies,42,visual_uniform,visual_low_similarity_high_novelty,RENORMALIZED_DELETE,8863,-0.004799040191961534,0.0046673072754520595,0.05294156074523926,0.10747659206390381,20,0.023059093952178956,0.003786786853867884,0.0298824667930603,-0.004259148170365911,MATCHED,"{""allocated_cells"": 16, ""allocation"": {""((0, 1), 3)"": 137, ""((0, 2), 3)"": 196, ""((0, 3), 2)"": 78, ""((0, 3), 3)"": 262, ""((1, 1), 3)"": 165, ""((1, 2), 3)"": 605, ""((1, 3), 2)"": 745, ""((1, 3), 3)"": 262, ""((2, 2), 2)"": 126, ""((2, 2), 3)"": 577, ""((2, 3), 1)"": 1627, ""((2, 3), 2)"": 445, ""((2, 3), 3)"": 1029, ""((3, 3), 0)"": 1294, ""((3, 3), 1)"": 272, ""((3, 3), 2)"": 1043}, ""degree_pair_exact"": true, ""matched_edge_count_per_control"": 8863, ""matching_method"": ""integral max-flow with exact endpoint-degree-quantile-pair and base normalized edge-weight quantile marginals"", ""shortages"": {}, ""status"": ""MATCHED"", ""target_degree_pair_marginal"": ""{(2, 3): 3101, (1, 3): 1007, (1, 1): 165, (2, 2): 703, (3, 3): 2609, (0, 3): 340, (1, 2): 605, (0, 1): 137, (0, 2): 196}"", ""target_edge_count"": 8863, ""target_weight_quantile_marginal"": ""{2: 2437, 3: 3233, 0: 1294, 1: 1899}"", ""verified_exact_marginals"": true, ""weight_quantile_exact"": true}",frozen graph intervention; FIXED_NORM_MASK is not retrained valid-operator performance
Movies,42,visual_uniform,joint_low_similarity_high_novelty,FIXED_NORM_MASK,8221,-0.0038992201559687745,0.0012444498719774155,0.014016032218933105,-0.06118309497833252,20,0.01897783875465393,0.0026224038535849407,-0.0049618065357208245,-0.00692861427714454,MATCHED,"{""allocated_cells"": 17, ""allocation"": {""((0, 1), 3)"": 129, ""((0, 2), 3)"": 204, ""((0, 3), 2)"": 69, ""((0, 3), 3)"": 274, ""((1, 1), 3)"": 164, ""((1, 2), 3)"": 595, ""((1, 3), 1)"": 18, ""((1, 3), 2)"": 750, ""((1, 3), 3)"": 232, ""((2, 2), 2)"": 127, ""((2, 2), 3)"": 547, ""((2, 3), 1)"": 1432, ""((2, 3), 2)"": 486, ""((2, 3), 3)"": 1011, ""((3, 3), 0)"": 1086, ""((3, 3), 1)"": 232, ""((3, 3), 2)"": 865}, ""degree_pair_exact"": true, ""matched_edge_count_per_control"": 8221, ""matching_method"": ""integral max-flow with exact endpoint-degree-quantile-pair and base normalized edge-weight quantile marginals"", ""shortages"": {}, ""status"": ""MATCHED"", ""target_degree_pair_marginal"": ""{(1, 2): 595, (1, 3): 1000, (0, 2): 204, (1, 1): 164, (2, 2): 674, (2, 3): 2929, (3, 3): 2183, (0, 3): 343, (0, 1): 129}"", ""target_edge_count"": 8221, ""target_weight_quantile_marginal"": ""{3: 3156, 1: 1682, 2: 2297, 0: 1086}"", ""verified_exact_marginals"": true, ""weight_quantile_exact"": true}",frozen graph intervention; FIXED_NORM_MASK is not retrained valid-operator performance
Movies,42,visual_uniform,joint_low_similarity_high_novelty,RENORMALIZED_DELETE,8221,-0.0020995800839831436,0.000308344582905129,0.04305922985076904,0.09045135974884033,20,0.02473534345626831,0.0028128431120406027,0.01832388639450073,-0.0045440911817636155,MATCHED,"{""allocated_cells"": 17, ""allocation"": {""((0, 1), 3)"": 129, ""((0, 2), 3)"": 204, ""((0, 3), 2)"": 69, ""((0, 3), 3)"": 274, ""((1, 1), 3)"": 164, ""((1, 2), 3)"": 595, ""((1, 3), 1)"": 18, ""((1, 3), 2)"": 750, ""((1, 3), 3)"": 232, ""((2, 2), 2)"": 127, ""((2, 2), 3)"": 547, ""((2, 3), 1)"": 1432, ""((2, 3), 2)"": 486, ""((2, 3), 3)"": 1011, ""((3, 3), 0)"": 1086, ""((3, 3), 1)"": 232, ""((3, 3), 2)"": 865}, ""degree_pair_exact"": true, ""matched_edge_count_per_control"": 8221, ""matching_method"": ""integral max-flow with exact endpoint-degree-quantile-pair and base normalized edge-weight quantile marginals"", ""shortages"": {}, ""status"": ""MATCHED"", ""target_degree_pair_marginal"": ""{(1, 2): 595, (1, 3): 1000, (0, 2): 204, (1, 1): 164, (2, 2): 674, (2, 3): 2929, (3, 3): 2183, (0, 3): 343, (0, 1): 129}"", ""target_edge_count"": 8221, ""target_weight_quantile_marginal"": ""{3: 3156, 1: 1682, 2: 2297, 0: 1086}"", ""verified_exact_marginals"": true, ""weight_quantile_exact"": true}",frozen graph intervention; FIXED_NORM_MASK is not retrained valid-operator performance
Movies,43,uniform,low_similarity_high_novelty,FIXED_NORM_MASK,8238,-0.00029994001199762366,-0.007703993463094694,0.00485461950302124,-0.07622206211090088,20,0.014205998182296753,0.002893109183977893,-0.009351378679275513,-0.0017396520695860396,MATCHED,"{""allocated_cells"": 16, ""allocation"": {""((0, 1), 3)"": 121, ""((0, 2), 3)"": 199, ""((0, 3), 2)"": 66, ""((0, 3), 3)"": 284, ""((1, 1), 3)"": 151, ""((1, 2), 3)"": 593, ""((1, 3), 2)"": 760, ""((1, 3), 3)"": 255, ""((2, 2), 2)"": 124, ""((2, 2), 3)"": 550, ""((2, 3), 1)"": 1414, ""((2, 3), 2)"": 519, ""((2, 3), 3)"": 1011, ""((3, 3), 0)"": 1075, ""((3, 3), 1)"": 256, ""((3, 3), 2)"": 860}, ""degree_pair_exact"": true, ""matched_edge_count_per_control"": 8238, ""matching_method"": ""integral max-flow with exact endpoint-degree-quantile-pair and base normalized edge-weight quantile marginals"", ""shortages"": {}, ""status"": ""MATCHED"", ""target_degree_pair_marginal"": ""{(1, 2): 593, (1, 3): 1015, (0, 2): 199, (1, 1): 151, (2, 2): 674, (2, 3): 2944, (3, 3): 2191, (0, 3): 350, (0, 1): 121}"", ""target_edge_count"": 8238, ""target_weight_quantile_marginal"": ""{3: 3164, 1: 1670, 2: 2329, 0: 1075}"", ""verified_exact_marginals"": true, ""weight_quantile_exact"": true}",frozen graph intervention; FIXED_NORM_MASK is not retrained valid-operator performance
Movies,43,uniform,low_similarity_high_novelty,RENORMALIZED_DELETE,8238,-0.0011997600479903836,-0.0076843947817557545,0.020306885242462158,0.10195505619049072,20,0.014492887258529662,0.002428852230949454,0.005813997983932496,-0.0046640671865626595,MATCHED,"{""allocated_cells"": 16, ""allocation"": {""((0, 1), 3)"": 121, ""((0, 2), 3)"": 199, ""((0, 3), 2)"": 66, ""((0, 3), 3)"": 284, ""((1, 1), 3)"": 151, ""((1, 2), 3)"": 593, ""((1, 3), 2)"": 760, ""((1, 3), 3)"": 255, ""((2, 2), 2)"": 124, ""((2, 2), 3)"": 550, ""((2, 3), 1)"": 1414, ""((2, 3), 2)"": 519, ""((2, 3), 3)"": 1011, ""((3, 3), 0)"": 1075, ""((3, 3), 1)"": 256, ""((3, 3), 2)"": 860}, ""degree_pair_exact"": true, ""matched_edge_count_per_control"": 8238, ""matching_method"": ""integral max-flow with exact endpoint-degree-quantile-pair and base normalized edge-weight quantile marginals"", ""shortages"": {}, ""status"": ""MATCHED"", ""target_degree_pair_marginal"": ""{(1, 2): 593, (1, 3): 1015, (0, 2): 199, (1, 1): 151, (2, 2): 674, (2, 3): 2944, (3, 3): 2191, (0, 3): 350, (0, 1): 121}"", ""target_edge_count"": 8238, ""target_weight_quantile_marginal"": ""{3: 3164, 1: 1670, 2: 2329, 0: 1075}"", ""verified_exact_marginals"": true, ""weight_quantile_exact"": true}",frozen graph intervention; FIXED_NORM_MASK is not retrained valid-operator performance
Movies,43,uniform,low_similarity_low_novelty,FIXED_NORM_MASK,1837,0.00029994001199762366,0.0015266720157750546,0.0028783679008483887,-0.016773581504821777,20,-0.0009483277797698974,0.000876281767170964,0.0038266956806182863,-0.00017996400719854643,MATCHED,"{""allocated_cells"": 10, ""allocation"": {""((0, 1), 3)"": 2, ""((1, 1), 3)"": 46, ""((1, 2), 3)"": 16, ""((1, 3), 1)"": 29, ""((2, 2), 2)"": 64, ""((2, 3), 0)"": 291, ""((2, 3), 3)"": 109, ""((3, 3), 0)"": 400, ""((3, 3), 1)"": 534, ""((3, 3), 2)"": 346}, ""degree_pair_exact"": true, ""matched_edge_count_per_control"": 1837, ""matching_method"": ""integral max-flow with exact endpoint-degree-quantile-pair and base normalized edge-weight quantile marginals"", ""shortages"": {}, ""status"": ""MATCHED"", ""target_degree_pair_marginal"": ""{(3, 3): 1280, (2, 3): 400, (1, 1): 46, (1, 3): 29, (2, 2): 64, (1, 2): 16, (0, 1): 2}"", ""target_edge_count"": 1837, ""target_weight_quantile_marginal"": ""{1: 563, 2: 410, 3: 173, 0: 691}"", ""verified_exact_marginals"": true, ""weight_quantile_exact"": true}",frozen graph intervention; FIXED_NORM_MASK is not retrained valid-operator performance
Movies,43,uniform,low_similarity_low_novelty,RENORMALIZED_DELETE,1837,-0.0005998800239951363,-0.0008084965792518606,0.0037614107131958008,0.005075573921203613,20,4.5734643936157224e-05,0.000805031102694823,0.0037156760692596434,-0.000539892021595667,MATCHED,"{""allocated_cells"": 10, ""allocation"": {""((0, 1), 3)"": 2, ""((1, 1), 3)"": 46, ""((1, 2), 3)"": 16, ""((1, 3), 1)"": 29, ""((2, 2), 2)"": 64, ""((2, 3), 0)"": 291, ""((2, 3), 3)"": 109, ""((3, 3), 0)"": 400, ""((3, 3), 1)"": 534, ""((3, 3), 2)"": 346}, ""degree_pair_exact"": true, ""matched_edge_count_per_control"": 1837, ""matching_method"": ""integral max-flow with exact endpoint-degree-quantile-pair and base normalized edge-weight quantile marginals"", ""shortages"": {}, ""status"": ""MATCHED"", ""target_degree_pair_marginal"": ""{(3, 3): 1280, (2, 3): 400, (1, 1): 46, (1, 3): 29, (2, 2): 64, (1, 2): 16, (0, 1): 2}"", ""target_edge_count"": 1837, ""target_weight_quantile_marginal"": ""{1: 563, 2: 410, 3: 173, 0: 691}"", ""verified_exact_marginals"": true, ""weight_quantile_exact"": true}",frozen graph intervention; FIXED_NORM_MASK is not retrained valid-operator performance
Movies,43,uniform,low_similarity_low_embeddedness,FIXED_NORM_MASK,7690,0.0005998800239952473,-0.00045747782014782246,0.0012547969818115234,-0.047545552253723145,20,0.006899976730346679,0.0015699440313680767,-0.005645179748535156,-0.0015596880623874986,MATCHED,"{""allocated_cells"": 13, ""allocation"": {""((1, 1), 3)"": 91, ""((1, 2), 3)"": 392, ""((1, 3), 1)"": 270, ""((1, 3), 2)"": 495, ""((1, 3), 3)"": 13, ""((2, 2), 2)"": 120, ""((2, 2), 3)"": 559, ""((2, 3), 1)"": 1671, ""((2, 3), 2)"": 346, ""((2, 3), 3)"": 1048, ""((3, 3), 0)"": 1073, ""((3, 3), 1)"": 13, ""((3, 3), 2)"": 1599}, ""degree_pair_exact"": true, ""matched_edge_count_per_control"": 7690, ""matching_method"": ""integral max-flow with exact endpoint-degree-quantile-pair and base normalized edge-weight quantile marginals"", ""shortages"": {}, ""status"": ""MATCHED"", ""target_degree_pair_marginal"": ""{(1, 2): 392, (1, 3): 778, (1, 1): 91, (2, 2): 679, (2, 3): 3065, (3, 3): 2685}"", ""target_edge_count"": 7690, ""target_weight_quantile_marginal"": ""{3: 2103, 1: 1954, 2: 2560, 0: 1073}"", ""verified_exact_marginals"": true, ""weight_quantile_exact"": true}",frozen graph intervention; FIXED_NORM_MASK is not retrained valid-operator performance
Movies,43,uniform,low_similarity_low_embeddedness,RENORMALIZED_DELETE,7690,-0.0005998800239951363,-0.006588862698608811,0.005568087100982666,0.06233060359954834,20,0.0051392287015914915,0.0015109925206432317,0.0004288583993911745,-0.004574085182963372,MATCHED,"{""allocated_cells"": 13, ""allocation"": {""((1, 1), 3)"": 91, ""((1, 2), 3)"": 392, ""((1, 3), 1)"": 270, ""((1, 3), 2)"": 495, ""((1, 3), 3)"": 13, ""((2, 2), 2)"": 120, ""((2, 2), 3)"": 559, ""((2, 3), 1)"": 1671, ""((2, 3), 2)"": 346, ""((2, 3), 3)"": 1048, ""((3, 3), 0)"": 1073, ""((3, 3), 1)"": 13, ""((3, 3), 2)"": 1599}, ""degree_pair_exact"": true, ""matched_edge_count_per_control"": 7690, ""matching_method"": ""integral max-flow with exact endpoint-degree-quantile-pair and base normalized edge-weight quantile marginals"", ""shortages"": {}, ""status"": ""MATCHED"", ""target_degree_pair_marginal"": ""{(1, 2): 392, (1, 3): 778, (1, 1): 91, (2, 2): 679, (2, 3): 3065, (3, 3): 2685}"", ""target_edge_count"": 7690, ""target_weight_quantile_marginal"": ""{3: 2103, 1: 1954, 2: 2560, 0: 1073}"", ""verified_exact_marginals"": true, ""weight_quantile_exact"": true}",frozen graph intervention; FIXED_NORM_MASK is not retrained valid-operator performance
Movies,43,uniform,low_similarity_high_embeddedness,FIXED_NORM_MASK,3224,0.0014997000599880073,0.0058607981510715446,0.0036979317665100098,-0.04134070873260498,20,0.0012133538722991944,0.0014281951264351314,0.0024845778942108156,0.00037492501499702957,MATCHED,"{""allocated_cells"": 13, ""allocation"": {""((1, 1), 3)"": 127, ""((1, 2), 3)"": 279, ""((1, 3), 1)"": 156, ""((1, 3), 2)"": 241, ""((1, 3), 3)"": 139, ""((2, 2), 2)"": 132, ""((2, 2), 3)"": 86, ""((2, 3), 1)"": 403, ""((2, 3), 2)"": 104, ""((2, 3), 3)"": 528, ""((3, 3), 0)"": 528, ""((3, 3), 1)"": 139, ""((3, 3), 2)"": 362}, ""degree_pair_exact"": true, ""matched_edge_count_per_control"": 3224, ""matching_method"": ""integral max-flow with exact endpoint-degree-quantile-pair and base normalized edge-weight quantile marginals"", ""shortages"": {}, ""status"": ""MATCHED"", ""target_degree_pair_marginal"": ""{(3, 3): 1029, (1, 1): 127, (2, 3): 1035, (1, 3): 536, (1, 2): 279, (2, 2): 218}"", ""target_edge_count"": 3224, ""target_weight_quantile_marginal"": ""{1: 698, 2: 839, 0: 528, 3: 1159}"", ""verified_exact_marginals"": true, ""weight_quantile_exact"": true}",frozen graph intervention; FIXED_NORM_MASK is not retrained valid-operator performance
Movies,43,uniform,low_similarity_high_embeddedness,RENORMALIZED_DELETE,3224,-0.002399520095980767,-0.0004410819440850977,0.009872794151306152,0.021824240684509277,20,0.002303817868232727,0.001661585704575761,0.007568976283073426,-0.0014697060587882337,MATCHED,"{""allocated_cells"": 13, ""allocation"": {""((1, 1), 3)"": 127, ""((1, 2), 3)"": 279, ""((1, 3), 1)"": 156, ""((1, 3), 2)"": 241, ""((1, 3), 3)"": 139, ""((2, 2), 2)"": 132, ""((2, 2), 3)"": 86, ""((2, 3), 1)"": 403, ""((2, 3), 2)"": 104, ""((2, 3), 3)"": 528, ""((3, 3), 0)"": 528, ""((3, 3), 1)"": 139, ""((3, 3), 2)"": 362}, ""degree_pair_exact"": true, ""matched_edge_count_per_control"": 3224, ""matching_method"": ""integral max-flow with exact endpoint-degree-quantile-pair and base normalized edge-weight quantile marginals"", ""shortages"": {}, ""status"": ""MATCHED"", ""target_degree_pair_marginal"": ""{(3, 3): 1029, (1, 1): 127, (2, 3): 1035, (1, 3): 536, (1, 2): 279, (2, 2): 218}"", ""target_edge_count"": 3224, ""target_weight_quantile_marginal"": ""{1: 698, 2: 839, 0: 528, 3: 1159}"", ""verified_exact_marginals"": true, ""weight_quantile_exact"": true}",frozen graph intervention; FIXED_NORM_MASK is not retrained valid-operator performance
Movies,43,gpr,gpr_low_similarity_high_novelty,FIXED_NORM_MASK,8198,-0.00179964007198552,-0.00015579642390917137,0.010905742645263672,-0.0716695785522461,20,0.015253421664237977,0.0030517241782095964,-0.004347679018974305,-0.0007798440311937327,MATCHED,"{""allocated_cells"": 17, ""allocation"": {""((0, 1), 3)"": 120, ""((0, 2), 3)"": 199, ""((0, 3), 2)"": 68, ""((0, 3), 3)"": 276, ""((1, 1), 3)"": 148, ""((1, 2), 3)"": 583, ""((1, 3), 1)"": 7, ""((1, 3), 2)"": 746, ""((1, 3), 3)"": 250, ""((2, 2), 2)"": 124, ""((2, 2), 3)"": 555, ""((2, 3), 1)"": 1410, ""((2, 3), 2)"": 527, ""((2, 3), 3)"": 1007, ""((3, 3), 0)"": 1070, ""((3, 3), 1)"": 250, ""((3, 3), 2)"": 858}, ""degree_pair_exact"": true, ""matched_edge_count_per_control"": 8198, ""matching_method"": ""integral max-flow with exact endpoint-degree-quantile-pair and base normalized edge-weight quantile marginals"", ""shortages"": {}, ""status"": ""MATCHED"", ""target_degree_pair_marginal"": ""{(1, 2): 583, (1, 3): 1003, (0, 2): 199, (1, 1): 148, (2, 3): 2944, (3, 3): 2178, (0, 3): 344, (2, 2): 679, (0, 1): 120}"", ""target_edge_count"": 8198, ""target_weight_quantile_marginal"": ""{3: 3138, 1: 1667, 2: 2323, 0: 1070}"", ""verified_exact_marginals"": true, ""weight_quantile_exact"": true}",frozen graph intervention; FIXED_NORM_MASK is not retrained valid-operator performance
Movies,43,gpr,gpr_low_similarity_high_novelty,RENORMALIZED_DELETE,8198,-0.00029994001199762366,-0.0040172922956690504,0.023250877857208252,0.09949600696563721,20,0.012607663869857788,0.003095913622516189,0.010643213987350464,-0.0012297540491901348,MATCHED,"{""allocated_cells"": 17, ""allocation"": {""((0, 1), 3)"": 120, ""((0, 2), 3)"": 199, ""((0, 3), 2)"": 68, ""((0, 3), 3)"": 276, ""((1, 1), 3)"": 148, ""((1, 2), 3)"": 583, ""((1, 3), 1)"": 7, ""((1, 3), 2)"": 746, ""((1, 3), 3)"": 250, ""((2, 2), 2)"": 124, ""((2, 2), 3)"": 555, ""((2, 3), 1)"": 1410, ""((2, 3), 2)"": 527, ""((2, 3), 3)"": 1007, ""((3, 3), 0)"": 1070, ""((3, 3), 1)"": 250, ""((3, 3), 2)"": 858}, ""degree_pair_exact"": true, ""matched_edge_count_per_control"": 8198, ""matching_method"": ""integral max-flow with exact endpoint-degree-quantile-pair and base normalized edge-weight quantile marginals"", ""shortages"": {}, ""status"": ""MATCHED"", ""target_degree_pair_marginal"": ""{(1, 2): 583, (1, 3): 1003, (0, 2): 199, (1, 1): 148, (2, 3): 2944, (3, 3): 2178, (0, 3): 344, (2, 2): 679, (0, 1): 120}"", ""target_edge_count"": 8198, ""target_weight_quantile_marginal"": ""{3: 3138, 1: 1667, 2: 2323, 0: 1070}"", ""verified_exact_marginals"": true, ""weight_quantile_exact"": true}",frozen graph intervention; FIXED_NORM_MASK is not retrained valid-operator performance
Movies,43,gpr,gpr_low_similarity_low_novelty,FIXED_NORM_MASK,1786,-0.003599280143971151,-0.003678591598709313,0.0037215352058410645,-0.01524960994720459,20,0.0003009021282196045,0.0006799114213666593,0.00342063307762146,0.00010497900419920159,MATCHED,"{""allocated_cells"": 10, ""allocation"": {""((0, 1), 3)"": 2, ""((1, 1), 3)"": 46, ""((1, 2), 3)"": 15, ""((1, 3), 1)"": 29, ""((2, 2), 2)"": 62, ""((2, 3), 0)"": 286, ""((2, 3), 3)"": 110, ""((3, 3), 0)"": 382, ""((3, 3), 1)"": 509, ""((3, 3), 2)"": 345}, ""degree_pair_exact"": true, ""matched_edge_count_per_control"": 1786, ""matching_method"": ""integral max-flow with exact endpoint-degree-quantile-pair and base normalized edge-weight quantile marginals"", ""shortages"": {}, ""status"": ""MATCHED"", ""target_degree_pair_marginal"": ""{(3, 3): 1236, (2, 3): 396, (1, 1): 46, (1, 3): 29, (2, 2): 62, (1, 2): 15, (0, 1): 2}"", ""target_edge_count"": 1786, ""target_weight_quantile_marginal"": ""{1: 538, 2: 407, 3: 173, 0: 668}"", ""verified_exact_marginals"": true, ""weight_quantile_exact"": true}",frozen graph intervention; FIXED_NORM_MASK is not retrained valid-operator performance
Movies,43,gpr,gpr_low_similarity_low_novelty,RENORMALIZED_DELETE,1786,-0.00029994001199762366,-0.000920542228321497,0.004117012023925781,0.005247235298156738,20,0.00036862194538116454,0.0006094397057485665,0.003748390078544617,0.00031493701259749927,MATCHED,"{""allocated_cells"": 10, ""allocation"": {""((0, 1), 3)"": 2, ""((1, 1), 3)"": 46, ""((1, 2), 3)"": 15, ""((1, 3), 1)"": 29, ""((2, 2), 2)"": 62, ""((2, 3), 0)"": 286, ""((2, 3), 3)"": 110, ""((3, 3), 0)"": 382, ""((3, 3), 1)"": 509, ""((3, 3), 2)"": 345}, ""degree_pair_exact"": true, ""matched_edge_count_per_control"": 1786, ""matching_method"": ""integral max-flow with exact endpoint-degree-quantile-pair and base normalized edge-weight quantile marginals"", ""shortages"": {}, ""status"": ""MATCHED"", ""target_degree_pair_marginal"": ""{(3, 3): 1236, (2, 3): 396, (1, 1): 46, (1, 3): 29, (2, 2): 62, (1, 2): 15, (0, 1): 2}"", ""target_edge_count"": 1786, ""target_weight_quantile_marginal"": ""{1: 538, 2: 407, 3: 173, 0: 668}"", ""verified_exact_marginals"": true, ""weight_quantile_exact"": true}",frozen graph intervention; FIXED_NORM_MASK is not retrained valid-operator performance
Movies,43,text_uniform,text_low_similarity_high_novelty,FIXED_NORM_MASK,8070,-0.0011997600479904946,0.01838376493613325,0.021752595901489258,-0.05855715274810791,20,0.029085654020309448,0.0021612752553027887,-0.00733305811882019,-0.0009298140371926056,MATCHED,"{""allocated_cells"": 17, ""allocation"": {""((0, 1), 3)"": 136, ""((0, 2), 3)"": 189, ""((0, 3), 2)"": 74, ""((0, 3), 3)"": 251, ""((1, 1), 3)"": 164, ""((1, 2), 3)"": 584, ""((1, 3), 1)"": 19, ""((1, 3), 2)"": 772, ""((1, 3), 3)"": 231, ""((2, 2), 2)"": 123, ""((2, 2), 3)"": 534, ""((2, 3), 1)"": 1427, ""((2, 3), 2)"": 383, ""((2, 3), 3)"": 1022, ""((3, 3), 0)"": 1073, ""((3, 3), 1)"": 231, ""((3, 3), 2)"": 857}, ""degree_pair_exact"": true, ""matched_edge_count_per_control"": 8070, ""matching_method"": ""integral max-flow with exact endpoint-degree-quantile-pair and base normalized edge-weight quantile marginals"", ""shortages"": {}, ""status"": ""MATCHED"", ""target_degree_pair_marginal"": ""{(2, 2): 657, (1, 2): 584, (1, 3): 1022, (1, 1): 164, (2, 3): 2832, (3, 3): 2161, (0, 3): 325, (0, 1): 136, (0, 2): 189}"", ""target_edge_count"": 8070, ""target_weight_quantile_marginal"": ""{3: 3111, 2: 2209, 1: 1677, 0: 1073}"", ""verified_exact_marginals"": true, ""weight_quantile_exact"": true}",frozen graph intervention; FIXED_NORM_MASK is not retrained valid-operator performance
Movies,43,text_uniform,text_low_similarity_high_novelty,RENORMALIZED_DELETE,8070,-0.0005998800239952473,0.01964088822527199,0.015312910079956055,0.07119870185852051,20,0.004015129804611206,0.0015796126242554579,0.011297780275344848,-0.003929214157168631,MATCHED,"{""allocated_cells"": 17, ""allocation"": {""((0, 1), 3)"": 136, ""((0, 2), 3)"": 189, ""((0, 3), 2)"": 74, ""((0, 3), 3)"": 251, ""((1, 1), 3)"": 164, ""((1, 2), 3)"": 584, ""((1, 3), 1)"": 19, ""((1, 3), 2)"": 772, ""((1, 3), 3)"": 231, ""((2, 2), 2)"": 123, ""((2, 2), 3)"": 534, ""((2, 3), 1)"": 1427, ""((2, 3), 2)"": 383, ""((2, 3), 3)"": 1022, ""((3, 3), 0)"": 1073, ""((3, 3), 1)"": 231, ""((3, 3), 2)"": 857}, ""degree_pair_exact"": true, ""matched_edge_count_per_control"": 8070, ""matching_method"": ""integral max-flow with exact endpoint-degree-quantile-pair and base normalized edge-weight quantile marginals"", ""shortages"": {}, ""status"": ""MATCHED"", ""target_degree_pair_marginal"": ""{(2, 2): 657, (1, 2): 584, (1, 3): 1022, (1, 1): 164, (2, 3): 2832, (3, 3): 2161, (0, 3): 325, (0, 1): 136, (0, 2): 189}"", ""target_edge_count"": 8070, ""target_weight_quantile_marginal"": ""{3: 3111, 2: 2209, 1: 1677, 0: 1073}"", ""verified_exact_marginals"": true, ""weight_quantile_exact"": true}",frozen graph intervention; FIXED_NORM_MASK is not retrained valid-operator performance
Movies,43,text_uniform,joint_low_similarity_high_novelty,FIXED_NORM_MASK,8238,0.005098980203959158,0.02285179973035978,0.017591118812561035,-0.06417250633239746,20,0.02920771837234497,0.0018148808331828468,-0.011616599559783936,-0.0009898020395921303,MATCHED,"{""allocated_cells"": 16, ""allocation"": {""((0, 1), 3)"": 121, ""((0, 2), 3)"": 199, ""((0, 3), 2)"": 66, ""((0, 3), 3)"": 284, ""((1, 1), 3)"": 151, ""((1, 2), 3)"": 593, ""((1, 3), 2)"": 760, ""((1, 3), 3)"": 255, ""((2, 2), 2)"": 124, ""((2, 2), 3)"": 550, ""((2, 3), 1)"": 1414, ""((2, 3), 2)"": 519, ""((2, 3), 3)"": 1011, ""((3, 3), 0)"": 1075, ""((3, 3), 1)"": 256, ""((3, 3), 2)"": 860}, ""degree_pair_exact"": true, ""matched_edge_count_per_control"": 8238, ""matching_method"": ""integral max-flow with exact endpoint-degree-quantile-pair and base normalized edge-weight quantile marginals"", ""shortages"": {}, ""status"": ""MATCHED"", ""target_degree_pair_marginal"": ""{(1, 2): 593, (1, 3): 1015, (0, 2): 199, (1, 1): 151, (2, 2): 674, (2, 3): 2944, (3, 3): 2191, (0, 3): 350, (0, 1): 121}"", ""target_edge_count"": 8238, ""target_weight_quantile_marginal"": ""{3: 3164, 1: 1670, 2: 2329, 0: 1075}"", ""verified_exact_marginals"": true, ""weight_quantile_exact"": true}",frozen graph intervention; FIXED_NORM_MASK is not retrained valid-operator performance
Movies,43,text_uniform,joint_low_similarity_high_novelty,RENORMALIZED_DELETE,8238,0.0,0.018853826116603023,0.006227016448974609,0.07112705707550049,20,0.004191082715988159,0.0020284611478731777,0.0020359337329864504,-0.0033593281343731797,MATCHED,"{""allocated_cells"": 16, ""allocation"": {""((0, 1), 3)"": 121, ""((0, 2), 3)"": 199, ""((0, 3), 2)"": 66, ""((0, 3), 3)"": 284, ""((1, 1), 3)"": 151, ""((1, 2), 3)"": 593, ""((1, 3), 2)"": 760, ""((1, 3), 3)"": 255, ""((2, 2), 2)"": 124, ""((2, 2), 3)"": 550, ""((2, 3), 1)"": 1414, ""((2, 3), 2)"": 519, ""((2, 3), 3)"": 1011, ""((3, 3), 0)"": 1075, ""((3, 3), 1)"": 256, ""((3, 3), 2)"": 860}, ""degree_pair_exact"": true, ""matched_edge_count_per_control"": 8238, ""matching_method"": ""integral max-flow with exact endpoint-degree-quantile-pair and base normalized edge-weight quantile marginals"", ""shortages"": {}, ""status"": ""MATCHED"", ""target_degree_pair_marginal"": ""{(1, 2): 593, (1, 3): 1015, (0, 2): 199, (1, 1): 151, (2, 2): 674, (2, 3): 2944, (3, 3): 2191, (0, 3): 350, (0, 1): 121}"", ""target_edge_count"": 8238, ""target_weight_quantile_marginal"": ""{3: 3164, 1: 1670, 2: 2329, 0: 1075}"", ""verified_exact_marginals"": true, ""weight_quantile_exact"": true}",frozen graph intervention; FIXED_NORM_MASK is not retrained valid-operator performance
Movies,43,visual_uniform,visual_low_similarity_high_novelty,FIXED_NORM_MASK,8381,0.006898620275944789,0.008230072383929032,0.026196002960205078,-0.04302632808685303,20,0.0312595784664154,0.0019012802839595902,-0.005063575506210324,0.005533893221355668,MATCHED,"{""allocated_cells"": 17, ""allocation"": {""((0, 1), 3)"": 122, ""((0, 2), 3)"": 175, ""((0, 3), 2)"": 76, ""((0, 3), 3)"": 251, ""((1, 1), 3)"": 159, ""((1, 2), 3)"": 580, ""((1, 3), 1)"": 98, ""((1, 3), 2)"": 705, ""((1, 3), 3)"": 160, ""((2, 2), 2)"": 124, ""((2, 2), 3)"": 538, ""((2, 3), 1)"": 1516, ""((2, 3), 2)"": 371, ""((2, 3), 3)"": 1047, ""((3, 3), 0)"": 1190, ""((3, 3), 1)"": 160, ""((3, 3), 2)"": 1109}, ""degree_pair_exact"": true, ""matched_edge_count_per_control"": 8381, ""matching_method"": ""integral max-flow with exact endpoint-degree-quantile-pair and base normalized edge-weight quantile marginals"", ""shortages"": {}, ""status"": ""MATCHED"", ""target_degree_pair_marginal"": ""{(2, 2): 662, (2, 3): 2934, (1, 3): 963, (1, 2): 580, (1, 1): 159, (3, 3): 2459, (0, 3): 327, (0, 1): 122, (0, 2): 175}"", ""target_edge_count"": 8381, ""target_weight_quantile_marginal"": ""{3: 3032, 2: 2385, 0: 1190, 1: 1774}"", ""verified_exact_marginals"": true, ""weight_quantile_exact"": true}",frozen graph intervention; FIXED_NORM_MASK is not retrained valid-operator performance
Movies,43,visual_uniform,visual_low_similarity_high_novelty,RENORMALIZED_DELETE,8381,0.0029994001199759035,0.01048806261371582,0.011576414108276367,0.12170588970184326,20,0.004264658689498902,0.0024076239318489906,0.0073117554187774655,-0.0007348530293941502,MATCHED,"{""allocated_cells"": 17, ""allocation"": {""((0, 1), 3)"": 122, ""((0, 2), 3)"": 175, ""((0, 3), 2)"": 76, ""((0, 3), 3)"": 251, ""((1, 1), 3)"": 159, ""((1, 2), 3)"": 580, ""((1, 3), 1)"": 98, ""((1, 3), 2)"": 705, ""((1, 3), 3)"": 160, ""((2, 2), 2)"": 124, ""((2, 2), 3)"": 538, ""((2, 3), 1)"": 1516, ""((2, 3), 2)"": 371, ""((2, 3), 3)"": 1047, ""((3, 3), 0)"": 1190, ""((3, 3), 1)"": 160, ""((3, 3), 2)"": 1109}, ""degree_pair_exact"": true, ""matched_edge_count_per_control"": 8381, ""matching_method"": ""integral max-flow with exact endpoint-degree-quantile-pair and base normalized edge-weight quantile marginals"", ""shortages"": {}, ""status"": ""MATCHED"", ""target_degree_pair_marginal"": ""{(2, 2): 662, (2, 3): 2934, (1, 3): 963, (1, 2): 580, (1, 1): 159, (3, 3): 2459, (0, 3): 327, (0, 1): 122, (0, 2): 175}"", ""target_edge_count"": 8381, ""target_weight_quantile_marginal"": ""{3: 3032, 2: 2385, 0: 1190, 1: 1774}"", ""verified_exact_marginals"": true, ""weight_quantile_exact"": true}",frozen graph intervention; FIXED_NORM_MASK is not retrained valid-operator performance
Movies,43,visual_uniform,joint_low_similarity_high_novelty,FIXED_NORM_MASK,8238,0.01049790041991594,0.022747718243742776,0.02199840545654297,-0.0506441593170166,20,0.03161822557449341,0.002094759145322615,-0.009619820117950442,0.0060437912417516,MATCHED,"{""allocated_cells"": 16, ""allocation"": {""((0, 1), 3)"": 121, ""((0, 2), 3)"": 199, ""((0, 3), 2)"": 66, ""((0, 3), 3)"": 284, ""((1, 1), 3)"": 151, ""((1, 2), 3)"": 593, ""((1, 3), 2)"": 760, ""((1, 3), 3)"": 255, ""((2, 2), 2)"": 124, ""((2, 2), 3)"": 550, ""((2, 3), 1)"": 1414, ""((2, 3), 2)"": 519, ""((2, 3), 3)"": 1011, ""((3, 3), 0)"": 1075, ""((3, 3), 1)"": 256, ""((3, 3), 2)"": 860}, ""degree_pair_exact"": true, ""matched_edge_count_per_control"": 8238, ""matching_method"": ""integral max-flow with exact endpoint-degree-quantile-pair and base normalized edge-weight quantile marginals"", ""shortages"": {}, ""status"": ""MATCHED"", ""target_degree_pair_marginal"": ""{(1, 2): 593, (1, 3): 1015, (0, 2): 199, (1, 1): 151, (2, 2): 674, (2, 3): 2944, (3, 3): 2191, (0, 3): 350, (0, 1): 121}"", ""target_edge_count"": 8238, ""target_weight_quantile_marginal"": ""{3: 3164, 1: 1670, 2: 2329, 0: 1075}"", ""verified_exact_marginals"": true, ""weight_quantile_exact"": true}",frozen graph intervention; FIXED_NORM_MASK is not retrained valid-operator performance
Movies,43,visual_uniform,joint_low_similarity_high_novelty,RENORMALIZED_DELETE,8238,0.005098980203959158,0.011044226504029808,0.0046416521072387695,0.10624003410339355,20,0.004083395004272461,0.002480647826960125,0.0005582571029663086,0.0011247750449909556,MATCHED,"{""allocated_cells"": 16, ""allocation"": {""((0, 1), 3)"": 121, ""((0, 2), 3)"": 199, ""((0, 3), 2)"": 66, ""((0, 3), 3)"": 284, ""((1, 1), 3)"": 151, ""((1, 2), 3)"": 593, ""((1, 3), 2)"": 760, ""((1, 3), 3)"": 255, ""((2, 2), 2)"": 124, ""((2, 2), 3)"": 550, ""((2, 3), 1)"": 1414, ""((2, 3), 2)"": 519, ""((2, 3), 3)"": 1011, ""((3, 3), 0)"": 1075, ""((3, 3), 1)"": 256, ""((3, 3), 2)"": 860}, ""degree_pair_exact"": true, ""matched_edge_count_per_control"": 8238, ""matching_method"": ""integral max-flow with exact endpoint-degree-quantile-pair and base normalized edge-weight quantile marginals"", ""shortages"": {}, ""status"": ""MATCHED"", ""target_degree_pair_marginal"": ""{(1, 2): 593, (1, 3): 1015, (0, 2): 199, (1, 1): 151, (2, 2): 674, (2, 3): 2944, (3, 3): 2191, (0, 3): 350, (0, 1): 121}"", ""target_edge_count"": 8238, ""target_weight_quantile_marginal"": ""{3: 3164, 1: 1670, 2: 2329, 0: 1075}"", ""verified_exact_marginals"": true, ""weight_quantile_exact"": true}",frozen graph intervention; FIXED_NORM_MASK is not retrained valid-operator performance
Movies,44,uniform,low_similarity_high_novelty,FIXED_NORM_MASK,7898,-0.0038992201559687745,0.0002566321675033789,0.014743149280548096,-0.08664917945861816,20,0.0027232438325881956,0.001934252878318843,0.0120199054479599,8.998200359932595e-05,MATCHED,"{""allocated_cells"": 17, ""allocation"": {""((0, 1), 3)"": 114, ""((0, 2), 3)"": 194, ""((0, 3), 2)"": 71, ""((0, 3), 3)"": 250, ""((1, 1), 3)"": 141, ""((1, 2), 3)"": 579, ""((1, 3), 1)"": 45, ""((1, 3), 2)"": 730, ""((1, 3), 3)"": 208, ""((2, 2), 2)"": 125, ""((2, 2), 3)"": 509, ""((2, 3), 1)"": 1360, ""((2, 3), 2)"": 457, ""((2, 3), 3)"": 1023, ""((3, 3), 0)"": 1038, ""((3, 3), 1)"": 208, ""((3, 3), 2)"": 846}, ""degree_pair_exact"": true, ""matched_edge_count_per_control"": 7898, ""matching_method"": ""integral max-flow with exact endpoint-degree-quantile-pair and base normalized edge-weight quantile marginals"", ""shortages"": {}, ""status"": ""MATCHED"", ""target_degree_pair_marginal"": ""{(1, 2): 579, (1, 3): 983, (0, 2): 194, (1, 1): 141, (2, 2): 634, (2, 3): 2840, (3, 3): 2092, (0, 3): 321, (0, 1): 114}"", ""target_edge_count"": 7898, ""target_weight_quantile_marginal"": ""{3: 3018, 1: 1613, 2: 2229, 0: 1038}"", ""verified_exact_marginals"": true, ""weight_quantile_exact"": true}",frozen graph intervention; FIXED_NORM_MASK is not retrained valid-operator performance
Movies,44,uniform,low_similarity_high_novelty,RENORMALIZED_DELETE,7898,-0.007798440311937549,-0.007892889742249998,0.03877967596054077,0.14623022079467773,20,0.010778769850730896,0.003014291238700347,0.028000906109809875,-0.0017246550689861474,MATCHED,"{""allocated_cells"": 17, ""allocation"": {""((0, 1), 3)"": 114, ""((0, 2), 3)"": 194, ""((0, 3), 2)"": 71, ""((0, 3), 3)"": 250, ""((1, 1), 3)"": 141, ""((1, 2), 3)"": 579, ""((1, 3), 1)"": 45, ""((1, 3), 2)"": 730, ""((1, 3), 3)"": 208, ""((2, 2), 2)"": 125, ""((2, 2), 3)"": 509, ""((2, 3), 1)"": 1360, ""((2, 3), 2)"": 457, ""((2, 3), 3)"": 1023, ""((3, 3), 0)"": 1038, ""((3, 3), 1)"": 208, ""((3, 3), 2)"": 846}, ""degree_pair_exact"": true, ""matched_edge_count_per_control"": 7898, ""matching_method"": ""integral max-flow with exact endpoint-degree-quantile-pair and base normalized edge-weight quantile marginals"", ""shortages"": {}, ""status"": ""MATCHED"", ""target_degree_pair_marginal"": ""{(1, 2): 579, (1, 3): 983, (0, 2): 194, (1, 1): 141, (2, 2): 634, (2, 3): 2840, (3, 3): 2092, (0, 3): 321, (0, 1): 114}"", ""target_edge_count"": 7898, ""target_weight_quantile_marginal"": ""{3: 3018, 1: 1613, 2: 2229, 0: 1038}"", ""verified_exact_marginals"": true, ""weight_quantile_exact"": true}",frozen graph intervention; FIXED_NORM_MASK is not retrained valid-operator performance
Movies,44,uniform,low_similarity_low_novelty,FIXED_NORM_MASK,1820,0.00029994001199762366,0.0015780283749290414,-0.0023435354232788086,-0.01678919792175293,20,-0.001922553777694702,0.0007189484323020943,-0.00042098164558410653,0.0002999400119976459,MATCHED,"{""allocated_cells"": 10, ""allocation"": {""((0, 1), 3)"": 2, ""((1, 1), 3)"": 40, ""((1, 2), 3)"": 14, ""((1, 3), 1)"": 37, ""((2, 2), 2)"": 69, ""((2, 3), 0)"": 290, ""((2, 3), 3)"": 122, ""((3, 3), 0)"": 386, ""((3, 3), 1)"": 509, ""((3, 3), 2)"": 351}, ""degree_pair_exact"": true, ""matched_edge_count_per_control"": 1820, ""matching_method"": ""integral max-flow with exact endpoint-degree-quantile-pair and base normalized edge-weight quantile marginals"", ""shortages"": {}, ""status"": ""MATCHED"", ""target_degree_pair_marginal"": ""{(3, 3): 1246, (2, 3): 412, (1, 1): 40, (1, 3): 37, (2, 2): 69, (1, 2): 14, (0, 1): 2}"", ""target_edge_count"": 1820, ""target_weight_quantile_marginal"": ""{2: 420, 3: 178, 1: 546, 0: 676}"", ""verified_exact_marginals"": true, ""weight_quantile_exact"": true}",frozen graph intervention; FIXED_NORM_MASK is not retrained valid-operator performance
Movies,44,uniform,low_similarity_low_novelty,RENORMALIZED_DELETE,1820,0.00029994001199762366,0.0018666357434928837,-0.0004894733428955078,0.009916305541992188,20,0.000278356671333313,0.0006687186495443843,-0.0007678300142288208,-0.000989802039592036,MATCHED,"{""allocated_cells"": 10, ""allocation"": {""((0, 1), 3)"": 2, ""((1, 1), 3)"": 40, ""((1, 2), 3)"": 14, ""((1, 3), 1)"": 37, ""((2, 2), 2)"": 69, ""((2, 3), 0)"": 290, ""((2, 3), 3)"": 122, ""((3, 3), 0)"": 386, ""((3, 3), 1)"": 509, ""((3, 3), 2)"": 351}, ""degree_pair_exact"": true, ""matched_edge_count_per_control"": 1820, ""matching_method"": ""integral max-flow with exact endpoint-degree-quantile-pair and base normalized edge-weight quantile marginals"", ""shortages"": {}, ""status"": ""MATCHED"", ""target_degree_pair_marginal"": ""{(3, 3): 1246, (2, 3): 412, (1, 1): 40, (1, 3): 37, (2, 2): 69, (1, 2): 14, (0, 1): 2}"", ""target_edge_count"": 1820, ""target_weight_quantile_marginal"": ""{2: 420, 3: 178, 1: 546, 0: 676}"", ""verified_exact_marginals"": true, ""weight_quantile_exact"": true}",frozen graph intervention; FIXED_NORM_MASK is not retrained valid-operator performance
Movies,44,uniform,low_similarity_low_embeddedness,FIXED_NORM_MASK,7177,-0.00089982003599276,0.002222547534638908,0.008430063724517822,-0.055975914001464844,20,-0.002019953727722168,0.0016411397930046613,0.010450017452239991,0.0013497300539892566,MATCHED,"{""allocated_cells"": 13, ""allocation"": {""((1, 1), 3)"": 82, ""((1, 2), 3)"": 382, ""((1, 3), 1)"": 241, ""((1, 3), 2)"": 447, ""((1, 3), 3)"": 44, ""((2, 2), 2)"": 121, ""((2, 2), 3)"": 530, ""((2, 3), 1)"": 1525, ""((2, 3), 2)"": 303, ""((2, 3), 3)"": 987, ""((3, 3), 0)"": 987, ""((3, 3), 1)"": 44, ""((3, 3), 2)"": 1484}, ""degree_pair_exact"": true, ""matched_edge_count_per_control"": 7177, ""matching_method"": ""integral max-flow with exact endpoint-degree-quantile-pair and base normalized edge-weight quantile marginals"", ""shortages"": {}, ""status"": ""MATCHED"", ""target_degree_pair_marginal"": ""{(1, 2): 382, (1, 3): 732, (1, 1): 82, (2, 2): 651, (2, 3): 2815, (3, 3): 2515}"", ""target_edge_count"": 7177, ""target_weight_quantile_marginal"": ""{3: 2025, 1: 1810, 2: 2355, 0: 987}"", ""verified_exact_marginals"": true, ""weight_quantile_exact"": true}",frozen graph intervention; FIXED_NORM_MASK is not retrained valid-operator performance
Movies,44,uniform,low_similarity_low_embeddedness,RENORMALIZED_DELETE,7177,-0.004199160167966398,-0.002118891218211405,0.01994001865386963,0.08096551895141602,20,0.0017418980598449707,0.0017366219364716845,0.018198120594024658,-0.0003449310137971784,MATCHED,"{""allocated_cells"": 13, ""allocation"": {""((1, 1), 3)"": 82, ""((1, 2), 3)"": 382, ""((1, 3), 1)"": 241, ""((1, 3), 2)"": 447, ""((1, 3), 3)"": 44, ""((2, 2), 2)"": 121, ""((2, 2), 3)"": 530, ""((2, 3), 1)"": 1525, ""((2, 3), 2)"": 303, ""((2, 3), 3)"": 987, ""((3, 3), 0)"": 987, ""((3, 3), 1)"": 44, ""((3, 3), 2)"": 1484}, ""degree_pair_exact"": true, ""matched_edge_count_per_control"": 7177, ""matching_method"": ""integral max-flow with exact endpoint-degree-quantile-pair and base normalized edge-weight quantile marginals"", ""shortages"": {}, ""status"": ""MATCHED"", ""target_degree_pair_marginal"": ""{(1, 2): 382, (1, 3): 732, (1, 1): 82, (2, 2): 651, (2, 3): 2815, (3, 3): 2515}"", ""target_edge_count"": 7177, ""target_weight_quantile_marginal"": ""{3: 2025, 1: 1810, 2: 2355, 0: 987}"", ""verified_exact_marginals"": true, ""weight_quantile_exact"": true}",frozen graph intervention; FIXED_NORM_MASK is not retrained valid-operator performance
Movies,44,uniform,low_similarity_high_embeddedness,FIXED_NORM_MASK,3151,-0.0005998800239951363,-0.004343827420972057,0.00035256147384643555,-0.03757739067077637,20,-0.0017202109098434447,0.001477050540226368,0.0020727723836898803,0.0007798440311938048,MATCHED,"{""allocated_cells"": 13, ""allocation"": {""((1, 1), 3)"": 116, ""((1, 2), 3)"": 260, ""((1, 3), 1)"": 207, ""((1, 3), 2)"": 205, ""((1, 3), 3)"": 87, ""((2, 2), 2)"": 132, ""((2, 2), 3)"": 79, ""((2, 3), 1)"": 395, ""((2, 3), 2)"": 130, ""((2, 3), 3)"": 546, ""((3, 3), 0)"": 546, ""((3, 3), 1)"": 87, ""((3, 3), 2)"": 361}, ""degree_pair_exact"": true, ""matched_edge_count_per_control"": 3151, ""matching_method"": ""integral max-flow with exact endpoint-degree-quantile-pair and base normalized edge-weight quantile marginals"", ""shortages"": {}, ""status"": ""MATCHED"", ""target_degree_pair_marginal"": ""{(3, 3): 994, (1, 1): 116, (2, 3): 1071, (1, 3): 499, (1, 2): 260, (2, 2): 211}"", ""target_edge_count"": 3151, ""target_weight_quantile_marginal"": ""{0: 546, 3: 1088, 2: 828, 1: 689}"", ""verified_exact_marginals"": true, ""weight_quantile_exact"": true}",frozen graph intervention; FIXED_NORM_MASK is not retrained valid-operator performance
Movies,44,uniform,low_similarity_high_embeddedness,RENORMALIZED_DELETE,3151,0.00029994001199762366,-0.00158425357993619,0.005724072456359863,0.027257680892944336,20,0.0016780585050582887,0.0011758799075177288,0.004046013951301575,0.0003299340131974027,MATCHED,"{""allocated_cells"": 13, ""allocation"": {""((1, 1), 3)"": 116, ""((1, 2), 3)"": 260, ""((1, 3), 1)"": 207, ""((1, 3), 2)"": 205, ""((1, 3), 3)"": 87, ""((2, 2), 2)"": 132, ""((2, 2), 3)"": 79, ""((2, 3), 1)"": 395, ""((2, 3), 2)"": 130, ""((2, 3), 3)"": 546, ""((3, 3), 0)"": 546, ""((3, 3), 1)"": 87, ""((3, 3), 2)"": 361}, ""degree_pair_exact"": true, ""matched_edge_count_per_control"": 3151, ""matching_method"": ""integral max-flow with exact endpoint-degree-quantile-pair and base normalized edge-weight quantile marginals"", ""shortages"": {}, ""status"": ""MATCHED"", ""target_degree_pair_marginal"": ""{(3, 3): 994, (1, 1): 116, (2, 3): 1071, (1, 3): 499, (1, 2): 260, (2, 2): 211}"", ""target_edge_count"": 3151, ""target_weight_quantile_marginal"": ""{0: 546, 3: 1088, 2: 828, 1: 689}"", ""verified_exact_marginals"": true, ""weight_quantile_exact"": true}",frozen graph intervention; FIXED_NORM_MASK is not retrained valid-operator performance
Movies,44,gpr,gpr_low_similarity_high_novelty,FIXED_NORM_MASK,7829,-0.005698860227954405,-0.007868819639178293,0.018046259880065918,-0.07278096675872803,20,0.008557265996932984,0.0028838722825959245,0.009488993883132934,-0.0012447510497900383,MATCHED,"{""allocated_cells"": 17, ""allocation"": {""((0, 1), 3)"": 113, ""((0, 2), 3)"": 192, ""((0, 3), 2)"": 69, ""((0, 3), 3)"": 247, ""((1, 1), 3)"": 140, ""((1, 2), 3)"": 573, ""((1, 3), 1)"": 67, ""((1, 3), 2)"": 720, ""((1, 3), 3)"": 186, ""((2, 2), 2)"": 127, ""((2, 2), 3)"": 498, ""((2, 3), 1)"": 1368, ""((2, 3), 2)"": 429, ""((2, 3), 3)"": 1016, ""((3, 3), 0)"": 1033, ""((3, 3), 1)"": 186, ""((3, 3), 2)"": 865}, ""degree_pair_exact"": true, ""matched_edge_count_per_control"": 7829, ""matching_method"": ""integral max-flow with exact endpoint-degree-quantile-pair and base normalized edge-weight quantile marginals"", ""shortages"": {}, ""status"": ""MATCHED"", ""target_degree_pair_marginal"": ""{(1, 2): 573, (1, 3): 973, (0, 2): 192, (1, 1): 140, (2, 2): 625, (2, 3): 2813, (3, 3): 2084, (0, 3): 316, (0, 1): 113}"", ""target_edge_count"": 7829, ""target_weight_quantile_marginal"": ""{3: 2965, 1: 1621, 2: 2210, 0: 1033}"", ""verified_exact_marginals"": true, ""weight_quantile_exact"": true}",frozen graph intervention; FIXED_NORM_MASK is not retrained valid-operator performance
Movies,44,gpr,gpr_low_similarity_high_novelty,RENORMALIZED_DELETE,7829,-0.007798440311937549,-0.007453041416736861,0.02517080307006836,0.10872280597686768,20,0.009028804302215577,0.0021954431875227695,0.016141998767852783,-0.0039142171565686775,MATCHED,"{""allocated_cells"": 17, ""allocation"": {""((0, 1), 3)"": 113, ""((0, 2), 3)"": 192, ""((0, 3), 2)"": 69, ""((0, 3), 3)"": 247, ""((1, 1), 3)"": 140, ""((1, 2), 3)"": 573, ""((1, 3), 1)"": 67, ""((1, 3), 2)"": 720, ""((1, 3), 3)"": 186, ""((2, 2), 2)"": 127, ""((2, 2), 3)"": 498, ""((2, 3), 1)"": 1368, ""((2, 3), 2)"": 429, ""((2, 3), 3)"": 1016, ""((3, 3), 0)"": 1033, ""((3, 3), 1)"": 186, ""((3, 3), 2)"": 865}, ""degree_pair_exact"": true, ""matched_edge_count_per_control"": 7829, ""matching_method"": ""integral max-flow with exact endpoint-degree-quantile-pair and base normalized edge-weight quantile marginals"", ""shortages"": {}, ""status"": ""MATCHED"", ""target_degree_pair_marginal"": ""{(1, 2): 573, (1, 3): 973, (0, 2): 192, (1, 1): 140, (2, 2): 625, (2, 3): 2813, (3, 3): 2084, (0, 3): 316, (0, 1): 113}"", ""target_edge_count"": 7829, ""target_weight_quantile_marginal"": ""{3: 2965, 1: 1621, 2: 2210, 0: 1033}"", ""verified_exact_marginals"": true, ""weight_quantile_exact"": true}",frozen graph intervention; FIXED_NORM_MASK is not retrained valid-operator performance
Movies,44,gpr,gpr_low_similarity_low_novelty,FIXED_NORM_MASK,1785,-0.00089982003599276,-0.0006454706691401135,-0.0009995102882385254,-0.016676664352416992,20,-0.0006466805934906006,0.0007690544976840532,-0.0003528296947479248,0.0009298140371925667,MATCHED,"{""allocated_cells"": 10, ""allocation"": {""((0, 1), 3)"": 2, ""((1, 1), 3)"": 40, ""((1, 2), 3)"": 15, ""((1, 3), 1)"": 37, ""((2, 2), 2)"": 72, ""((2, 3), 0)"": 290, ""((2, 3), 3)"": 130, ""((3, 3), 0)"": 373, ""((3, 3), 1)"": 478, ""((3, 3), 2)"": 348}, ""degree_pair_exact"": true, ""matched_edge_count_per_control"": 1785, ""matching_method"": ""integral max-flow with exact endpoint-degree-quantile-pair and base normalized edge-weight quantile marginals"", ""shortages"": {}, ""status"": ""MATCHED"", ""target_degree_pair_marginal"": ""{(3, 3): 1199, (2, 3): 420, (1, 1): 40, (1, 3): 37, (2, 2): 72, (1, 2): 15, (0, 1): 2}"", ""target_edge_count"": 1785, ""target_weight_quantile_marginal"": ""{2: 420, 3: 187, 1: 515, 0: 663}"", ""verified_exact_marginals"": true, ""weight_quantile_exact"": true}",frozen graph intervention; FIXED_NORM_MASK is not retrained valid-operator performance
Movies,44,gpr,gpr_low_similarity_low_novelty,RENORMALIZED_DELETE,1785,0.00029994001199762366,-0.000286799656767589,1.4722347259521484e-05,0.006678342819213867,20,0.00017893016338348388,0.0005429331912618054,-0.0001642078161239624,-0.00014997000599878963,MATCHED,"{""allocated_cells"": 10, ""allocation"": {""((0, 1), 3)"": 2, ""((1, 1), 3)"": 40, ""((1, 2), 3)"": 15, ""((1, 3), 1)"": 37, ""((2, 2), 2)"": 72, ""((2, 3), 0)"": 290, ""((2, 3), 3)"": 130, ""((3, 3), 0)"": 373, ""((3, 3), 1)"": 478, ""((3, 3), 2)"": 348}, ""degree_pair_exact"": true, ""matched_edge_count_per_control"": 1785, ""matching_method"": ""integral max-flow with exact endpoint-degree-quantile-pair and base normalized edge-weight quantile marginals"", ""shortages"": {}, ""status"": ""MATCHED"", ""target_degree_pair_marginal"": ""{(3, 3): 1199, (2, 3): 420, (1, 1): 40, (1, 3): 37, (2, 2): 72, (1, 2): 15, (0, 1): 2}"", ""target_edge_count"": 1785, ""target_weight_quantile_marginal"": ""{2: 420, 3: 187, 1: 515, 0: 663}"", ""verified_exact_marginals"": true, ""weight_quantile_exact"": true}",frozen graph intervention; FIXED_NORM_MASK is not retrained valid-operator performance
Movies,44,text_uniform,text_low_similarity_high_novelty,FIXED_NORM_MASK,7895,-0.002399520095980767,0.002945323498981356,0.028753161430358887,-0.05945301055908203,20,0.03438990116119385,0.0024081046806185558,-0.005636739730834964,-0.0026844631073784987,MATCHED,"{""allocated_cells"": 17, ""allocation"": {""((0, 1), 3)"": 132, ""((0, 2), 3)"": 190, ""((0, 3), 2)"": 76, ""((0, 3), 3)"": 220, ""((1, 1), 3)"": 170, ""((1, 2), 3)"": 577, ""((1, 3), 1)"": 37, ""((1, 3), 2)"": 753, ""((1, 3), 3)"": 216, ""((2, 2), 2)"": 125, ""((2, 2), 3)"": 506, ""((2, 3), 1)"": 1373, ""((2, 3), 2)"": 405, ""((2, 3), 3)"": 1028, ""((3, 3), 0)"": 1029, ""((3, 3), 1)"": 216, ""((3, 3), 2)"": 842}, ""degree_pair_exact"": true, ""matched_edge_count_per_control"": 7895, ""matching_method"": ""integral max-flow with exact endpoint-degree-quantile-pair and base normalized edge-weight quantile marginals"", ""shortages"": {}, ""status"": ""MATCHED"", ""target_degree_pair_marginal"": ""{(1, 2): 577, (1, 3): 1006, (1, 1): 170, (2, 3): 2806, (3, 3): 2087, (0, 3): 296, (2, 2): 631, (0, 1): 132, (0, 2): 190}"", ""target_edge_count"": 7895, ""target_weight_quantile_marginal"": ""{3: 3039, 2: 2201, 1: 1626, 0: 1029}"", ""verified_exact_marginals"": true, ""weight_quantile_exact"": true}",frozen graph intervention; FIXED_NORM_MASK is not retrained valid-operator performance
Movies,44,text_uniform,text_low_similarity_high_novelty,RENORMALIZED_DELETE,7895,-0.0011997600479903836,0.006802842840673118,0.006153702735900879,0.08618927001953125,20,0.006142729520797729,0.0030721097380208584,1.0973215103149761e-05,-0.0022345530893821018,MATCHED,"{""allocated_cells"": 17, ""allocation"": {""((0, 1), 3)"": 132, ""((0, 2), 3)"": 190, ""((0, 3), 2)"": 76, ""((0, 3), 3)"": 220, ""((1, 1), 3)"": 170, ""((1, 2), 3)"": 577, ""((1, 3), 1)"": 37, ""((1, 3), 2)"": 753, ""((1, 3), 3)"": 216, ""((2, 2), 2)"": 125, ""((2, 2), 3)"": 506, ""((2, 3), 1)"": 1373, ""((2, 3), 2)"": 405, ""((2, 3), 3)"": 1028, ""((3, 3), 0)"": 1029, ""((3, 3), 1)"": 216, ""((3, 3), 2)"": 842}, ""degree_pair_exact"": true, ""matched_edge_count_per_control"": 7895, ""matching_method"": ""integral max-flow with exact endpoint-degree-quantile-pair and base normalized edge-weight quantile marginals"", ""shortages"": {}, ""status"": ""MATCHED"", ""target_degree_pair_marginal"": ""{(1, 2): 577, (1, 3): 1006, (1, 1): 170, (2, 3): 2806, (3, 3): 2087, (0, 3): 296, (2, 2): 631, (0, 1): 132, (0, 2): 190}"", ""target_edge_count"": 7895, ""target_weight_quantile_marginal"": ""{3: 3039, 2: 2201, 1: 1626, 0: 1029}"", ""verified_exact_marginals"": true, ""weight_quantile_exact"": true}",frozen graph intervention; FIXED_NORM_MASK is not retrained valid-operator performance
Movies,44,text_uniform,joint_low_similarity_high_novelty,FIXED_NORM_MASK,7898,-0.0029994001199760145,0.0019372040504139765,0.028585195541381836,-0.05864846706390381,20,0.03397837281227112,0.001518788416851676,-0.005393177270889282,-0.0032843431313737013,MATCHED,"{""allocated_cells"": 17, ""allocation"": {""((0, 1), 3)"": 114, ""((0, 2), 3)"": 194, ""((0, 3), 2)"": 71, ""((0, 3), 3)"": 250, ""((1, 1), 3)"": 141, ""((1, 2), 3)"": 579, ""((1, 3), 1)"": 45, ""((1, 3), 2)"": 730, ""((1, 3), 3)"": 208, ""((2, 2), 2)"": 125, ""((2, 2), 3)"": 509, ""((2, 3), 1)"": 1360, ""((2, 3), 2)"": 457, ""((2, 3), 3)"": 1023, ""((3, 3), 0)"": 1038, ""((3, 3), 1)"": 208, ""((3, 3), 2)"": 846}, ""degree_pair_exact"": true, ""matched_edge_count_per_control"": 7898, ""matching_method"": ""integral max-flow with exact endpoint-degree-quantile-pair and base normalized edge-weight quantile marginals"", ""shortages"": {}, ""status"": ""MATCHED"", ""target_degree_pair_marginal"": ""{(1, 2): 579, (1, 3): 983, (0, 2): 194, (1, 1): 141, (2, 2): 634, (2, 3): 2840, (3, 3): 2092, (0, 3): 321, (0, 1): 114}"", ""target_edge_count"": 7898, ""target_weight_quantile_marginal"": ""{3: 3018, 1: 1613, 2: 2229, 0: 1038}"", ""verified_exact_marginals"": true, ""weight_quantile_exact"": true}",frozen graph intervention; FIXED_NORM_MASK is not retrained valid-operator performance
Movies,44,text_uniform,joint_low_similarity_high_novelty,RENORMALIZED_DELETE,7898,-0.002699460107978391,0.0023921384657229483,0.004145503044128418,0.08947253227233887,20,0.00667952299118042,0.0017961325503795585,-0.002534019947052002,-0.003944211157768424,MATCHED,"{""allocated_cells"": 17, ""allocation"": {""((0, 1), 3)"": 114, ""((0, 2), 3)"": 194, ""((0, 3), 2)"": 71, ""((0, 3), 3)"": 250, ""((1, 1), 3)"": 141, ""((1, 2), 3)"": 579, ""((1, 3), 1)"": 45, ""((1, 3), 2)"": 730, ""((1, 3), 3)"": 208, ""((2, 2), 2)"": 125, ""((2, 2), 3)"": 509, ""((2, 3), 1)"": 1360, ""((2, 3), 2)"": 457, ""((2, 3), 3)"": 1023, ""((3, 3), 0)"": 1038, ""((3, 3), 1)"": 208, ""((3, 3), 2)"": 846}, ""degree_pair_exact"": true, ""matched_edge_count_per_control"": 7898, ""matching_method"": ""integral max-flow with exact endpoint-degree-quantile-pair and base normalized edge-weight quantile marginals"", ""shortages"": {}, ""status"": ""MATCHED"", ""target_degree_pair_marginal"": ""{(1, 2): 579, (1, 3): 983, (0, 2): 194, (1, 1): 141, (2, 2): 634, (2, 3): 2840, (3, 3): 2092, (0, 3): 321, (0, 1): 114}"", ""target_edge_count"": 7898, ""target_weight_quantile_marginal"": ""{3: 3018, 1: 1613, 2: 2229, 0: 1038}"", ""verified_exact_marginals"": true, ""weight_quantile_exact"": true}",frozen graph intervention; FIXED_NORM_MASK is not retrained valid-operator performance
Movies,44,visual_uniform,visual_low_similarity_high_novelty,FIXED_NORM_MASK,8679,0.0005998800239952473,0.009621697606766677,0.03277707099914551,-0.04317760467529297,20,0.03866570591926575,0.0020127351454092062,-0.005888634920120241,-0.0022945410917816324,MATCHED,"{""allocated_cells"": 17, ""allocation"": {""((0, 1), 3)"": 122, ""((0, 2), 3)"": 169, ""((0, 3), 2)"": 78, ""((0, 3), 3)"": 258, ""((1, 1), 3)"": 156, ""((1, 2), 3)"": 559, ""((1, 3), 1)"": 43, ""((1, 3), 2)"": 729, ""((1, 3), 3)"": 219, ""((2, 2), 2)"": 125, ""((2, 2), 3)"": 555, ""((2, 3), 1)"": 1598, ""((2, 3), 2)"": 432, ""((2, 3), 3)"": 1019, ""((3, 3), 0)"": 1307, ""((3, 3), 1)"": 219, ""((3, 3), 2)"": 1091}, ""degree_pair_exact"": true, ""matched_edge_count_per_control"": 8679, ""matching_method"": ""integral max-flow with exact endpoint-degree-quantile-pair and base normalized edge-weight quantile marginals"", ""shortages"": {}, ""status"": ""MATCHED"", ""target_degree_pair_marginal"": ""{(2, 2): 680, (1, 3): 991, (2, 3): 3049, (1, 1): 156, (1, 2): 559, (3, 3): 2617, (0, 3): 336, (0, 2): 169, (0, 1): 122}"", ""target_edge_count"": 8679, ""target_weight_quantile_marginal"": ""{3: 3057, 0: 1307, 1: 1860, 2: 2455}"", ""verified_exact_marginals"": true, ""weight_quantile_exact"": true}",frozen graph intervention; FIXED_NORM_MASK is not retrained valid-operator performance
Movies,44,visual_uniform,visual_low_similarity_high_novelty,RENORMALIZED_DELETE,8679,-0.003299340131973638,0.0059920959187025336,0.009244441986083984,0.12837159633636475,20,0.0054726660251617435,0.002730906209750376,0.003771775960922241,-0.0035692861427714384,MATCHED,"{""allocated_cells"": 17, ""allocation"": {""((0, 1), 3)"": 122, ""((0, 2), 3)"": 169, ""((0, 3), 2)"": 78, ""((0, 3), 3)"": 258, ""((1, 1), 3)"": 156, ""((1, 2), 3)"": 559, ""((1, 3), 1)"": 43, ""((1, 3), 2)"": 729, ""((1, 3), 3)"": 219, ""((2, 2), 2)"": 125, ""((2, 2), 3)"": 555, ""((2, 3), 1)"": 1598, ""((2, 3), 2)"": 432, ""((2, 3), 3)"": 1019, ""((3, 3), 0)"": 1307, ""((3, 3), 1)"": 219, ""((3, 3), 2)"": 1091}, ""degree_pair_exact"": true, ""matched_edge_count_per_control"": 8679, ""matching_method"": ""integral max-flow with exact endpoint-degree-quantile-pair and base normalized edge-weight quantile marginals"", ""shortages"": {}, ""status"": ""MATCHED"", ""target_degree_pair_marginal"": ""{(2, 2): 680, (1, 3): 991, (2, 3): 3049, (1, 1): 156, (1, 2): 559, (3, 3): 2617, (0, 3): 336, (0, 2): 169, (0, 1): 122}"", ""target_edge_count"": 8679, ""target_weight_quantile_marginal"": ""{3: 3057, 0: 1307, 1: 1860, 2: 2455}"", ""verified_exact_marginals"": true, ""weight_quantile_exact"": true}",frozen graph intervention; FIXED_NORM_MASK is not retrained valid-operator performance
Movies,44,visual_uniform,joint_low_similarity_high_novelty,FIXED_NORM_MASK,7898,-0.002399520095980767,0.00310070901377546,0.032569289207458496,-0.0459369421005249,20,0.03572368025779724,0.001668864864317251,-0.0031543910503387465,-0.001439712057588477,MATCHED,"{""allocated_cells"": 17, ""allocation"": {""((0, 1), 3)"": 114, ""((0, 2), 3)"": 194, ""((0, 3), 2)"": 71, ""((0, 3), 3)"": 250, ""((1, 1), 3)"": 141, ""((1, 2), 3)"": 579, ""((1, 3), 1)"": 45, ""((1, 3), 2)"": 730, ""((1, 3), 3)"": 208, ""((2, 2), 2)"": 125, ""((2, 2), 3)"": 509, ""((2, 3), 1)"": 1360, ""((2, 3), 2)"": 457, ""((2, 3), 3)"": 1023, ""((3, 3), 0)"": 1038, ""((3, 3), 1)"": 208, ""((3, 3), 2)"": 846}, ""degree_pair_exact"": true, ""matched_edge_count_per_control"": 7898, ""matching_method"": ""integral max-flow with exact endpoint-degree-quantile-pair and base normalized edge-weight quantile marginals"", ""shortages"": {}, ""status"": ""MATCHED"", ""target_degree_pair_marginal"": ""{(1, 2): 579, (1, 3): 983, (0, 2): 194, (1, 1): 141, (2, 2): 634, (2, 3): 2840, (3, 3): 2092, (0, 3): 321, (0, 1): 114}"", ""target_edge_count"": 7898, ""target_weight_quantile_marginal"": ""{3: 3018, 1: 1613, 2: 2229, 0: 1038}"", ""verified_exact_marginals"": true, ""weight_quantile_exact"": true}",frozen graph intervention; FIXED_NORM_MASK is not retrained valid-operator performance
Movies,44,visual_uniform,joint_low_similarity_high_novelty,RENORMALIZED_DELETE,7898,0.00089982003599276,0.005378833637944225,0.008563399314880371,0.11393976211547852,20,0.004525768756866455,0.002261453916876716,0.004037630558013916,-0.002054589082183561,MATCHED,"{""allocated_cells"": 17, ""allocation"": {""((0, 1), 3)"": 114, ""((0, 2), 3)"": 194, ""((0, 3), 2)"": 71, ""((0, 3), 3)"": 250, ""((1, 1), 3)"": 141, ""((1, 2), 3)"": 579, ""((1, 3), 1)"": 45, ""((1, 3), 2)"": 730, ""((1, 3), 3)"": 208, ""((2, 2), 2)"": 125, ""((2, 2), 3)"": 509, ""((2, 3), 1)"": 1360, ""((2, 3), 2)"": 457, ""((2, 3), 3)"": 1023, ""((3, 3), 0)"": 1038, ""((3, 3), 1)"": 208, ""((3, 3), 2)"": 846}, ""degree_pair_exact"": true, ""matched_edge_count_per_control"": 7898, ""matching_method"": ""integral max-flow with exact endpoint-degree-quantile-pair and base normalized edge-weight quantile marginals"", ""shortages"": {}, ""status"": ""MATCHED"", ""target_degree_pair_marginal"": ""{(1, 2): 579, (1, 3): 983, (0, 2): 194, (1, 1): 141, (2, 2): 634, (2, 3): 2840, (3, 3): 2092, (0, 3): 321, (0, 1): 114}"", ""target_edge_count"": 7898, ""target_weight_quantile_marginal"": ""{3: 3018, 1: 1613, 2: 2229, 0: 1038}"", ""verified_exact_marginals"": true, ""weight_quantile_exact"": true}",frozen graph intervention; FIXED_NORM_MASK is not retrained valid-operator performance
Toys,42,uniform,low_similarity_high_novelty,FIXED_NORM_MASK,6324,-0.007489731819280032,-0.007022990484292113,0.013888776302337646,-0.17126131057739258,20,0.003836548328399658,0.0020625458567056724,0.010052227973937988,-0.0068736409760811745,MATCHED,"{""allocated_cells"": 17, ""allocation"": {""((0, 1), 3)"": 74, ""((0, 2), 3)"": 239, ""((0, 3), 2)"": 384, ""((0, 3), 3)"": 77, ""((1, 1), 3)"": 32, ""((1, 2), 3)"": 218, ""((1, 3), 1)"": 229, ""((1, 3), 2)"": 54, ""((1, 3), 3)"": 167, ""((2, 2), 2)"": 212, ""((2, 2), 3)"": 152, ""((2, 3), 1)"": 1224, ""((2, 3), 2)"": 43, ""((2, 3), 3)"": 566, ""((3, 3), 0)"": 1624, ""((3, 3), 1)"": 216, ""((3, 3), 2)"": 813}, ""degree_pair_exact"": true, ""matched_edge_count_per_control"": 6324, ""matching_method"": ""integral max-flow with exact endpoint-degree-quantile-pair and base normalized edge-weight quantile marginals"", ""shortages"": {}, ""status"": ""MATCHED"", ""target_degree_pair_marginal"": ""{(3, 3): 2653, (0, 1): 74, (1, 2): 218, (2, 3): 1833, (0, 3): 461, (1, 3): 450, (2, 2): 364, (0, 2): 239, (1, 1): 32}"", ""target_edge_count"": 6324, ""target_weight_quantile_marginal"": ""{2: 1506, 1: 1669, 0: 1624, 3: 1525}"", ""verified_exact_marginals"": true, ""weight_quantile_exact"": true}",frozen graph intervention; FIXED_NORM_MASK is not retrained valid-operator performance
Toys,42,uniform,low_similarity_high_novelty,RENORMALIZED_DELETE,6324,-0.005315293549166489,-0.004378763415630593,0.047320425510406494,0.16408419609069824,20,0.014844772219657899,0.0028229988897440013,0.0324756532907486,-0.0047958444068615545,MATCHED,"{""allocated_cells"": 17, ""allocation"": {""((0, 1), 3)"": 74, ""((0, 2), 3)"": 239, ""((0, 3), 2)"": 384, ""((0, 3), 3)"": 77, ""((1, 1), 3)"": 32, ""((1, 2), 3)"": 218, ""((1, 3), 1)"": 229, ""((1, 3), 2)"": 54, ""((1, 3), 3)"": 167, ""((2, 2), 2)"": 212, ""((2, 2), 3)"": 152, ""((2, 3), 1)"": 1224, ""((2, 3), 2)"": 43, ""((2, 3), 3)"": 566, ""((3, 3), 0)"": 1624, ""((3, 3), 1)"": 216, ""((3, 3), 2)"": 813}, ""degree_pair_exact"": true, ""matched_edge_count_per_control"": 6324, ""matching_method"": ""integral max-flow with exact endpoint-degree-quantile-pair and base normalized edge-weight quantile marginals"", ""shortages"": {}, ""status"": ""MATCHED"", ""target_degree_pair_marginal"": ""{(3, 3): 2653, (0, 1): 74, (1, 2): 218, (2, 3): 1833, (0, 3): 461, (1, 3): 450, (2, 2): 364, (0, 2): 239, (1, 1): 32}"", ""target_edge_count"": 6324, ""target_weight_quantile_marginal"": ""{2: 1506, 1: 1669, 0: 1624, 3: 1525}"", ""verified_exact_marginals"": true, ""weight_quantile_exact"": true}",frozen graph intervention; FIXED_NORM_MASK is not retrained valid-operator performance
Toys,42,uniform,low_similarity_low_novelty,FIXED_NORM_MASK,1804,-0.000483208504469701,0.0004812326947221113,0.0038451552391052246,-0.08231759071350098,20,-0.000661236047744751,0.0007620590572236244,0.004506391286849975,-0.0013771442377385756,MATCHED,"{""allocated_cells"": 13, ""allocation"": {""((0, 1), 3)"": 2, ""((0, 3), 1)"": 6, ""((0, 3), 3)"": 4, ""((1, 1), 3)"": 8, ""((1, 2), 3)"": 17, ""((1, 3), 1)"": 37, ""((1, 3), 3)"": 42, ""((2, 2), 2)"": 87, ""((2, 3), 0)"": 249, ""((2, 3), 3)"": 80, ""((3, 3), 0)"": 493, ""((3, 3), 1)"": 518, ""((3, 3), 2)"": 261}, ""degree_pair_exact"": true, ""matched_edge_count_per_control"": 1804, ""matching_method"": ""integral max-flow with exact endpoint-degree-quantile-pair and base normalized edge-weight quantile marginals"", ""shortages"": {}, ""status"": ""MATCHED"", ""target_degree_pair_marginal"": ""{(1, 1): 8, (2, 2): 87, (2, 3): 329, (1, 2): 17, (3, 3): 1272, (1, 3): 79, (0, 3): 10, (0, 1): 2}"", ""target_edge_count"": 1804, ""target_weight_quantile_marginal"": ""{3: 153, 2: 348, 1: 561, 0: 742}"", ""verified_exact_marginals"": true, ""weight_quantile_exact"": true}",frozen graph intervention; FIXED_NORM_MASK is not retrained valid-operator performance
Toys,42,uniform,low_similarity_low_novelty,RENORMALIZED_DELETE,1804,0.0,0.000858472389560383,0.0014765262603759766,0.0016286373138427734,20,0.0014377564191818237,0.0007752615093206306,3.8769841194152875e-05,-0.0005194491423049008,MATCHED,"{""allocated_cells"": 13, ""allocation"": {""((0, 1), 3)"": 2, ""((0, 3), 1)"": 6, ""((0, 3), 3)"": 4, ""((1, 1), 3)"": 8, ""((1, 2), 3)"": 17, ""((1, 3), 1)"": 37, ""((1, 3), 3)"": 42, ""((2, 2), 2)"": 87, ""((2, 3), 0)"": 249, ""((2, 3), 3)"": 80, ""((3, 3), 0)"": 493, ""((3, 3), 1)"": 518, ""((3, 3), 2)"": 261}, ""degree_pair_exact"": true, ""matched_edge_count_per_control"": 1804, ""matching_method"": ""integral max-flow with exact endpoint-degree-quantile-pair and base normalized edge-weight quantile marginals"", ""shortages"": {}, ""status"": ""MATCHED"", ""target_degree_pair_marginal"": ""{(1, 1): 8, (2, 2): 87, (2, 3): 329, (1, 2): 17, (3, 3): 1272, (1, 3): 79, (0, 3): 10, (0, 1): 2}"", ""target_edge_count"": 1804, ""target_weight_quantile_marginal"": ""{3: 153, 2: 348, 1: 561, 0: 742}"", ""verified_exact_marginals"": true, ""weight_quantile_exact"": true}",frozen graph intervention; FIXED_NORM_MASK is not retrained valid-operator performance
Toys,42,uniform,low_similarity_low_embeddedness,FIXED_NORM_MASK,4613,-0.002899251026818095,-0.001423273860175378,0.005790591239929199,-0.13697195053100586,20,0.0019424468278884887,0.0017774010709018418,0.0038481444120407105,-0.0030925344286059364,MATCHED,"{""allocated_cells"": 13, ""allocation"": {""((1, 1), 3)"": 41, ""((1, 2), 3)"": 264, ""((1, 3), 1)"": 357, ""((1, 3), 2)"": 145, ""((1, 3), 3)"": 25, ""((2, 2), 2)"": 211, ""((2, 2), 3)"": 167, ""((2, 3), 0)"": 90, ""((2, 3), 1)"": 910, ""((2, 3), 2)"": 49, ""((2, 3), 3)"": 536, ""((3, 3), 0)"": 975, ""((3, 3), 2)"": 843}, ""degree_pair_exact"": true, ""matched_edge_count_per_control"": 4613, ""matching_method"": ""integral max-flow with exact endpoint-degree-quantile-pair and base normalized edge-weight quantile marginals"", ""shortages"": {}, ""status"": ""MATCHED"", ""target_degree_pair_marginal"": ""{(1, 3): 527, (2, 3): 1585, (3, 3): 1818, (1, 2): 264, (2, 2): 378, (1, 1): 41}"", ""target_edge_count"": 4613, ""target_weight_quantile_marginal"": ""{2: 1248, 3: 1033, 1: 1267, 0: 1065}"", ""verified_exact_marginals"": true, ""weight_quantile_exact"": true}",frozen graph intervention; FIXED_NORM_MASK is not retrained valid-operator performance
Toys,42,uniform,low_similarity_low_embeddedness,RENORMALIZED_DELETE,4613,-0.0021744382701135434,-0.0021144869439215785,0.027938485145568848,0.09831500053405762,20,0.004650622606277466,0.0011425154296049252,0.023287862539291382,-0.0013892244503503238,MATCHED,"{""allocated_cells"": 13, ""allocation"": {""((1, 1), 3)"": 41, ""((1, 2), 3)"": 264, ""((1, 3), 1)"": 357, ""((1, 3), 2)"": 145, ""((1, 3), 3)"": 25, ""((2, 2), 2)"": 211, ""((2, 2), 3)"": 167, ""((2, 3), 0)"": 90, ""((2, 3), 1)"": 910, ""((2, 3), 2)"": 49, ""((2, 3), 3)"": 536, ""((3, 3), 0)"": 975, ""((3, 3), 2)"": 843}, ""degree_pair_exact"": true, ""matched_edge_count_per_control"": 4613, ""matching_method"": ""integral max-flow with exact endpoint-degree-quantile-pair and base normalized edge-weight quantile marginals"", ""shortages"": {}, ""status"": ""MATCHED"", ""target_degree_pair_marginal"": ""{(1, 3): 527, (2, 3): 1585, (3, 3): 1818, (1, 2): 264, (2, 2): 378, (1, 1): 41}"", ""target_edge_count"": 4613, ""target_weight_quantile_marginal"": ""{2: 1248, 3: 1033, 1: 1267, 0: 1065}"", ""verified_exact_marginals"": true, ""weight_quantile_exact"": true}",frozen graph intervention; FIXED_NORM_MASK is not retrained valid-operator performance
Toys,42,uniform,low_similarity_high_embeddedness,FIXED_NORM_MASK,2443,-0.003865668035757386,-0.00561246552181216,0.0062958598136901855,-0.11864829063415527,20,-4.624426364898682e-05,0.0009537725245816955,0.006342104077339173,-0.002174438270113549,MATCHED,"{""allocated_cells"": 11, ""allocation"": {""((1, 1), 3)"": 20, ""((1, 2), 3)"": 146, ""((1, 3), 1)"": 326, ""((1, 3), 3)"": 36, ""((2, 2), 2)"": 169, ""((2, 3), 0)"": 191, ""((2, 3), 1)"": 296, ""((2, 3), 3)"": 330, ""((3, 3), 0)"": 366, ""((3, 3), 1)"": 30, ""((3, 3), 2)"": 533}, ""degree_pair_exact"": true, ""matched_edge_count_per_control"": 2443, ""matching_method"": ""integral max-flow with exact endpoint-degree-quantile-pair and base normalized edge-weight quantile marginals"", ""shortages"": {}, ""status"": ""MATCHED"", ""target_degree_pair_marginal"": ""{(1, 3): 362, (1, 1): 20, (2, 2): 169, (3, 3): 929, (2, 3): 817, (1, 2): 146}"", ""target_edge_count"": 2443, ""target_weight_quantile_marginal"": ""{2: 702, 3: 532, 1: 652, 0: 557}"", ""verified_exact_marginals"": true, ""weight_quantile_exact"": true}",frozen graph intervention; FIXED_NORM_MASK is not retrained valid-operator performance
Toys,42,uniform,low_similarity_high_embeddedness,RENORMALIZED_DELETE,2443,-0.002416042522348394,-0.00447889988502892,0.0065430402755737305,0.0075147151947021484,20,0.002223631739616394,0.0010263412171506885,0.004319408535957336,-0.0009301763711041244,MATCHED,"{""allocated_cells"": 11, ""allocation"": {""((1, 1), 3)"": 20, ""((1, 2), 3)"": 146, ""((1, 3), 1)"": 326, ""((1, 3), 3)"": 36, ""((2, 2), 2)"": 169, ""((2, 3), 0)"": 191, ""((2, 3), 1)"": 296, ""((2, 3), 3)"": 330, ""((3, 3), 0)"": 366, ""((3, 3), 1)"": 30, ""((3, 3), 2)"": 533}, ""degree_pair_exact"": true, ""matched_edge_count_per_control"": 2443, ""matching_method"": ""integral max-flow with exact endpoint-degree-quantile-pair and base normalized edge-weight quantile marginals"", ""shortages"": {}, ""status"": ""MATCHED"", ""target_degree_pair_marginal"": ""{(1, 3): 362, (1, 1): 20, (2, 2): 169, (3, 3): 929, (2, 3): 817, (1, 2): 146}"", ""target_edge_count"": 2443, ""target_weight_quantile_marginal"": ""{2: 702, 3: 532, 1: 652, 0: 557}"", ""verified_exact_marginals"": true, ""weight_quantile_exact"": true}",frozen graph intervention; FIXED_NORM_MASK is not retrained valid-operator performance
Toys,42,gpr,gpr_low_similarity_high_novelty,FIXED_NORM_MASK,6416,-0.006764919062575481,-0.006976202415891697,0.017470955848693848,-0.16214752197265625,20,0.008223870396614074,0.002197461500430895,0.009247085452079773,-0.004240154626721426,MATCHED,"{""allocated_cells"": 17, ""allocation"": {""((0, 1), 3)"": 75, ""((0, 2), 3)"": 243, ""((0, 3), 2)"": 387, ""((0, 3), 3)"": 77, ""((1, 1), 3)"": 29, ""((1, 2), 3)"": 218, ""((1, 3), 1)"": 216, ""((1, 3), 2)"": 67, ""((1, 3), 3)"": 177, ""((2, 2), 2)"": 210, ""((2, 2), 3)"": 165, ""((2, 3), 1)"": 1249, ""((2, 3), 2)"": 55, ""((2, 3), 3)"": 563, ""((3, 3), 0)"": 1638, ""((3, 3), 1)"": 226, ""((3, 3), 2)"": 821}, ""degree_pair_exact"": true, ""matched_edge_count_per_control"": 6416, ""matching_method"": ""integral max-flow with exact endpoint-degree-quantile-pair and base normalized edge-weight quantile marginals"", ""shortages"": {}, ""status"": ""MATCHED"", ""target_degree_pair_marginal"": ""{(3, 3): 2685, (0, 1): 75, (1, 2): 218, (2, 3): 1867, (0, 3): 464, (1, 3): 460, (2, 2): 375, (0, 2): 243, (1, 1): 29}"", ""target_edge_count"": 6416, ""target_weight_quantile_marginal"": ""{2: 1540, 1: 1691, 0: 1638, 3: 1547}"", ""verified_exact_marginals"": true, ""weight_quantile_exact"": true}",frozen graph intervention; FIXED_NORM_MASK is not retrained valid-operator performance
Toys,42,gpr,gpr_low_similarity_high_novelty,RENORMALIZED_DELETE,6416,-0.00628171055810578,-0.0062448941888868514,0.03886985778808594,0.15196871757507324,20,0.011995434761047363,0.002191153398427198,0.026874423027038574,-0.0029596520898767576,MATCHED,"{""allocated_cells"": 17, ""allocation"": {""((0, 1), 3)"": 75, ""((0, 2), 3)"": 243, ""((0, 3), 2)"": 387, ""((0, 3), 3)"": 77, ""((1, 1), 3)"": 29, ""((1, 2), 3)"": 218, ""((1, 3), 1)"": 216, ""((1, 3), 2)"": 67, ""((1, 3), 3)"": 177, ""((2, 2), 2)"": 210, ""((2, 2), 3)"": 165, ""((2, 3), 1)"": 1249, ""((2, 3), 2)"": 55, ""((2, 3), 3)"": 563, ""((3, 3), 0)"": 1638, ""((3, 3), 1)"": 226, ""((3, 3), 2)"": 821}, ""degree_pair_exact"": true, ""matched_edge_count_per_control"": 6416, ""matching_method"": ""integral max-flow with exact endpoint-degree-quantile-pair and base normalized edge-weight quantile marginals"", ""shortages"": {}, ""status"": ""MATCHED"", ""target_degree_pair_marginal"": ""{(3, 3): 2685, (0, 1): 75, (1, 2): 218, (2, 3): 1867, (0, 3): 464, (1, 3): 460, (2, 2): 375, (0, 2): 243, (1, 1): 29}"", ""target_edge_count"": 6416, ""target_weight_quantile_marginal"": ""{2: 1540, 1: 1691, 0: 1638, 3: 1547}"", ""verified_exact_marginals"": true, ""weight_quantile_exact"": true}",frozen graph intervention; FIXED_NORM_MASK is not retrained valid-operator performance
Toys,42,gpr,gpr_low_similarity_low_novelty,FIXED_NORM_MASK,1948,-0.0016912297656438424,-0.0011184569149276236,0.0040244460105896,-0.08683633804321289,20,-7.545948028564453e-06,0.0008304469697980308,0.004031991958618164,-0.0010268180719980424,MATCHED,"{""allocated_cells"": 14, ""allocation"": {""((0, 1), 3)"": 2, ""((0, 2), 3)"": 1, ""((0, 3), 1)"": 6, ""((0, 3), 3)"": 4, ""((1, 1), 3)"": 9, ""((1, 2), 3)"": 20, ""((1, 3), 1)"": 39, ""((1, 3), 3)"": 42, ""((2, 2), 2)"": 96, ""((2, 3), 0)"": 258, ""((2, 3), 3)"": 91, ""((3, 3), 0)"": 556, ""((3, 3), 1)"": 560, ""((3, 3), 2)"": 264}, ""degree_pair_exact"": true, ""matched_edge_count_per_control"": 1948, ""matching_method"": ""integral max-flow with exact endpoint-degree-quantile-pair and base normalized edge-weight quantile marginals"", ""shortages"": {}, ""status"": ""MATCHED"", ""target_degree_pair_marginal"": ""{(1, 2): 20, (1, 1): 9, (2, 2): 96, (2, 3): 349, (3, 3): 1380, (1, 3): 81, (0, 3): 10, (0, 2): 1, (0, 1): 2}"", ""target_edge_count"": 1948, ""target_weight_quantile_marginal"": ""{3: 169, 2: 360, 1: 605, 0: 814}"", ""verified_exact_marginals"": true, ""weight_quantile_exact"": true}",frozen graph intervention; FIXED_NORM_MASK is not retrained valid-operator performance
Toys,42,gpr,gpr_low_similarity_low_novelty,RENORMALIZED_DELETE,1948,-0.0009664170089392909,-0.0005171295367348838,0.0011761784553527832,-0.0002224445343017578,20,0.0013458788394927978,0.0006518454140827646,-0.00016970038414001456,-0.0004711282918579307,MATCHED,"{""allocated_cells"": 14, ""allocation"": {""((0, 1), 3)"": 2, ""((0, 2), 3)"": 1, ""((0, 3), 1)"": 6, ""((0, 3), 3)"": 4, ""((1, 1), 3)"": 9, ""((1, 2), 3)"": 20, ""((1, 3), 1)"": 39, ""((1, 3), 3)"": 42, ""((2, 2), 2)"": 96, ""((2, 3), 0)"": 258, ""((2, 3), 3)"": 91, ""((3, 3), 0)"": 556, ""((3, 3), 1)"": 560, ""((3, 3), 2)"": 264}, ""degree_pair_exact"": true, ""matched_edge_count_per_control"": 1948, ""matching_method"": ""integral max-flow with exact endpoint-degree-quantile-pair and base normalized edge-weight quantile marginals"", ""shortages"": {}, ""status"": ""MATCHED"", ""target_degree_pair_marginal"": ""{(1, 2): 20, (1, 1): 9, (2, 2): 96, (2, 3): 349, (3, 3): 1380, (1, 3): 81, (0, 3): 10, (0, 2): 1, (0, 1): 2}"", ""target_edge_count"": 1948, ""target_weight_quantile_marginal"": ""{3: 169, 2: 360, 1: 605, 0: 814}"", ""verified_exact_marginals"": true, ""weight_quantile_exact"": true}",frozen graph intervention; FIXED_NORM_MASK is not retrained valid-operator performance
Toys,42,text_uniform,text_low_similarity_high_novelty,FIXED_NORM_MASK,7213,-0.007972940323749622,-0.007040922928893134,0.03183126449584961,-0.11597180366516113,20,0.031125977635383606,0.0018337726013038778,0.0007052868604660034,-0.006571635660787584,MATCHED,"{""allocated_cells"": 17, ""allocation"": {""((0, 1), 3)"": 90, ""((0, 2), 3)"": 259, ""((0, 3), 2)"": 403, ""((0, 3), 3)"": 72, ""((1, 1), 3)"": 37, ""((1, 2), 3)"": 232, ""((1, 3), 1)"": 188, ""((1, 3), 2)"": 120, ""((1, 3), 3)"": 207, ""((2, 2), 2)"": 203, ""((2, 2), 3)"": 223, ""((2, 3), 1)"": 1414, ""((2, 3), 2)"": 69, ""((2, 3), 3)"": 551, ""((3, 3), 0)"": 1963, ""((3, 3), 1)"": 252, ""((3, 3), 2)"": 930}, ""degree_pair_exact"": true, ""matched_edge_count_per_control"": 7213, ""matching_method"": ""integral max-flow with exact endpoint-degree-quantile-pair and base normalized edge-weight quantile marginals"", ""shortages"": {}, ""status"": ""MATCHED"", ""target_degree_pair_marginal"": ""{(3, 3): 3145, (1, 2): 232, (0, 1): 90, (2, 3): 2034, (0, 3): 475, (1, 3): 515, (2, 2): 426, (1, 1): 37, (0, 2): 259}"", ""target_edge_count"": 7213, ""target_weight_quantile_marginal"": ""{2: 1725, 0: 1963, 1: 1854, 3: 1671}"", ""verified_exact_marginals"": true, ""weight_quantile_exact"": true}",frozen graph intervention; FIXED_NORM_MASK is not retrained valid-operator performance
Toys,42,text_uniform,text_low_similarity_high_novelty,RENORMALIZED_DELETE,7213,-0.007006523314810331,-0.00868607319555148,0.04417991638183594,0.1909012794494629,20,0.014010992646217347,0.002465488672428093,0.03016892373561859,-0.005484416525730801,MATCHED,"{""allocated_cells"": 17, ""allocation"": {""((0, 1), 3)"": 90, ""((0, 2), 3)"": 259, ""((0, 3), 2)"": 403, ""((0, 3), 3)"": 72, ""((1, 1), 3)"": 37, ""((1, 2), 3)"": 232, ""((1, 3), 1)"": 188, ""((1, 3), 2)"": 120, ""((1, 3), 3)"": 207, ""((2, 2), 2)"": 203, ""((2, 2), 3)"": 223, ""((2, 3), 1)"": 1414, ""((2, 3), 2)"": 69, ""((2, 3), 3)"": 551, ""((3, 3), 0)"": 1963, ""((3, 3), 1)"": 252, ""((3, 3), 2)"": 930}, ""degree_pair_exact"": true, ""matched_edge_count_per_control"": 7213, ""matching_method"": ""integral max-flow with exact endpoint-degree-quantile-pair and base normalized edge-weight quantile marginals"", ""shortages"": {}, ""status"": ""MATCHED"", ""target_degree_pair_marginal"": ""{(3, 3): 3145, (1, 2): 232, (0, 1): 90, (2, 3): 2034, (0, 3): 475, (1, 3): 515, (2, 2): 426, (1, 1): 37, (0, 2): 259}"", ""target_edge_count"": 7213, ""target_weight_quantile_marginal"": ""{2: 1725, 0: 1963, 1: 1854, 3: 1671}"", ""verified_exact_marginals"": true, ""weight_quantile_exact"": true}",frozen graph intervention; FIXED_NORM_MASK is not retrained valid-operator performance
Toys,42,text_uniform,joint_low_similarity_high_novelty,FIXED_NORM_MASK,6324,-0.004348876540227087,-0.004033370123468605,0.028167128562927246,-0.1234731674194336,20,0.027721330523490906,0.0013691801951441318,0.00044579803943634033,-0.005375694612225135,MATCHED,"{""allocated_cells"": 17, ""allocation"": {""((0, 1), 3)"": 74, ""((0, 2), 3)"": 239, ""((0, 3), 2)"": 384, ""((0, 3), 3)"": 77, ""((1, 1), 3)"": 32, ""((1, 2), 3)"": 218, ""((1, 3), 1)"": 229, ""((1, 3), 2)"": 54, ""((1, 3), 3)"": 167, ""((2, 2), 2)"": 212, ""((2, 2), 3)"": 152, ""((2, 3), 1)"": 1224, ""((2, 3), 2)"": 43, ""((2, 3), 3)"": 566, ""((3, 3), 0)"": 1624, ""((3, 3), 1)"": 216, ""((3, 3), 2)"": 813}, ""degree_pair_exact"": true, ""matched_edge_count_per_control"": 6324, ""matching_method"": ""integral max-flow with exact endpoint-degree-quantile-pair and base normalized edge-weight quantile marginals"", ""shortages"": {}, ""status"": ""MATCHED"", ""target_degree_pair_marginal"": ""{(3, 3): 2653, (0, 1): 74, (1, 2): 218, (2, 3): 1833, (0, 3): 461, (1, 3): 450, (2, 2): 364, (0, 2): 239, (1, 1): 32}"", ""target_edge_count"": 6324, ""target_weight_quantile_marginal"": ""{2: 1506, 1: 1669, 0: 1624, 3: 1525}"", ""verified_exact_marginals"": true, ""weight_quantile_exact"": true}",frozen graph intervention; FIXED_NORM_MASK is not retrained valid-operator performance
Toys,42,text_uniform,joint_low_similarity_high_novelty,RENORMALIZED_DELETE,6324,-0.0026576467745831334,-0.003488072576725787,0.025620341300964355,0.15686821937561035,20,0.014447113871574402,0.0014394305021315286,0.011173227429389953,-0.004566320367238419,MATCHED,"{""allocated_cells"": 17, ""allocation"": {""((0, 1), 3)"": 74, ""((0, 2), 3)"": 239, ""((0, 3), 2)"": 384, ""((0, 3), 3)"": 77, ""((1, 1), 3)"": 32, ""((1, 2), 3)"": 218, ""((1, 3), 1)"": 229, ""((1, 3), 2)"": 54, ""((1, 3), 3)"": 167, ""((2, 2), 2)"": 212, ""((2, 2), 3)"": 152, ""((2, 3), 1)"": 1224, ""((2, 3), 2)"": 43, ""((2, 3), 3)"": 566, ""((3, 3), 0)"": 1624, ""((3, 3), 1)"": 216, ""((3, 3), 2)"": 813}, ""degree_pair_exact"": true, ""matched_edge_count_per_control"": 6324, ""matching_method"": ""integral max-flow with exact endpoint-degree-quantile-pair and base normalized edge-weight quantile marginals"", ""shortages"": {}, ""status"": ""MATCHED"", ""target_degree_pair_marginal"": ""{(3, 3): 2653, (0, 1): 74, (1, 2): 218, (2, 3): 1833, (0, 3): 461, (1, 3): 450, (2, 2): 364, (0, 2): 239, (1, 1): 32}"", ""target_edge_count"": 6324, ""target_weight_quantile_marginal"": ""{2: 1506, 1: 1669, 0: 1624, 3: 1525}"", ""verified_exact_marginals"": true, ""weight_quantile_exact"": true}",frozen graph intervention; FIXED_NORM_MASK is not retrained valid-operator performance
Toys,42,visual_uniform,visual_low_similarity_high_novelty,FIXED_NORM_MASK,6545,-0.01256342111621156,-0.011610334092244434,0.0487743616104126,-0.10681319236755371,20,0.03304068744182587,0.0017700499815104748,0.01573367416858673,-0.009990335829910574,MATCHED,"{""allocated_cells"": 17, ""allocation"": {""((0, 1), 3)"": 85, ""((0, 2), 3)"": 263, ""((0, 3), 2)"": 391, ""((0, 3), 3)"": 82, ""((1, 1), 3)"": 35, ""((1, 2), 3)"": 234, ""((1, 3), 1)"": 220, ""((1, 3), 2)"": 56, ""((1, 3), 3)"": 183, ""((2, 2), 2)"": 210, ""((2, 2), 3)"": 166, ""((2, 3), 1)"": 1179, ""((2, 3), 2)"": 97, ""((2, 3), 3)"": 567, ""((3, 3), 0)"": 1743, ""((3, 3), 1)"": 235, ""((3, 3), 2)"": 799}, ""degree_pair_exact"": true, ""matched_edge_count_per_control"": 6545, ""matching_method"": ""integral max-flow with exact endpoint-degree-quantile-pair and base normalized edge-weight quantile marginals"", ""shortages"": {}, ""status"": ""MATCHED"", ""target_degree_pair_marginal"": ""{(3, 3): 2777, (0, 1): 85, (1, 2): 234, (2, 3): 1843, (1, 3): 459, (0, 3): 473, (0, 2): 263, (2, 2): 376, (1, 1): 35}"", ""target_edge_count"": 6545, ""target_weight_quantile_marginal"": ""{2: 1553, 1: 1634, 0: 1743, 3: 1615}"", ""verified_exact_marginals"": true, ""weight_quantile_exact"": true}",frozen graph intervention; FIXED_NORM_MASK is not retrained valid-operator performance
Toys,42,visual_uniform,visual_low_similarity_high_novelty,RENORMALIZED_DELETE,6545,-0.007972940323749622,-0.006833272969806847,0.0796094536781311,0.1700127124786377,20,0.019870540499687193,0.0024330251174053013,0.05973891317844391,-0.007042763952645531,MATCHED,"{""allocated_cells"": 17, ""allocation"": {""((0, 1), 3)"": 85, ""((0, 2), 3)"": 263, ""((0, 3), 2)"": 391, ""((0, 3), 3)"": 82, ""((1, 1), 3)"": 35, ""((1, 2), 3)"": 234, ""((1, 3), 1)"": 220, ""((1, 3), 2)"": 56, ""((1, 3), 3)"": 183, ""((2, 2), 2)"": 210, ""((2, 2), 3)"": 166, ""((2, 3), 1)"": 1179, ""((2, 3), 2)"": 97, ""((2, 3), 3)"": 567, ""((3, 3), 0)"": 1743, ""((3, 3), 1)"": 235, ""((3, 3), 2)"": 799}, ""degree_pair_exact"": true, ""matched_edge_count_per_control"": 6545, ""matching_method"": ""integral max-flow with exact endpoint-degree-quantile-pair and base normalized edge-weight quantile marginals"", ""shortages"": {}, ""status"": ""MATCHED"", ""target_degree_pair_marginal"": ""{(3, 3): 2777, (0, 1): 85, (1, 2): 234, (2, 3): 1843, (1, 3): 459, (0, 3): 473, (0, 2): 263, (2, 2): 376, (1, 1): 35}"", ""target_edge_count"": 6545, ""target_weight_quantile_marginal"": ""{2: 1553, 1: 1634, 0: 1743, 3: 1615}"", ""verified_exact_marginals"": true, ""weight_quantile_exact"": true}",frozen graph intervention; FIXED_NORM_MASK is not retrained valid-operator performance
Toys,42,visual_uniform,joint_low_similarity_high_novelty,FIXED_NORM_MASK,6324,-0.007248127567045182,-0.005211886582669023,0.03197145462036133,-0.11226606369018555,20,0.033940425515174864,0.002263529649606919,-0.001968970894813536,-0.009784972215510956,MATCHED,"{""allocated_cells"": 17, ""allocation"": {""((0, 1), 3)"": 74, ""((0, 2), 3)"": 239, ""((0, 3), 2)"": 384, ""((0, 3), 3)"": 77, ""((1, 1), 3)"": 32, ""((1, 2), 3)"": 218, ""((1, 3), 1)"": 229, ""((1, 3), 2)"": 54, ""((1, 3), 3)"": 167, ""((2, 2), 2)"": 212, ""((2, 2), 3)"": 152, ""((2, 3), 1)"": 1224, ""((2, 3), 2)"": 43, ""((2, 3), 3)"": 566, ""((3, 3), 0)"": 1624, ""((3, 3), 1)"": 216, ""((3, 3), 2)"": 813}, ""degree_pair_exact"": true, ""matched_edge_count_per_control"": 6324, ""matching_method"": ""integral max-flow with exact endpoint-degree-quantile-pair and base normalized edge-weight quantile marginals"", ""shortages"": {}, ""status"": ""MATCHED"", ""target_degree_pair_marginal"": ""{(3, 3): 2653, (0, 1): 74, (1, 2): 218, (2, 3): 1833, (0, 3): 461, (1, 3): 450, (2, 2): 364, (0, 2): 239, (1, 1): 32}"", ""target_edge_count"": 6324, ""target_weight_quantile_marginal"": ""{2: 1506, 1: 1669, 0: 1624, 3: 1525}"", ""verified_exact_marginals"": true, ""weight_quantile_exact"": true}",frozen graph intervention; FIXED_NORM_MASK is not retrained valid-operator performance
Toys,42,visual_uniform,joint_low_similarity_high_novelty,RENORMALIZED_DELETE,6324,-0.001932834017878693,-0.0008014766294791587,0.04807591438293457,0.15559601783752441,20,0.023965120315551758,0.0025346187357116906,0.024110794067382812,-0.006607876298622817,MATCHED,"{""allocated_cells"": 17, ""allocation"": {""((0, 1), 3)"": 74, ""((0, 2), 3)"": 239, ""((0, 3), 2)"": 384, ""((0, 3), 3)"": 77, ""((1, 1), 3)"": 32, ""((1, 2), 3)"": 218, ""((1, 3), 1)"": 229, ""((1, 3), 2)"": 54, ""((1, 3), 3)"": 167, ""((2, 2), 2)"": 212, ""((2, 2), 3)"": 152, ""((2, 3), 1)"": 1224, ""((2, 3), 2)"": 43, ""((2, 3), 3)"": 566, ""((3, 3), 0)"": 1624, ""((3, 3), 1)"": 216, ""((3, 3), 2)"": 813}, ""degree_pair_exact"": true, ""matched_edge_count_per_control"": 6324, ""matching_method"": ""integral max-flow with exact endpoint-degree-quantile-pair and base normalized edge-weight quantile marginals"", ""shortages"": {}, ""status"": ""MATCHED"", ""target_degree_pair_marginal"": ""{(3, 3): 2653, (0, 1): 74, (1, 2): 218, (2, 3): 1833, (0, 3): 461, (1, 3): 450, (2, 2): 364, (0, 2): 239, (1, 1): 32}"", ""target_edge_count"": 6324, ""target_weight_quantile_marginal"": ""{2: 1506, 1: 1669, 0: 1624, 3: 1525}"", ""verified_exact_marginals"": true, ""weight_quantile_exact"": true}",frozen graph intervention; FIXED_NORM_MASK is not retrained valid-operator performance
Toys,43,uniform,low_similarity_high_novelty,FIXED_NORM_MASK,6237,-0.005315293549166378,-0.005857886040137039,0.022858858108520508,-0.17023849487304688,20,0.014599642157554627,0.0019055876299149043,0.008259215950965881,-0.004844165257308475,MATCHED,"{""allocated_cells"": 17, ""allocation"": {""((0, 1), 3)"": 85, ""((0, 2), 3)"": 230, ""((0, 3), 2)"": 377, ""((0, 3), 3)"": 73, ""((1, 1), 3)"": 31, ""((1, 2), 3)"": 199, ""((1, 3), 1)"": 259, ""((1, 3), 2)"": 32, ""((1, 3), 3)"": 143, ""((2, 2), 2)"": 216, ""((2, 2), 3)"": 153, ""((2, 3), 1)"": 1200, ""((2, 3), 2)"": 41, ""((2, 3), 3)"": 577, ""((3, 3), 0)"": 1595, ""((3, 3), 1)"": 187, ""((3, 3), 2)"": 839}, ""degree_pair_exact"": true, ""matched_edge_count_per_control"": 6237, ""matching_method"": ""integral max-flow with exact endpoint-degree-quantile-pair and base normalized edge-weight quantile marginals"", ""shortages"": {}, ""status"": ""MATCHED"", ""target_degree_pair_marginal"": ""{(3, 3): 2621, (0, 1): 85, (2, 2): 369, (1, 2): 199, (2, 3): 1818, (0, 3): 450, (1, 3): 434, (1, 1): 31, (0, 2): 230}"", ""target_edge_count"": 6237, ""target_weight_quantile_marginal"": ""{2: 1505, 1: 1646, 0: 1595, 3: 1491}"", ""verified_exact_marginals"": true, ""weight_quantile_exact"": true}",frozen graph intervention; FIXED_NORM_MASK is not retrained valid-operator performance
Toys,43,uniform,low_similarity_high_novelty,RENORMALIZED_DELETE,6237,-0.005798502053636079,-0.00589547360540843,0.025380492210388184,0.1544814109802246,20,0.008480128645896912,0.0014172518109136184,0.01690036356449127,-0.0035274220826286007,MATCHED,"{""allocated_cells"": 17, ""allocation"": {""((0, 1), 3)"": 85, ""((0, 2), 3)"": 230, ""((0, 3), 2)"": 377, ""((0, 3), 3)"": 73, ""((1, 1), 3)"": 31, ""((1, 2), 3)"": 199, ""((1, 3), 1)"": 259, ""((1, 3), 2)"": 32, ""((1, 3), 3)"": 143, ""((2, 2), 2)"": 216, ""((2, 2), 3)"": 153, ""((2, 3), 1)"": 1200, ""((2, 3), 2)"": 41, ""((2, 3), 3)"": 577, ""((3, 3), 0)"": 1595, ""((3, 3), 1)"": 187, ""((3, 3), 2)"": 839}, ""degree_pair_exact"": true, ""matched_edge_count_per_control"": 6237, ""matching_method"": ""integral max-flow with exact endpoint-degree-quantile-pair and base normalized edge-weight quantile marginals"", ""shortages"": {}, ""status"": ""MATCHED"", ""target_degree_pair_marginal"": ""{(3, 3): 2621, (0, 1): 85, (2, 2): 369, (1, 2): 199, (2, 3): 1818, (0, 3): 450, (1, 3): 434, (1, 1): 31, (0, 2): 230}"", ""target_edge_count"": 6237, ""target_weight_quantile_marginal"": ""{2: 1505, 1: 1646, 0: 1595, 3: 1491}"", ""verified_exact_marginals"": true, ""weight_quantile_exact"": true}",frozen graph intervention; FIXED_NORM_MASK is not retrained valid-operator performance
Toys,43,uniform,low_similarity_low_novelty,FIXED_NORM_MASK,1815,-0.00024160425223473947,-0.00024719227375402664,0.0011801719665527344,-0.07945108413696289,20,-0.0006683617830276489,0.0006789303764534317,0.0018485337495803833,-0.0005798502053635524,MATCHED,"{""allocated_cells"": 14, ""allocation"": {""((0, 1), 3)"": 1, ""((0, 2), 3)"": 1, ""((0, 3), 1)"": 6, ""((0, 3), 3)"": 4, ""((1, 1), 3)"": 11, ""((1, 2), 3)"": 12, ""((1, 3), 1)"": 11, ""((1, 3), 3)"": 42, ""((2, 2), 2)"": 102, ""((2, 3), 0)"": 253, ""((2, 3), 3)"": 96, ""((3, 3), 0)"": 482, ""((3, 3), 1)"": 538, ""((3, 3), 2)"": 256}, ""degree_pair_exact"": true, ""matched_edge_count_per_control"": 1815, ""matching_method"": ""integral max-flow with exact endpoint-degree-quantile-pair and base normalized edge-weight quantile marginals"", ""shortages"": {}, ""status"": ""MATCHED"", ""target_degree_pair_marginal"": ""{(2, 2): 102, (1, 2): 12, (2, 3): 349, (3, 3): 1276, (1, 1): 11, (1, 3): 53, (0, 3): 10, (0, 2): 1, (0, 1): 1}"", ""target_edge_count"": 1815, ""target_weight_quantile_marginal"": ""{3: 167, 2: 358, 1: 555, 0: 735}"", ""verified_exact_marginals"": true, ""weight_quantile_exact"": true}",frozen graph intervention; FIXED_NORM_MASK is not retrained valid-operator performance
Toys,43,uniform,low_similarity_low_novelty,RENORMALIZED_DELETE,1815,0.0,-0.000733042442830012,0.00028443336486816406,0.0032825469970703125,20,0.0005402058362960815,0.0006849868423348393,-0.00025577247142791746,-0.0005677699927518099,MATCHED,"{""allocated_cells"": 14, ""allocation"": {""((0, 1), 3)"": 1, ""((0, 2), 3)"": 1, ""((0, 3), 1)"": 6, ""((0, 3), 3)"": 4, ""((1, 1), 3)"": 11, ""((1, 2), 3)"": 12, ""((1, 3), 1)"": 11, ""((1, 3), 3)"": 42, ""((2, 2), 2)"": 102, ""((2, 3), 0)"": 253, ""((2, 3), 3)"": 96, ""((3, 3), 0)"": 482, ""((3, 3), 1)"": 538, ""((3, 3), 2)"": 256}, ""degree_pair_exact"": true, ""matched_edge_count_per_control"": 1815, ""matching_method"": ""integral max-flow with exact endpoint-degree-quantile-pair and base normalized edge-weight quantile marginals"", ""shortages"": {}, ""status"": ""MATCHED"", ""target_degree_pair_marginal"": ""{(2, 2): 102, (1, 2): 12, (2, 3): 349, (3, 3): 1276, (1, 1): 11, (1, 3): 53, (0, 3): 10, (0, 2): 1, (0, 1): 1}"", ""target_edge_count"": 1815, ""target_weight_quantile_marginal"": ""{3: 167, 2: 358, 1: 555, 0: 735}"", ""verified_exact_marginals"": true, ""weight_quantile_exact"": true}",frozen graph intervention; FIXED_NORM_MASK is not retrained valid-operator performance
Toys,43,uniform,low_similarity_low_embeddedness,FIXED_NORM_MASK,4568,-0.0036240637835225353,-0.002897430336496587,0.012669563293457031,-0.1410365104675293,20,0.005999353528022766,0.0011673521882042542,0.006670209765434265,-0.004505919304179701,MATCHED,"{""allocated_cells"": 13, ""allocation"": {""((1, 1), 3)"": 41, ""((1, 2), 3)"": 243, ""((1, 3), 1)"": 360, ""((1, 3), 2)"": 120, ""((1, 3), 3)"": 25, ""((2, 2), 2)"": 216, ""((2, 2), 3)"": 156, ""((2, 3), 0)"": 94, ""((2, 3), 1)"": 903, ""((2, 3), 2)"": 32, ""((2, 3), 3)"": 540, ""((3, 3), 0)"": 986, ""((3, 3), 2)"": 852}, ""degree_pair_exact"": true, ""matched_edge_count_per_control"": 4568, ""matching_method"": ""integral max-flow with exact endpoint-degree-quantile-pair and base normalized edge-weight quantile marginals"", ""shortages"": {}, ""status"": ""MATCHED"", ""target_degree_pair_marginal"": ""{(1, 3): 505, (2, 3): 1569, (3, 3): 1838, (1, 2): 243, (2, 2): 372, (1, 1): 41}"", ""target_edge_count"": 4568, ""target_weight_quantile_marginal"": ""{2: 1220, 3: 1005, 1: 1263, 0: 1080}"", ""verified_exact_marginals"": true, ""weight_quantile_exact"": true}",frozen graph intervention; FIXED_NORM_MASK is not retrained valid-operator performance
Toys,43,uniform,low_similarity_low_embeddedness,RENORMALIZED_DELETE,4568,-0.003382459531287685,-0.0023662129417911792,0.01542133092880249,0.08774614334106445,20,0.0034472644329071045,0.001099440311393741,0.011974066495895386,-0.0030925344286058865,MATCHED,"{""allocated_cells"": 13, ""allocation"": {""((1, 1), 3)"": 41, ""((1, 2), 3)"": 243, ""((1, 3), 1)"": 360, ""((1, 3), 2)"": 120, ""((1, 3), 3)"": 25, ""((2, 2), 2)"": 216, ""((2, 2), 3)"": 156, ""((2, 3), 0)"": 94, ""((2, 3), 1)"": 903, ""((2, 3), 2)"": 32, ""((2, 3), 3)"": 540, ""((3, 3), 0)"": 986, ""((3, 3), 2)"": 852}, ""degree_pair_exact"": true, ""matched_edge_count_per_control"": 4568, ""matching_method"": ""integral max-flow with exact endpoint-degree-quantile-pair and base normalized edge-weight quantile marginals"", ""shortages"": {}, ""status"": ""MATCHED"", ""target_degree_pair_marginal"": ""{(1, 3): 505, (2, 3): 1569, (3, 3): 1838, (1, 2): 243, (2, 2): 372, (1, 1): 41}"", ""target_edge_count"": 4568, ""target_weight_quantile_marginal"": ""{2: 1220, 3: 1005, 1: 1263, 0: 1080}"", ""verified_exact_marginals"": true, ""weight_quantile_exact"": true}",frozen graph intervention; FIXED_NORM_MASK is not retrained valid-operator performance
Toys,43,uniform,low_similarity_high_embeddedness,FIXED_NORM_MASK,2377,-0.0012080212611741414,-0.0022226954644274377,0.010631024837493896,-0.11089658737182617,20,0.0026377052068710326,0.0013067460789476897,0.007993319630622863,-0.0016791495530320943,MATCHED,"{""allocated_cells"": 11, ""allocation"": {""((1, 1), 3)"": 20, ""((1, 2), 3)"": 138, ""((1, 3), 1)"": 300, ""((1, 3), 3)"": 36, ""((2, 2), 2)"": 174, ""((2, 3), 0)"": 179, ""((2, 3), 1)"": 275, ""((2, 3), 3)"": 335, ""((3, 3), 0)"": 371, ""((3, 3), 1)"": 22, ""((3, 3), 2)"": 527}, ""degree_pair_exact"": true, ""matched_edge_count_per_control"": 2377, ""matching_method"": ""integral max-flow with exact endpoint-degree-quantile-pair and base normalized edge-weight quantile marginals"", ""shortages"": {}, ""status"": ""MATCHED"", ""target_degree_pair_marginal"": ""{(1, 3): 336, (1, 2): 138, (2, 2): 174, (3, 3): 920, (2, 3): 789, (1, 1): 20}"", ""target_edge_count"": 2377, ""target_weight_quantile_marginal"": ""{2: 701, 3: 529, 1: 597, 0: 550}"", ""verified_exact_marginals"": true, ""weight_quantile_exact"": true}",frozen graph intervention; FIXED_NORM_MASK is not retrained valid-operator performance
Toys,43,uniform,low_similarity_high_embeddedness,RENORMALIZED_DELETE,2377,-0.001449625513408992,-0.0025539236480635052,0.008503854274749756,0.004759073257446289,20,0.001726582646369934,0.001183699431581453,0.006777271628379822,-0.0013892244503502904,MATCHED,"{""allocated_cells"": 11, ""allocation"": {""((1, 1), 3)"": 20, ""((1, 2), 3)"": 138, ""((1, 3), 1)"": 300, ""((1, 3), 3)"": 36, ""((2, 2), 2)"": 174, ""((2, 3), 0)"": 179, ""((2, 3), 1)"": 275, ""((2, 3), 3)"": 335, ""((3, 3), 0)"": 371, ""((3, 3), 1)"": 22, ""((3, 3), 2)"": 527}, ""degree_pair_exact"": true, ""matched_edge_count_per_control"": 2377, ""matching_method"": ""integral max-flow with exact endpoint-degree-quantile-pair and base normalized edge-weight quantile marginals"", ""shortages"": {}, ""status"": ""MATCHED"", ""target_degree_pair_marginal"": ""{(1, 3): 336, (1, 2): 138, (2, 2): 174, (3, 3): 920, (2, 3): 789, (1, 1): 20}"", ""target_edge_count"": 2377, ""target_weight_quantile_marginal"": ""{2: 701, 3: 529, 1: 597, 0: 550}"", ""verified_exact_marginals"": true, ""weight_quantile_exact"": true}",frozen graph intervention; FIXED_NORM_MASK is not retrained valid-operator performance
Toys,43,gpr,gpr_low_similarity_high_novelty,FIXED_NORM_MASK,6265,-0.005556897801401339,-0.004927353454652561,0.02243596315383911,-0.16546368598937988,20,0.01726019084453583,0.0014481047407592258,0.005175772309303283,-0.003962309736651371,MATCHED,"{""allocated_cells"": 17, ""allocation"": {""((0, 1), 3)"": 83, ""((0, 2), 3)"": 231, ""((0, 3), 2)"": 389, ""((0, 3), 3)"": 75, ""((1, 1), 3)"": 30, ""((1, 2), 3)"": 195, ""((1, 3), 1)"": 241, ""((1, 3), 2)"": 41, ""((1, 3), 3)"": 158, ""((2, 2), 2)"": 216, ""((2, 2), 3)"": 156, ""((2, 3), 1)"": 1210, ""((2, 3), 2)"": 38, ""((2, 3), 3)"": 575, ""((3, 3), 0)"": 1595, ""((3, 3), 1)"": 204, ""((3, 3), 2)"": 828}, ""degree_pair_exact"": true, ""matched_edge_count_per_control"": 6265, ""matching_method"": ""integral max-flow with exact endpoint-degree-quantile-pair and base normalized edge-weight quantile marginals"", ""shortages"": {}, ""status"": ""MATCHED"", ""target_degree_pair_marginal"": ""{(3, 3): 2627, (0, 1): 83, (2, 2): 372, (1, 2): 195, (2, 3): 1823, (0, 3): 464, (1, 3): 440, (1, 1): 30, (0, 2): 231}"", ""target_edge_count"": 6265, ""target_weight_quantile_marginal"": ""{2: 1512, 1: 1655, 0: 1595, 3: 1503}"", ""verified_exact_marginals"": true, ""weight_quantile_exact"": true}",frozen graph intervention; FIXED_NORM_MASK is not retrained valid-operator performance
Toys,43,gpr,gpr_low_similarity_high_novelty,RENORMALIZED_DELETE,6265,-0.005315293549166489,-0.005898079782479249,0.025340020656585693,0.14931535720825195,20,0.008800944685935974,0.0014831447870631126,0.01653907597064972,-0.002971732302488539,MATCHED,"{""allocated_cells"": 17, ""allocation"": {""((0, 1), 3)"": 83, ""((0, 2), 3)"": 231, ""((0, 3), 2)"": 389, ""((0, 3), 3)"": 75, ""((1, 1), 3)"": 30, ""((1, 2), 3)"": 195, ""((1, 3), 1)"": 241, ""((1, 3), 2)"": 41, ""((1, 3), 3)"": 158, ""((2, 2), 2)"": 216, ""((2, 2), 3)"": 156, ""((2, 3), 1)"": 1210, ""((2, 3), 2)"": 38, ""((2, 3), 3)"": 575, ""((3, 3), 0)"": 1595, ""((3, 3), 1)"": 204, ""((3, 3), 2)"": 828}, ""degree_pair_exact"": true, ""matched_edge_count_per_control"": 6265, ""matching_method"": ""integral max-flow with exact endpoint-degree-quantile-pair and base normalized edge-weight quantile marginals"", ""shortages"": {}, ""status"": ""MATCHED"", ""target_degree_pair_marginal"": ""{(3, 3): 2627, (0, 1): 83, (2, 2): 372, (1, 2): 195, (2, 3): 1823, (0, 3): 464, (1, 3): 440, (1, 1): 30, (0, 2): 231}"", ""target_edge_count"": 6265, ""target_weight_quantile_marginal"": ""{2: 1512, 1: 1655, 0: 1595, 3: 1503}"", ""verified_exact_marginals"": true, ""weight_quantile_exact"": true}",frozen graph intervention; FIXED_NORM_MASK is not retrained valid-operator performance
Toys,43,gpr,gpr_low_similarity_low_novelty,FIXED_NORM_MASK,1850,0.0,0.00018094294019466162,0.0013576149940490723,-0.0762336254119873,20,-0.00016369819641113282,0.0007768508094826269,0.0015213131904602052,8.456148828219212e-05,MATCHED,"{""allocated_cells"": 13, ""allocation"": {""((0, 1), 3)"": 1, ""((0, 2), 3)"": 1, ""((0, 3), 1)"": 6, ""((0, 3), 3)"": 4, ""((1, 1), 3)"": 11, ""((1, 2), 3)"": 13, ""((1, 3), 3)"": 41, ""((2, 2), 2)"": 104, ""((2, 3), 0)"": 253, ""((2, 3), 3)"": 101, ""((3, 3), 0)"": 519, ""((3, 3), 1)"": 536, ""((3, 3), 2)"": 260}, ""degree_pair_exact"": true, ""matched_edge_count_per_control"": 1850, ""matching_method"": ""integral max-flow with exact endpoint-degree-quantile-pair and base normalized edge-weight quantile marginals"", ""shortages"": {}, ""status"": ""MATCHED"", ""target_degree_pair_marginal"": ""{(2, 2): 104, (1, 2): 13, (2, 3): 354, (3, 3): 1315, (1, 1): 11, (1, 3): 41, (0, 3): 10, (0, 2): 1, (0, 1): 1}"", ""target_edge_count"": 1850, ""target_weight_quantile_marginal"": ""{3: 172, 2: 364, 1: 542, 0: 772}"", ""verified_exact_marginals"": true, ""weight_quantile_exact"": true}",frozen graph intervention; FIXED_NORM_MASK is not retrained valid-operator performance
Toys,43,gpr,gpr_low_similarity_low_novelty,RENORMALIZED_DELETE,1850,-0.000483208504469701,-0.00031838614519819064,0.00040912628173828125,0.0044476985931396484,20,0.0003169924020767212,0.0004855032013038379,9.213387966156006e-05,-0.00026576467745832445,MATCHED,"{""allocated_cells"": 13, ""allocation"": {""((0, 1), 3)"": 1, ""((0, 2), 3)"": 1, ""((0, 3), 1)"": 6, ""((0, 3), 3)"": 4, ""((1, 1), 3)"": 11, ""((1, 2), 3)"": 13, ""((1, 3), 3)"": 41, ""((2, 2), 2)"": 104, ""((2, 3), 0)"": 253, ""((2, 3), 3)"": 101, ""((3, 3), 0)"": 519, ""((3, 3), 1)"": 536, ""((3, 3), 2)"": 260}, ""degree_pair_exact"": true, ""matched_edge_count_per_control"": 1850, ""matching_method"": ""integral max-flow with exact endpoint-degree-quantile-pair and base normalized edge-weight quantile marginals"", ""shortages"": {}, ""status"": ""MATCHED"", ""target_degree_pair_marginal"": ""{(2, 2): 104, (1, 2): 13, (2, 3): 354, (3, 3): 1315, (1, 1): 11, (1, 3): 41, (0, 3): 10, (0, 2): 1, (0, 1): 1}"", ""target_edge_count"": 1850, ""target_weight_quantile_marginal"": ""{3: 172, 2: 364, 1: 542, 0: 772}"", ""verified_exact_marginals"": true, ""weight_quantile_exact"": true}",frozen graph intervention; FIXED_NORM_MASK is not retrained valid-operator performance
Toys,43,text_uniform,text_low_similarity_high_novelty,FIXED_NORM_MASK,6397,-0.005798502053636079,-0.006904654015083556,0.02907806634902954,-0.09249496459960938,20,0.03137657642364502,0.0020777697891014245,-0.002298510074615477,-0.004155593138439206,MATCHED,"{""allocated_cells"": 17, ""allocation"": {""((0, 1), 3)"": 80, ""((0, 2), 3)"": 231, ""((0, 3), 2)"": 348, ""((0, 3), 3)"": 73, ""((1, 1), 3)"": 33, ""((1, 2), 3)"": 204, ""((1, 3), 1)"": 262, ""((1, 3), 2)"": 38, ""((1, 3), 3)"": 139, ""((2, 2), 2)"": 210, ""((2, 2), 3)"": 145, ""((2, 3), 1)"": 1237, ""((2, 3), 2)"": 37, ""((2, 3), 3)"": 564, ""((3, 3), 0)"": 1727, ""((3, 3), 1)"": 184, ""((3, 3), 2)"": 885}, ""degree_pair_exact"": true, ""matched_edge_count_per_control"": 6397, ""matching_method"": ""integral max-flow with exact endpoint-degree-quantile-pair and base normalized edge-weight quantile marginals"", ""shortages"": {}, ""status"": ""MATCHED"", ""target_degree_pair_marginal"": ""{(2, 3): 1838, (3, 3): 2796, (0, 3): 421, (1, 2): 204, (1, 3): 439, (2, 2): 355, (0, 2): 231, (1, 1): 33, (0, 1): 80}"", ""target_edge_count"": 6397, ""target_weight_quantile_marginal"": ""{3: 1469, 2: 1518, 1: 1683, 0: 1727}"", ""verified_exact_marginals"": true, ""weight_quantile_exact"": true}",frozen graph intervention; FIXED_NORM_MASK is not retrained valid-operator performance
Toys,43,text_uniform,text_low_similarity_high_novelty,RENORMALIZED_DELETE,6397,-0.0031408552790528343,-0.004190636992892127,0.019962728023529053,0.205596923828125,20,0.008782199025154114,0.0016250357619339308,0.011180528998374939,-0.00310461464121764,MATCHED,"{""allocated_cells"": 17, ""allocation"": {""((0, 1), 3)"": 80, ""((0, 2), 3)"": 231, ""((0, 3), 2)"": 348, ""((0, 3), 3)"": 73, ""((1, 1), 3)"": 33, ""((1, 2), 3)"": 204, ""((1, 3), 1)"": 262, ""((1, 3), 2)"": 38, ""((1, 3), 3)"": 139, ""((2, 2), 2)"": 210, ""((2, 2), 3)"": 145, ""((2, 3), 1)"": 1237, ""((2, 3), 2)"": 37, ""((2, 3), 3)"": 564, ""((3, 3), 0)"": 1727, ""((3, 3), 1)"": 184, ""((3, 3), 2)"": 885}, ""degree_pair_exact"": true, ""matched_edge_count_per_control"": 6397, ""matching_method"": ""integral max-flow with exact endpoint-degree-quantile-pair and base normalized edge-weight quantile marginals"", ""shortages"": {}, ""status"": ""MATCHED"", ""target_degree_pair_marginal"": ""{(2, 3): 1838, (3, 3): 2796, (0, 3): 421, (1, 2): 204, (1, 3): 439, (2, 2): 355, (0, 2): 231, (1, 1): 33, (0, 1): 80}"", ""target_edge_count"": 6397, ""target_weight_quantile_marginal"": ""{3: 1469, 2: 1518, 1: 1683, 0: 1727}"", ""verified_exact_marginals"": true, ""weight_quantile_exact"": true}",frozen graph intervention; FIXED_NORM_MASK is not retrained valid-operator performance
Toys,43,text_uniform,joint_low_similarity_high_novelty,FIXED_NORM_MASK,6237,-0.002899251026817984,-0.004002664209484363,0.028208553791046143,-0.11644887924194336,20,0.031174665689468382,0.0020633198139285132,-0.00296611189842224,-0.004348876540227064,MATCHED,"{""allocated_cells"": 17, ""allocation"": {""((0, 1), 3)"": 85, ""((0, 2), 3)"": 230, ""((0, 3), 2)"": 377, ""((0, 3), 3)"": 73, ""((1, 1), 3)"": 31, ""((1, 2), 3)"": 199, ""((1, 3), 1)"": 259, ""((1, 3), 2)"": 32, ""((1, 3), 3)"": 143, ""((2, 2), 2)"": 216, ""((2, 2), 3)"": 153, ""((2, 3), 1)"": 1200, ""((2, 3), 2)"": 41, ""((2, 3), 3)"": 577, ""((3, 3), 0)"": 1595, ""((3, 3), 1)"": 187, ""((3, 3), 2)"": 839}, ""degree_pair_exact"": true, ""matched_edge_count_per_control"": 6237, ""matching_method"": ""integral max-flow with exact endpoint-degree-quantile-pair and base normalized edge-weight quantile marginals"", ""shortages"": {}, ""status"": ""MATCHED"", ""target_degree_pair_marginal"": ""{(3, 3): 2621, (0, 1): 85, (2, 2): 369, (1, 2): 199, (2, 3): 1818, (0, 3): 450, (1, 3): 434, (1, 1): 31, (0, 2): 230}"", ""target_edge_count"": 6237, ""target_weight_quantile_marginal"": ""{2: 1505, 1: 1646, 0: 1595, 3: 1491}"", ""verified_exact_marginals"": true, ""weight_quantile_exact"": true}",frozen graph intervention; FIXED_NORM_MASK is not retrained valid-operator performance
Toys,43,text_uniform,joint_low_similarity_high_novelty,RENORMALIZED_DELETE,6237,-0.003382459531287685,-0.004952949881937507,0.015976548194885254,0.17433571815490723,20,0.009764012694358826,0.0017057784783240685,0.0062125355005264275,-0.0032737376177820244,MATCHED,"{""allocated_cells"": 17, ""allocation"": {""((0, 1), 3)"": 85, ""((0, 2), 3)"": 230, ""((0, 3), 2)"": 377, ""((0, 3), 3)"": 73, ""((1, 1), 3)"": 31, ""((1, 2), 3)"": 199, ""((1, 3), 1)"": 259, ""((1, 3), 2)"": 32, ""((1, 3), 3)"": 143, ""((2, 2), 2)"": 216, ""((2, 2), 3)"": 153, ""((2, 3), 1)"": 1200, ""((2, 3), 2)"": 41, ""((2, 3), 3)"": 577, ""((3, 3), 0)"": 1595, ""((3, 3), 1)"": 187, ""((3, 3), 2)"": 839}, ""degree_pair_exact"": true, ""matched_edge_count_per_control"": 6237, ""matching_method"": ""integral max-flow with exact endpoint-degree-quantile-pair and base normalized edge-weight quantile marginals"", ""shortages"": {}, ""status"": ""MATCHED"", ""target_degree_pair_marginal"": ""{(3, 3): 2621, (0, 1): 85, (2, 2): 369, (1, 2): 199, (2, 3): 1818, (0, 3): 450, (1, 3): 434, (1, 1): 31, (0, 2): 230}"", ""target_edge_count"": 6237, ""target_weight_quantile_marginal"": ""{2: 1505, 1: 1646, 0: 1595, 3: 1491}"", ""verified_exact_marginals"": true, ""weight_quantile_exact"": true}",frozen graph intervention; FIXED_NORM_MASK is not retrained valid-operator performance
Toys,43,visual_uniform,visual_low_similarity_high_novelty,FIXED_NORM_MASK,6685,-0.013288233872916111,-0.01890729331851282,0.05136668682098389,-0.09480524063110352,20,0.0467988520860672,0.00224634585965139,0.00456783473491669,-0.0067890794877989765,MATCHED,"{""allocated_cells"": 17, ""allocation"": {""((0, 1), 3)"": 79, ""((0, 2), 3)"": 266, ""((0, 3), 2)"": 385, ""((0, 3), 3)"": 73, ""((1, 1), 3)"": 30, ""((1, 2), 3)"": 234, ""((1, 3), 1)"": 191, ""((1, 3), 2)"": 77, ""((1, 3), 3)"": 210, ""((2, 2), 2)"": 215, ""((2, 2), 3)"": 160, ""((2, 3), 1)"": 1219, ""((2, 3), 2)"": 88, ""((2, 3), 3)"": 563, ""((3, 3), 0)"": 1833, ""((3, 3), 1)"": 256, ""((3, 3), 2)"": 806}, ""degree_pair_exact"": true, ""matched_edge_count_per_control"": 6685, ""matching_method"": ""integral max-flow with exact endpoint-degree-quantile-pair and base normalized edge-weight quantile marginals"", ""shortages"": {}, ""status"": ""MATCHED"", ""target_degree_pair_marginal"": ""{(0, 2): 266, (3, 3): 2895, (0, 1): 79, (2, 3): 1870, (1, 2): 234, (0, 3): 458, (1, 3): 478, (2, 2): 375, (1, 1): 30}"", ""target_edge_count"": 6685, ""target_weight_quantile_marginal"": ""{3: 1615, 2: 1571, 1: 1666, 0: 1833}"", ""verified_exact_marginals"": true, ""weight_quantile_exact"": true}",frozen graph intervention; FIXED_NORM_MASK is not retrained valid-operator performance
Toys,43,visual_uniform,visual_low_similarity_high_novelty,RENORMALIZED_DELETE,6685,-0.011597004107272268,-0.016573703044263755,0.04007124900817871,0.17109203338623047,20,0.010500690340995789,0.0016957594241247247,0.029570558667182924,-0.004348876540227103,MATCHED,"{""allocated_cells"": 17, ""allocation"": {""((0, 1), 3)"": 79, ""((0, 2), 3)"": 266, ""((0, 3), 2)"": 385, ""((0, 3), 3)"": 73, ""((1, 1), 3)"": 30, ""((1, 2), 3)"": 234, ""((1, 3), 1)"": 191, ""((1, 3), 2)"": 77, ""((1, 3), 3)"": 210, ""((2, 2), 2)"": 215, ""((2, 2), 3)"": 160, ""((2, 3), 1)"": 1219, ""((2, 3), 2)"": 88, ""((2, 3), 3)"": 563, ""((3, 3), 0)"": 1833, ""((3, 3), 1)"": 256, ""((3, 3), 2)"": 806}, ""degree_pair_exact"": true, ""matched_edge_count_per_control"": 6685, ""matching_method"": ""integral max-flow with exact endpoint-degree-quantile-pair and base normalized edge-weight quantile marginals"", ""shortages"": {}, ""status"": ""MATCHED"", ""target_degree_pair_marginal"": ""{(0, 2): 266, (3, 3): 2895, (0, 1): 79, (2, 3): 1870, (1, 2): 234, (0, 3): 458, (1, 3): 478, (2, 2): 375, (1, 1): 30}"", ""target_edge_count"": 6685, ""target_weight_quantile_marginal"": ""{3: 1615, 2: 1571, 1: 1666, 0: 1833}"", ""verified_exact_marginals"": true, ""weight_quantile_exact"": true}",frozen graph intervention; FIXED_NORM_MASK is not retrained valid-operator performance
Toys,43,visual_uniform,joint_low_similarity_high_novelty,FIXED_NORM_MASK,6237,-0.00652331481034063,-0.01147387953968182,0.036080002784729004,-0.0963289737701416,20,0.044653159379959104,0.0015816033642376166,-0.0085731565952301,-0.005931384392365319,MATCHED,"{""allocated_cells"": 17, ""allocation"": {""((0, 1), 3)"": 85, ""((0, 2), 3)"": 230, ""((0, 3), 2)"": 377, ""((0, 3), 3)"": 73, ""((1, 1), 3)"": 31, ""((1, 2), 3)"": 199, ""((1, 3), 1)"": 259, ""((1, 3), 2)"": 32, ""((1, 3), 3)"": 143, ""((2, 2), 2)"": 216, ""((2, 2), 3)"": 153, ""((2, 3), 1)"": 1200, ""((2, 3), 2)"": 41, ""((2, 3), 3)"": 577, ""((3, 3), 0)"": 1595, ""((3, 3), 1)"": 187, ""((3, 3), 2)"": 839}, ""degree_pair_exact"": true, ""matched_edge_count_per_control"": 6237, ""matching_method"": ""integral max-flow with exact endpoint-degree-quantile-pair and base normalized edge-weight quantile marginals"", ""shortages"": {}, ""status"": ""MATCHED"", ""target_degree_pair_marginal"": ""{(3, 3): 2621, (0, 1): 85, (2, 2): 369, (1, 2): 199, (2, 3): 1818, (0, 3): 450, (1, 3): 434, (1, 1): 31, (0, 2): 230}"", ""target_edge_count"": 6237, ""target_weight_quantile_marginal"": ""{2: 1505, 1: 1646, 0: 1595, 3: 1491}"", ""verified_exact_marginals"": true, ""weight_quantile_exact"": true}",frozen graph intervention; FIXED_NORM_MASK is not retrained valid-operator performance
Toys,43,visual_uniform,joint_low_similarity_high_novelty,RENORMALIZED_DELETE,6237,-0.004107272287992236,-0.00735916327874131,0.01723182201385498,0.16579389572143555,20,0.012027093768119812,0.0017172885283332116,0.005204728245735169,-0.0037811065474752325,MATCHED,"{""allocated_cells"": 17, ""allocation"": {""((0, 1), 3)"": 85, ""((0, 2), 3)"": 230, ""((0, 3), 2)"": 377, ""((0, 3), 3)"": 73, ""((1, 1), 3)"": 31, ""((1, 2), 3)"": 199, ""((1, 3), 1)"": 259, ""((1, 3), 2)"": 32, ""((1, 3), 3)"": 143, ""((2, 2), 2)"": 216, ""((2, 2), 3)"": 153, ""((2, 3), 1)"": 1200, ""((2, 3), 2)"": 41, ""((2, 3), 3)"": 577, ""((3, 3), 0)"": 1595, ""((3, 3), 1)"": 187, ""((3, 3), 2)"": 839}, ""degree_pair_exact"": true, ""matched_edge_count_per_control"": 6237, ""matching_method"": ""integral max-flow with exact endpoint-degree-quantile-pair and base normalized edge-weight quantile marginals"", ""shortages"": {}, ""status"": ""MATCHED"", ""target_degree_pair_marginal"": ""{(3, 3): 2621, (0, 1): 85, (2, 2): 369, (1, 2): 199, (2, 3): 1818, (0, 3): 450, (1, 3): 434, (1, 1): 31, (0, 2): 230}"", ""target_edge_count"": 6237, ""target_weight_quantile_marginal"": ""{2: 1505, 1: 1646, 0: 1595, 3: 1491}"", ""verified_exact_marginals"": true, ""weight_quantile_exact"": true}",frozen graph intervention; FIXED_NORM_MASK is not retrained valid-operator performance
Toys,44,uniform,low_similarity_high_novelty,FIXED_NORM_MASK,6427,-0.0007248127567045515,0.0005213097578399273,0.023331373929977417,-0.18410134315490723,20,0.012724556028842926,0.0014889842802114075,0.010606817901134491,-0.0033462188934525183,MATCHED,"{""allocated_cells"": 17, ""allocation"": {""((0, 1), 3)"": 74, ""((0, 2), 3)"": 250, ""((0, 3), 2)"": 375, ""((0, 3), 3)"": 79, ""((1, 1), 3)"": 31, ""((1, 2), 3)"": 205, ""((1, 3), 1)"": 241, ""((1, 3), 2)"": 48, ""((1, 3), 3)"": 158, ""((2, 2), 2)"": 211, ""((2, 2), 3)"": 136, ""((2, 3), 1)"": 1255, ""((2, 3), 2)"": 38, ""((2, 3), 3)"": 570, ""((3, 3), 0)"": 1669, ""((3, 3), 1)"": 208, ""((3, 3), 2)"": 879}, ""degree_pair_exact"": true, ""matched_edge_count_per_control"": 6427, ""matching_method"": ""integral max-flow with exact endpoint-degree-quantile-pair and base normalized edge-weight quantile marginals"", ""shortages"": {}, ""status"": ""MATCHED"", ""target_degree_pair_marginal"": ""{(3, 3): 2756, (0, 3): 454, (2, 2): 347, (1, 2): 205, (2, 3): 1863, (0, 2): 250, (1, 3): 447, (0, 1): 74, (1, 1): 31}"", ""target_edge_count"": 6427, ""target_weight_quantile_marginal"": ""{2: 1551, 0: 1669, 1: 1704, 3: 1503}"", ""verified_exact_marginals"": true, ""weight_quantile_exact"": true}",frozen graph intervention; FIXED_NORM_MASK is not retrained valid-operator performance
Toys,44,uniform,low_similarity_high_novelty,RENORMALIZED_DELETE,6427,-0.0026576467745832444,-0.0022065215683036987,0.022746562957763672,0.19744420051574707,20,0.007662317156791687,0.0016891185184828123,0.015084245800971985,-0.005109929934766849,MATCHED,"{""allocated_cells"": 17, ""allocation"": {""((0, 1), 3)"": 74, ""((0, 2), 3)"": 250, ""((0, 3), 2)"": 375, ""((0, 3), 3)"": 79, ""((1, 1), 3)"": 31, ""((1, 2), 3)"": 205, ""((1, 3), 1)"": 241, ""((1, 3), 2)"": 48, ""((1, 3), 3)"": 158, ""((2, 2), 2)"": 211, ""((2, 2), 3)"": 136, ""((2, 3), 1)"": 1255, ""((2, 3), 2)"": 38, ""((2, 3), 3)"": 570, ""((3, 3), 0)"": 1669, ""((3, 3), 1)"": 208, ""((3, 3), 2)"": 879}, ""degree_pair_exact"": true, ""matched_edge_count_per_control"": 6427, ""matching_method"": ""integral max-flow with exact endpoint-degree-quantile-pair and base normalized edge-weight quantile marginals"", ""shortages"": {}, ""status"": ""MATCHED"", ""target_degree_pair_marginal"": ""{(3, 3): 2756, (0, 3): 454, (2, 2): 347, (1, 2): 205, (2, 3): 1863, (0, 2): 250, (1, 3): 447, (0, 1): 74, (1, 1): 31}"", ""target_edge_count"": 6427, ""target_weight_quantile_marginal"": ""{2: 1551, 0: 1669, 1: 1704, 3: 1503}"", ""verified_exact_marginals"": true, ""weight_quantile_exact"": true}",frozen graph intervention; FIXED_NORM_MASK is not retrained valid-operator performance
Toys,44,uniform,low_similarity_low_novelty,FIXED_NORM_MASK,1915,0.000483208504469701,0.0008243799812043262,0.003254830837249756,-0.08305191993713379,20,0.00016606003046035767,0.0005575436954920425,0.003088770806789398,1.2080212611748075e-05,MATCHED,"{""allocated_cells"": 13, ""allocation"": {""((0, 1), 3)"": 2, ""((0, 2), 3)"": 1, ""((0, 3), 1)"": 6, ""((0, 3), 3)"": 4, ""((1, 1), 3)"": 10, ""((1, 2), 3)"": 19, ""((1, 3), 3)"": 37, ""((2, 2), 2)"": 97, ""((2, 3), 0)"": 273, ""((2, 3), 3)"": 106, ""((3, 3), 0)"": 515, ""((3, 3), 1)"": 542, ""((3, 3), 2)"": 303}, ""degree_pair_exact"": true, ""matched_edge_count_per_control"": 1915, ""matching_method"": ""integral max-flow with exact endpoint-degree-quantile-pair and base normalized edge-weight quantile marginals"", ""shortages"": {}, ""status"": ""MATCHED"", ""target_degree_pair_marginal"": ""{(3, 3): 1360, (2, 2): 97, (2, 3): 379, (1, 2): 19, (1, 1): 10, (1, 3): 37, (0, 3): 10, (0, 2): 1, (0, 1): 2}"", ""target_edge_count"": 1915, ""target_weight_quantile_marginal"": ""{1: 548, 2: 400, 3: 179, 0: 788}"", ""verified_exact_marginals"": true, ""weight_quantile_exact"": true}",frozen graph intervention; FIXED_NORM_MASK is not retrained valid-operator performance
Toys,44,uniform,low_similarity_low_novelty,RENORMALIZED_DELETE,1915,-0.0002416042522348505,-0.00012679796797887555,0.0007375776767730713,0.0043985843658447266,20,0.0006592318415641785,0.00044237403073583173,7.834583520889278e-05,-0.0008335346702101953,MATCHED,"{""allocated_cells"": 13, ""allocation"": {""((0, 1), 3)"": 2, ""((0, 2), 3)"": 1, ""((0, 3), 1)"": 6, ""((0, 3), 3)"": 4, ""((1, 1), 3)"": 10, ""((1, 2), 3)"": 19, ""((1, 3), 3)"": 37, ""((2, 2), 2)"": 97, ""((2, 3), 0)"": 273, ""((2, 3), 3)"": 106, ""((3, 3), 0)"": 515, ""((3, 3), 1)"": 542, ""((3, 3), 2)"": 303}, ""degree_pair_exact"": true, ""matched_edge_count_per_control"": 1915, ""matching_method"": ""integral max-flow with exact endpoint-degree-quantile-pair and base normalized edge-weight quantile marginals"", ""shortages"": {}, ""status"": ""MATCHED"", ""target_degree_pair_marginal"": ""{(3, 3): 1360, (2, 2): 97, (2, 3): 379, (1, 2): 19, (1, 1): 10, (1, 3): 37, (0, 3): 10, (0, 2): 1, (0, 1): 2}"", ""target_edge_count"": 1915, ""target_weight_quantile_marginal"": ""{1: 548, 2: 400, 3: 179, 0: 788}"", ""verified_exact_marginals"": true, ""weight_quantile_exact"": true}",frozen graph intervention; FIXED_NORM_MASK is not retrained valid-operator performance
Toys,44,uniform,low_similarity_low_embeddedness,FIXED_NORM_MASK,4553,-0.0036240637835225353,-0.004451853536705963,0.013387918472290039,-0.1419987678527832,20,0.006508241593837738,0.0011849913198197816,0.006879676878452301,-0.0012080212611741859,MATCHED,"{""allocated_cells"": 13, ""allocation"": {""((1, 1), 3)"": 40, ""((1, 2), 3)"": 257, ""((1, 3), 1)"": 358, ""((1, 3), 2)"": 146, ""((1, 3), 3)"": 25, ""((2, 2), 2)"": 211, ""((2, 2), 3)"": 161, ""((2, 3), 0)"": 77, ""((2, 3), 1)"": 916, ""((2, 3), 2)"": 80, ""((2, 3), 3)"": 547, ""((3, 3), 0)"": 893, ""((3, 3), 2)"": 842}, ""degree_pair_exact"": true, ""matched_edge_count_per_control"": 4553, ""matching_method"": ""integral max-flow with exact endpoint-degree-quantile-pair and base normalized edge-weight quantile marginals"", ""shortages"": {}, ""status"": ""MATCHED"", ""target_degree_pair_marginal"": ""{(1, 3): 529, (2, 3): 1620, (3, 3): 1735, (1, 2): 257, (2, 2): 372, (1, 1): 40}"", ""target_edge_count"": 4553, ""target_weight_quantile_marginal"": ""{2: 1279, 3: 1030, 0: 970, 1: 1274}"", ""verified_exact_marginals"": true, ""weight_quantile_exact"": true}",frozen graph intervention; FIXED_NORM_MASK is not retrained valid-operator performance
Toys,44,uniform,low_similarity_low_embeddedness,RENORMALIZED_DELETE,4553,-0.003382459531287796,-0.004039262027805357,0.017978906631469727,0.11068010330200195,20,0.0016365453600883483,0.0011410526389284135,0.01634236127138138,-0.0025368446484658027,MATCHED,"{""allocated_cells"": 13, ""allocation"": {""((1, 1), 3)"": 40, ""((1, 2), 3)"": 257, ""((1, 3), 1)"": 358, ""((1, 3), 2)"": 146, ""((1, 3), 3)"": 25, ""((2, 2), 2)"": 211, ""((2, 2), 3)"": 161, ""((2, 3), 0)"": 77, ""((2, 3), 1)"": 916, ""((2, 3), 2)"": 80, ""((2, 3), 3)"": 547, ""((3, 3), 0)"": 893, ""((3, 3), 2)"": 842}, ""degree_pair_exact"": true, ""matched_edge_count_per_control"": 4553, ""matching_method"": ""integral max-flow with exact endpoint-degree-quantile-pair and base normalized edge-weight quantile marginals"", ""shortages"": {}, ""status"": ""MATCHED"", ""target_degree_pair_marginal"": ""{(1, 3): 529, (2, 3): 1620, (3, 3): 1735, (1, 2): 257, (2, 2): 372, (1, 1): 40}"", ""target_edge_count"": 4553, ""target_weight_quantile_marginal"": ""{2: 1279, 3: 1030, 0: 970, 1: 1274}"", ""verified_exact_marginals"": true, ""weight_quantile_exact"": true}",frozen graph intervention; FIXED_NORM_MASK is not retrained valid-operator performance
Toys,44,uniform,low_similarity_high_embeddedness,FIXED_NORM_MASK,2427,-0.0021744382701135434,-0.001333096525659161,0.008279591798782349,-0.11396074295043945,20,0.0020980671048164367,0.0010672055013697395,0.0061815246939659115,-0.00024160425223483938,MATCHED,"{""allocated_cells"": 11, ""allocation"": {""((1, 1), 3)"": 19, ""((1, 2), 3)"": 159, ""((1, 3), 1)"": 280, ""((1, 3), 3)"": 36, ""((2, 2), 2)"": 174, ""((2, 3), 0)"": 196, ""((2, 3), 1)"": 274, ""((2, 3), 3)"": 337, ""((3, 3), 0)"": 373, ""((3, 3), 1)"": 34, ""((3, 3), 2)"": 545}, ""degree_pair_exact"": true, ""matched_edge_count_per_control"": 2427, ""matching_method"": ""integral max-flow with exact endpoint-degree-quantile-pair and base normalized edge-weight quantile marginals"", ""shortages"": {}, ""status"": ""MATCHED"", ""target_degree_pair_marginal"": ""{(1, 3): 316, (1, 2): 159, (3, 3): 952, (2, 2): 174, (2, 3): 807, (1, 1): 19}"", ""target_edge_count"": 2427, ""target_weight_quantile_marginal"": ""{2: 719, 3: 551, 1: 588, 0: 569}"", ""verified_exact_marginals"": true, ""weight_quantile_exact"": true}",frozen graph intervention; FIXED_NORM_MASK is not retrained valid-operator performance
Toys,44,uniform,low_similarity_high_embeddedness,RENORMALIZED_DELETE,2427,-0.001932834017878693,-0.001327379970270437,0.0031678080558776855,0.008679389953613281,20,0.0008884519338607788,0.0009770866017265072,0.0022793561220169067,-0.0010630587098332978,MATCHED,"{""allocated_cells"": 11, ""allocation"": {""((1, 1), 3)"": 19, ""((1, 2), 3)"": 159, ""((1, 3), 1)"": 280, ""((1, 3), 3)"": 36, ""((2, 2), 2)"": 174, ""((2, 3), 0)"": 196, ""((2, 3), 1)"": 274, ""((2, 3), 3)"": 337, ""((3, 3), 0)"": 373, ""((3, 3), 1)"": 34, ""((3, 3), 2)"": 545}, ""degree_pair_exact"": true, ""matched_edge_count_per_control"": 2427, ""matching_method"": ""integral max-flow with exact endpoint-degree-quantile-pair and base normalized edge-weight quantile marginals"", ""shortages"": {}, ""status"": ""MATCHED"", ""target_degree_pair_marginal"": ""{(1, 3): 316, (1, 2): 159, (3, 3): 952, (2, 2): 174, (2, 3): 807, (1, 1): 19}"", ""target_edge_count"": 2427, ""target_weight_quantile_marginal"": ""{2: 719, 3: 551, 1: 588, 0: 569}"", ""verified_exact_marginals"": true, ""weight_quantile_exact"": true}",frozen graph intervention; FIXED_NORM_MASK is not retrained valid-operator performance
Toys,44,gpr,gpr_low_similarity_high_novelty,FIXED_NORM_MASK,6233,-0.005798502053636079,-0.008265527453472865,0.022329598665237427,-0.19175124168395996,20,0.009191899001598359,0.0016889661902480774,0.013137699663639068,-0.0009784972215510779,MATCHED,"{""allocated_cells"": 17, ""allocation"": {""((0, 1), 3)"": 70, ""((0, 2), 3)"": 241, ""((0, 3), 2)"": 361, ""((0, 3), 3)"": 81, ""((1, 1), 3)"": 30, ""((1, 2), 3)"": 192, ""((1, 3), 1)"": 251, ""((1, 3), 2)"": 47, ""((1, 3), 3)"": 145, ""((2, 2), 2)"": 213, ""((2, 2), 3)"": 117, ""((2, 3), 1)"": 1211, ""((2, 3), 2)"": 40, ""((2, 3), 3)"": 574, ""((3, 3), 0)"": 1622, ""((3, 3), 1)"": 197, ""((3, 3), 2)"": 841}, ""degree_pair_exact"": true, ""matched_edge_count_per_control"": 6233, ""matching_method"": ""integral max-flow with exact endpoint-degree-quantile-pair and base normalized edge-weight quantile marginals"", ""shortages"": {}, ""status"": ""MATCHED"", ""target_degree_pair_marginal"": ""{(3, 3): 2660, (0, 3): 442, (2, 2): 330, (1, 2): 192, (2, 3): 1825, (0, 2): 241, (1, 3): 443, (0, 1): 70, (1, 1): 30}"", ""target_edge_count"": 6233, ""target_weight_quantile_marginal"": ""{2: 1502, 1: 1659, 0: 1622, 3: 1450}"", ""verified_exact_marginals"": true, ""weight_quantile_exact"": true}",frozen graph intervention; FIXED_NORM_MASK is not retrained valid-operator performance
Toys,44,gpr,gpr_low_similarity_high_novelty,RENORMALIZED_DELETE,6233,-0.005798502053636079,-0.007864204605052438,0.02718493342399597,0.19683265686035156,20,0.008887946605682373,0.0023967699968947894,0.0182969868183136,-0.001389224450350307,MATCHED,"{""allocated_cells"": 17, ""allocation"": {""((0, 1), 3)"": 70, ""((0, 2), 3)"": 241, ""((0, 3), 2)"": 361, ""((0, 3), 3)"": 81, ""((1, 1), 3)"": 30, ""((1, 2), 3)"": 192, ""((1, 3), 1)"": 251, ""((1, 3), 2)"": 47, ""((1, 3), 3)"": 145, ""((2, 2), 2)"": 213, ""((2, 2), 3)"": 117, ""((2, 3), 1)"": 1211, ""((2, 3), 2)"": 40, ""((2, 3), 3)"": 574, ""((3, 3), 0)"": 1622, ""((3, 3), 1)"": 197, ""((3, 3), 2)"": 841}, ""degree_pair_exact"": true, ""matched_edge_count_per_control"": 6233, ""matching_method"": ""integral max-flow with exact endpoint-degree-quantile-pair and base normalized edge-weight quantile marginals"", ""shortages"": {}, ""status"": ""MATCHED"", ""target_degree_pair_marginal"": ""{(3, 3): 2660, (0, 3): 442, (2, 2): 330, (1, 2): 192, (2, 3): 1825, (0, 2): 241, (1, 3): 443, (0, 1): 70, (1, 1): 30}"", ""target_edge_count"": 6233, ""target_weight_quantile_marginal"": ""{2: 1502, 1: 1659, 0: 1622, 3: 1450}"", ""verified_exact_marginals"": true, ""weight_quantile_exact"": true}",frozen graph intervention; FIXED_NORM_MASK is not retrained valid-operator performance
Toys,44,gpr,gpr_low_similarity_low_novelty,FIXED_NORM_MASK,1825,0.000483208504469701,0.000835469696522595,0.002052098512649536,-0.0803995132446289,20,-0.00043656826019287107,0.0005535639426855125,0.0024886667728424073,-0.0003744865909639794,MATCHED,"{""allocated_cells"": 13, ""allocation"": {""((0, 1), 3)"": 2, ""((0, 2), 3)"": 1, ""((0, 3), 1)"": 6, ""((0, 3), 3)"": 4, ""((1, 1), 3)"": 7, ""((1, 2), 3)"": 20, ""((1, 3), 3)"": 29, ""((2, 2), 2)"": 89, ""((2, 3), 0)"": 259, ""((2, 3), 3)"": 101, ""((3, 3), 0)"": 503, ""((3, 3), 1)"": 510, ""((3, 3), 2)"": 294}, ""degree_pair_exact"": true, ""matched_edge_count_per_control"": 1825, ""matching_method"": ""integral max-flow with exact endpoint-degree-quantile-pair and base normalized edge-weight quantile marginals"", ""shortages"": {}, ""status"": ""MATCHED"", ""target_degree_pair_marginal"": ""{(3, 3): 1307, (2, 2): 89, (2, 3): 360, (1, 2): 20, (1, 1): 7, (1, 3): 29, (0, 3): 10, (0, 2): 1, (0, 1): 2}"", ""target_edge_count"": 1825, ""target_weight_quantile_marginal"": ""{1: 516, 3: 164, 2: 383, 0: 762}"", ""verified_exact_marginals"": true, ""weight_quantile_exact"": true}",frozen graph intervention; FIXED_NORM_MASK is not retrained valid-operator performance
Toys,44,gpr,gpr_low_similarity_low_novelty,RENORMALIZED_DELETE,1825,0.0012080212611742525,0.0018304258629042724,-0.00030994415283203125,0.004157066345214844,20,0.000428694486618042,0.0005133971550102645,-0.0007386386394500732,6.040106305872928e-05,MATCHED,"{""allocated_cells"": 13, ""allocation"": {""((0, 1), 3)"": 2, ""((0, 2), 3)"": 1, ""((0, 3), 1)"": 6, ""((0, 3), 3)"": 4, ""((1, 1), 3)"": 7, ""((1, 2), 3)"": 20, ""((1, 3), 3)"": 29, ""((2, 2), 2)"": 89, ""((2, 3), 0)"": 259, ""((2, 3), 3)"": 101, ""((3, 3), 0)"": 503, ""((3, 3), 1)"": 510, ""((3, 3), 2)"": 294}, ""degree_pair_exact"": true, ""matched_edge_count_per_control"": 1825, ""matching_method"": ""integral max-flow with exact endpoint-degree-quantile-pair and base normalized edge-weight quantile marginals"", ""shortages"": {}, ""status"": ""MATCHED"", ""target_degree_pair_marginal"": ""{(3, 3): 1307, (2, 2): 89, (2, 3): 360, (1, 2): 20, (1, 1): 7, (1, 3): 29, (0, 3): 10, (0, 2): 1, (0, 1): 2}"", ""target_edge_count"": 1825, ""target_weight_quantile_marginal"": ""{1: 516, 3: 164, 2: 383, 0: 762}"", ""verified_exact_marginals"": true, ""weight_quantile_exact"": true}",frozen graph intervention; FIXED_NORM_MASK is not retrained valid-operator performance
Toys,44,text_uniform,text_low_similarity_high_novelty,FIXED_NORM_MASK,7237,-0.004590480792461937,-0.0014592689577683782,0.04438948631286621,-0.11232709884643555,20,0.043217554688453674,0.0015961848696529517,0.0011719316244125366,-0.004215994201497897,MATCHED,"{""allocated_cells"": 17, ""allocation"": {""((0, 1), 3)"": 97, ""((0, 2), 3)"": 271, ""((0, 3), 2)"": 392, ""((0, 3), 3)"": 78, ""((1, 1), 3)"": 38, ""((1, 2), 3)"": 231, ""((1, 3), 1)"": 173, ""((1, 3), 2)"": 125, ""((1, 3), 3)"": 218, ""((2, 2), 2)"": 208, ""((2, 2), 3)"": 200, ""((2, 3), 1)"": 1464, ""((2, 3), 2)"": 36, ""((2, 3), 3)"": 555, ""((3, 3), 0)"": 1906, ""((3, 3), 1)"": 270, ""((3, 3), 2)"": 975}, ""degree_pair_exact"": true, ""matched_edge_count_per_control"": 7237, ""matching_method"": ""integral max-flow with exact endpoint-degree-quantile-pair and base normalized edge-weight quantile marginals"", ""shortages"": {}, ""status"": ""MATCHED"", ""target_degree_pair_marginal"": ""{(2, 3): 2055, (3, 3): 3151, (1, 2): 231, (0, 3): 470, (1, 3): 516, (2, 2): 408, (1, 1): 38, (0, 2): 271, (0, 1): 97}"", ""target_edge_count"": 7237, ""target_weight_quantile_marginal"": ""{3: 1688, 2: 1736, 0: 1906, 1: 1907}"", ""verified_exact_marginals"": true, ""weight_quantile_exact"": true}",frozen graph intervention; FIXED_NORM_MASK is not retrained valid-operator performance
Toys,44,text_uniform,text_low_similarity_high_novelty,RENORMALIZED_DELETE,7237,-0.003865668035757386,-0.0006622596100174238,0.02203434705734253,0.19733738899230957,20,0.005210071802139282,0.001207102915408376,0.016824275255203247,-0.003454940806958151,MATCHED,"{""allocated_cells"": 17, ""allocation"": {""((0, 1), 3)"": 97, ""((0, 2), 3)"": 271, ""((0, 3), 2)"": 392, ""((0, 3), 3)"": 78, ""((1, 1), 3)"": 38, ""((1, 2), 3)"": 231, ""((1, 3), 1)"": 173, ""((1, 3), 2)"": 125, ""((1, 3), 3)"": 218, ""((2, 2), 2)"": 208, ""((2, 2), 3)"": 200, ""((2, 3), 1)"": 1464, ""((2, 3), 2)"": 36, ""((2, 3), 3)"": 555, ""((3, 3), 0)"": 1906, ""((3, 3), 1)"": 270, ""((3, 3), 2)"": 975}, ""degree_pair_exact"": true, ""matched_edge_count_per_control"": 7237, ""matching_method"": ""integral max-flow with exact endpoint-degree-quantile-pair and base normalized edge-weight quantile marginals"", ""shortages"": {}, ""status"": ""MATCHED"", ""target_degree_pair_marginal"": ""{(2, 3): 2055, (3, 3): 3151, (1, 2): 231, (0, 3): 470, (1, 3): 516, (2, 2): 408, (1, 1): 38, (0, 2): 271, (0, 1): 97}"", ""target_edge_count"": 7237, ""target_weight_quantile_marginal"": ""{3: 1688, 2: 1736, 0: 1906, 1: 1907}"", ""verified_exact_marginals"": true, ""weight_quantile_exact"": true}",frozen graph intervention; FIXED_NORM_MASK is not retrained valid-operator performance
Toys,44,text_uniform,joint_low_similarity_high_novelty,FIXED_NORM_MASK,6427,-0.0016912297656438424,-0.0003728878827911064,0.03345745801925659,-0.1106104850769043,20,0.038250720500946044,0.0018685844870602,-0.004793262481689452,-0.0036723846339695053,MATCHED,"{""allocated_cells"": 17, ""allocation"": {""((0, 1), 3)"": 74, ""((0, 2), 3)"": 250, ""((0, 3), 2)"": 375, ""((0, 3), 3)"": 79, ""((1, 1), 3)"": 31, ""((1, 2), 3)"": 205, ""((1, 3), 1)"": 241, ""((1, 3), 2)"": 48, ""((1, 3), 3)"": 158, ""((2, 2), 2)"": 211, ""((2, 2), 3)"": 136, ""((2, 3), 1)"": 1255, ""((2, 3), 2)"": 38, ""((2, 3), 3)"": 570, ""((3, 3), 0)"": 1669, ""((3, 3), 1)"": 208, ""((3, 3), 2)"": 879}, ""degree_pair_exact"": true, ""matched_edge_count_per_control"": 6427, ""matching_method"": ""integral max-flow with exact endpoint-degree-quantile-pair and base normalized edge-weight quantile marginals"", ""shortages"": {}, ""status"": ""MATCHED"", ""target_degree_pair_marginal"": ""{(3, 3): 2756, (0, 3): 454, (2, 2): 347, (1, 2): 205, (2, 3): 1863, (0, 2): 250, (1, 3): 447, (0, 1): 74, (1, 1): 31}"", ""target_edge_count"": 6427, ""target_weight_quantile_marginal"": ""{2: 1551, 0: 1669, 1: 1704, 3: 1503}"", ""verified_exact_marginals"": true, ""weight_quantile_exact"": true}",frozen graph intervention; FIXED_NORM_MASK is not retrained valid-operator performance
Toys,44,text_uniform,joint_low_similarity_high_novelty,RENORMALIZED_DELETE,6427,-0.0026576467745831334,-0.0010583600577535046,0.003811776638031006,0.1664724349975586,20,0.007916721701622009,0.001962678423856591,-0.004104945063591003,-0.0037207054844164756,MATCHED,"{""allocated_cells"": 17, ""allocation"": {""((0, 1), 3)"": 74, ""((0, 2), 3)"": 250, ""((0, 3), 2)"": 375, ""((0, 3), 3)"": 79, ""((1, 1), 3)"": 31, ""((1, 2), 3)"": 205, ""((1, 3), 1)"": 241, ""((1, 3), 2)"": 48, ""((1, 3), 3)"": 158, ""((2, 2), 2)"": 211, ""((2, 2), 3)"": 136, ""((2, 3), 1)"": 1255, ""((2, 3), 2)"": 38, ""((2, 3), 3)"": 570, ""((3, 3), 0)"": 1669, ""((3, 3), 1)"": 208, ""((3, 3), 2)"": 879}, ""degree_pair_exact"": true, ""matched_edge_count_per_control"": 6427, ""matching_method"": ""integral max-flow with exact endpoint-degree-quantile-pair and base normalized edge-weight quantile marginals"", ""shortages"": {}, ""status"": ""MATCHED"", ""target_degree_pair_marginal"": ""{(3, 3): 2756, (0, 3): 454, (2, 2): 347, (1, 2): 205, (2, 3): 1863, (0, 2): 250, (1, 3): 447, (0, 1): 74, (1, 1): 31}"", ""target_edge_count"": 6427, ""target_weight_quantile_marginal"": ""{2: 1551, 0: 1669, 1: 1704, 3: 1503}"", ""verified_exact_marginals"": true, ""weight_quantile_exact"": true}",frozen graph intervention; FIXED_NORM_MASK is not retrained valid-operator performance
Toys,44,visual_uniform,visual_low_similarity_high_novelty,FIXED_NORM_MASK,6665,-0.011838608359507119,-0.011271108729692059,0.04784876108169556,-0.09228706359863281,20,0.0445633053779602,0.001886059412831934,0.0032854557037353543,-0.003624063783522541,MATCHED,"{""allocated_cells"": 17, ""allocation"": {""((0, 1), 3)"": 87, ""((0, 2), 3)"": 265, ""((0, 3), 2)"": 377, ""((0, 3), 3)"": 78, ""((1, 1), 3)"": 29, ""((1, 2), 3)"": 221, ""((1, 3), 1)"": 231, ""((1, 3), 2)"": 58, ""((1, 3), 3)"": 174, ""((2, 2), 2)"": 209, ""((2, 2), 3)"": 165, ""((2, 3), 1)"": 1267, ""((2, 3), 2)"": 22, ""((2, 3), 3)"": 573, ""((3, 3), 0)"": 1811, ""((3, 3), 1)"": 220, ""((3, 3), 2)"": 878}, ""degree_pair_exact"": true, ""matched_edge_count_per_control"": 6665, ""matching_method"": ""integral max-flow with exact endpoint-degree-quantile-pair and base normalized edge-weight quantile marginals"", ""shortages"": {}, ""status"": ""MATCHED"", ""target_degree_pair_marginal"": ""{(3, 3): 2909, (0, 1): 87, (2, 2): 374, (1, 2): 221, (2, 3): 1862, (0, 3): 455, (1, 3): 463, (0, 2): 265, (1, 1): 29}"", ""target_edge_count"": 6665, ""target_weight_quantile_marginal"": ""{2: 1544, 1: 1718, 0: 1811, 3: 1592}"", ""verified_exact_marginals"": true, ""weight_quantile_exact"": true}",frozen graph intervention; FIXED_NORM_MASK is not retrained valid-operator performance
Toys,44,visual_uniform,visual_low_similarity_high_novelty,RENORMALIZED_DELETE,6665,-0.010147378593863166,-0.011475761392318318,0.038607120513916016,0.16613030433654785,20,0.00803869664669037,0.0015360086502250899,0.030568423867225646,-0.002863010388982801,MATCHED,"{""allocated_cells"": 17, ""allocation"": {""((0, 1), 3)"": 87, ""((0, 2), 3)"": 265, ""((0, 3), 2)"": 377, ""((0, 3), 3)"": 78, ""((1, 1), 3)"": 29, ""((1, 2), 3)"": 221, ""((1, 3), 1)"": 231, ""((1, 3), 2)"": 58, ""((1, 3), 3)"": 174, ""((2, 2), 2)"": 209, ""((2, 2), 3)"": 165, ""((2, 3), 1)"": 1267, ""((2, 3), 2)"": 22, ""((2, 3), 3)"": 573, ""((3, 3), 0)"": 1811, ""((3, 3), 1)"": 220, ""((3, 3), 2)"": 878}, ""degree_pair_exact"": true, ""matched_edge_count_per_control"": 6665, ""matching_method"": ""integral max-flow with exact endpoint-degree-quantile-pair and base normalized edge-weight quantile marginals"", ""shortages"": {}, ""status"": ""MATCHED"", ""target_degree_pair_marginal"": ""{(3, 3): 2909, (0, 1): 87, (2, 2): 374, (1, 2): 221, (2, 3): 1862, (0, 3): 455, (1, 3): 463, (0, 2): 265, (1, 1): 29}"", ""target_edge_count"": 6665, ""target_weight_quantile_marginal"": ""{2: 1544, 1: 1718, 0: 1811, 3: 1592}"", ""verified_exact_marginals"": true, ""weight_quantile_exact"": true}",frozen graph intervention; FIXED_NORM_MASK is not retrained valid-operator performance
Toys,44,visual_uniform,joint_low_similarity_high_novelty,FIXED_NORM_MASK,6427,-0.005315293549166378,-0.00602820496415557,0.03687006235122681,-0.10058474540710449,20,0.04388765394687653,0.0015003371097071134,-0.007017591595649721,-0.004240154626721393,MATCHED,"{""allocated_cells"": 17, ""allocation"": {""((0, 1), 3)"": 74, ""((0, 2), 3)"": 250, ""((0, 3), 2)"": 375, ""((0, 3), 3)"": 79, ""((1, 1), 3)"": 31, ""((1, 2), 3)"": 205, ""((1, 3), 1)"": 241, ""((1, 3), 2)"": 48, ""((1, 3), 3)"": 158, ""((2, 2), 2)"": 211, ""((2, 2), 3)"": 136, ""((2, 3), 1)"": 1255, ""((2, 3), 2)"": 38, ""((2, 3), 3)"": 570, ""((3, 3), 0)"": 1669, ""((3, 3), 1)"": 208, ""((3, 3), 2)"": 879}, ""degree_pair_exact"": true, ""matched_edge_count_per_control"": 6427, ""matching_method"": ""integral max-flow with exact endpoint-degree-quantile-pair and base normalized edge-weight quantile marginals"", ""shortages"": {}, ""status"": ""MATCHED"", ""target_degree_pair_marginal"": ""{(3, 3): 2756, (0, 3): 454, (2, 2): 347, (1, 2): 205, (2, 3): 1863, (0, 2): 250, (1, 3): 447, (0, 1): 74, (1, 1): 31}"", ""target_edge_count"": 6427, ""target_weight_quantile_marginal"": ""{2: 1551, 0: 1669, 1: 1704, 3: 1503}"", ""verified_exact_marginals"": true, ""weight_quantile_exact"": true}",frozen graph intervention; FIXED_NORM_MASK is not retrained valid-operator performance
Toys,44,visual_uniform,joint_low_similarity_high_novelty,RENORMALIZED_DELETE,6427,-0.004590480792461937,-0.006526660471779411,0.012975215911865234,0.16863346099853516,20,0.011492913961410523,0.0022461999377582273,0.0014823019504547116,-0.0030079729403236777,MATCHED,"{""allocated_cells"": 17, ""allocation"": {""((0, 1), 3)"": 74, ""((0, 2), 3)"": 250, ""((0, 3), 2)"": 375, ""((0, 3), 3)"": 79, ""((1, 1), 3)"": 31, ""((1, 2), 3)"": 205, ""((1, 3), 1)"": 241, ""((1, 3), 2)"": 48, ""((1, 3), 3)"": 158, ""((2, 2), 2)"": 211, ""((2, 2), 3)"": 136, ""((2, 3), 1)"": 1255, ""((2, 3), 2)"": 38, ""((2, 3), 3)"": 570, ""((3, 3), 0)"": 1669, ""((3, 3), 1)"": 208, ""((3, 3), 2)"": 879}, ""degree_pair_exact"": true, ""matched_edge_count_per_control"": 6427, ""matching_method"": ""integral max-flow with exact endpoint-degree-quantile-pair and base normalized edge-weight quantile marginals"", ""shortages"": {}, ""status"": ""MATCHED"", ""target_degree_pair_marginal"": ""{(3, 3): 2756, (0, 3): 454, (2, 2): 347, (1, 2): 205, (2, 3): 1863, (0, 2): 250, (1, 3): 447, (0, 1): 74, (1, 1): 31}"", ""target_edge_count"": 6427, ""target_weight_quantile_marginal"": ""{2: 1551, 0: 1669, 1: 1704, 3: 1503}"", ""verified_exact_marginals"": true, ""weight_quantile_exact"": true}",frozen graph intervention; FIXED_NORM_MASK is not retrained valid-operator performance
Grocery,42,uniform,low_similarity_high_novelty,FIXED_NORM_MASK,7599,-0.0067349926793558446,-0.004239971044003754,0.007891178131103516,-0.13981199264526367,20,0.0023327946662902834,0.0025777960467656927,0.005558383464813232,-0.005959004392386558,MATCHED,"{""allocated_cells"": 17, ""allocation"": {""((0, 1), 3)"": 54, ""((0, 2), 3)"": 133, ""((0, 3), 1)"": 125, ""((0, 3), 2)"": 280, ""((0, 3), 3)"": 173, ""((1, 1), 3)"": 39, ""((1, 2), 3)"": 183, ""((1, 3), 1)"": 515, ""((1, 3), 3)"": 168, ""((2, 2), 3)"": 241, ""((2, 3), 0)"": 450, ""((2, 3), 1)"": 944, ""((2, 3), 3)"": 416, ""((3, 3), 0)"": 1822, ""((3, 3), 1)"": 430, ""((3, 3), 2)"": 1470, ""((3, 3), 3)"": 156}, ""degree_pair_exact"": true, ""matched_edge_count_per_control"": 7599, ""matching_method"": ""integral max-flow with exact endpoint-degree-quantile-pair and base normalized edge-weight quantile marginals"", ""shortages"": {}, ""status"": ""MATCHED"", ""target_degree_pair_marginal"": ""{(0, 1): 54, (1, 3): 683, (2, 3): 1810, (1, 2): 183, (0, 2): 133, (2, 2): 241, (3, 3): 3878, (0, 3): 578, (1, 1): 39}"", ""target_edge_count"": 7599, ""target_weight_quantile_marginal"": ""{3: 1563, 1: 2014, 2: 1750, 0: 2272}"", ""verified_exact_marginals"": true, ""weight_quantile_exact"": true}",frozen graph intervention; FIXED_NORM_MASK is not retrained valid-operator performance
Grocery,42,uniform,low_similarity_high_novelty,RENORMALIZED_DELETE,7599,-0.005270863836017603,0.0025877941549347083,0.03853505849838257,0.3244342803955078,20,0.022233355045318603,0.0033833077375017614,0.016301703453063966,-0.00483162518301612,MATCHED,"{""allocated_cells"": 17, ""allocation"": {""((0, 1), 3)"": 54, ""((0, 2), 3)"": 133, ""((0, 3), 1)"": 125, ""((0, 3), 2)"": 280, ""((0, 3), 3)"": 173, ""((1, 1), 3)"": 39, ""((1, 2), 3)"": 183, ""((1, 3), 1)"": 515, ""((1, 3), 3)"": 168, ""((2, 2), 3)"": 241, ""((2, 3), 0)"": 450, ""((2, 3), 1)"": 944, ""((2, 3), 3)"": 416, ""((3, 3), 0)"": 1822, ""((3, 3), 1)"": 430, ""((3, 3), 2)"": 1470, ""((3, 3), 3)"": 156}, ""degree_pair_exact"": true, ""matched_edge_count_per_control"": 7599, ""matching_method"": ""integral max-flow with exact endpoint-degree-quantile-pair and base normalized edge-weight quantile marginals"", ""shortages"": {}, ""status"": ""MATCHED"", ""target_degree_pair_marginal"": ""{(0, 1): 54, (1, 3): 683, (2, 3): 1810, (1, 2): 183, (0, 2): 133, (2, 2): 241, (3, 3): 3878, (0, 3): 578, (1, 1): 39}"", ""target_edge_count"": 7599, ""target_weight_quantile_marginal"": ""{3: 1563, 1: 2014, 2: 1750, 0: 2272}"", ""verified_exact_marginals"": true, ""weight_quantile_exact"": true}",frozen graph intervention; FIXED_NORM_MASK is not retrained valid-operator performance
Grocery,42,uniform,low_similarity_low_novelty,FIXED_NORM_MASK,2169,-0.0011713030746706155,-0.0018275742120783534,-0.007396221160888672,-0.07773685455322266,20,-0.0028289705514907837,0.0005909364148681122,-0.004567250609397888,-0.0007906295754026516,MATCHED,"{""allocated_cells"": 9, ""allocation"": {""((1, 1), 3)"": 17, ""((1, 2), 3)"": 19, ""((1, 3), 0)"": 98, ""((2, 2), 3)"": 77, ""((2, 3), 0)"": 413, ""((3, 3), 0)"": 297, ""((3, 3), 1)"": 647, ""((3, 3), 2)"": 465, ""((3, 3), 3)"": 136}, ""degree_pair_exact"": true, ""matched_edge_count_per_control"": 2169, ""matching_method"": ""integral max-flow with exact endpoint-degree-quantile-pair and base normalized edge-weight quantile marginals"", ""shortages"": {}, ""status"": ""MATCHED"", ""target_degree_pair_marginal"": ""{(3, 3): 1545, (2, 3): 413, (1, 3): 98, (1, 1): 17, (2, 2): 77, (1, 2): 19}"", ""target_edge_count"": 2169, ""target_weight_quantile_marginal"": ""{2: 465, 0: 808, 1: 647, 3: 249}"", ""verified_exact_marginals"": true, ""weight_quantile_exact"": true}",frozen graph intervention; FIXED_NORM_MASK is not retrained valid-operator performance
Grocery,42,uniform,low_similarity_low_novelty,RENORMALIZED_DELETE,2169,-0.0008784773060029893,-0.0015239428797192422,-0.0014920830726623535,0.006683826446533203,20,0.0004988312721252441,0.000721003984674601,-0.0019909143447875977,-1.4641288433397959e-05,MATCHED,"{""allocated_cells"": 9, ""allocation"": {""((1, 1), 3)"": 17, ""((1, 2), 3)"": 19, ""((1, 3), 0)"": 98, ""((2, 2), 3)"": 77, ""((2, 3), 0)"": 413, ""((3, 3), 0)"": 297, ""((3, 3), 1)"": 647, ""((3, 3), 2)"": 465, ""((3, 3), 3)"": 136}, ""degree_pair_exact"": true, ""matched_edge_count_per_control"": 2169, ""matching_method"": ""integral max-flow with exact endpoint-degree-quantile-pair and base normalized edge-weight quantile marginals"", ""shortages"": {}, ""status"": ""MATCHED"", ""target_degree_pair_marginal"": ""{(3, 3): 1545, (2, 3): 413, (1, 3): 98, (1, 1): 17, (2, 2): 77, (1, 2): 19}"", ""target_edge_count"": 2169, ""target_weight_quantile_marginal"": ""{2: 465, 0: 808, 1: 647, 3: 249}"", ""verified_exact_marginals"": true, ""weight_quantile_exact"": true}",frozen graph intervention; FIXED_NORM_MASK is not retrained valid-operator performance
Grocery,42,uniform,low_similarity_low_embeddedness,FIXED_NORM_MASK,6609,-0.0040995607613469875,-0.005431174229288405,-0.003287374973297119,-0.11929893493652344,20,-0.00172116756439209,0.0013287032374833022,-0.0015662074089050292,-0.0038945827232796603,MATCHED,"{""allocated_cells"": 13, ""allocation"": {""((1, 1), 3)"": 39, ""((1, 2), 3)"": 168, ""((1, 3), 1)"": 554, ""((1, 3), 2)"": 156, ""((1, 3), 3)"": 150, ""((2, 2), 3)"": 222, ""((2, 3), 0)"": 601, ""((2, 3), 1)"": 622, ""((2, 3), 3)"": 325, ""((3, 3), 0)"": 1363, ""((3, 3), 1)"": 813, ""((3, 3), 2)"": 1441, ""((3, 3), 3)"": 155}, ""degree_pair_exact"": true, ""matched_edge_count_per_control"": 6609, ""matching_method"": ""integral max-flow with exact endpoint-degree-quantile-pair and base normalized edge-weight quantile marginals"", ""shortages"": {}, ""status"": ""MATCHED"", ""target_degree_pair_marginal"": ""{(1, 3): 860, (2, 3): 1548, (1, 2): 168, (2, 2): 222, (3, 3): 3772, (1, 1): 39}"", ""target_edge_count"": 6609, ""target_weight_quantile_marginal"": ""{1: 1989, 2: 1597, 3: 1059, 0: 1964}"", ""verified_exact_marginals"": true, ""weight_quantile_exact"": true}",frozen graph intervention; FIXED_NORM_MASK is not retrained valid-operator performance
Grocery,42,uniform,low_similarity_low_embeddedness,RENORMALIZED_DELETE,6609,-0.004392386530014614,-0.006525911903473847,0.009663820266723633,0.21953821182250977,20,0.008074793219566345,0.0018037711371955254,0.0015890270471572883,-0.002459736456808226,MATCHED,"{""allocated_cells"": 13, ""allocation"": {""((1, 1), 3)"": 39, ""((1, 2), 3)"": 168, ""((1, 3), 1)"": 554, ""((1, 3), 2)"": 156, ""((1, 3), 3)"": 150, ""((2, 2), 3)"": 222, ""((2, 3), 0)"": 601, ""((2, 3), 1)"": 622, ""((2, 3), 3)"": 325, ""((3, 3), 0)"": 1363, ""((3, 3), 1)"": 813, ""((3, 3), 2)"": 1441, ""((3, 3), 3)"": 155}, ""degree_pair_exact"": true, ""matched_edge_count_per_control"": 6609, ""matching_method"": ""integral max-flow with exact endpoint-degree-quantile-pair and base normalized edge-weight quantile marginals"", ""shortages"": {}, ""status"": ""MATCHED"", ""target_degree_pair_marginal"": ""{(1, 3): 860, (2, 3): 1548, (1, 2): 168, (2, 2): 222, (3, 3): 3772, (1, 1): 39}"", ""target_edge_count"": 6609, ""target_weight_quantile_marginal"": ""{1: 1989, 2: 1597, 3: 1059, 0: 1964}"", ""verified_exact_marginals"": true, ""weight_quantile_exact"": true}",frozen graph intervention; FIXED_NORM_MASK is not retrained valid-operator performance
Grocery,42,uniform,low_similarity_high_embeddedness,FIXED_NORM_MASK,2609,-0.0035139092240117353,0.00023491246905582575,0.000914454460144043,-0.09403276443481445,20,-0.0010988712310791016,0.00110497859069286,0.0020133256912231445,-0.0021522693997071962,MATCHED,"{""allocated_cells"": 12, ""allocation"": {""((1, 1), 3)"": 38, ""((1, 2), 3)"": 131, ""((1, 3), 1)"": 356, ""((1, 3), 3)"": 173, ""((2, 2), 3)"": 113, ""((2, 3), 0)"": 103, ""((2, 3), 1)"": 261, ""((2, 3), 2)"": 547, ""((2, 3), 3)"": 130, ""((3, 3), 0)"": 303, ""((3, 3), 2)"": 287, ""((3, 3), 3)"": 167}, ""degree_pair_exact"": true, ""matched_edge_count_per_control"": 2609, ""matching_method"": ""integral max-flow with exact endpoint-degree-quantile-pair and base normalized edge-weight quantile marginals"", ""shortages"": {}, ""status"": ""MATCHED"", ""target_degree_pair_marginal"": ""{(1, 3): 529, (2, 3): 1041, (3, 3): 757, (1, 1): 38, (1, 2): 131, (2, 2): 113}"", ""target_edge_count"": 2609, ""target_weight_quantile_marginal"": ""{2: 834, 3: 752, 1: 617, 0: 406}"", ""verified_exact_marginals"": true, ""weight_quantile_exact"": true}",frozen graph intervention; FIXED_NORM_MASK is not retrained valid-operator performance
Grocery,42,uniform,low_similarity_high_embeddedness,RENORMALIZED_DELETE,2609,-0.0017569546120058677,0.0018548216646917526,0.013785839080810547,0.0333251953125,20,0.004930523037910461,0.001334589794252521,0.008855316042900085,-0.0021229868228404337,MATCHED,"{""allocated_cells"": 12, ""allocation"": {""((1, 1), 3)"": 38, ""((1, 2), 3)"": 131, ""((1, 3), 1)"": 356, ""((1, 3), 3)"": 173, ""((2, 2), 3)"": 113, ""((2, 3), 0)"": 103, ""((2, 3), 1)"": 261, ""((2, 3), 2)"": 547, ""((2, 3), 3)"": 130, ""((3, 3), 0)"": 303, ""((3, 3), 2)"": 287, ""((3, 3), 3)"": 167}, ""degree_pair_exact"": true, ""matched_edge_count_per_control"": 2609, ""matching_method"": ""integral max-flow with exact endpoint-degree-quantile-pair and base normalized edge-weight quantile marginals"", ""shortages"": {}, ""status"": ""MATCHED"", ""target_degree_pair_marginal"": ""{(1, 3): 529, (2, 3): 1041, (3, 3): 757, (1, 1): 38, (1, 2): 131, (2, 2): 113}"", ""target_edge_count"": 2609, ""target_weight_quantile_marginal"": ""{2: 834, 3: 752, 1: 617, 0: 406}"", ""verified_exact_marginals"": true, ""weight_quantile_exact"": true}",frozen graph intervention; FIXED_NORM_MASK is not retrained valid-operator performance
Grocery,42,gpr,gpr_low_similarity_high_novelty,FIXED_NORM_MASK,7234,-0.003221083455343998,-0.002340818566893166,0.0027967095375061035,-0.15135526657104492,20,-0.009270182251930237,0.0028160322008308806,0.01206689178943634,-0.005461200585651515,MATCHED,"{""allocated_cells"": 17, ""allocation"": {""((0, 1), 3)"": 55, ""((0, 2), 3)"": 134, ""((0, 3), 1)"": 129, ""((0, 3), 2)"": 276, ""((0, 3), 3)"": 182, ""((1, 1), 3)"": 42, ""((1, 2), 3)"": 174, ""((1, 3), 1)"": 493, ""((1, 3), 3)"": 172, ""((2, 2), 3)"": 229, ""((2, 3), 0)"": 473, ""((2, 3), 1)"": 839, ""((2, 3), 3)"": 404, ""((3, 3), 0)"": 1656, ""((3, 3), 1)"": 424, ""((3, 3), 2)"": 1394, ""((3, 3), 3)"": 158}, ""degree_pair_exact"": true, ""matched_edge_count_per_control"": 7234, ""matching_method"": ""integral max-flow with exact endpoint-degree-quantile-pair and base normalized edge-weight quantile marginals"", ""shortages"": {}, ""status"": ""MATCHED"", ""target_degree_pair_marginal"": ""{(0, 1): 55, (1, 3): 665, (2, 3): 1716, (1, 2): 174, (0, 2): 134, (2, 2): 229, (3, 3): 3632, (0, 3): 587, (1, 1): 42}"", ""target_edge_count"": 7234, ""target_weight_quantile_marginal"": ""{3: 1550, 1: 1885, 2: 1670, 0: 2129}"", ""verified_exact_marginals"": true, ""weight_quantile_exact"": true}",frozen graph intervention; FIXED_NORM_MASK is not retrained valid-operator performance
Grocery,42,gpr,gpr_low_similarity_high_novelty,RENORMALIZED_DELETE,7234,-0.002635431918008746,-0.0014765030633053788,0.06281155347824097,0.38852500915527344,20,0.0306208997964859,0.003941040999820122,0.03219065368175507,-0.003982430453879915,MATCHED,"{""allocated_cells"": 17, ""allocation"": {""((0, 1), 3)"": 55, ""((0, 2), 3)"": 134, ""((0, 3), 1)"": 129, ""((0, 3), 2)"": 276, ""((0, 3), 3)"": 182, ""((1, 1), 3)"": 42, ""((1, 2), 3)"": 174, ""((1, 3), 1)"": 493, ""((1, 3), 3)"": 172, ""((2, 2), 3)"": 229, ""((2, 3), 0)"": 473, ""((2, 3), 1)"": 839, ""((2, 3), 3)"": 404, ""((3, 3), 0)"": 1656, ""((3, 3), 1)"": 424, ""((3, 3), 2)"": 1394, ""((3, 3), 3)"": 158}, ""degree_pair_exact"": true, ""matched_edge_count_per_control"": 7234, ""matching_method"": ""integral max-flow with exact endpoint-degree-quantile-pair and base normalized edge-weight quantile marginals"", ""shortages"": {}, ""status"": ""MATCHED"", ""target_degree_pair_marginal"": ""{(0, 1): 55, (1, 3): 665, (2, 3): 1716, (1, 2): 174, (0, 2): 134, (2, 2): 229, (3, 3): 3632, (0, 3): 587, (1, 1): 42}"", ""target_edge_count"": 7234, ""target_weight_quantile_marginal"": ""{3: 1550, 1: 1885, 2: 1670, 0: 2129}"", ""verified_exact_marginals"": true, ""weight_quantile_exact"": true}",frozen graph intervention; FIXED_NORM_MASK is not retrained valid-operator performance
Grocery,42,gpr,gpr_low_similarity_low_novelty,FIXED_NORM_MASK,2160,-0.0020497803806734938,-0.0016887005895328544,-0.007589101791381836,-0.08453178405761719,20,-0.004886859655380249,0.0009825935160861891,-0.0027022421360015873,-2.928257686675151e-05,MATCHED,"{""allocated_cells"": 9, ""allocation"": {""((1, 1), 3)"": 14, ""((1, 2), 3)"": 14, ""((1, 3), 0)"": 111, ""((2, 2), 3)"": 69, ""((2, 3), 0)"": 399, ""((3, 3), 0)"": 323, ""((3, 3), 1)"": 642, ""((3, 3), 2)"": 462, ""((3, 3), 3)"": 126}, ""degree_pair_exact"": true, ""matched_edge_count_per_control"": 2160, ""matching_method"": ""integral max-flow with exact endpoint-degree-quantile-pair and base normalized edge-weight quantile marginals"", ""shortages"": {}, ""status"": ""MATCHED"", ""target_degree_pair_marginal"": ""{(3, 3): 1553, (2, 3): 399, (1, 3): 111, (1, 1): 14, (2, 2): 69, (1, 2): 14}"", ""target_edge_count"": 2160, ""target_weight_quantile_marginal"": ""{2: 462, 0: 833, 1: 642, 3: 223}"", ""verified_exact_marginals"": true, ""weight_quantile_exact"": true}",frozen graph intervention; FIXED_NORM_MASK is not retrained valid-operator performance
Grocery,42,gpr,gpr_low_similarity_low_novelty,RENORMALIZED_DELETE,2160,-0.0011713030746705044,-0.0002549008289962629,-0.00023889541625976562,0.00811910629272461,20,0.0006055623292922973,0.0006622859604912681,-0.000844457745552063,0.00036603221083455486,MATCHED,"{""allocated_cells"": 9, ""allocation"": {""((1, 1), 3)"": 14, ""((1, 2), 3)"": 14, ""((1, 3), 0)"": 111, ""((2, 2), 3)"": 69, ""((2, 3), 0)"": 399, ""((3, 3), 0)"": 323, ""((3, 3), 1)"": 642, ""((3, 3), 2)"": 462, ""((3, 3), 3)"": 126}, ""degree_pair_exact"": true, ""matched_edge_count_per_control"": 2160, ""matching_method"": ""integral max-flow with exact endpoint-degree-quantile-pair and base normalized edge-weight quantile marginals"", ""shortages"": {}, ""status"": ""MATCHED"", ""target_degree_pair_marginal"": ""{(3, 3): 1553, (2, 3): 399, (1, 3): 111, (1, 1): 14, (2, 2): 69, (1, 2): 14}"", ""target_edge_count"": 2160, ""target_weight_quantile_marginal"": ""{2: 462, 0: 833, 1: 642, 3: 223}"", ""verified_exact_marginals"": true, ""weight_quantile_exact"": true}",frozen graph intervention; FIXED_NORM_MASK is not retrained valid-operator performance
Grocery,42,text_uniform,text_low_similarity_high_novelty,FIXED_NORM_MASK,8313,-0.006442166910688107,-0.005972734783391664,0.015287280082702637,-0.019727230072021484,20,0.01825181543827057,0.002016126438173445,-0.0029645353555679335,-0.006617862371888728,MATCHED,"{""allocated_cells"": 16, ""allocation"": {""((0, 1), 3)"": 55, ""((0, 2), 3)"": 113, ""((0, 3), 1)"": 193, ""((0, 3), 2)"": 252, ""((1, 1), 3)"": 39, ""((1, 2), 3)"": 171, ""((1, 3), 1)"": 521, ""((1, 3), 3)"": 170, ""((2, 2), 3)"": 217, ""((2, 3), 0)"": 225, ""((2, 3), 1)"": 1207, ""((2, 3), 3)"": 604, ""((3, 3), 0)"": 2481, ""((3, 3), 1)"": 275, ""((3, 3), 2)"": 1634, ""((3, 3), 3)"": 156}, ""degree_pair_exact"": true, ""matched_edge_count_per_control"": 8313, ""matching_method"": ""integral max-flow with exact endpoint-degree-quantile-pair and base normalized edge-weight quantile marginals"", ""shortages"": {}, ""status"": ""MATCHED"", ""target_degree_pair_marginal"": ""{(0, 1): 55, (1, 3): 691, (2, 3): 2036, (1, 2): 171, (0, 3): 445, (3, 3): 4546, (0, 2): 113, (2, 2): 217, (1, 1): 39}"", ""target_edge_count"": 8313, ""target_weight_quantile_marginal"": ""{3: 1525, 1: 2196, 2: 1886, 0: 2706}"", ""verified_exact_marginals"": true, ""weight_quantile_exact"": true}",frozen graph intervention; FIXED_NORM_MASK is not retrained valid-operator performance
Grocery,42,text_uniform,text_low_similarity_high_novelty,RENORMALIZED_DELETE,8313,0.0002928257686676261,-0.00033322310255701204,0.0258142352104187,0.3668036460876465,20,0.008021965622901917,0.002171122183222626,0.017792269587516785,-0.0034407027818448123,MATCHED,"{""allocated_cells"": 16, ""allocation"": {""((0, 1), 3)"": 55, ""((0, 2), 3)"": 113, ""((0, 3), 1)"": 193, ""((0, 3), 2)"": 252, ""((1, 1), 3)"": 39, ""((1, 2), 3)"": 171, ""((1, 3), 1)"": 521, ""((1, 3), 3)"": 170, ""((2, 2), 3)"": 217, ""((2, 3), 0)"": 225, ""((2, 3), 1)"": 1207, ""((2, 3), 3)"": 604, ""((3, 3), 0)"": 2481, ""((3, 3), 1)"": 275, ""((3, 3), 2)"": 1634, ""((3, 3), 3)"": 156}, ""degree_pair_exact"": true, ""matched_edge_count_per_control"": 8313, ""matching_method"": ""integral max-flow with exact endpoint-degree-quantile-pair and base normalized edge-weight quantile marginals"", ""shortages"": {}, ""status"": ""MATCHED"", ""target_degree_pair_marginal"": ""{(0, 1): 55, (1, 3): 691, (2, 3): 2036, (1, 2): 171, (0, 3): 445, (3, 3): 4546, (0, 2): 113, (2, 2): 217, (1, 1): 39}"", ""target_edge_count"": 8313, ""target_weight_quantile_marginal"": ""{3: 1525, 1: 2196, 2: 1886, 0: 2706}"", ""verified_exact_marginals"": true, ""weight_quantile_exact"": true}",frozen graph intervention; FIXED_NORM_MASK is not retrained valid-operator performance
Grocery,42,text_uniform,joint_low_similarity_high_novelty,FIXED_NORM_MASK,7599,-0.004392386530014614,-0.005129429335242186,0.009887516498565674,-0.05137276649475098,20,0.021584028005599977,0.0025252529463124064,-0.011696511507034303,-0.007745241581259166,MATCHED,"{""allocated_cells"": 17, ""allocation"": {""((0, 1), 3)"": 54, ""((0, 2), 3)"": 133, ""((0, 3), 1)"": 125, ""((0, 3), 2)"": 280, ""((0, 3), 3)"": 173, ""((1, 1), 3)"": 39, ""((1, 2), 3)"": 183, ""((1, 3), 1)"": 515, ""((1, 3), 3)"": 168, ""((2, 2), 3)"": 241, ""((2, 3), 0)"": 450, ""((2, 3), 1)"": 944, ""((2, 3), 3)"": 416, ""((3, 3), 0)"": 1822, ""((3, 3), 1)"": 430, ""((3, 3), 2)"": 1470, ""((3, 3), 3)"": 156}, ""degree_pair_exact"": true, ""matched_edge_count_per_control"": 7599, ""matching_method"": ""integral max-flow with exact endpoint-degree-quantile-pair and base normalized edge-weight quantile marginals"", ""shortages"": {}, ""status"": ""MATCHED"", ""target_degree_pair_marginal"": ""{(0, 1): 54, (1, 3): 683, (2, 3): 1810, (1, 2): 183, (0, 2): 133, (2, 2): 241, (3, 3): 3878, (0, 3): 578, (1, 1): 39}"", ""target_edge_count"": 7599, ""target_weight_quantile_marginal"": ""{3: 1563, 1: 2014, 2: 1750, 0: 2272}"", ""verified_exact_marginals"": true, ""weight_quantile_exact"": true}",frozen graph intervention; FIXED_NORM_MASK is not retrained valid-operator performance
Grocery,42,text_uniform,joint_low_similarity_high_novelty,RENORMALIZED_DELETE,7599,-0.0014641288433382416,-0.00287773637489952,0.016945600509643555,0.3269166946411133,20,0.018163764476776124,0.0030089529022829607,-0.0012181639671325697,-0.005344070278184498,MATCHED,"{""allocated_cells"": 17, ""allocation"": {""((0, 1), 3)"": 54, ""((0, 2), 3)"": 133, ""((0, 3), 1)"": 125, ""((0, 3), 2)"": 280, ""((0, 3), 3)"": 173, ""((1, 1), 3)"": 39, ""((1, 2), 3)"": 183, ""((1, 3), 1)"": 515, ""((1, 3), 3)"": 168, ""((2, 2), 3)"": 241, ""((2, 3), 0)"": 450, ""((2, 3), 1)"": 944, ""((2, 3), 3)"": 416, ""((3, 3), 0)"": 1822, ""((3, 3), 1)"": 430, ""((3, 3), 2)"": 1470, ""((3, 3), 3)"": 156}, ""degree_pair_exact"": true, ""matched_edge_count_per_control"": 7599, ""matching_method"": ""integral max-flow with exact endpoint-degree-quantile-pair and base normalized edge-weight quantile marginals"", ""shortages"": {}, ""status"": ""MATCHED"", ""target_degree_pair_marginal"": ""{(0, 1): 54, (1, 3): 683, (2, 3): 1810, (1, 2): 183, (0, 2): 133, (2, 2): 241, (3, 3): 3878, (0, 3): 578, (1, 1): 39}"", ""target_edge_count"": 7599, ""target_weight_quantile_marginal"": ""{3: 1563, 1: 2014, 2: 1750, 0: 2272}"", ""verified_exact_marginals"": true, ""weight_quantile_exact"": true}",frozen graph intervention; FIXED_NORM_MASK is not retrained valid-operator performance
Grocery,42,visual_uniform,visual_low_similarity_high_novelty,FIXED_NORM_MASK,7669,-0.015226939970717446,-0.020027909085175266,0.0431286096572876,-0.052014827728271484,20,0.030510440468788147,0.002408927195528376,0.01261816918849945,-0.011273792093704289,MATCHED,"{""allocated_cells"": 17, ""allocation"": {""((0, 1), 3)"": 66, ""((0, 2), 3)"": 161, ""((0, 3), 1)"": 127, ""((0, 3), 2)"": 265, ""((0, 3), 3)"": 235, ""((1, 1), 3)"": 53, ""((1, 2), 3)"": 204, ""((1, 3), 1)"": 541, ""((1, 3), 3)"": 170, ""((2, 2), 3)"": 247, ""((2, 3), 0)"": 437, ""((2, 3), 1)"": 932, ""((2, 3), 3)"": 439, ""((3, 3), 0)"": 1786, ""((3, 3), 1)"": 362, ""((3, 3), 2)"": 1485, ""((3, 3), 3)"": 159}, ""degree_pair_exact"": true, ""matched_edge_count_per_control"": 7669, ""matching_method"": ""integral max-flow with exact endpoint-degree-quantile-pair and base normalized edge-weight quantile marginals"", ""shortages"": {}, ""status"": ""MATCHED"", ""target_degree_pair_marginal"": ""{(0, 1): 66, (1, 3): 711, (1, 2): 204, (2, 3): 1808, (2, 2): 247, (0, 2): 161, (1, 1): 53, (3, 3): 3792, (0, 3): 627}"", ""target_edge_count"": 7669, ""target_weight_quantile_marginal"": ""{3: 1734, 1: 1962, 2: 1750, 0: 2223}"", ""verified_exact_marginals"": true, ""weight_quantile_exact"": true}",frozen graph intervention; FIXED_NORM_MASK is not retrained valid-operator performance
Grocery,42,visual_uniform,visual_low_similarity_high_novelty,RENORMALIZED_DELETE,7669,-0.011127379209370458,-0.01642986623196563,0.10091972351074219,0.34912896156311035,20,0.03689890205860138,0.003709269107837147,0.0640208214521408,-0.0078184480234261,MATCHED,"{""allocated_cells"": 17, ""allocation"": {""((0, 1), 3)"": 66, ""((0, 2), 3)"": 161, ""((0, 3), 1)"": 127, ""((0, 3), 2)"": 265, ""((0, 3), 3)"": 235, ""((1, 1), 3)"": 53, ""((1, 2), 3)"": 204, ""((1, 3), 1)"": 541, ""((1, 3), 3)"": 170, ""((2, 2), 3)"": 247, ""((2, 3), 0)"": 437, ""((2, 3), 1)"": 932, ""((2, 3), 3)"": 439, ""((3, 3), 0)"": 1786, ""((3, 3), 1)"": 362, ""((3, 3), 2)"": 1485, ""((3, 3), 3)"": 159}, ""degree_pair_exact"": true, ""matched_edge_count_per_control"": 7669, ""matching_method"": ""integral max-flow with exact endpoint-degree-quantile-pair and base normalized edge-weight quantile marginals"", ""shortages"": {}, ""status"": ""MATCHED"", ""target_degree_pair_marginal"": ""{(0, 1): 66, (1, 3): 711, (1, 2): 204, (2, 3): 1808, (2, 2): 247, (0, 2): 161, (1, 1): 53, (3, 3): 3792, (0, 3): 627}"", ""target_edge_count"": 7669, ""target_weight_quantile_marginal"": ""{3: 1734, 1: 1962, 2: 1750, 0: 2223}"", ""verified_exact_marginals"": true, ""weight_quantile_exact"": true}",frozen graph intervention; FIXED_NORM_MASK is not retrained valid-operator performance
Grocery,42,visual_uniform,joint_low_similarity_high_novelty,FIXED_NORM_MASK,7599,-0.009663250366032217,-0.019891481256329002,0.02495288848876953,-0.050281524658203125,20,0.030410629510879517,0.0029327661919483407,-0.005457741022109986,-0.010761346998535926,MATCHED,"{""allocated_cells"": 17, ""allocation"": {""((0, 1), 3)"": 54, ""((0, 2), 3)"": 133, ""((0, 3), 1)"": 125, ""((0, 3), 2)"": 280, ""((0, 3), 3)"": 173, ""((1, 1), 3)"": 39, ""((1, 2), 3)"": 183, ""((1, 3), 1)"": 515, ""((1, 3), 3)"": 168, ""((2, 2), 3)"": 241, ""((2, 3), 0)"": 450, ""((2, 3), 1)"": 944, ""((2, 3), 3)"": 416, ""((3, 3), 0)"": 1822, ""((3, 3), 1)"": 430, ""((3, 3), 2)"": 1470, ""((3, 3), 3)"": 156}, ""degree_pair_exact"": true, ""matched_edge_count_per_control"": 7599, ""matching_method"": ""integral max-flow with exact endpoint-degree-quantile-pair and base normalized edge-weight quantile marginals"", ""shortages"": {}, ""status"": ""MATCHED"", ""target_degree_pair_marginal"": ""{(0, 1): 54, (1, 3): 683, (2, 3): 1810, (1, 2): 183, (0, 2): 133, (2, 2): 241, (3, 3): 3878, (0, 3): 578, (1, 1): 39}"", ""target_edge_count"": 7599, ""target_weight_quantile_marginal"": ""{3: 1563, 1: 2014, 2: 1750, 0: 2272}"", ""verified_exact_marginals"": true, ""weight_quantile_exact"": true}",frozen graph intervention; FIXED_NORM_MASK is not retrained valid-operator performance
Grocery,42,visual_uniform,joint_low_similarity_high_novelty,RENORMALIZED_DELETE,7599,-0.004978038067349977,-0.013486547744738897,0.04138463735580444,0.3378183841705322,20,0.03638490438461304,0.004290874754452173,0.004999732971191405,-0.007218155197657427,MATCHED,"{""allocated_cells"": 17, ""allocation"": {""((0, 1), 3)"": 54, ""((0, 2), 3)"": 133, ""((0, 3), 1)"": 125, ""((0, 3), 2)"": 280, ""((0, 3), 3)"": 173, ""((1, 1), 3)"": 39, ""((1, 2), 3)"": 183, ""((1, 3), 1)"": 515, ""((1, 3), 3)"": 168, ""((2, 2), 3)"": 241, ""((2, 3), 0)"": 450, ""((2, 3), 1)"": 944, ""((2, 3), 3)"": 416, ""((3, 3), 0)"": 1822, ""((3, 3), 1)"": 430, ""((3, 3), 2)"": 1470, ""((3, 3), 3)"": 156}, ""degree_pair_exact"": true, ""matched_edge_count_per_control"": 7599, ""matching_method"": ""integral max-flow with exact endpoint-degree-quantile-pair and base normalized edge-weight quantile marginals"", ""shortages"": {}, ""status"": ""MATCHED"", ""target_degree_pair_marginal"": ""{(0, 1): 54, (1, 3): 683, (2, 3): 1810, (1, 2): 183, (0, 2): 133, (2, 2): 241, (3, 3): 3878, (0, 3): 578, (1, 1): 39}"", ""target_edge_count"": 7599, ""target_weight_quantile_marginal"": ""{3: 1563, 1: 2014, 2: 1750, 0: 2272}"", ""verified_exact_marginals"": true, ""weight_quantile_exact"": true}",frozen graph intervention; FIXED_NORM_MASK is not retrained valid-operator performance
Grocery,43,uniform,low_similarity_high_novelty,FIXED_NORM_MASK,7806,-0.002928257686676483,-0.017368063930624178,0.010095834732055664,-0.14596891403198242,20,0.007993660867214203,0.002804232579675268,0.002102173864841461,-0.0018740849194729293,MATCHED,"{""allocated_cells"": 17, ""allocation"": {""((0, 1), 3)"": 61, ""((0, 2), 3)"": 151, ""((0, 3), 1)"": 130, ""((0, 3), 2)"": 267, ""((0, 3), 3)"": 215, ""((1, 1), 3)"": 46, ""((1, 2), 3)"": 202, ""((1, 3), 1)"": 547, ""((1, 3), 3)"": 170, ""((2, 2), 3)"": 249, ""((2, 3), 0)"": 396, ""((2, 3), 1)"": 1015, ""((2, 3), 3)"": 468, ""((3, 3), 0)"": 1867, ""((3, 3), 1)"": 335, ""((3, 3), 2)"": 1528, ""((3, 3), 3)"": 159}, ""degree_pair_exact"": true, ""matched_edge_count_per_control"": 7806, ""matching_method"": ""integral max-flow with exact endpoint-degree-quantile-pair and base normalized edge-weight quantile marginals"", ""shortages"": {}, ""status"": ""MATCHED"", ""target_degree_pair_marginal"": ""{(0, 1): 61, (1, 3): 717, (2, 3): 1879, (1, 2): 202, (0, 2): 151, (2, 2): 249, (3, 3): 3889, (0, 3): 612, (1, 1): 46}"", ""target_edge_count"": 7806, ""target_weight_quantile_marginal"": ""{3: 1721, 1: 2027, 2: 1795, 0: 2263}"", ""verified_exact_marginals"": true, ""weight_quantile_exact"": true}",frozen graph intervention; FIXED_NORM_MASK is not retrained valid-operator performance
Grocery,43,uniform,low_similarity_high_novelty,RENORMALIZED_DELETE,7806,-0.007027818448023471,-0.020410847054167958,0.02634727954864502,0.43300628662109375,20,0.010759584605693817,0.0023732354092150217,0.015587694942951202,-0.003923865300146429,MATCHED,"{""allocated_cells"": 17, ""allocation"": {""((0, 1), 3)"": 61, ""((0, 2), 3)"": 151, ""((0, 3), 1)"": 130, ""((0, 3), 2)"": 267, ""((0, 3), 3)"": 215, ""((1, 1), 3)"": 46, ""((1, 2), 3)"": 202, ""((1, 3), 1)"": 547, ""((1, 3), 3)"": 170, ""((2, 2), 3)"": 249, ""((2, 3), 0)"": 396, ""((2, 3), 1)"": 1015, ""((2, 3), 3)"": 468, ""((3, 3), 0)"": 1867, ""((3, 3), 1)"": 335, ""((3, 3), 2)"": 1528, ""((3, 3), 3)"": 159}, ""degree_pair_exact"": true, ""matched_edge_count_per_control"": 7806, ""matching_method"": ""integral max-flow with exact endpoint-degree-quantile-pair and base normalized edge-weight quantile marginals"", ""shortages"": {}, ""status"": ""MATCHED"", ""target_degree_pair_marginal"": ""{(0, 1): 61, (1, 3): 717, (2, 3): 1879, (1, 2): 202, (0, 2): 151, (2, 2): 249, (3, 3): 3889, (0, 3): 612, (1, 1): 46}"", ""target_edge_count"": 7806, ""target_weight_quantile_marginal"": ""{3: 1721, 1: 2027, 2: 1795, 0: 2263}"", ""verified_exact_marginals"": true, ""weight_quantile_exact"": true}",frozen graph intervention; FIXED_NORM_MASK is not retrained valid-operator performance
Grocery,43,uniform,low_similarity_low_novelty,FIXED_NORM_MASK,2193,0.0,-0.00012243890175611671,-0.003310471773147583,-0.08977460861206055,20,-0.002002733945846558,0.0006511675295645563,-0.0013077378273010252,-0.0005270863836017547,MATCHED,"{""allocated_cells"": 9, ""allocation"": {""((1, 1), 3)"": 16, ""((1, 2), 3)"": 19, ""((1, 3), 0)"": 108, ""((2, 2), 3)"": 69, ""((2, 3), 0)"": 393, ""((3, 3), 0)"": 284, ""((3, 3), 1)"": 725, ""((3, 3), 2)"": 462, ""((3, 3), 3)"": 117}, ""degree_pair_exact"": true, ""matched_edge_count_per_control"": 2193, ""matching_method"": ""integral max-flow with exact endpoint-degree-quantile-pair and base normalized edge-weight quantile marginals"", ""shortages"": {}, ""status"": ""MATCHED"", ""target_degree_pair_marginal"": ""{(1, 2): 19, (3, 3): 1588, (2, 3): 393, (1, 3): 108, (2, 2): 69, (1, 1): 16}"", ""target_edge_count"": 2193, ""target_weight_quantile_marginal"": ""{3: 221, 2: 462, 0: 785, 1: 725}"", ""verified_exact_marginals"": true, ""weight_quantile_exact"": true}",frozen graph intervention; FIXED_NORM_MASK is not retrained valid-operator performance
Grocery,43,uniform,low_similarity_low_novelty,RENORMALIZED_DELETE,2193,0.0002928257686676261,0.0005912825504662544,-0.00019127130508422852,0.007249355316162109,20,-0.000262904167175293,0.000556043418518811,7.163286209106446e-05,-0.00010248901903369134,MATCHED,"{""allocated_cells"": 9, ""allocation"": {""((1, 1), 3)"": 16, ""((1, 2), 3)"": 19, ""((1, 3), 0)"": 108, ""((2, 2), 3)"": 69, ""((2, 3), 0)"": 393, ""((3, 3), 0)"": 284, ""((3, 3), 1)"": 725, ""((3, 3), 2)"": 462, ""((3, 3), 3)"": 117}, ""degree_pair_exact"": true, ""matched_edge_count_per_control"": 2193, ""matching_method"": ""integral max-flow with exact endpoint-degree-quantile-pair and base normalized edge-weight quantile marginals"", ""shortages"": {}, ""status"": ""MATCHED"", ""target_degree_pair_marginal"": ""{(1, 2): 19, (3, 3): 1588, (2, 3): 393, (1, 3): 108, (2, 2): 69, (1, 1): 16}"", ""target_edge_count"": 2193, ""target_weight_quantile_marginal"": ""{3: 221, 2: 462, 0: 785, 1: 725}"", ""verified_exact_marginals"": true, ""weight_quantile_exact"": true}",frozen graph intervention; FIXED_NORM_MASK is not retrained valid-operator performance
Grocery,43,uniform,low_similarity_low_embeddedness,FIXED_NORM_MASK,7452,-0.0011713030746706155,-0.007905311874511267,0.006226927042007446,-0.13528728485107422,20,0.002374766767024994,0.0011135030301227134,0.0038521602749824525,-0.000717423133235745,MATCHED,"{""allocated_cells"": 13, ""allocation"": {""((1, 1), 3)"": 44, ""((1, 2), 3)"": 177, ""((1, 3), 1)"": 559, ""((1, 3), 2)"": 162, ""((1, 3), 3)"": 152, ""((2, 2), 3)"": 239, ""((2, 3), 0)"": 527, ""((2, 3), 1)"": 788, ""((2, 3), 3)"": 383, ""((3, 3), 0)"": 1749, ""((3, 3), 1)"": 909, ""((3, 3), 2)"": 1607, ""((3, 3), 3)"": 156}, ""degree_pair_exact"": true, ""matched_edge_count_per_control"": 7452, ""matching_method"": ""integral max-flow with exact endpoint-degree-quantile-pair and base normalized edge-weight quantile marginals"", ""shortages"": {}, ""status"": ""MATCHED"", ""target_degree_pair_marginal"": ""{(1, 3): 873, (2, 3): 1698, (1, 2): 177, (2, 2): 239, (3, 3): 4421, (1, 1): 44}"", ""target_edge_count"": 7452, ""target_weight_quantile_marginal"": ""{1: 2256, 2: 1769, 3: 1151, 0: 2276}"", ""verified_exact_marginals"": true, ""weight_quantile_exact"": true}",frozen graph intervention; FIXED_NORM_MASK is not retrained valid-operator performance
Grocery,43,uniform,low_similarity_low_embeddedness,RENORMALIZED_DELETE,7452,-0.0038067349926793614,-0.009709249373184736,0.008612006902694702,0.2724018096923828,20,0.0035742193460464476,0.0016156808173830495,0.005037787556648255,-0.0021815519765739587,MATCHED,"{""allocated_cells"": 13, ""allocation"": {""((1, 1), 3)"": 44, ""((1, 2), 3)"": 177, ""((1, 3), 1)"": 559, ""((1, 3), 2)"": 162, ""((1, 3), 3)"": 152, ""((2, 2), 3)"": 239, ""((2, 3), 0)"": 527, ""((2, 3), 1)"": 788, ""((2, 3), 3)"": 383, ""((3, 3), 0)"": 1749, ""((3, 3), 1)"": 909, ""((3, 3), 2)"": 1607, ""((3, 3), 3)"": 156}, ""degree_pair_exact"": true, ""matched_edge_count_per_control"": 7452, ""matching_method"": ""integral max-flow with exact endpoint-degree-quantile-pair and base normalized edge-weight quantile marginals"", ""shortages"": {}, ""status"": ""MATCHED"", ""target_degree_pair_marginal"": ""{(1, 3): 873, (2, 3): 1698, (1, 2): 177, (2, 2): 239, (3, 3): 4421, (1, 1): 44}"", ""target_edge_count"": 7452, ""target_weight_quantile_marginal"": ""{1: 2256, 2: 1769, 3: 1151, 0: 2276}"", ""verified_exact_marginals"": true, ""weight_quantile_exact"": true}",frozen graph intervention; FIXED_NORM_MASK is not retrained valid-operator performance
Grocery,43,uniform,low_similarity_high_embeddedness,FIXED_NORM_MASK,2770,-0.0011713030746706155,0.0013741555581863185,0.0027875900268554688,-0.13033151626586914,20,0.0004517018795013428,0.0009285011684427507,0.002335888147354126,-0.0008491947291361879,MATCHED,"{""allocated_cells"": 12, ""allocation"": {""((1, 1), 3)"": 49, ""((1, 2), 3)"": 137, ""((1, 3), 1)"": 399, ""((1, 3), 3)"": 169, ""((2, 2), 3)"": 116, ""((2, 3), 0)"": 93, ""((2, 3), 1)"": 245, ""((2, 3), 2)"": 573, ""((2, 3), 3)"": 163, ""((3, 3), 0)"": 332, ""((3, 3), 2)"": 328, ""((3, 3), 3)"": 166}, ""degree_pair_exact"": true, ""matched_edge_count_per_control"": 2770, ""matching_method"": ""integral max-flow with exact endpoint-degree-quantile-pair and base normalized edge-weight quantile marginals"", ""shortages"": {}, ""status"": ""MATCHED"", ""target_degree_pair_marginal"": ""{(1, 3): 568, (1, 2): 137, (3, 3): 826, (2, 3): 1074, (2, 2): 116, (1, 1): 49}"", ""target_edge_count"": 2770, ""target_weight_quantile_marginal"": ""{2: 901, 3: 800, 1: 644, 0: 425}"", ""verified_exact_marginals"": true, ""weight_quantile_exact"": true}",frozen graph intervention; FIXED_NORM_MASK is not retrained valid-operator performance
Grocery,43,uniform,low_similarity_high_embeddedness,RENORMALIZED_DELETE,2770,-0.0017569546120058677,-0.003316876939007507,0.007127493619918823,0.031177043914794922,20,0.0003578066825866699,0.0012087322715316235,0.006769686937332153,-0.001390922401171324,MATCHED,"{""allocated_cells"": 12, ""allocation"": {""((1, 1), 3)"": 49, ""((1, 2), 3)"": 137, ""((1, 3), 1)"": 399, ""((1, 3), 3)"": 169, ""((2, 2), 3)"": 116, ""((2, 3), 0)"": 93, ""((2, 3), 1)"": 245, ""((2, 3), 2)"": 573, ""((2, 3), 3)"": 163, ""((3, 3), 0)"": 332, ""((3, 3), 2)"": 328, ""((3, 3), 3)"": 166}, ""degree_pair_exact"": true, ""matched_edge_count_per_control"": 2770, ""matching_method"": ""integral max-flow with exact endpoint-degree-quantile-pair and base normalized edge-weight quantile marginals"", ""shortages"": {}, ""status"": ""MATCHED"", ""target_degree_pair_marginal"": ""{(1, 3): 568, (1, 2): 137, (3, 3): 826, (2, 3): 1074, (2, 2): 116, (1, 1): 49}"", ""target_edge_count"": 2770, ""target_weight_quantile_marginal"": ""{2: 901, 3: 800, 1: 644, 0: 425}"", ""verified_exact_marginals"": true, ""weight_quantile_exact"": true}",frozen graph intervention; FIXED_NORM_MASK is not retrained valid-operator performance
Grocery,43,gpr,gpr_low_similarity_high_novelty,FIXED_NORM_MASK,7800,-0.006149341142020481,-0.018460171660006797,0.011448442935943604,-0.12220954895019531,20,0.01157289296388626,0.0027930254802429923,-0.00012445002794265678,-0.0013909224011712852,MATCHED,"{""allocated_cells"": 17, ""allocation"": {""((0, 1), 3)"": 62, ""((0, 2), 3)"": 145, ""((0, 3), 1)"": 137, ""((0, 3), 2)"": 266, ""((0, 3), 3)"": 200, ""((1, 1), 3)"": 44, ""((1, 2), 3)"": 200, ""((1, 3), 1)"": 549, ""((1, 3), 3)"": 169, ""((2, 2), 3)"": 239, ""((2, 3), 0)"": 384, ""((2, 3), 1)"": 992, ""((2, 3), 3)"": 477, ""((3, 3), 0)"": 1903, ""((3, 3), 1)"": 372, ""((3, 3), 2)"": 1505, ""((3, 3), 3)"": 156}, ""degree_pair_exact"": true, ""matched_edge_count_per_control"": 7800, ""matching_method"": ""integral max-flow with exact endpoint-degree-quantile-pair and base normalized edge-weight quantile marginals"", ""shortages"": {}, ""status"": ""MATCHED"", ""target_degree_pair_marginal"": ""{(0, 1): 62, (1, 3): 718, (2, 3): 1853, (1, 2): 200, (0, 2): 145, (0, 3): 603, (2, 2): 239, (3, 3): 3936, (1, 1): 44}"", ""target_edge_count"": 7800, ""target_weight_quantile_marginal"": ""{3: 1692, 1: 2050, 2: 1771, 0: 2287}"", ""verified_exact_marginals"": true, ""weight_quantile_exact"": true}",frozen graph intervention; FIXED_NORM_MASK is not retrained valid-operator performance
Grocery,43,gpr,gpr_low_similarity_high_novelty,RENORMALIZED_DELETE,7800,-0.006442166910688107,-0.019940018990206476,0.020005136728286743,0.3777437210083008,20,0.010676376521587372,0.002425012290528919,0.009328760206699371,-0.001903367496339664,MATCHED,"{""allocated_cells"": 17, ""allocation"": {""((0, 1), 3)"": 62, ""((0, 2), 3)"": 145, ""((0, 3), 1)"": 137, ""((0, 3), 2)"": 266, ""((0, 3), 3)"": 200, ""((1, 1), 3)"": 44, ""((1, 2), 3)"": 200, ""((1, 3), 1)"": 549, ""((1, 3), 3)"": 169, ""((2, 2), 3)"": 239, ""((2, 3), 0)"": 384, ""((2, 3), 1)"": 992, ""((2, 3), 3)"": 477, ""((3, 3), 0)"": 1903, ""((3, 3), 1)"": 372, ""((3, 3), 2)"": 1505, ""((3, 3), 3)"": 156}, ""degree_pair_exact"": true, ""matched_edge_count_per_control"": 7800, ""matching_method"": ""integral max-flow with exact endpoint-degree-quantile-pair and base normalized edge-weight quantile marginals"", ""shortages"": {}, ""status"": ""MATCHED"", ""target_degree_pair_marginal"": ""{(0, 1): 62, (1, 3): 718, (2, 3): 1853, (1, 2): 200, (0, 2): 145, (0, 3): 603, (2, 2): 239, (3, 3): 3936, (1, 1): 44}"", ""target_edge_count"": 7800, ""target_weight_quantile_marginal"": ""{3: 1692, 1: 2050, 2: 1771, 0: 2287}"", ""verified_exact_marginals"": true, ""weight_quantile_exact"": true}",frozen graph intervention; FIXED_NORM_MASK is not retrained valid-operator performance
Grocery,43,gpr,gpr_low_similarity_low_novelty,FIXED_NORM_MASK,2173,0.0,0.00017715191324185753,-0.0014936625957489014,-0.07734203338623047,20,-0.0013944149017333985,0.0006068829554670936,-9.924769401550284e-05,0.000161054172767211,MATCHED,"{""allocated_cells"": 9, ""allocation"": {""((1, 1), 3)"": 18, ""((1, 2), 3)"": 20, ""((1, 3), 0)"": 96, ""((2, 2), 3)"": 70, ""((2, 3), 0)"": 394, ""((3, 3), 0)"": 296, ""((3, 3), 1)"": 691, ""((3, 3), 2)"": 472, ""((3, 3), 3)"": 116}, ""degree_pair_exact"": true, ""matched_edge_count_per_control"": 2173, ""matching_method"": ""integral max-flow with exact endpoint-degree-quantile-pair and base normalized edge-weight quantile marginals"", ""shortages"": {}, ""status"": ""MATCHED"", ""target_degree_pair_marginal"": ""{(1, 2): 20, (3, 3): 1575, (2, 3): 394, (1, 3): 96, (2, 2): 70, (1, 1): 18}"", ""target_edge_count"": 2173, ""target_weight_quantile_marginal"": ""{3: 224, 0: 786, 2: 472, 1: 691}"", ""verified_exact_marginals"": true, ""weight_quantile_exact"": true}",frozen graph intervention; FIXED_NORM_MASK is not retrained valid-operator performance
Grocery,43,gpr,gpr_low_similarity_low_novelty,RENORMALIZED_DELETE,2173,0.0,0.00021488431499749883,0.00021982192993164062,0.003966808319091797,20,-0.0007013007998466492,0.0005373544133976155,0.0009211227297782898,0.0002342606149341231,MATCHED,"{""allocated_cells"": 9, ""allocation"": {""((1, 1), 3)"": 18, ""((1, 2), 3)"": 20, ""((1, 3), 0)"": 96, ""((2, 2), 3)"": 70, ""((2, 3), 0)"": 394, ""((3, 3), 0)"": 296, ""((3, 3), 1)"": 691, ""((3, 3), 2)"": 472, ""((3, 3), 3)"": 116}, ""degree_pair_exact"": true, ""matched_edge_count_per_control"": 2173, ""matching_method"": ""integral max-flow with exact endpoint-degree-quantile-pair and base normalized edge-weight quantile marginals"", ""shortages"": {}, ""status"": ""MATCHED"", ""target_degree_pair_marginal"": ""{(1, 2): 20, (3, 3): 1575, (2, 3): 394, (1, 3): 96, (2, 2): 70, (1, 1): 18}"", ""target_edge_count"": 2173, ""target_weight_quantile_marginal"": ""{3: 224, 0: 786, 2: 472, 1: 691}"", ""verified_exact_marginals"": true, ""weight_quantile_exact"": true}",frozen graph intervention; FIXED_NORM_MASK is not retrained valid-operator performance
Grocery,43,text_uniform,text_low_similarity_high_novelty,FIXED_NORM_MASK,8912,-0.008491947291361712,-0.008123153972861674,0.020102739334106445,-0.028230667114257812,20,0.027776250243186952,0.001643927385215587,-0.007673510909080507,-0.003147877013177214,MATCHED,"{""allocated_cells"": 17, ""allocation"": {""((0, 1), 3)"": 54, ""((0, 2), 3)"": 119, ""((0, 3), 1)"": 155, ""((0, 3), 2)"": 290, ""((0, 3), 3)"": 95, ""((1, 1), 3)"": 44, ""((1, 2), 3)"": 194, ""((1, 3), 1)"": 571, ""((1, 3), 3)"": 169, ""((2, 2), 3)"": 234, ""((2, 3), 0)"": 203, ""((2, 3), 1)"": 1393, ""((2, 3), 3)"": 613, ""((3, 3), 0)"": 2629, ""((3, 3), 1)"": 235, ""((3, 3), 2)"": 1762, ""((3, 3), 3)"": 152}, ""degree_pair_exact"": true, ""matched_edge_count_per_control"": 8912, ""matching_method"": ""integral max-flow with exact endpoint-degree-quantile-pair and base normalized edge-weight quantile marginals"", ""shortages"": {}, ""status"": ""MATCHED"", ""target_degree_pair_marginal"": ""{(0, 1): 54, (1, 3): 740, (2, 3): 2209, (1, 2): 194, (0, 3): 540, (2, 2): 234, (3, 3): 4778, (0, 2): 119, (1, 1): 44}"", ""target_edge_count"": 8912, ""target_weight_quantile_marginal"": ""{3: 1674, 1: 2354, 2: 2052, 0: 2832}"", ""verified_exact_marginals"": true, ""weight_quantile_exact"": true}",frozen graph intervention; FIXED_NORM_MASK is not retrained valid-operator performance
Grocery,43,text_uniform,text_low_similarity_high_novelty,RENORMALIZED_DELETE,8912,-0.00937042459736459,-0.011862319375687158,0.005045443773269653,0.4108390808105469,20,0.0032990515232086183,0.001905382338090888,0.001746392250061035,-0.002474377745241646,MATCHED,"{""allocated_cells"": 17, ""allocation"": {""((0, 1), 3)"": 54, ""((0, 2), 3)"": 119, ""((0, 3), 1)"": 155, ""((0, 3), 2)"": 290, ""((0, 3), 3)"": 95, ""((1, 1), 3)"": 44, ""((1, 2), 3)"": 194, ""((1, 3), 1)"": 571, ""((1, 3), 3)"": 169, ""((2, 2), 3)"": 234, ""((2, 3), 0)"": 203, ""((2, 3), 1)"": 1393, ""((2, 3), 3)"": 613, ""((3, 3), 0)"": 2629, ""((3, 3), 1)"": 235, ""((3, 3), 2)"": 1762, ""((3, 3), 3)"": 152}, ""degree_pair_exact"": true, ""matched_edge_count_per_control"": 8912, ""matching_method"": ""integral max-flow with exact endpoint-degree-quantile-pair and base normalized edge-weight quantile marginals"", ""shortages"": {}, ""status"": ""MATCHED"", ""target_degree_pair_marginal"": ""{(0, 1): 54, (1, 3): 740, (2, 3): 2209, (1, 2): 194, (0, 3): 540, (2, 2): 234, (3, 3): 4778, (0, 2): 119, (1, 1): 44}"", ""target_edge_count"": 8912, ""target_weight_quantile_marginal"": ""{3: 1674, 1: 2354, 2: 2052, 0: 2832}"", ""verified_exact_marginals"": true, ""weight_quantile_exact"": true}",frozen graph intervention; FIXED_NORM_MASK is not retrained valid-operator performance
Grocery,43,text_uniform,joint_low_similarity_high_novelty,FIXED_NORM_MASK,7806,-0.005563689604685229,-0.0068414764844272336,0.014098942279815674,-0.06904458999633789,20,0.029288271069526674,0.0018719572743749466,-0.015189328789711,-0.0039677891654466115,MATCHED,"{""allocated_cells"": 17, ""allocation"": {""((0, 1), 3)"": 61, ""((0, 2), 3)"": 151, ""((0, 3), 1)"": 130, ""((0, 3), 2)"": 267, ""((0, 3), 3)"": 215, ""((1, 1), 3)"": 46, ""((1, 2), 3)"": 202, ""((1, 3), 1)"": 547, ""((1, 3), 3)"": 170, ""((2, 2), 3)"": 249, ""((2, 3), 0)"": 396, ""((2, 3), 1)"": 1015, ""((2, 3), 3)"": 468, ""((3, 3), 0)"": 1867, ""((3, 3), 1)"": 335, ""((3, 3), 2)"": 1528, ""((3, 3), 3)"": 159}, ""degree_pair_exact"": true, ""matched_edge_count_per_control"": 7806, ""matching_method"": ""integral max-flow with exact endpoint-degree-quantile-pair and base normalized edge-weight quantile marginals"", ""shortages"": {}, ""status"": ""MATCHED"", ""target_degree_pair_marginal"": ""{(0, 1): 61, (1, 3): 717, (2, 3): 1879, (1, 2): 202, (0, 2): 151, (2, 2): 249, (3, 3): 3889, (0, 3): 612, (1, 1): 46}"", ""target_edge_count"": 7806, ""target_weight_quantile_marginal"": ""{3: 1721, 1: 2027, 2: 1795, 0: 2263}"", ""verified_exact_marginals"": true, ""weight_quantile_exact"": true}",frozen graph intervention; FIXED_NORM_MASK is not retrained valid-operator performance
Grocery,43,text_uniform,joint_low_similarity_high_novelty,RENORMALIZED_DELETE,7806,-0.004099560761347099,-0.005092585854594156,-0.0056050121784210205,0.34680724143981934,20,0.009055592119693756,0.0028832519224783262,-0.014660604298114777,-0.0034992679355783985,MATCHED,"{""allocated_cells"": 17, ""allocation"": {""((0, 1), 3)"": 61, ""((0, 2), 3)"": 151, ""((0, 3), 1)"": 130, ""((0, 3), 2)"": 267, ""((0, 3), 3)"": 215, ""((1, 1), 3)"": 46, ""((1, 2), 3)"": 202, ""((1, 3), 1)"": 547, ""((1, 3), 3)"": 170, ""((2, 2), 3)"": 249, ""((2, 3), 0)"": 396, ""((2, 3), 1)"": 1015, ""((2, 3), 3)"": 468, ""((3, 3), 0)"": 1867, ""((3, 3), 1)"": 335, ""((3, 3), 2)"": 1528, ""((3, 3), 3)"": 159}, ""degree_pair_exact"": true, ""matched_edge_count_per_control"": 7806, ""matching_method"": ""integral max-flow with exact endpoint-degree-quantile-pair and base normalized edge-weight quantile marginals"", ""shortages"": {}, ""status"": ""MATCHED"", ""target_degree_pair_marginal"": ""{(0, 1): 61, (1, 3): 717, (2, 3): 1879, (1, 2): 202, (0, 2): 151, (2, 2): 249, (3, 3): 3889, (0, 3): 612, (1, 1): 46}"", ""target_edge_count"": 7806, ""target_weight_quantile_marginal"": ""{3: 1721, 1: 2027, 2: 1795, 0: 2263}"", ""verified_exact_marginals"": true, ""weight_quantile_exact"": true}",frozen graph intervention; FIXED_NORM_MASK is not retrained valid-operator performance
Grocery,43,visual_uniform,visual_low_similarity_high_novelty,FIXED_NORM_MASK,8003,-0.005856515373352855,-0.008169122268178564,0.033132731914520264,-0.045670270919799805,20,0.03732895255088806,0.001987974609848481,-0.004196220636367799,-0.0030893118594436607,MATCHED,"{""allocated_cells"": 17, ""allocation"": {""((0, 1), 3)"": 72, ""((0, 2), 3)"": 177, ""((0, 3), 1)"": 128, ""((0, 3), 2)"": 271, ""((0, 3), 3)"": 243, ""((1, 1), 3)"": 48, ""((1, 2), 3)"": 221, ""((1, 3), 1)"": 568, ""((1, 3), 3)"": 172, ""((2, 2), 3)"": 268, ""((2, 3), 0)"": 368, ""((2, 3), 1)"": 1024, ""((2, 3), 3)"": 495, ""((3, 3), 0)"": 1927, ""((3, 3), 1)"": 303, ""((3, 3), 2)"": 1557, ""((3, 3), 3)"": 161}, ""degree_pair_exact"": true, ""matched_edge_count_per_control"": 8003, ""matching_method"": ""integral max-flow with exact endpoint-degree-quantile-pair and base normalized edge-weight quantile marginals"", ""shortages"": {}, ""status"": ""MATCHED"", ""target_degree_pair_marginal"": ""{(0, 1): 72, (1, 3): 740, (2, 3): 1887, (1, 2): 221, (0, 2): 177, (0, 3): 642, (2, 2): 268, (3, 3): 3948, (1, 1): 48}"", ""target_edge_count"": 8003, ""target_weight_quantile_marginal"": ""{3: 1857, 1: 2023, 2: 1828, 0: 2295}"", ""verified_exact_marginals"": true, ""weight_quantile_exact"": true}",frozen graph intervention; FIXED_NORM_MASK is not retrained valid-operator performance
Grocery,43,visual_uniform,visual_low_similarity_high_novelty,RENORMALIZED_DELETE,8003,-0.0067349926793558446,-0.008264419124791922,0.04077422618865967,0.4150521755218506,20,0.013310740888118743,0.0034141232310895657,0.027463485300540925,-0.0019765739385066206,MATCHED,"{""allocated_cells"": 17, ""allocation"": {""((0, 1), 3)"": 72, ""((0, 2), 3)"": 177, ""((0, 3), 1)"": 128, ""((0, 3), 2)"": 271, ""((0, 3), 3)"": 243, ""((1, 1), 3)"": 48, ""((1, 2), 3)"": 221, ""((1, 3), 1)"": 568, ""((1, 3), 3)"": 172, ""((2, 2), 3)"": 268, ""((2, 3), 0)"": 368, ""((2, 3), 1)"": 1024, ""((2, 3), 3)"": 495, ""((3, 3), 0)"": 1927, ""((3, 3), 1)"": 303, ""((3, 3), 2)"": 1557, ""((3, 3), 3)"": 161}, ""degree_pair_exact"": true, ""matched_edge_count_per_control"": 8003, ""matching_method"": ""integral max-flow with exact endpoint-degree-quantile-pair and base normalized edge-weight quantile marginals"", ""shortages"": {}, ""status"": ""MATCHED"", ""target_degree_pair_marginal"": ""{(0, 1): 72, (1, 3): 740, (2, 3): 1887, (1, 2): 221, (0, 2): 177, (0, 3): 642, (2, 2): 268, (3, 3): 3948, (1, 1): 48}"", ""target_edge_count"": 8003, ""target_weight_quantile_marginal"": ""{3: 1857, 1: 2023, 2: 1828, 0: 2295}"", ""verified_exact_marginals"": true, ""weight_quantile_exact"": true}",frozen graph intervention; FIXED_NORM_MASK is not retrained valid-operator performance
Grocery,43,visual_uniform,joint_low_similarity_high_novelty,FIXED_NORM_MASK,7806,-0.005563689604685229,-0.009468452933568794,0.022814452648162842,-0.05715155601501465,20,0.03574351966381073,0.00215302802753397,-0.012929067015647888,-0.0038945827232796824,MATCHED,"{""allocated_cells"": 17, ""allocation"": {""((0, 1), 3)"": 61, ""((0, 2), 3)"": 151, ""((0, 3), 1)"": 130, ""((0, 3), 2)"": 267, ""((0, 3), 3)"": 215, ""((1, 1), 3)"": 46, ""((1, 2), 3)"": 202, ""((1, 3), 1)"": 547, ""((1, 3), 3)"": 170, ""((2, 2), 3)"": 249, ""((2, 3), 0)"": 396, ""((2, 3), 1)"": 1015, ""((2, 3), 3)"": 468, ""((3, 3), 0)"": 1867, ""((3, 3), 1)"": 335, ""((3, 3), 2)"": 1528, ""((3, 3), 3)"": 159}, ""degree_pair_exact"": true, ""matched_edge_count_per_control"": 7806, ""matching_method"": ""integral max-flow with exact endpoint-degree-quantile-pair and base normalized edge-weight quantile marginals"", ""shortages"": {}, ""status"": ""MATCHED"", ""target_degree_pair_marginal"": ""{(0, 1): 61, (1, 3): 717, (2, 3): 1879, (1, 2): 202, (0, 2): 151, (2, 2): 249, (3, 3): 3889, (0, 3): 612, (1, 1): 46}"", ""target_edge_count"": 7806, ""target_weight_quantile_marginal"": ""{3: 1721, 1: 2027, 2: 1795, 0: 2263}"", ""verified_exact_marginals"": true, ""weight_quantile_exact"": true}",frozen graph intervention; FIXED_NORM_MASK is not retrained valid-operator performance
Grocery,43,visual_uniform,joint_low_similarity_high_novelty,RENORMALIZED_DELETE,7806,-0.0038067349926793614,-0.008054566188936962,0.013591349124908447,0.37728428840637207,20,0.014470213651657104,0.003868358629616772,-0.0008788645267486569,-0.0029721815519765994,MATCHED,"{""allocated_cells"": 17, ""allocation"": {""((0, 1), 3)"": 61, ""((0, 2), 3)"": 151, ""((0, 3), 1)"": 130, ""((0, 3), 2)"": 267, ""((0, 3), 3)"": 215, ""((1, 1), 3)"": 46, ""((1, 2), 3)"": 202, ""((1, 3), 1)"": 547, ""((1, 3), 3)"": 170, ""((2, 2), 3)"": 249, ""((2, 3), 0)"": 396, ""((2, 3), 1)"": 1015, ""((2, 3), 3)"": 468, ""((3, 3), 0)"": 1867, ""((3, 3), 1)"": 335, ""((3, 3), 2)"": 1528, ""((3, 3), 3)"": 159}, ""degree_pair_exact"": true, ""matched_edge_count_per_control"": 7806, ""matching_method"": ""integral max-flow with exact endpoint-degree-quantile-pair and base normalized edge-weight quantile marginals"", ""shortages"": {}, ""status"": ""MATCHED"", ""target_degree_pair_marginal"": ""{(0, 1): 61, (1, 3): 717, (2, 3): 1879, (1, 2): 202, (0, 2): 151, (2, 2): 249, (3, 3): 3889, (0, 3): 612, (1, 1): 46}"", ""target_edge_count"": 7806, ""target_weight_quantile_marginal"": ""{3: 1721, 1: 2027, 2: 1795, 0: 2263}"", ""verified_exact_marginals"": true, ""weight_quantile_exact"": true}",frozen graph intervention; FIXED_NORM_MASK is not retrained valid-operator performance
Grocery,44,uniform,low_similarity_high_novelty,FIXED_NORM_MASK,7774,-0.004685212298682351,-0.006721352417452309,0.013204097747802734,-0.1899409294128418,20,0.0009909301996231079,0.001937352370302137,0.012213167548179627,-0.0021522693997072296,MATCHED,"{""allocated_cells"": 17, ""allocation"": {""((0, 1), 3)"": 60, ""((0, 2), 3)"": 152, ""((0, 3), 1)"": 107, ""((0, 3), 2)"": 259, ""((0, 3), 3)"": 282, ""((1, 1), 3)"": 47, ""((1, 2), 3)"": 197, ""((1, 3), 1)"": 547, ""((1, 3), 3)"": 171, ""((2, 2), 3)"": 240, ""((2, 3), 0)"": 480, ""((2, 3), 1)"": 1011, ""((2, 3), 3)"": 369, ""((3, 3), 0)"": 1767, ""((3, 3), 1)"": 383, ""((3, 3), 2)"": 1542, ""((3, 3), 3)"": 160}, ""degree_pair_exact"": true, ""matched_edge_count_per_control"": 7774, ""matching_method"": ""integral max-flow with exact endpoint-degree-quantile-pair and base normalized edge-weight quantile marginals"", ""shortages"": {}, ""status"": ""MATCHED"", ""target_degree_pair_marginal"": ""{(0, 1): 60, (1, 3): 718, (2, 3): 1860, (1, 2): 197, (0, 2): 152, (0, 3): 648, (2, 2): 240, (3, 3): 3852, (1, 1): 47}"", ""target_edge_count"": 7774, ""target_weight_quantile_marginal"": ""{3: 1678, 1: 2048, 0: 2247, 2: 1801}"", ""verified_exact_marginals"": true, ""weight_quantile_exact"": true}",frozen graph intervention; FIXED_NORM_MASK is not retrained valid-operator performance
Grocery,44,uniform,low_similarity_high_novelty,RENORMALIZED_DELETE,7774,-0.005563689604685229,-0.014463840530637095,0.04171651601791382,0.5143485069274902,20,0.010263481736183166,0.0024910893685173682,0.03145303428173065,-0.002503660322108403,MATCHED,"{""allocated_cells"": 17, ""allocation"": {""((0, 1), 3)"": 60, ""((0, 2), 3)"": 152, ""((0, 3), 1)"": 107, ""((0, 3), 2)"": 259, ""((0, 3), 3)"": 282, ""((1, 1), 3)"": 47, ""((1, 2), 3)"": 197, ""((1, 3), 1)"": 547, ""((1, 3), 3)"": 171, ""((2, 2), 3)"": 240, ""((2, 3), 0)"": 480, ""((2, 3), 1)"": 1011, ""((2, 3), 3)"": 369, ""((3, 3), 0)"": 1767, ""((3, 3), 1)"": 383, ""((3, 3), 2)"": 1542, ""((3, 3), 3)"": 160}, ""degree_pair_exact"": true, ""matched_edge_count_per_control"": 7774, ""matching_method"": ""integral max-flow with exact endpoint-degree-quantile-pair and base normalized edge-weight quantile marginals"", ""shortages"": {}, ""status"": ""MATCHED"", ""target_degree_pair_marginal"": ""{(0, 1): 60, (1, 3): 718, (2, 3): 1860, (1, 2): 197, (0, 2): 152, (0, 3): 648, (2, 2): 240, (3, 3): 3852, (1, 1): 47}"", ""target_edge_count"": 7774, ""target_weight_quantile_marginal"": ""{3: 1678, 1: 2048, 0: 2247, 2: 1801}"", ""verified_exact_marginals"": true, ""weight_quantile_exact"": true}",frozen graph intervention; FIXED_NORM_MASK is not retrained valid-operator performance
Grocery,44,uniform,low_similarity_low_novelty,FIXED_NORM_MASK,2128,-0.0008784773060029893,-0.0005814521677426354,0.0012880563735961914,-0.08243036270141602,20,-0.0025098025798797607,0.0008836037030150013,0.003797858953475952,-3.8857805861880476e-17,MATCHED,"{""allocated_cells"": 10, ""allocation"": {""((0, 1), 3)"": 2, ""((1, 1), 3)"": 15, ""((1, 2), 3)"": 13, ""((1, 3), 0)"": 106, ""((2, 2), 3)"": 62, ""((2, 3), 0)"": 386, ""((3, 3), 0)"": 322, ""((3, 3), 1)"": 670, ""((3, 3), 2)"": 445, ""((3, 3), 3)"": 107}, ""degree_pair_exact"": true, ""matched_edge_count_per_control"": 2128, ""matching_method"": ""integral max-flow with exact endpoint-degree-quantile-pair and base normalized edge-weight quantile marginals"", ""shortages"": {}, ""status"": ""MATCHED"", ""target_degree_pair_marginal"": ""{(3, 3): 1544, (2, 3): 386, (1, 1): 15, (1, 3): 106, (2, 2): 62, (1, 2): 13, (0, 1): 2}"", ""target_edge_count"": 2128, ""target_weight_quantile_marginal"": ""{2: 445, 0: 814, 3: 199, 1: 670}"", ""verified_exact_marginals"": true, ""weight_quantile_exact"": true}",frozen graph intervention; FIXED_NORM_MASK is not retrained valid-operator performance
Grocery,44,uniform,low_similarity_low_novelty,RENORMALIZED_DELETE,2128,-0.0008784773060029893,-0.0008381609349019659,0.0010836422443389893,0.002010822296142578,20,-2.9651820659637453e-05,0.0006841818325256659,0.0011132940649986266,-0.00024890190336754325,MATCHED,"{""allocated_cells"": 10, ""allocation"": {""((0, 1), 3)"": 2, ""((1, 1), 3)"": 15, ""((1, 2), 3)"": 13, ""((1, 3), 0)"": 106, ""((2, 2), 3)"": 62, ""((2, 3), 0)"": 386, ""((3, 3), 0)"": 322, ""((3, 3), 1)"": 670, ""((3, 3), 2)"": 445, ""((3, 3), 3)"": 107}, ""degree_pair_exact"": true, ""matched_edge_count_per_control"": 2128, ""matching_method"": ""integral max-flow with exact endpoint-degree-quantile-pair and base normalized edge-weight quantile marginals"", ""shortages"": {}, ""status"": ""MATCHED"", ""target_degree_pair_marginal"": ""{(3, 3): 1544, (2, 3): 386, (1, 1): 15, (1, 3): 106, (2, 2): 62, (1, 2): 13, (0, 1): 2}"", ""target_edge_count"": 2128, ""target_weight_quantile_marginal"": ""{2: 445, 0: 814, 3: 199, 1: 670}"", ""verified_exact_marginals"": true, ""weight_quantile_exact"": true}",frozen graph intervention; FIXED_NORM_MASK is not retrained valid-operator performance
Grocery,44,uniform,low_similarity_low_embeddedness,FIXED_NORM_MASK,7174,-0.0008784773060029893,0.0012547440848438285,0.0020304620265960693,-0.14190387725830078,20,-0.0016373887658119202,0.0014743295237658579,0.0036678507924079893,-0.0001317715959004928,MATCHED,"{""allocated_cells"": 13, ""allocation"": {""((1, 1), 3)"": 44, ""((1, 2), 3)"": 175, ""((1, 3), 1)"": 553, ""((1, 3), 2)"": 205, ""((1, 3), 3)"": 147, ""((2, 2), 3)"": 210, ""((2, 3), 0)"": 564, ""((2, 3), 1)"": 647, ""((2, 3), 3)"": 350, ""((3, 3), 0)"": 1663, ""((3, 3), 1)"": 1006, ""((3, 3), 2)"": 1454, ""((3, 3), 3)"": 156}, ""degree_pair_exact"": true, ""matched_edge_count_per_control"": 7174, ""matching_method"": ""integral max-flow with exact endpoint-degree-quantile-pair and base normalized edge-weight quantile marginals"", ""shortages"": {}, ""status"": ""MATCHED"", ""target_degree_pair_marginal"": ""{(1, 3): 905, (2, 3): 1561, (1, 2): 175, (2, 2): 210, (3, 3): 4279, (1, 1): 44}"", ""target_edge_count"": 7174, ""target_weight_quantile_marginal"": ""{1: 2206, 2: 1659, 3: 1082, 0: 2227}"", ""verified_exact_marginals"": true, ""weight_quantile_exact"": true}",frozen graph intervention; FIXED_NORM_MASK is not retrained valid-operator performance
Grocery,44,uniform,low_similarity_low_embeddedness,RENORMALIZED_DELETE,7174,-0.0017569546120058677,-0.005292668531371336,0.016516566276550293,0.32158374786376953,20,0.005004812777042389,0.0014970276941182058,0.011511753499507903,-0.0010980966325037033,MATCHED,"{""allocated_cells"": 13, ""allocation"": {""((1, 1), 3)"": 44, ""((1, 2), 3)"": 175, ""((1, 3), 1)"": 553, ""((1, 3), 2)"": 205, ""((1, 3), 3)"": 147, ""((2, 2), 3)"": 210, ""((2, 3), 0)"": 564, ""((2, 3), 1)"": 647, ""((2, 3), 3)"": 350, ""((3, 3), 0)"": 1663, ""((3, 3), 1)"": 1006, ""((3, 3), 2)"": 1454, ""((3, 3), 3)"": 156}, ""degree_pair_exact"": true, ""matched_edge_count_per_control"": 7174, ""matching_method"": ""integral max-flow with exact endpoint-degree-quantile-pair and base normalized edge-weight quantile marginals"", ""shortages"": {}, ""status"": ""MATCHED"", ""target_degree_pair_marginal"": ""{(1, 3): 905, (2, 3): 1561, (1, 2): 175, (2, 2): 210, (3, 3): 4279, (1, 1): 44}"", ""target_edge_count"": 7174, ""target_weight_quantile_marginal"": ""{1: 2206, 2: 1659, 3: 1082, 0: 2227}"", ""verified_exact_marginals"": true, ""weight_quantile_exact"": true}",frozen graph intervention; FIXED_NORM_MASK is not retrained valid-operator performance
Grocery,44,uniform,low_similarity_high_embeddedness,FIXED_NORM_MASK,2747,-0.0032210834553441092,-0.0020386310500720706,0.006454169750213623,-0.13486766815185547,20,-0.0017354696989059447,0.000948069685918261,0.008189639449119568,0.0008638360175694748,MATCHED,"{""allocated_cells"": 12, ""allocation"": {""((1, 1), 3)"": 49, ""((1, 2), 3)"": 122, ""((1, 3), 1)"": 408, ""((1, 3), 3)"": 169, ""((2, 2), 3)"": 126, ""((2, 3), 0)"": 108, ""((2, 3), 1)"": 219, ""((2, 3), 2)"": 577, ""((2, 3), 3)"": 167, ""((3, 3), 0)"": 336, ""((3, 3), 2)"": 298, ""((3, 3), 3)"": 168}, ""degree_pair_exact"": true, ""matched_edge_count_per_control"": 2747, ""matching_method"": ""integral max-flow with exact endpoint-degree-quantile-pair and base normalized edge-weight quantile marginals"", ""shortages"": {}, ""status"": ""MATCHED"", ""target_degree_pair_marginal"": ""{(2, 2): 126, (2, 3): 1071, (1, 3): 577, (3, 3): 802, (1, 1): 49, (1, 2): 122}"", ""target_edge_count"": 2747, ""target_weight_quantile_marginal"": ""{3: 801, 2: 875, 1: 627, 0: 444}"", ""verified_exact_marginals"": true, ""weight_quantile_exact"": true}",frozen graph intervention; FIXED_NORM_MASK is not retrained valid-operator performance
Grocery,44,uniform,low_similarity_high_embeddedness,RENORMALIZED_DELETE,2747,-0.0017569546120058677,-0.0008915922755016181,0.009420901536941528,0.03363990783691406,20,0.002559642493724823,0.0010771760123472424,0.006861259043216705,-0.00036603221083459926,MATCHED,"{""allocated_cells"": 12, ""allocation"": {""((1, 1), 3)"": 49, ""((1, 2), 3)"": 122, ""((1, 3), 1)"": 408, ""((1, 3), 3)"": 169, ""((2, 2), 3)"": 126, ""((2, 3), 0)"": 108, ""((2, 3), 1)"": 219, ""((2, 3), 2)"": 577, ""((2, 3), 3)"": 167, ""((3, 3), 0)"": 336, ""((3, 3), 2)"": 298, ""((3, 3), 3)"": 168}, ""degree_pair_exact"": true, ""matched_edge_count_per_control"": 2747, ""matching_method"": ""integral max-flow with exact endpoint-degree-quantile-pair and base normalized edge-weight quantile marginals"", ""shortages"": {}, ""status"": ""MATCHED"", ""target_degree_pair_marginal"": ""{(2, 2): 126, (2, 3): 1071, (1, 3): 577, (3, 3): 802, (1, 1): 49, (1, 2): 122}"", ""target_edge_count"": 2747, ""target_weight_quantile_marginal"": ""{3: 801, 2: 875, 1: 627, 0: 444}"", ""verified_exact_marginals"": true, ""weight_quantile_exact"": true}",frozen graph intervention; FIXED_NORM_MASK is not retrained valid-operator performance
Grocery,44,gpr,gpr_low_similarity_high_novelty,FIXED_NORM_MASK,7894,-0.0035139092240117353,0.004418852387897632,0.014024406671524048,-0.18310165405273438,20,0.003693516552448273,0.001714830448256358,0.010330890119075776,-0.00270863836017573,MATCHED,"{""allocated_cells"": 17, ""allocation"": {""((0, 1), 3)"": 59, ""((0, 2), 3)"": 163, ""((0, 3), 1)"": 99, ""((0, 3), 2)"": 264, ""((0, 3), 3)"": 289, ""((1, 1), 3)"": 47, ""((1, 2), 3)"": 199, ""((1, 3), 1)"": 569, ""((1, 3), 3)"": 168, ""((2, 2), 3)"": 243, ""((2, 3), 0)"": 461, ""((2, 3), 1)"": 1031, ""((2, 3), 3)"": 390, ""((3, 3), 0)"": 1820, ""((3, 3), 1)"": 386, ""((3, 3), 2)"": 1548, ""((3, 3), 3)"": 158}, ""degree_pair_exact"": true, ""matched_edge_count_per_control"": 7894, ""matching_method"": ""integral max-flow with exact endpoint-degree-quantile-pair and base normalized edge-weight quantile marginals"", ""shortages"": {}, ""status"": ""MATCHED"", ""target_degree_pair_marginal"": ""{(0, 1): 59, (1, 3): 737, (2, 3): 1882, (1, 2): 199, (0, 2): 163, (0, 3): 652, (2, 2): 243, (3, 3): 3912, (1, 1): 47}"", ""target_edge_count"": 7894, ""target_weight_quantile_marginal"": ""{3: 1716, 1: 2085, 2: 1812, 0: 2281}"", ""verified_exact_marginals"": true, ""weight_quantile_exact"": true}",frozen graph intervention; FIXED_NORM_MASK is not retrained valid-operator performance
Grocery,44,gpr,gpr_low_similarity_high_novelty,RENORMALIZED_DELETE,7894,-0.002928257686676483,0.0005036815949353013,0.035189419984817505,0.4598088264465332,20,0.008787335455417633,0.002221924300145572,0.02640208452939987,-0.003074670571010285,MATCHED,"{""allocated_cells"": 17, ""allocation"": {""((0, 1), 3)"": 59, ""((0, 2), 3)"": 163, ""((0, 3), 1)"": 99, ""((0, 3), 2)"": 264, ""((0, 3), 3)"": 289, ""((1, 1), 3)"": 47, ""((1, 2), 3)"": 199, ""((1, 3), 1)"": 569, ""((1, 3), 3)"": 168, ""((2, 2), 3)"": 243, ""((2, 3), 0)"": 461, ""((2, 3), 1)"": 1031, ""((2, 3), 3)"": 390, ""((3, 3), 0)"": 1820, ""((3, 3), 1)"": 386, ""((3, 3), 2)"": 1548, ""((3, 3), 3)"": 158}, ""degree_pair_exact"": true, ""matched_edge_count_per_control"": 7894, ""matching_method"": ""integral max-flow with exact endpoint-degree-quantile-pair and base normalized edge-weight quantile marginals"", ""shortages"": {}, ""status"": ""MATCHED"", ""target_degree_pair_marginal"": ""{(0, 1): 59, (1, 3): 737, (2, 3): 1882, (1, 2): 199, (0, 2): 163, (0, 3): 652, (2, 2): 243, (3, 3): 3912, (1, 1): 47}"", ""target_edge_count"": 7894, ""target_weight_quantile_marginal"": ""{3: 1716, 1: 2085, 2: 1812, 0: 2281}"", ""verified_exact_marginals"": true, ""weight_quantile_exact"": true}",frozen graph intervention; FIXED_NORM_MASK is not retrained valid-operator performance
Grocery,44,gpr,gpr_low_similarity_low_novelty,FIXED_NORM_MASK,2129,-0.0014641288433382416,-0.001275575559638864,0.0011918246746063232,-0.08006668090820312,20,-0.0019622504711151122,0.000760201609783724,0.0031540751457214355,-0.0007320644216691596,MATCHED,"{""allocated_cells"": 10, ""allocation"": {""((0, 1), 3)"": 2, ""((1, 1), 3)"": 18, ""((1, 2), 3)"": 16, ""((1, 3), 0)"": 106, ""((2, 2), 3)"": 62, ""((2, 3), 0)"": 385, ""((3, 3), 0)"": 320, ""((3, 3), 1)"": 670, ""((3, 3), 2)"": 436, ""((3, 3), 3)"": 114}, ""degree_pair_exact"": true, ""matched_edge_count_per_control"": 2129, ""matching_method"": ""integral max-flow with exact endpoint-degree-quantile-pair and base normalized edge-weight quantile marginals"", ""shortages"": {}, ""status"": ""MATCHED"", ""target_degree_pair_marginal"": ""{(1, 2): 16, (3, 3): 1540, (2, 3): 385, (1, 3): 106, (1, 1): 18, (2, 2): 62, (0, 1): 2}"", ""target_edge_count"": 2129, ""target_weight_quantile_marginal"": ""{3: 212, 2: 436, 0: 811, 1: 670}"", ""verified_exact_marginals"": true, ""weight_quantile_exact"": true}",frozen graph intervention; FIXED_NORM_MASK is not retrained valid-operator performance
Grocery,44,gpr,gpr_low_similarity_low_novelty,RENORMALIZED_DELETE,2129,-0.0005856515373353632,-0.0007297638102705672,0.0009348094463348389,0.0019192695617675781,20,0.00011309534311294555,0.0005237653464071173,0.0008217141032218934,-0.0009663250366032661,MATCHED,"{""allocated_cells"": 10, ""allocation"": {""((0, 1), 3)"": 2, ""((1, 1), 3)"": 18, ""((1, 2), 3)"": 16, ""((1, 3), 0)"": 106, ""((2, 2), 3)"": 62, ""((2, 3), 0)"": 385, ""((3, 3), 0)"": 320, ""((3, 3), 1)"": 670, ""((3, 3), 2)"": 436, ""((3, 3), 3)"": 114}, ""degree_pair_exact"": true, ""matched_edge_count_per_control"": 2129, ""matching_method"": ""integral max-flow with exact endpoint-degree-quantile-pair and base normalized edge-weight quantile marginals"", ""shortages"": {}, ""status"": ""MATCHED"", ""target_degree_pair_marginal"": ""{(1, 2): 16, (3, 3): 1540, (2, 3): 385, (1, 3): 106, (1, 1): 18, (2, 2): 62, (0, 1): 2}"", ""target_edge_count"": 2129, ""target_weight_quantile_marginal"": ""{3: 212, 2: 436, 0: 811, 1: 670}"", ""verified_exact_marginals"": true, ""weight_quantile_exact"": true}",frozen graph intervention; FIXED_NORM_MASK is not retrained valid-operator performance
Grocery,44,text_uniform,text_low_similarity_high_novelty,FIXED_NORM_MASK,8601,-0.007027818448023471,-0.006786796866723455,0.021390140056610107,-0.018062591552734375,20,0.02244611978530884,0.0017965887226908184,-0.0010559797286987319,-0.0028696925329429355,MATCHED,"{""allocated_cells"": 17, ""allocation"": {""((0, 1), 3)"": 59, ""((0, 2), 3)"": 122, ""((0, 3), 1)"": 138, ""((0, 3), 2)"": 295, ""((0, 3), 3)"": 109, ""((1, 1), 3)"": 37, ""((1, 2), 3)"": 188, ""((1, 3), 1)"": 543, ""((1, 3), 3)"": 169, ""((2, 2), 3)"": 227, ""((2, 3), 0)"": 286, ""((2, 3), 1)"": 1256, ""((2, 3), 3)"": 533, ""((3, 3), 0)"": 2497, ""((3, 3), 1)"": 349, ""((3, 3), 2)"": 1637, ""((3, 3), 3)"": 156}, ""degree_pair_exact"": true, ""matched_edge_count_per_control"": 8601, ""matching_method"": ""integral max-flow with exact endpoint-degree-quantile-pair and base normalized edge-weight quantile marginals"", ""shortages"": {}, ""status"": ""MATCHED"", ""target_degree_pair_marginal"": ""{(0, 1): 59, (1, 3): 712, (2, 3): 2075, (1, 2): 188, (0, 3): 542, (2, 2): 227, (3, 3): 4639, (0, 2): 122, (1, 1): 37}"", ""target_edge_count"": 8601, ""target_weight_quantile_marginal"": ""{3: 1600, 1: 2286, 2: 1932, 0: 2783}"", ""verified_exact_marginals"": true, ""weight_quantile_exact"": true}",frozen graph intervention; FIXED_NORM_MASK is not retrained valid-operator performance
Grocery,44,text_uniform,text_low_similarity_high_novelty,RENORMALIZED_DELETE,8601,-0.0064421669106882185,-0.010156770412686256,0.00643765926361084,0.4116017818450928,20,0.0023403197526931764,0.0026706241996716606,0.004097339510917663,-0.0033235724743778004,MATCHED,"{""allocated_cells"": 17, ""allocation"": {""((0, 1), 3)"": 59, ""((0, 2), 3)"": 122, ""((0, 3), 1)"": 138, ""((0, 3), 2)"": 295, ""((0, 3), 3)"": 109, ""((1, 1), 3)"": 37, ""((1, 2), 3)"": 188, ""((1, 3), 1)"": 543, ""((1, 3), 3)"": 169, ""((2, 2), 3)"": 227, ""((2, 3), 0)"": 286, ""((2, 3), 1)"": 1256, ""((2, 3), 3)"": 533, ""((3, 3), 0)"": 2497, ""((3, 3), 1)"": 349, ""((3, 3), 2)"": 1637, ""((3, 3), 3)"": 156}, ""degree_pair_exact"": true, ""matched_edge_count_per_control"": 8601, ""matching_method"": ""integral max-flow with exact endpoint-degree-quantile-pair and base normalized edge-weight quantile marginals"", ""shortages"": {}, ""status"": ""MATCHED"", ""target_degree_pair_marginal"": ""{(0, 1): 59, (1, 3): 712, (2, 3): 2075, (1, 2): 188, (0, 3): 542, (2, 2): 227, (3, 3): 4639, (0, 2): 122, (1, 1): 37}"", ""target_edge_count"": 8601, ""target_weight_quantile_marginal"": ""{3: 1600, 1: 2286, 2: 1932, 0: 2783}"", ""verified_exact_marginals"": true, ""weight_quantile_exact"": true}",frozen graph intervention; FIXED_NORM_MASK is not retrained valid-operator performance
Grocery,44,text_uniform,joint_low_similarity_high_novelty,FIXED_NORM_MASK,7774,-0.002928257686676483,-0.0064132269401154796,0.015896618366241455,-0.06473231315612793,20,0.02441156804561615,0.002288558000580128,-0.008514949679374696,-0.0037335285505124883,MATCHED,"{""allocated_cells"": 17, ""allocation"": {""((0, 1), 3)"": 60, ""((0, 2), 3)"": 152, ""((0, 3), 1)"": 107, ""((0, 3), 2)"": 259, ""((0, 3), 3)"": 282, ""((1, 1), 3)"": 47, ""((1, 2), 3)"": 197, ""((1, 3), 1)"": 547, ""((1, 3), 3)"": 171, ""((2, 2), 3)"": 240, ""((2, 3), 0)"": 480, ""((2, 3), 1)"": 1011, ""((2, 3), 3)"": 369, ""((3, 3), 0)"": 1767, ""((3, 3), 1)"": 383, ""((3, 3), 2)"": 1542, ""((3, 3), 3)"": 160}, ""degree_pair_exact"": true, ""matched_edge_count_per_control"": 7774, ""matching_method"": ""integral max-flow with exact endpoint-degree-quantile-pair and base normalized edge-weight quantile marginals"", ""shortages"": {}, ""status"": ""MATCHED"", ""target_degree_pair_marginal"": ""{(0, 1): 60, (1, 3): 718, (2, 3): 1860, (1, 2): 197, (0, 2): 152, (0, 3): 648, (2, 2): 240, (3, 3): 3852, (1, 1): 47}"", ""target_edge_count"": 7774, ""target_weight_quantile_marginal"": ""{3: 1678, 1: 2048, 0: 2247, 2: 1801}"", ""verified_exact_marginals"": true, ""weight_quantile_exact"": true}",frozen graph intervention; FIXED_NORM_MASK is not retrained valid-operator performance
Grocery,44,text_uniform,joint_low_similarity_high_novelty,RENORMALIZED_DELETE,7774,-0.002342606149341231,-0.005001750422375606,0.0004023313522338867,0.37108707427978516,20,0.0030194878578186034,0.0027213577979181137,-0.0026171565055847167,-0.0037774524158126267,MATCHED,"{""allocated_cells"": 17, ""allocation"": {""((0, 1), 3)"": 60, ""((0, 2), 3)"": 152, ""((0, 3), 1)"": 107, ""((0, 3), 2)"": 259, ""((0, 3), 3)"": 282, ""((1, 1), 3)"": 47, ""((1, 2), 3)"": 197, ""((1, 3), 1)"": 547, ""((1, 3), 3)"": 171, ""((2, 2), 3)"": 240, ""((2, 3), 0)"": 480, ""((2, 3), 1)"": 1011, ""((2, 3), 3)"": 369, ""((3, 3), 0)"": 1767, ""((3, 3), 1)"": 383, ""((3, 3), 2)"": 1542, ""((3, 3), 3)"": 160}, ""degree_pair_exact"": true, ""matched_edge_count_per_control"": 7774, ""matching_method"": ""integral max-flow with exact endpoint-degree-quantile-pair and base normalized edge-weight quantile marginals"", ""shortages"": {}, ""status"": ""MATCHED"", ""target_degree_pair_marginal"": ""{(0, 1): 60, (1, 3): 718, (2, 3): 1860, (1, 2): 197, (0, 2): 152, (0, 3): 648, (2, 2): 240, (3, 3): 3852, (1, 1): 47}"", ""target_edge_count"": 7774, ""target_weight_quantile_marginal"": ""{3: 1678, 1: 2048, 0: 2247, 2: 1801}"", ""verified_exact_marginals"": true, ""weight_quantile_exact"": true}",frozen graph intervention; FIXED_NORM_MASK is not retrained valid-operator performance
Grocery,44,visual_uniform,visual_low_similarity_high_novelty,FIXED_NORM_MASK,8180,-0.015812591508052698,-0.012659177963155632,0.038073956966400146,-0.03327655792236328,20,0.044093137979507445,0.002318931612669314,-0.006019181013107298,-0.0067789165446558945,MATCHED,"{""allocated_cells"": 17, ""allocation"": {""((0, 1), 3)"": 72, ""((0, 2), 3)"": 158, ""((0, 3), 1)"": 136, ""((0, 3), 2)"": 284, ""((0, 3), 3)"": 176, ""((1, 1), 3)"": 50, ""((1, 2), 3)"": 226, ""((1, 3), 1)"": 573, ""((1, 3), 3)"": 173, ""((2, 2), 3)"": 254, ""((2, 3), 0)"": 349, ""((2, 3), 1)"": 1060, ""((2, 3), 3)"": 506, ""((3, 3), 0)"": 2066, ""((3, 3), 1)"": 357, ""((3, 3), 2)"": 1582, ""((3, 3), 3)"": 158}, ""degree_pair_exact"": true, ""matched_edge_count_per_control"": 8180, ""matching_method"": ""integral max-flow with exact endpoint-degree-quantile-pair and base normalized edge-weight quantile marginals"", ""shortages"": {}, ""status"": ""MATCHED"", ""target_degree_pair_marginal"": ""{(0, 1): 72, (1, 3): 746, (2, 3): 1915, (1, 2): 226, (2, 2): 254, (0, 2): 158, (0, 3): 596, (3, 3): 4163, (1, 1): 50}"", ""target_edge_count"": 8180, ""target_weight_quantile_marginal"": ""{3: 1773, 1: 2126, 2: 1866, 0: 2415}"", ""verified_exact_marginals"": true, ""weight_quantile_exact"": true}",frozen graph intervention; FIXED_NORM_MASK is not retrained valid-operator performance
Grocery,44,visual_uniform,visual_low_similarity_high_novelty,RENORMALIZED_DELETE,8180,-0.010834553440702721,-0.011789649261961244,0.015805184841156006,0.341367244720459,20,0.003529366850852966,0.002533025321688704,0.012275817990303039,-0.004202049780380629,MATCHED,"{""allocated_cells"": 17, ""allocation"": {""((0, 1), 3)"": 72, ""((0, 2), 3)"": 158, ""((0, 3), 1)"": 136, ""((0, 3), 2)"": 284, ""((0, 3), 3)"": 176, ""((1, 1), 3)"": 50, ""((1, 2), 3)"": 226, ""((1, 3), 1)"": 573, ""((1, 3), 3)"": 173, ""((2, 2), 3)"": 254, ""((2, 3), 0)"": 349, ""((2, 3), 1)"": 1060, ""((2, 3), 3)"": 506, ""((3, 3), 0)"": 2066, ""((3, 3), 1)"": 357, ""((3, 3), 2)"": 1582, ""((3, 3), 3)"": 158}, ""degree_pair_exact"": true, ""matched_edge_count_per_control"": 8180, ""matching_method"": ""integral max-flow with exact endpoint-degree-quantile-pair and base normalized edge-weight quantile marginals"", ""shortages"": {}, ""status"": ""MATCHED"", ""target_degree_pair_marginal"": ""{(0, 1): 72, (1, 3): 746, (2, 3): 1915, (1, 2): 226, (2, 2): 254, (0, 2): 158, (0, 3): 596, (3, 3): 4163, (1, 1): 50}"", ""target_edge_count"": 8180, ""target_weight_quantile_marginal"": ""{3: 1773, 1: 2126, 2: 1866, 0: 2415}"", ""verified_exact_marginals"": true, ""weight_quantile_exact"": true}",frozen graph intervention; FIXED_NORM_MASK is not retrained valid-operator performance
Grocery,44,visual_uniform,joint_low_similarity_high_novelty,FIXED_NORM_MASK,7774,-0.01171303074670571,-0.012576711300594678,0.029823243618011475,-0.043962955474853516,20,0.04234796762466431,0.0014813219231605448,-0.012524724006652832,-0.007598828696925292,MATCHED,"{""allocated_cells"": 17, ""allocation"": {""((0, 1), 3)"": 60, ""((0, 2), 3)"": 152, ""((0, 3), 1)"": 107, ""((0, 3), 2)"": 259, ""((0, 3), 3)"": 282, ""((1, 1), 3)"": 47, ""((1, 2), 3)"": 197, ""((1, 3), 1)"": 547, ""((1, 3), 3)"": 171, ""((2, 2), 3)"": 240, ""((2, 3), 0)"": 480, ""((2, 3), 1)"": 1011, ""((2, 3), 3)"": 369, ""((3, 3), 0)"": 1767, ""((3, 3), 1)"": 383, ""((3, 3), 2)"": 1542, ""((3, 3), 3)"": 160}, ""degree_pair_exact"": true, ""matched_edge_count_per_control"": 7774, ""matching_method"": ""integral max-flow with exact endpoint-degree-quantile-pair and base normalized edge-weight quantile marginals"", ""shortages"": {}, ""status"": ""MATCHED"", ""target_degree_pair_marginal"": ""{(0, 1): 60, (1, 3): 718, (2, 3): 1860, (1, 2): 197, (0, 2): 152, (0, 3): 648, (2, 2): 240, (3, 3): 3852, (1, 1): 47}"", ""target_edge_count"": 7774, ""target_weight_quantile_marginal"": ""{3: 1678, 1: 2048, 0: 2247, 2: 1801}"", ""verified_exact_marginals"": true, ""weight_quantile_exact"": true}",frozen graph intervention; FIXED_NORM_MASK is not retrained valid-operator performance
Grocery,44,visual_uniform,joint_low_similarity_high_novelty,RENORMALIZED_DELETE,7774,-0.007906295754026349,-0.008750576195132087,-0.0010120272636413574,0.3272361755371094,20,0.006795123219490051,0.0025194445369791617,-0.007807150483131409,-0.005051244509516789,MATCHED,"{""allocated_cells"": 17, ""allocation"": {""((0, 1), 3)"": 60, ""((0, 2), 3)"": 152, ""((0, 3), 1)"": 107, ""((0, 3), 2)"": 259, ""((0, 3), 3)"": 282, ""((1, 1), 3)"": 47, ""((1, 2), 3)"": 197, ""((1, 3), 1)"": 547, ""((1, 3), 3)"": 171, ""((2, 2), 3)"": 240, ""((2, 3), 0)"": 480, ""((2, 3), 1)"": 1011, ""((2, 3), 3)"": 369, ""((3, 3), 0)"": 1767, ""((3, 3), 1)"": 383, ""((3, 3), 2)"": 1542, ""((3, 3), 3)"": 160}, ""degree_pair_exact"": true, ""matched_edge_count_per_control"": 7774, ""matching_method"": ""integral max-flow with exact endpoint-degree-quantile-pair and base normalized edge-weight quantile marginals"", ""shortages"": {}, ""status"": ""MATCHED"", ""target_degree_pair_marginal"": ""{(0, 1): 60, (1, 3): 718, (2, 3): 1860, (1, 2): 197, (0, 2): 152, (0, 3): 648, (2, 2): 240, (3, 3): 3852, (1, 1): 47}"", ""target_edge_count"": 7774, ""target_weight_quantile_marginal"": ""{3: 1678, 1: 2048, 0: 2247, 2: 1801}"", ""verified_exact_marginals"": true, ""weight_quantile_exact"": true}",frozen graph intervention; FIXED_NORM_MASK is not retrained valid-operator performance
ele-fashion,42,uniform,low_similarity_high_novelty,FIXED_NORM_MASK,22135,0.00030684258975144374,0.0011188355581651654,-0.0041921138763427734,-0.2042088508605957,20,-0.002005690336227417,0.0007670421708510099,-0.0021864235401153564,-0.0009000715966042683,MATCHED,"{""allocated_cells"": 9, ""allocation"": {""((0, 2), 3)"": 402, ""((0, 3), 0)"": 2641, ""((0, 3), 1)"": 1979, ""((2, 2), 3)"": 342, ""((2, 3), 0)"": 3241, ""((2, 3), 1)"": 3842, ""((2, 3), 2)"": 987, ""((3, 3), 2)"": 4550, ""((3, 3), 3)"": 4151}, ""degree_pair_exact"": true, ""matched_edge_count_per_control"": 22135, ""matching_method"": ""integral max-flow with exact endpoint-degree-quantile-pair and base normalized edge-weight quantile marginals"", ""shortages"": {}, ""status"": ""MATCHED"", ""target_degree_pair_marginal"": ""{(3, 3): 8701, (2, 3): 8070, (0, 3): 4620, (0, 2): 402, (2, 2): 342}"", ""target_edge_count"": 22135, ""target_weight_quantile_marginal"": ""{0: 5882, 1: 5821, 2: 5537, 3: 4895}"", ""verified_exact_marginals"": true, ""weight_quantile_exact"": true}",frozen graph intervention; FIXED_NORM_MASK is not retrained valid-operator performance
ele-fashion,42,uniform,low_similarity_high_novelty,RENORMALIZED_DELETE,22135,-0.0015342129487573297,-0.002250347248336504,0.010372549295425415,0.2212820053100586,20,0.005229537189006805,0.0011253547087250154,0.00514301210641861,-0.0022859772936483667,MATCHED,"{""allocated_cells"": 9, ""allocation"": {""((0, 2), 3)"": 402, ""((0, 3), 0)"": 2641, ""((0, 3), 1)"": 1979, ""((2, 2), 3)"": 342, ""((2, 3), 0)"": 3241, ""((2, 3), 1)"": 3842, ""((2, 3), 2)"": 987, ""((3, 3), 2)"": 4550, ""((3, 3), 3)"": 4151}, ""degree_pair_exact"": true, ""matched_edge_count_per_control"": 22135, ""matching_method"": ""integral max-flow with exact endpoint-degree-quantile-pair and base normalized edge-weight quantile marginals"", ""shortages"": {}, ""status"": ""MATCHED"", ""target_degree_pair_marginal"": ""{(3, 3): 8701, (2, 3): 8070, (0, 3): 4620, (0, 2): 402, (2, 2): 342}"", ""target_edge_count"": 22135, ""target_weight_quantile_marginal"": ""{0: 5882, 1: 5821, 2: 5537, 3: 4895}"", ""verified_exact_marginals"": true, ""weight_quantile_exact"": true}",frozen graph intervention; FIXED_NORM_MASK is not retrained valid-operator performance
ele-fashion,42,uniform,low_similarity_low_novelty,FIXED_NORM_MASK,6164,-0.00030684258975144374,-0.0009017681228239427,-0.0019668936729431152,-0.07552003860473633,20,-0.0016092553734779358,0.0005636735745032764,-0.0003576382994651794,9.205277692543312e-05,MATCHED,"{""allocated_cells"": 8, ""allocation"": {""((0, 2), 3)"": 57, ""((0, 3), 0)"": 271, ""((2, 2), 3)"": 65, ""((2, 3), 0)"": 1344, ""((3, 3), 0)"": 698, ""((3, 3), 1)"": 1882, ""((3, 3), 2)"": 1116, ""((3, 3), 3)"": 731}, ""degree_pair_exact"": true, ""matched_edge_count_per_control"": 6164, ""matching_method"": ""integral max-flow with exact endpoint-degree-quantile-pair and base normalized edge-weight quantile marginals"", ""shortages"": {}, ""status"": ""MATCHED"", ""target_degree_pair_marginal"": ""{(3, 3): 4427, (2, 3): 1344, (0, 3): 271, (0, 2): 57, (2, 2): 65}"", ""target_edge_count"": 6164, ""target_weight_quantile_marginal"": ""{0: 2313, 1: 1882, 2: 1116, 3: 853}"", ""verified_exact_marginals"": true, ""weight_quantile_exact"": true}",frozen graph intervention; FIXED_NORM_MASK is not retrained valid-operator performance
ele-fashion,42,uniform,low_similarity_low_novelty,RENORMALIZED_DELETE,6164,-0.0002045617265009625,-0.0002464304854185029,-0.0013222098350524902,0.016309738159179688,20,0.0007059633731842041,0.0006030452111033125,-0.0020281732082366942,-0.00033241280556406405,MATCHED,"{""allocated_cells"": 8, ""allocation"": {""((0, 2), 3)"": 57, ""((0, 3), 0)"": 271, ""((2, 2), 3)"": 65, ""((2, 3), 0)"": 1344, ""((3, 3), 0)"": 698, ""((3, 3), 1)"": 1882, ""((3, 3), 2)"": 1116, ""((3, 3), 3)"": 731}, ""degree_pair_exact"": true, ""matched_edge_count_per_control"": 6164, ""matching_method"": ""integral max-flow with exact endpoint-degree-quantile-pair and base normalized edge-weight quantile marginals"", ""shortages"": {}, ""status"": ""MATCHED"", ""target_degree_pair_marginal"": ""{(3, 3): 4427, (2, 3): 1344, (0, 3): 271, (0, 2): 57, (2, 2): 65}"", ""target_edge_count"": 6164, ""target_weight_quantile_marginal"": ""{0: 2313, 1: 1882, 2: 1116, 3: 853}"", ""verified_exact_marginals"": true, ""weight_quantile_exact"": true}",frozen graph intervention; FIXED_NORM_MASK is not retrained valid-operator performance
ele-fashion,42,uniform,low_similarity_low_embeddedness,FIXED_NORM_MASK,15961,-0.00010228086325048125,-0.0014681627155123111,-0.00181618332862854,-0.18419694900512695,20,-0.0034024283289909364,0.0007065636657402223,0.0015862450003623963,-0.0003784391940267862,MATCHED,"{""allocated_cells"": 6, ""allocation"": {""((2, 2), 3)"": 475, ""((2, 3), 0)"": 3843, ""((2, 3), 1)"": 4374, ""((2, 3), 2)"": 617, ""((3, 3), 2)"": 3658, ""((3, 3), 3)"": 2994}, ""degree_pair_exact"": true, ""matched_edge_count_per_control"": 15961, ""matching_method"": ""integral max-flow with exact endpoint-degree-quantile-pair and base normalized edge-weight quantile marginals"", ""shortages"": {}, ""status"": ""MATCHED"", ""target_degree_pair_marginal"": ""{(3, 3): 6652, (2, 3): 8834, (2, 2): 475}"", ""target_edge_count"": 15961, ""target_weight_quantile_marginal"": ""{0: 3843, 2: 4275, 3: 3469, 1: 4374}"", ""verified_exact_marginals"": true, ""weight_quantile_exact"": true}",frozen graph intervention; FIXED_NORM_MASK is not retrained valid-operator performance
ele-fashion,42,uniform,low_similarity_low_embeddedness,RENORMALIZED_DELETE,15961,-0.0014319320855068485,-0.004365166844148227,0.006155818700790405,0.09040355682373047,20,0.0007080361247062683,0.0005129455011294053,0.005447782576084137,-0.0009614401145545571,MATCHED,"{""allocated_cells"": 6, ""allocation"": {""((2, 2), 3)"": 475, ""((2, 3), 0)"": 3843, ""((2, 3), 1)"": 4374, ""((2, 3), 2)"": 617, ""((3, 3), 2)"": 3658, ""((3, 3), 3)"": 2994}, ""degree_pair_exact"": true, ""matched_edge_count_per_control"": 15961, ""matching_method"": ""integral max-flow with exact endpoint-degree-quantile-pair and base normalized edge-weight quantile marginals"", ""shortages"": {}, ""status"": ""MATCHED"", ""target_degree_pair_marginal"": ""{(3, 3): 6652, (2, 3): 8834, (2, 2): 475}"", ""target_edge_count"": 15961, ""target_weight_quantile_marginal"": ""{0: 3843, 2: 4275, 3: 3469, 1: 4374}"", ""verified_exact_marginals"": true, ""weight_quantile_exact"": true}",frozen graph intervention; FIXED_NORM_MASK is not retrained valid-operator performance
ele-fashion,42,uniform,low_similarity_high_embeddedness,FIXED_NORM_MASK,7620,0.0006136851795028875,0.003114181422504525,-0.0038549304008483887,-0.0758523941040039,20,-0.0018313363194465636,0.0005437749556663206,-0.002023594081401825,-0.00015342129487572187,MATCHED,"{""allocated_cells"": 6, ""allocation"": {""((2, 2), 3)"": 122, ""((2, 3), 0)"": 2224, ""((2, 3), 1)"": 1719, ""((3, 3), 1)"": 384, ""((3, 3), 2)"": 1953, ""((3, 3), 3)"": 1218}, ""degree_pair_exact"": true, ""matched_edge_count_per_control"": 7620, ""matching_method"": ""integral max-flow with exact endpoint-degree-quantile-pair and base normalized edge-weight quantile marginals"", ""shortages"": {}, ""status"": ""MATCHED"", ""target_degree_pair_marginal"": ""{(3, 3): 3555, (2, 3): 3943, (2, 2): 122}"", ""target_edge_count"": 7620, ""target_weight_quantile_marginal"": ""{0: 2224, 1: 2103, 2: 1953, 3: 1340}"", ""verified_exact_marginals"": true, ""weight_quantile_exact"": true}",frozen graph intervention; FIXED_NORM_MASK is not retrained valid-operator performance
ele-fashion,42,uniform,low_similarity_high_embeddedness,RENORMALIZED_DELETE,7620,-0.000409123453001925,0.00041518762561376654,0.0002796947956085205,0.04061269760131836,20,0.0005256488919258117,0.0004253292742624959,-0.0002459540963172912,-0.0004398077119770694,MATCHED,"{""allocated_cells"": 6, ""allocation"": {""((2, 2), 3)"": 122, ""((2, 3), 0)"": 2224, ""((2, 3), 1)"": 1719, ""((3, 3), 1)"": 384, ""((3, 3), 2)"": 1953, ""((3, 3), 3)"": 1218}, ""degree_pair_exact"": true, ""matched_edge_count_per_control"": 7620, ""matching_method"": ""integral max-flow with exact endpoint-degree-quantile-pair and base normalized edge-weight quantile marginals"", ""shortages"": {}, ""status"": ""MATCHED"", ""target_degree_pair_marginal"": ""{(3, 3): 3555, (2, 3): 3943, (2, 2): 122}"", ""target_edge_count"": 7620, ""target_weight_quantile_marginal"": ""{0: 2224, 1: 2103, 2: 1953, 3: 1340}"", ""verified_exact_marginals"": true, ""weight_quantile_exact"": true}",frozen graph intervention; FIXED_NORM_MASK is not retrained valid-operator performance
ele-fashion,42,gpr,gpr_low_similarity_high_novelty,FIXED_NORM_MASK,21594,-0.000409123453001925,0.0009436566996868789,-0.007540762424468994,-0.20192861557006836,20,-0.007203704118728638,0.0006211373913560368,-0.0003370583057403561,-0.0015802393372200464,MATCHED,"{""allocated_cells"": 9, ""allocation"": {""((0, 2), 3)"": 395, ""((0, 3), 0)"": 2700, ""((0, 3), 1)"": 1706, ""((2, 2), 3)"": 337, ""((2, 3), 0)"": 2998, ""((2, 3), 1)"": 3978, ""((2, 3), 2)"": 1005, ""((3, 3), 2)"": 4393, ""((3, 3), 3)"": 4082}, ""degree_pair_exact"": true, ""matched_edge_count_per_control"": 21594, ""matching_method"": ""integral max-flow with exact endpoint-degree-quantile-pair and base normalized edge-weight quantile marginals"", ""shortages"": {}, ""status"": ""MATCHED"", ""target_degree_pair_marginal"": ""{(3, 3): 8475, (2, 3): 7981, (0, 3): 4406, (0, 2): 395, (2, 2): 337}"", ""target_edge_count"": 21594, ""target_weight_quantile_marginal"": ""{0: 5698, 1: 5684, 2: 5398, 3: 4814}"", ""verified_exact_marginals"": true, ""weight_quantile_exact"": true}",frozen graph intervention; FIXED_NORM_MASK is not retrained valid-operator performance
ele-fashion,42,gpr,gpr_low_similarity_high_novelty,RENORMALIZED_DELETE,21594,-0.001636493812007811,-0.0038302191540289243,0.012893855571746826,0.20167064666748047,20,0.004672577977180481,0.0010410268158014774,0.008221277594566345,-0.0015393269919198537,MATCHED,"{""allocated_cells"": 9, ""allocation"": {""((0, 2), 3)"": 395, ""((0, 3), 0)"": 2700, ""((0, 3), 1)"": 1706, ""((2, 2), 3)"": 337, ""((2, 3), 0)"": 2998, ""((2, 3), 1)"": 3978, ""((2, 3), 2)"": 1005, ""((3, 3), 2)"": 4393, ""((3, 3), 3)"": 4082}, ""degree_pair_exact"": true, ""matched_edge_count_per_control"": 21594, ""matching_method"": ""integral max-flow with exact endpoint-degree-quantile-pair and base normalized edge-weight quantile marginals"", ""shortages"": {}, ""status"": ""MATCHED"", ""target_degree_pair_marginal"": ""{(3, 3): 8475, (2, 3): 7981, (0, 3): 4406, (0, 2): 395, (2, 2): 337}"", ""target_edge_count"": 21594, ""target_weight_quantile_marginal"": ""{0: 5698, 1: 5684, 2: 5398, 3: 4814}"", ""verified_exact_marginals"": true, ""weight_quantile_exact"": true}",frozen graph intervention; FIXED_NORM_MASK is not retrained valid-operator performance
ele-fashion,42,gpr,gpr_low_similarity_low_novelty,FIXED_NORM_MASK,6260,-0.00010228086325048125,0.0001536605491746501,-0.0025570690631866455,-0.07631492614746094,20,-0.002367721498012543,0.00033622382117535696,-0.0001893475651741027,-0.0004244655824895083,MATCHED,"{""allocated_cells"": 8, ""allocation"": {""((0, 2), 3)"": 66, ""((0, 3), 0)"": 272, ""((2, 2), 3)"": 66, ""((2, 3), 0)"": 1352, ""((3, 3), 0)"": 731, ""((3, 3), 1)"": 1905, ""((3, 3), 2)"": 1119, ""((3, 3), 3)"": 749}, ""degree_pair_exact"": true, ""matched_edge_count_per_control"": 6260, ""matching_method"": ""integral max-flow with exact endpoint-degree-quantile-pair and base normalized edge-weight quantile marginals"", ""shortages"": {}, ""status"": ""MATCHED"", ""target_degree_pair_marginal"": ""{(3, 3): 4504, (2, 3): 1352, (0, 3): 272, (0, 2): 66, (2, 2): 66}"", ""target_edge_count"": 6260, ""target_weight_quantile_marginal"": ""{0: 2355, 2: 1119, 1: 1905, 3: 881}"", ""verified_exact_marginals"": true, ""weight_quantile_exact"": true}",frozen graph intervention; FIXED_NORM_MASK is not retrained valid-operator performance
ele-fashion,42,gpr,gpr_low_similarity_low_novelty,RENORMALIZED_DELETE,6260,-0.0002045617265009625,0.0003031663086922043,-0.0008784234523773193,0.015758514404296875,20,0.00062551349401474,0.00042402234823713593,-0.0015039369463920593,-0.00029661450342640674,MATCHED,"{""allocated_cells"": 8, ""allocation"": {""((0, 2), 3)"": 66, ""((0, 3), 0)"": 272, ""((2, 2), 3)"": 66, ""((2, 3), 0)"": 1352, ""((3, 3), 0)"": 731, ""((3, 3), 1)"": 1905, ""((3, 3), 2)"": 1119, ""((3, 3), 3)"": 749}, ""degree_pair_exact"": true, ""matched_edge_count_per_control"": 6260, ""matching_method"": ""integral max-flow with exact endpoint-degree-quantile-pair and base normalized edge-weight quantile marginals"", ""shortages"": {}, ""status"": ""MATCHED"", ""target_degree_pair_marginal"": ""{(3, 3): 4504, (2, 3): 1352, (0, 3): 272, (0, 2): 66, (2, 2): 66}"", ""target_edge_count"": 6260, ""target_weight_quantile_marginal"": ""{0: 2355, 2: 1119, 1: 1905, 3: 881}"", ""verified_exact_marginals"": true, ""weight_quantile_exact"": true}",frozen graph intervention; FIXED_NORM_MASK is not retrained valid-operator performance
ele-fashion,42,text_uniform,text_low_similarity_high_novelty,FIXED_NORM_MASK,24199,0.0019433364017592547,0.0026146703591215514,0.00196269154548645,-0.067108154296875,20,0.01067192405462265,0.0006057006968269499,-0.0087092325091362,-0.00025570215812617536,MATCHED,"{""allocated_cells"": 9, ""allocation"": {""((0, 2), 3)"": 345, ""((0, 3), 0)"": 2560, ""((0, 3), 1)"": 2142, ""((2, 2), 3)"": 284, ""((2, 3), 0)"": 4432, ""((2, 3), 1)"": 4504, ""((3, 3), 1)"": 16, ""((3, 3), 2)"": 5925, ""((3, 3), 3)"": 3991}, ""degree_pair_exact"": true, ""matched_edge_count_per_control"": 24199, ""matching_method"": ""integral max-flow with exact endpoint-degree-quantile-pair and base normalized edge-weight quantile marginals"", ""shortages"": {}, ""status"": ""MATCHED"", ""target_degree_pair_marginal"": ""{(3, 3): 9932, (2, 3): 8936, (0, 3): 4702, (0, 2): 345, (2, 2): 284}"", ""target_edge_count"": 24199, ""target_weight_quantile_marginal"": ""{0: 6992, 1: 6662, 2: 5925, 3: 4620}"", ""verified_exact_marginals"": true, ""weight_quantile_exact"": true}",frozen graph intervention; FIXED_NORM_MASK is not retrained valid-operator performance
ele-fashion,42,text_uniform,text_low_similarity_high_novelty,RENORMALIZED_DELETE,24199,0.0018410555385087735,0.0016353445373052944,0.0018194615840911865,0.30748558044433594,20,0.0027235716581344603,0.00080656309278463,-0.0009041100740432738,-0.0005216324025774488,MATCHED,"{""allocated_cells"": 9, ""allocation"": {""((0, 2), 3)"": 345, ""((0, 3), 0)"": 2560, ""((0, 3), 1)"": 2142, ""((2, 2), 3)"": 284, ""((2, 3), 0)"": 4432, ""((2, 3), 1)"": 4504, ""((3, 3), 1)"": 16, ""((3, 3), 2)"": 5925, ""((3, 3), 3)"": 3991}, ""degree_pair_exact"": true, ""matched_edge_count_per_control"": 24199, ""matching_method"": ""integral max-flow with exact endpoint-degree-quantile-pair and base normalized edge-weight quantile marginals"", ""shortages"": {}, ""status"": ""MATCHED"", ""target_degree_pair_marginal"": ""{(3, 3): 9932, (2, 3): 8936, (0, 3): 4702, (0, 2): 345, (2, 2): 284}"", ""target_edge_count"": 24199, ""target_weight_quantile_marginal"": ""{0: 6992, 1: 6662, 2: 5925, 3: 4620}"", ""verified_exact_marginals"": true, ""weight_quantile_exact"": true}",frozen graph intervention; FIXED_NORM_MASK is not retrained valid-operator performance
ele-fashion,42,text_uniform,joint_low_similarity_high_novelty,FIXED_NORM_MASK,22135,0.002454740718011661,0.0026438147099278053,0.001418083906173706,-0.07516622543334961,20,0.00985288918018341,0.0004650005991217554,-0.008434805274009704,-0.0003528689782141381,MATCHED,"{""allocated_cells"": 9, ""allocation"": {""((0, 2), 3)"": 402, ""((0, 3), 0)"": 2641, ""((0, 3), 1)"": 1979, ""((2, 2), 3)"": 342, ""((2, 3), 0)"": 3241, ""((2, 3), 1)"": 3842, ""((2, 3), 2)"": 987, ""((3, 3), 2)"": 4550, ""((3, 3), 3)"": 4151}, ""degree_pair_exact"": true, ""matched_edge_count_per_control"": 22135, ""matching_method"": ""integral max-flow with exact endpoint-degree-quantile-pair and base normalized edge-weight quantile marginals"", ""shortages"": {}, ""status"": ""MATCHED"", ""target_degree_pair_marginal"": ""{(3, 3): 8701, (2, 3): 8070, (0, 3): 4620, (0, 2): 402, (2, 2): 342}"", ""target_edge_count"": 22135, ""target_weight_quantile_marginal"": ""{0: 5882, 1: 5821, 2: 5537, 3: 4895}"", ""verified_exact_marginals"": true, ""weight_quantile_exact"": true}",frozen graph intervention; FIXED_NORM_MASK is not retrained valid-operator performance
ele-fashion,42,text_uniform,joint_low_similarity_high_novelty,RENORMALIZED_DELETE,22135,0.0022501789915106984,0.001449331650782093,0.0007629096508026123,0.2797856330871582,20,0.00405166894197464,0.0010629188872122817,-0.003288759291172028,-0.0007619924312160853,MATCHED,"{""allocated_cells"": 9, ""allocation"": {""((0, 2), 3)"": 402, ""((0, 3), 0)"": 2641, ""((0, 3), 1)"": 1979, ""((2, 2), 3)"": 342, ""((2, 3), 0)"": 3241, ""((2, 3), 1)"": 3842, ""((2, 3), 2)"": 987, ""((3, 3), 2)"": 4550, ""((3, 3), 3)"": 4151}, ""degree_pair_exact"": true, ""matched_edge_count_per_control"": 22135, ""matching_method"": ""integral max-flow with exact endpoint-degree-quantile-pair and base normalized edge-weight quantile marginals"", ""shortages"": {}, ""status"": ""MATCHED"", ""target_degree_pair_marginal"": ""{(3, 3): 8701, (2, 3): 8070, (0, 3): 4620, (0, 2): 402, (2, 2): 342}"", ""target_edge_count"": 22135, ""target_weight_quantile_marginal"": ""{0: 5882, 1: 5821, 2: 5537, 3: 4895}"", ""verified_exact_marginals"": true, ""weight_quantile_exact"": true}",frozen graph intervention; FIXED_NORM_MASK is not retrained valid-operator performance
ele-fashion,42,visual_uniform,visual_low_similarity_high_novelty,FIXED_NORM_MASK,21865,-0.005830009205277764,-0.005905787485527281,0.01612904667854309,-0.10331439971923828,20,0.009944121539592742,0.0010200374567778908,0.006184925138950349,-0.0016722921141454794,MATCHED,"{""allocated_cells"": 9, ""allocation"": {""((0, 2), 3)"": 480, ""((0, 3), 0)"": 2610, ""((0, 3), 1)"": 2573, ""((2, 2), 3)"": 391, ""((2, 3), 0)"": 2689, ""((2, 3), 1)"": 2963, ""((2, 3), 2)"": 2173, ""((3, 3), 2)"": 3335, ""((3, 3), 3)"": 4651}, ""degree_pair_exact"": true, ""matched_edge_count_per_control"": 21865, ""matching_method"": ""integral max-flow with exact endpoint-degree-quantile-pair and base normalized edge-weight quantile marginals"", ""shortages"": {}, ""status"": ""MATCHED"", ""target_degree_pair_marginal"": ""{(3, 3): 7986, (2, 3): 7825, (0, 3): 5183, (0, 2): 480, (2, 2): 391}"", ""target_edge_count"": 21865, ""target_weight_quantile_marginal"": ""{0: 5299, 1: 5536, 2: 5508, 3: 5522}"", ""verified_exact_marginals"": true, ""weight_quantile_exact"": true}",frozen graph intervention; FIXED_NORM_MASK is not retrained valid-operator performance
ele-fashion,42,visual_uniform,visual_low_similarity_high_novelty,RENORMALIZED_DELETE,21865,-0.005216324025774766,-0.004828137881446648,0.029456764459609985,0.24199891090393066,20,0.010856644809246063,0.0014640061711620796,0.01860011965036392,-0.001610923596195185,MATCHED,"{""allocated_cells"": 9, ""allocation"": {""((0, 2), 3)"": 480, ""((0, 3), 0)"": 2610, ""((0, 3), 1)"": 2573, ""((2, 2), 3)"": 391, ""((2, 3), 0)"": 2689, ""((2, 3), 1)"": 2963, ""((2, 3), 2)"": 2173, ""((3, 3), 2)"": 3335, ""((3, 3), 3)"": 4651}, ""degree_pair_exact"": true, ""matched_edge_count_per_control"": 21865, ""matching_method"": ""integral max-flow with exact endpoint-degree-quantile-pair and base normalized edge-weight quantile marginals"", ""shortages"": {}, ""status"": ""MATCHED"", ""target_degree_pair_marginal"": ""{(3, 3): 7986, (2, 3): 7825, (0, 3): 5183, (0, 2): 480, (2, 2): 391}"", ""target_edge_count"": 21865, ""target_weight_quantile_marginal"": ""{0: 5299, 1: 5536, 2: 5508, 3: 5522}"", ""verified_exact_marginals"": true, ""weight_quantile_exact"": true}",frozen graph intervention; FIXED_NORM_MASK is not retrained valid-operator performance
ele-fashion,42,visual_uniform,joint_low_similarity_high_novelty,FIXED_NORM_MASK,22135,-0.0031707067607651407,-0.005304538944642223,0.007888108491897583,-0.08867549896240234,20,0.010521361231803894,0.0004543681518247567,-0.0026332527399063107,-0.0016825202004705276,MATCHED,"{""allocated_cells"": 9, ""allocation"": {""((0, 2), 3)"": 402, ""((0, 3), 0)"": 2641, ""((0, 3), 1)"": 1979, ""((2, 2), 3)"": 342, ""((2, 3), 0)"": 3241, ""((2, 3), 1)"": 3842, ""((2, 3), 2)"": 987, ""((3, 3), 2)"": 4550, ""((3, 3), 3)"": 4151}, ""degree_pair_exact"": true, ""matched_edge_count_per_control"": 22135, ""matching_method"": ""integral max-flow with exact endpoint-degree-quantile-pair and base normalized edge-weight quantile marginals"", ""shortages"": {}, ""status"": ""MATCHED"", ""target_degree_pair_marginal"": ""{(3, 3): 8701, (2, 3): 8070, (0, 3): 4620, (0, 2): 402, (2, 2): 342}"", ""target_edge_count"": 22135, ""target_weight_quantile_marginal"": ""{0: 5882, 1: 5821, 2: 5537, 3: 4895}"", ""verified_exact_marginals"": true, ""weight_quantile_exact"": true}",frozen graph intervention; FIXED_NORM_MASK is not retrained valid-operator performance
ele-fashion,42,visual_uniform,joint_low_similarity_high_novelty,RENORMALIZED_DELETE,22135,-0.002863864171013586,-0.004007311722542428,0.01888224482536316,0.25228428840637207,20,0.010127797722816467,0.0015870617313335498,0.008754447102546692,-0.0013910197402066504,MATCHED,"{""allocated_cells"": 9, ""allocation"": {""((0, 2), 3)"": 402, ""((0, 3), 0)"": 2641, ""((0, 3), 1)"": 1979, ""((2, 2), 3)"": 342, ""((2, 3), 0)"": 3241, ""((2, 3), 1)"": 3842, ""((2, 3), 2)"": 987, ""((3, 3), 2)"": 4550, ""((3, 3), 3)"": 4151}, ""degree_pair_exact"": true, ""matched_edge_count_per_control"": 22135, ""matching_method"": ""integral max-flow with exact endpoint-degree-quantile-pair and base normalized edge-weight quantile marginals"", ""shortages"": {}, ""status"": ""MATCHED"", ""target_degree_pair_marginal"": ""{(3, 3): 8701, (2, 3): 8070, (0, 3): 4620, (0, 2): 402, (2, 2): 342}"", ""target_edge_count"": 22135, ""target_weight_quantile_marginal"": ""{0: 5882, 1: 5821, 2: 5537, 3: 4895}"", ""verified_exact_marginals"": true, ""weight_quantile_exact"": true}",frozen graph intervention; FIXED_NORM_MASK is not retrained valid-operator performance
ele-fashion,43,uniform,low_similarity_high_novelty,FIXED_NORM_MASK,22373,0.0010228086325048125,0.006735472514371343,-0.005596369504928589,-0.21288490295410156,20,-0.0063981696963310245,0.00050942504264794,0.0008018001914024356,0.00021990385598852358,MATCHED,"{""allocated_cells"": 9, ""allocation"": {""((0, 2), 3)"": 398, ""((0, 3), 0)"": 2618, ""((0, 3), 1)"": 2051, ""((2, 2), 3)"": 327, ""((2, 3), 0)"": 3414, ""((2, 3), 1)"": 3801, ""((2, 3), 2)"": 998, ""((3, 3), 2)"": 4557, ""((3, 3), 3)"": 4209}, ""degree_pair_exact"": true, ""matched_edge_count_per_control"": 22373, ""matching_method"": ""integral max-flow with exact endpoint-degree-quantile-pair and base normalized edge-weight quantile marginals"", ""shortages"": {}, ""status"": ""MATCHED"", ""target_degree_pair_marginal"": ""{(3, 3): 8766, (2, 3): 8213, (0, 3): 4669, (0, 2): 398, (2, 2): 327}"", ""target_edge_count"": 22373, ""target_weight_quantile_marginal"": ""{0: 6032, 1: 5852, 2: 5555, 3: 4934}"", ""verified_exact_marginals"": true, ""weight_quantile_exact"": true}",frozen graph intervention; FIXED_NORM_MASK is not retrained valid-operator performance
ele-fashion,43,uniform,low_similarity_high_novelty,RENORMALIZED_DELETE,22373,0.0007159660427533687,0.005750948520810373,0.011841177940368652,0.24612712860107422,20,0.006124643981456757,0.001519183964610465,0.005716533958911895,-0.00032729876240157884,MATCHED,"{""allocated_cells"": 9, ""allocation"": {""((0, 2), 3)"": 398, ""((0, 3), 0)"": 2618, ""((0, 3), 1)"": 2051, ""((2, 2), 3)"": 327, ""((2, 3), 0)"": 3414, ""((2, 3), 1)"": 3801, ""((2, 3), 2)"": 998, ""((3, 3), 2)"": 4557, ""((3, 3), 3)"": 4209}, ""degree_pair_exact"": true, ""matched_edge_count_per_control"": 22373, ""matching_method"": ""integral max-flow with exact endpoint-degree-quantile-pair and base normalized edge-weight quantile marginals"", ""shortages"": {}, ""status"": ""MATCHED"", ""target_degree_pair_marginal"": ""{(3, 3): 8766, (2, 3): 8213, (0, 3): 4669, (0, 2): 398, (2, 2): 327}"", ""target_edge_count"": 22373, ""target_weight_quantile_marginal"": ""{0: 6032, 1: 5852, 2: 5555, 3: 4934}"", ""verified_exact_marginals"": true, ""weight_quantile_exact"": true}",frozen graph intervention; FIXED_NORM_MASK is not retrained valid-operator performance
ele-fashion,43,uniform,low_similarity_low_novelty,FIXED_NORM_MASK,6423,0.0002045617265009625,9.099685472524488e-05,-0.002191603183746338,-0.08088111877441406,20,-0.002186015248298645,0.0005532840409054192,-5.587935447692871e-06,-2.557021581262031e-05,MATCHED,"{""allocated_cells"": 8, ""allocation"": {""((0, 2), 3)"": 63, ""((0, 3), 0)"": 257, ""((2, 2), 3)"": 75, ""((2, 3), 0)"": 1383, ""((3, 3), 0)"": 810, ""((3, 3), 1)"": 1961, ""((3, 3), 2)"": 1110, ""((3, 3), 3)"": 764}, ""degree_pair_exact"": true, ""matched_edge_count_per_control"": 6423, ""matching_method"": ""integral max-flow with exact endpoint-degree-quantile-pair and base normalized edge-weight quantile marginals"", ""shortages"": {}, ""status"": ""MATCHED"", ""target_degree_pair_marginal"": ""{(3, 3): 4645, (2, 3): 1383, (0, 3): 257, (0, 2): 63, (2, 2): 75}"", ""target_edge_count"": 6423, ""target_weight_quantile_marginal"": ""{0: 2450, 1: 1961, 2: 1110, 3: 902}"", ""verified_exact_marginals"": true, ""weight_quantile_exact"": true}",frozen graph intervention; FIXED_NORM_MASK is not retrained valid-operator performance
ele-fashion,43,uniform,low_similarity_low_novelty,RENORMALIZED_DELETE,6423,0.00030684258975144374,0.00012742685210609395,-0.001955181360244751,0.02025604248046875,20,0.0008114933967590332,0.0006007066470212851,-0.002766674757003784,2.0456172650096248e-05,MATCHED,"{""allocated_cells"": 8, ""allocation"": {""((0, 2), 3)"": 63, ""((0, 3), 0)"": 257, ""((2, 2), 3)"": 75, ""((2, 3), 0)"": 1383, ""((3, 3), 0)"": 810, ""((3, 3), 1)"": 1961, ""((3, 3), 2)"": 1110, ""((3, 3), 3)"": 764}, ""degree_pair_exact"": true, ""matched_edge_count_per_control"": 6423, ""matching_method"": ""integral max-flow with exact endpoint-degree-quantile-pair and base normalized edge-weight quantile marginals"", ""shortages"": {}, ""status"": ""MATCHED"", ""target_degree_pair_marginal"": ""{(3, 3): 4645, (2, 3): 1383, (0, 3): 257, (0, 2): 63, (2, 2): 75}"", ""target_edge_count"": 6423, ""target_weight_quantile_marginal"": ""{0: 2450, 1: 1961, 2: 1110, 3: 902}"", ""verified_exact_marginals"": true, ""weight_quantile_exact"": true}",frozen graph intervention; FIXED_NORM_MASK is not retrained valid-operator performance
ele-fashion,43,uniform,low_similarity_low_embeddedness,FIXED_NORM_MASK,16273,0.0011250894957552937,0.002660611400696622,-0.0033652186393737793,-0.19125127792358398,20,-0.0056640863418579105,0.0006966884929312596,0.002298867702484131,0.0004807200572772563,MATCHED,"{""allocated_cells"": 6, ""allocation"": {""((2, 2), 3)"": 457, ""((2, 3), 0)"": 4042, ""((2, 3), 1)"": 4358, ""((2, 3), 2)"": 741, ""((3, 3), 2)"": 3598, ""((3, 3), 3)"": 3077}, ""degree_pair_exact"": true, ""matched_edge_count_per_control"": 16273, ""matching_method"": ""integral max-flow with exact endpoint-degree-quantile-pair and base normalized edge-weight quantile marginals"", ""shortages"": {}, ""status"": ""MATCHED"", ""target_degree_pair_marginal"": ""{(3, 3): 6675, (2, 3): 9141, (2, 2): 457}"", ""target_edge_count"": 16273, ""target_weight_quantile_marginal"": ""{0: 4042, 2: 4339, 3: 3534, 1: 4358}"", ""verified_exact_marginals"": true, ""weight_quantile_exact"": true}",frozen graph intervention; FIXED_NORM_MASK is not retrained valid-operator performance
ele-fashion,43,uniform,low_similarity_low_embeddedness,RENORMALIZED_DELETE,16273,-0.0002045617265009625,0.0006792401034734219,0.007242828607559204,0.10966157913208008,20,0.001173749566078186,0.0004822143020526592,0.006069079041481018,5.114043162524062e-05,MATCHED,"{""allocated_cells"": 6, ""allocation"": {""((2, 2), 3)"": 457, ""((2, 3), 0)"": 4042, ""((2, 3), 1)"": 4358, ""((2, 3), 2)"": 741, ""((3, 3), 2)"": 3598, ""((3, 3), 3)"": 3077}, ""degree_pair_exact"": true, ""matched_edge_count_per_control"": 16273, ""matching_method"": ""integral max-flow with exact endpoint-degree-quantile-pair and base normalized edge-weight quantile marginals"", ""shortages"": {}, ""status"": ""MATCHED"", ""target_degree_pair_marginal"": ""{(3, 3): 6675, (2, 3): 9141, (2, 2): 457}"", ""target_edge_count"": 16273, ""target_weight_quantile_marginal"": ""{0: 4042, 2: 4339, 3: 3534, 1: 4358}"", ""verified_exact_marginals"": true, ""weight_quantile_exact"": true}",frozen graph intervention; FIXED_NORM_MASK is not retrained valid-operator performance
ele-fashion,43,uniform,low_similarity_high_embeddedness,FIXED_NORM_MASK,7766,0.0002045617265009625,-0.0010542285223592573,-0.003184080123901367,-0.08042526245117188,20,-0.0029543861746788025,0.0005709046572555396,-0.0002296939492225647,0.00019433364017591438,MATCHED,"{""allocated_cells"": 6, ""allocation"": {""((2, 2), 3)"": 134, ""((2, 3), 0)"": 2329, ""((2, 3), 1)"": 1660, ""((3, 3), 1)"": 502, ""((3, 3), 2)"": 1897, ""((3, 3), 3)"": 1244}, ""degree_pair_exact"": true, ""matched_edge_count_per_control"": 7766, ""matching_method"": ""integral max-flow with exact endpoint-degree-quantile-pair and base normalized edge-weight quantile marginals"", ""shortages"": {}, ""status"": ""MATCHED"", ""target_degree_pair_marginal"": ""{(2, 3): 3989, (3, 3): 3643, (2, 2): 134}"", ""target_edge_count"": 7766, ""target_weight_quantile_marginal"": ""{0: 2329, 1: 2162, 3: 1378, 2: 1897}"", ""verified_exact_marginals"": true, ""weight_quantile_exact"": true}",frozen graph intervention; FIXED_NORM_MASK is not retrained valid-operator performance
ele-fashion,43,uniform,low_similarity_high_embeddedness,RENORMALIZED_DELETE,7766,-0.0002045617265009625,-0.0016148981472259294,0.0017309784889221191,0.04410362243652344,20,0.0008748054504394531,0.0005346988234929162,0.0008561730384826661,-0.00010228086325050345,MATCHED,"{""allocated_cells"": 6, ""allocation"": {""((2, 2), 3)"": 134, ""((2, 3), 0)"": 2329, ""((2, 3), 1)"": 1660, ""((3, 3), 1)"": 502, ""((3, 3), 2)"": 1897, ""((3, 3), 3)"": 1244}, ""degree_pair_exact"": true, ""matched_edge_count_per_control"": 7766, ""matching_method"": ""integral max-flow with exact endpoint-degree-quantile-pair and base normalized edge-weight quantile marginals"", ""shortages"": {}, ""status"": ""MATCHED"", ""target_degree_pair_marginal"": ""{(2, 3): 3989, (3, 3): 3643, (2, 2): 134}"", ""target_edge_count"": 7766, ""target_weight_quantile_marginal"": ""{0: 2329, 1: 2162, 3: 1378, 2: 1897}"", ""verified_exact_marginals"": true, ""weight_quantile_exact"": true}",frozen graph intervention; FIXED_NORM_MASK is not retrained valid-operator performance
ele-fashion,43,gpr,gpr_low_similarity_high_novelty,FIXED_NORM_MASK,22093,-0.00010228086325048125,0.0010671741224784759,-0.008059918880462646,-0.24916887283325195,20,-0.00926477313041687,0.0009021916153435368,0.001204854249954224,-0.0009460979850669515,MATCHED,"{""allocated_cells"": 9, ""allocation"": {""((0, 2), 3)"": 389, ""((0, 3), 0)"": 2616, ""((0, 3), 1)"": 2013, ""((2, 2), 3)"": 329, ""((2, 3), 0)"": 3362, ""((2, 3), 1)"": 3760, ""((2, 3), 2)"": 1035, ""((3, 3), 2)"": 4421, ""((3, 3), 3)"": 4168}, ""degree_pair_exact"": true, ""matched_edge_count_per_control"": 22093, ""matching_method"": ""integral max-flow with exact endpoint-degree-quantile-pair and base normalized edge-weight quantile marginals"", ""shortages"": {}, ""status"": ""MATCHED"", ""target_degree_pair_marginal"": ""{(3, 3): 8589, (2, 3): 8157, (0, 3): 4629, (0, 2): 389, (2, 2): 329}"", ""target_edge_count"": 22093, ""target_weight_quantile_marginal"": ""{0: 5978, 1: 5773, 2: 5456, 3: 4886}"", ""verified_exact_marginals"": true, ""weight_quantile_exact"": true}",frozen graph intervention; FIXED_NORM_MASK is not retrained valid-operator performance
ele-fashion,43,gpr,gpr_low_similarity_high_novelty,RENORMALIZED_DELETE,22093,-0.0010228086325048125,-0.00170877120102908,0.013864308595657349,0.2240591049194336,20,0.006021638214588165,0.0009199493416753849,0.007842670381069183,-0.0018103712795335847,MATCHED,"{""allocated_cells"": 9, ""allocation"": {""((0, 2), 3)"": 389, ""((0, 3), 0)"": 2616, ""((0, 3), 1)"": 2013, ""((2, 2), 3)"": 329, ""((2, 3), 0)"": 3362, ""((2, 3), 1)"": 3760, ""((2, 3), 2)"": 1035, ""((3, 3), 2)"": 4421, ""((3, 3), 3)"": 4168}, ""degree_pair_exact"": true, ""matched_edge_count_per_control"": 22093, ""matching_method"": ""integral max-flow with exact endpoint-degree-quantile-pair and base normalized edge-weight quantile marginals"", ""shortages"": {}, ""status"": ""MATCHED"", ""target_degree_pair_marginal"": ""{(3, 3): 8589, (2, 3): 8157, (0, 3): 4629, (0, 2): 389, (2, 2): 329}"", ""target_edge_count"": 22093, ""target_weight_quantile_marginal"": ""{0: 5978, 1: 5773, 2: 5456, 3: 4886}"", ""verified_exact_marginals"": true, ""weight_quantile_exact"": true}",frozen graph intervention; FIXED_NORM_MASK is not retrained valid-operator performance
ele-fashion,43,gpr,gpr_low_similarity_low_novelty,FIXED_NORM_MASK,6424,0.0002045617265009625,0.0006478738722135446,-0.0026477575302124023,-0.09042835235595703,20,-0.0029684394598007203,0.0005150820461615265,0.00032068192958831796,-0.00011762299273805343,MATCHED,"{""allocated_cells"": 8, ""allocation"": {""((0, 2), 3)"": 59, ""((0, 3), 0)"": 233, ""((2, 2), 3)"": 78, ""((2, 3), 0)"": 1383, ""((3, 3), 0)"": 834, ""((3, 3), 1)"": 1954, ""((3, 3), 2)"": 1137, ""((3, 3), 3)"": 746}, ""degree_pair_exact"": true, ""matched_edge_count_per_control"": 6424, ""matching_method"": ""integral max-flow with exact endpoint-degree-quantile-pair and base normalized edge-weight quantile marginals"", ""shortages"": {}, ""status"": ""MATCHED"", ""target_degree_pair_marginal"": ""{(3, 3): 4671, (2, 3): 1383, (0, 3): 233, (0, 2): 59, (2, 2): 78}"", ""target_edge_count"": 6424, ""target_weight_quantile_marginal"": ""{0: 2450, 2: 1137, 1: 1954, 3: 883}"", ""verified_exact_marginals"": true, ""weight_quantile_exact"": true}",frozen graph intervention; FIXED_NORM_MASK is not retrained valid-operator performance
ele-fashion,43,gpr,gpr_low_similarity_low_novelty,RENORMALIZED_DELETE,6424,-0.0002045617265009625,1.9051517501367243e-06,-0.0006269514560699463,0.01801776885986328,20,0.0008988603949546814,0.0004922808894086865,-0.0015258118510246277,-0.0005062902730898821,MATCHED,"{""allocated_cells"": 8, ""allocation"": {""((0, 2), 3)"": 59, ""((0, 3), 0)"": 233, ""((2, 2), 3)"": 78, ""((2, 3), 0)"": 1383, ""((3, 3), 0)"": 834, ""((3, 3), 1)"": 1954, ""((3, 3), 2)"": 1137, ""((3, 3), 3)"": 746}, ""degree_pair_exact"": true, ""matched_edge_count_per_control"": 6424, ""matching_method"": ""integral max-flow with exact endpoint-degree-quantile-pair and base normalized edge-weight quantile marginals"", ""shortages"": {}, ""status"": ""MATCHED"", ""target_degree_pair_marginal"": ""{(3, 3): 4671, (2, 3): 1383, (0, 3): 233, (0, 2): 59, (2, 2): 78}"", ""target_edge_count"": 6424, ""target_weight_quantile_marginal"": ""{0: 2450, 2: 1137, 1: 1954, 3: 883}"", ""verified_exact_marginals"": true, ""weight_quantile_exact"": true}",frozen graph intervention; FIXED_NORM_MASK is not retrained valid-operator performance
ele-fashion,43,text_uniform,text_low_similarity_high_novelty,FIXED_NORM_MASK,23103,-0.000409123453001925,-0.0007687891149039672,0.0008877217769622803,-0.08343124389648438,20,0.0037025585770606995,0.0008822693128642708,-0.002814836800098419,0.00012785107906312376,MATCHED,"{""allocated_cells"": 9, ""allocation"": {""((0, 2), 3)"": 327, ""((0, 3), 0)"": 2574, ""((0, 3), 1)"": 1904, ""((2, 2), 3)"": 263, ""((2, 3), 0)"": 4151, ""((2, 3), 1)"": 4459, ""((2, 3), 2)"": 111, ""((3, 3), 2)"": 5573, ""((3, 3), 3)"": 3741}, ""degree_pair_exact"": true, ""matched_edge_count_per_control"": 23103, ""matching_method"": ""integral max-flow with exact endpoint-degree-quantile-pair and base normalized edge-weight quantile marginals"", ""shortages"": {}, ""status"": ""MATCHED"", ""target_degree_pair_marginal"": ""{(3, 3): 9314, (2, 3): 8721, (0, 3): 4478, (0, 2): 327, (2, 2): 263}"", ""target_edge_count"": 23103, ""target_weight_quantile_marginal"": ""{0: 6725, 1: 6363, 2: 5684, 3: 4331}"", ""verified_exact_marginals"": true, ""weight_quantile_exact"": true}",frozen graph intervention; FIXED_NORM_MASK is not retrained valid-operator performance
ele-fashion,43,text_uniform,text_low_similarity_high_novelty,RENORMALIZED_DELETE,23103,0.0,-0.0015309773972785878,0.012712210416793823,0.3285856246948242,20,0.004655003547668457,0.0010456404202232967,0.008057206869125366,0.00017387746752585144,MATCHED,"{""allocated_cells"": 9, ""allocation"": {""((0, 2), 3)"": 327, ""((0, 3), 0)"": 2574, ""((0, 3), 1)"": 1904, ""((2, 2), 3)"": 263, ""((2, 3), 0)"": 4151, ""((2, 3), 1)"": 4459, ""((2, 3), 2)"": 111, ""((3, 3), 2)"": 5573, ""((3, 3), 3)"": 3741}, ""degree_pair_exact"": true, ""matched_edge_count_per_control"": 23103, ""matching_method"": ""integral max-flow with exact endpoint-degree-quantile-pair and base normalized edge-weight quantile marginals"", ""shortages"": {}, ""status"": ""MATCHED"", ""target_degree_pair_marginal"": ""{(3, 3): 9314, (2, 3): 8721, (0, 3): 4478, (0, 2): 327, (2, 2): 263}"", ""target_edge_count"": 23103, ""target_weight_quantile_marginal"": ""{0: 6725, 1: 6363, 2: 5684, 3: 4331}"", ""verified_exact_marginals"": true, ""weight_quantile_exact"": true}",frozen graph intervention; FIXED_NORM_MASK is not retrained valid-operator performance
ele-fashion,43,text_uniform,joint_low_similarity_high_novelty,FIXED_NORM_MASK,22373,0.0005114043162525173,0.0012790718633599596,-0.000232011079788208,-0.10231447219848633,20,0.0035905376076698302,0.0007383245492953223,-0.0038225486874580382,3.068425897516658e-05,MATCHED,"{""allocated_cells"": 9, ""allocation"": {""((0, 2), 3)"": 398, ""((0, 3), 0)"": 2618, ""((0, 3), 1)"": 2051, ""((2, 2), 3)"": 327, ""((2, 3), 0)"": 3414, ""((2, 3), 1)"": 3801, ""((2, 3), 2)"": 998, ""((3, 3), 2)"": 4557, ""((3, 3), 3)"": 4209}, ""degree_pair_exact"": true, ""matched_edge_count_per_control"": 22373, ""matching_method"": ""integral max-flow with exact endpoint-degree-quantile-pair and base normalized edge-weight quantile marginals"", ""shortages"": {}, ""status"": ""MATCHED"", ""target_degree_pair_marginal"": ""{(3, 3): 8766, (2, 3): 8213, (0, 3): 4669, (0, 2): 398, (2, 2): 327}"", ""target_edge_count"": 22373, ""target_weight_quantile_marginal"": ""{0: 6032, 1: 5852, 2: 5555, 3: 4934}"", ""verified_exact_marginals"": true, ""weight_quantile_exact"": true}",frozen graph intervention; FIXED_NORM_MASK is not retrained valid-operator performance
ele-fashion,43,text_uniform,joint_low_similarity_high_novelty,RENORMALIZED_DELETE,22373,0.00010228086325048125,0.0009844825281319913,0.008434683084487915,0.31379222869873047,20,0.006447842717170716,0.0011290964346924275,0.0019868403673171994,-0.0002505881149636735,MATCHED,"{""allocated_cells"": 9, ""allocation"": {""((0, 2), 3)"": 398, ""((0, 3), 0)"": 2618, ""((0, 3), 1)"": 2051, ""((2, 2), 3)"": 327, ""((2, 3), 0)"": 3414, ""((2, 3), 1)"": 3801, ""((2, 3), 2)"": 998, ""((3, 3), 2)"": 4557, ""((3, 3), 3)"": 4209}, ""degree_pair_exact"": true, ""matched_edge_count_per_control"": 22373, ""matching_method"": ""integral max-flow with exact endpoint-degree-quantile-pair and base normalized edge-weight quantile marginals"", ""shortages"": {}, ""status"": ""MATCHED"", ""target_degree_pair_marginal"": ""{(3, 3): 8766, (2, 3): 8213, (0, 3): 4669, (0, 2): 398, (2, 2): 327}"", ""target_edge_count"": 22373, ""target_weight_quantile_marginal"": ""{0: 6032, 1: 5852, 2: 5555, 3: 4934}"", ""verified_exact_marginals"": true, ""weight_quantile_exact"": true}",frozen graph intervention; FIXED_NORM_MASK is not retrained valid-operator performance
ele-fashion,43,visual_uniform,visual_low_similarity_high_novelty,FIXED_NORM_MASK,20891,-0.003988953666768991,-0.00312042964201642,0.014318257570266724,-0.09366369247436523,20,0.009085933864116668,0.0008249593336856615,0.005232323706150056,-0.0029047765163138285,MATCHED,"{""allocated_cells"": 9, ""allocation"": {""((0, 2), 3)"": 445, ""((0, 3), 0)"": 2663, ""((0, 3), 1)"": 2351, ""((2, 2), 3)"": 396, ""((2, 3), 0)"": 2369, ""((2, 3), 1)"": 2989, ""((2, 3), 2)"": 2079, ""((3, 3), 2)"": 3196, ""((3, 3), 3)"": 4403}, ""degree_pair_exact"": true, ""matched_edge_count_per_control"": 20891, ""matching_method"": ""integral max-flow with exact endpoint-degree-quantile-pair and base normalized edge-weight quantile marginals"", ""shortages"": {}, ""status"": ""MATCHED"", ""target_degree_pair_marginal"": ""{(3, 3): 7599, (0, 3): 5014, (2, 3): 7437, (0, 2): 445, (2, 2): 396}"", ""target_edge_count"": 20891, ""target_weight_quantile_marginal"": ""{0: 5032, 1: 5340, 2: 5275, 3: 5244}"", ""verified_exact_marginals"": true, ""weight_quantile_exact"": true}",frozen graph intervention; FIXED_NORM_MASK is not retrained valid-operator performance
ele-fashion,43,visual_uniform,visual_low_similarity_high_novelty,RENORMALIZED_DELETE,20891,-0.004193515393269953,-0.005364770085759973,0.027331382036209106,0.2325732707977295,20,0.010064361989498139,0.0014337180498070038,0.01726702004671097,-0.002347345811598678,MATCHED,"{""allocated_cells"": 9, ""allocation"": {""((0, 2), 3)"": 445, ""((0, 3), 0)"": 2663, ""((0, 3), 1)"": 2351, ""((2, 2), 3)"": 396, ""((2, 3), 0)"": 2369, ""((2, 3), 1)"": 2989, ""((2, 3), 2)"": 2079, ""((3, 3), 2)"": 3196, ""((3, 3), 3)"": 4403}, ""degree_pair_exact"": true, ""matched_edge_count_per_control"": 20891, ""matching_method"": ""integral max-flow with exact endpoint-degree-quantile-pair and base normalized edge-weight quantile marginals"", ""shortages"": {}, ""status"": ""MATCHED"", ""target_degree_pair_marginal"": ""{(3, 3): 7599, (0, 3): 5014, (2, 3): 7437, (0, 2): 445, (2, 2): 396}"", ""target_edge_count"": 20891, ""target_weight_quantile_marginal"": ""{0: 5032, 1: 5340, 2: 5275, 3: 5244}"", ""verified_exact_marginals"": true, ""weight_quantile_exact"": true}",frozen graph intervention; FIXED_NORM_MASK is not retrained valid-operator performance
ele-fashion,43,visual_uniform,joint_low_similarity_high_novelty,FIXED_NORM_MASK,22373,-0.0026593024445126234,-0.001298844255073539,0.00986906886100769,-0.09072995185852051,20,0.010490980744361878,0.0008236086222823843,-0.0006219118833541877,-0.0030581978111895725,MATCHED,"{""allocated_cells"": 9, ""allocation"": {""((0, 2), 3)"": 398, ""((0, 3), 0)"": 2618, ""((0, 3), 1)"": 2051, ""((2, 2), 3)"": 327, ""((2, 3), 0)"": 3414, ""((2, 3), 1)"": 3801, ""((2, 3), 2)"": 998, ""((3, 3), 2)"": 4557, ""((3, 3), 3)"": 4209}, ""degree_pair_exact"": true, ""matched_edge_count_per_control"": 22373, ""matching_method"": ""integral max-flow with exact endpoint-degree-quantile-pair and base normalized edge-weight quantile marginals"", ""shortages"": {}, ""status"": ""MATCHED"", ""target_degree_pair_marginal"": ""{(3, 3): 8766, (2, 3): 8213, (0, 3): 4669, (0, 2): 398, (2, 2): 327}"", ""target_edge_count"": 22373, ""target_weight_quantile_marginal"": ""{0: 6032, 1: 5852, 2: 5555, 3: 4934}"", ""verified_exact_marginals"": true, ""weight_quantile_exact"": true}",frozen graph intervention; FIXED_NORM_MASK is not retrained valid-operator performance
ele-fashion,43,visual_uniform,joint_low_similarity_high_novelty,RENORMALIZED_DELETE,22373,-0.002045617265009736,-0.0021464112490109377,0.01713833212852478,0.25016117095947266,20,0.010189126431941985,0.0014732554650086897,0.006949205696582795,-0.00208141556714741,MATCHED,"{""allocated_cells"": 9, ""allocation"": {""((0, 2), 3)"": 398, ""((0, 3), 0)"": 2618, ""((0, 3), 1)"": 2051, ""((2, 2), 3)"": 327, ""((2, 3), 0)"": 3414, ""((2, 3), 1)"": 3801, ""((2, 3), 2)"": 998, ""((3, 3), 2)"": 4557, ""((3, 3), 3)"": 4209}, ""degree_pair_exact"": true, ""matched_edge_count_per_control"": 22373, ""matching_method"": ""integral max-flow with exact endpoint-degree-quantile-pair and base normalized edge-weight quantile marginals"", ""shortages"": {}, ""status"": ""MATCHED"", ""target_degree_pair_marginal"": ""{(3, 3): 8766, (2, 3): 8213, (0, 3): 4669, (0, 2): 398, (2, 2): 327}"", ""target_edge_count"": 22373, ""target_weight_quantile_marginal"": ""{0: 6032, 1: 5852, 2: 5555, 3: 4934}"", ""verified_exact_marginals"": true, ""weight_quantile_exact"": true}",frozen graph intervention; FIXED_NORM_MASK is not retrained valid-operator performance
ele-fashion,44,uniform,low_similarity_high_novelty,FIXED_NORM_MASK,22297,0.0007159660427533687,0.0065961864970841555,-0.006396383047103882,-0.2182760238647461,20,-0.004142005741596222,0.0009266047512569928,-0.00225437730550766,-0.00029661450342645114,MATCHED,"{""allocated_cells"": 9, ""allocation"": {""((0, 2), 3)"": 409, ""((0, 3), 0)"": 2673, ""((0, 3), 1)"": 1914, ""((2, 2), 3)"": 356, ""((2, 3), 0)"": 3237, ""((2, 3), 1)"": 3954, ""((2, 3), 2)"": 908, ""((3, 3), 2)"": 4603, ""((3, 3), 3)"": 4243}, ""degree_pair_exact"": true, ""matched_edge_count_per_control"": 22297, ""matching_method"": ""integral max-flow with exact endpoint-degree-quantile-pair and base normalized edge-weight quantile marginals"", ""shortages"": {}, ""status"": ""MATCHED"", ""target_degree_pair_marginal"": ""{(3, 3): 8846, (2, 3): 8099, (0, 3): 4587, (0, 2): 409, (2, 2): 356}"", ""target_edge_count"": 22297, ""target_weight_quantile_marginal"": ""{0: 5910, 1: 5868, 2: 5511, 3: 5008}"", ""verified_exact_marginals"": true, ""weight_quantile_exact"": true}",frozen graph intervention; FIXED_NORM_MASK is not retrained valid-operator performance
ele-fashion,44,uniform,low_similarity_high_novelty,RENORMALIZED_DELETE,22297,-0.0009205277692544422,0.0037820536161619067,0.010615676641464233,0.23411798477172852,20,0.005157218873500824,0.0011296721453553566,0.00545845776796341,-0.0009409839419045162,MATCHED,"{""allocated_cells"": 9, ""allocation"": {""((0, 2), 3)"": 409, ""((0, 3), 0)"": 2673, ""((0, 3), 1)"": 1914, ""((2, 2), 3)"": 356, ""((2, 3), 0)"": 3237, ""((2, 3), 1)"": 3954, ""((2, 3), 2)"": 908, ""((3, 3), 2)"": 4603, ""((3, 3), 3)"": 4243}, ""degree_pair_exact"": true, ""matched_edge_count_per_control"": 22297, ""matching_method"": ""integral max-flow with exact endpoint-degree-quantile-pair and base normalized edge-weight quantile marginals"", ""shortages"": {}, ""status"": ""MATCHED"", ""target_degree_pair_marginal"": ""{(3, 3): 8846, (2, 3): 8099, (0, 3): 4587, (0, 2): 409, (2, 2): 356}"", ""target_edge_count"": 22297, ""target_weight_quantile_marginal"": ""{0: 5910, 1: 5868, 2: 5511, 3: 5008}"", ""verified_exact_marginals"": true, ""weight_quantile_exact"": true}",frozen graph intervention; FIXED_NORM_MASK is not retrained valid-operator performance
ele-fashion,44,uniform,low_similarity_low_novelty,FIXED_NORM_MASK,6597,0.0,-7.810686637643727e-05,-0.0019147396087646484,-0.08228588104248047,20,-0.002386048436164856,0.00046524129834336594,0.0004713088274002075,5.1140431625235073e-05,MATCHED,"{""allocated_cells"": 8, ""allocation"": {""((0, 2), 3)"": 63, ""((0, 3), 0)"": 264, ""((2, 2), 3)"": 72, ""((2, 3), 0)"": 1457, ""((3, 3), 0)"": 845, ""((3, 3), 1)"": 2036, ""((3, 3), 2)"": 1114, ""((3, 3), 3)"": 746}, ""degree_pair_exact"": true, ""matched_edge_count_per_control"": 6597, ""matching_method"": ""integral max-flow with exact endpoint-degree-quantile-pair and base normalized edge-weight quantile marginals"", ""shortages"": {}, ""status"": ""MATCHED"", ""target_degree_pair_marginal"": ""{(2, 3): 1457, (3, 3): 4741, (0, 3): 264, (0, 2): 63, (2, 2): 72}"", ""target_edge_count"": 6597, ""target_weight_quantile_marginal"": ""{0: 2566, 1: 2036, 2: 1114, 3: 881}"", ""verified_exact_marginals"": true, ""weight_quantile_exact"": true}",frozen graph intervention; FIXED_NORM_MASK is not retrained valid-operator performance
ele-fashion,44,uniform,low_similarity_low_novelty,RENORMALIZED_DELETE,6597,0.0,-0.00037041941369575504,-0.0020450949668884277,0.02026510238647461,20,0.0006222754716873169,0.0005347930527139865,-0.002667370438575745,-0.00017387746752584588,MATCHED,"{""allocated_cells"": 8, ""allocation"": {""((0, 2), 3)"": 63, ""((0, 3), 0)"": 264, ""((2, 2), 3)"": 72, ""((2, 3), 0)"": 1457, ""((3, 3), 0)"": 845, ""((3, 3), 1)"": 2036, ""((3, 3), 2)"": 1114, ""((3, 3), 3)"": 746}, ""degree_pair_exact"": true, ""matched_edge_count_per_control"": 6597, ""matching_method"": ""integral max-flow with exact endpoint-degree-quantile-pair and base normalized edge-weight quantile marginals"", ""shortages"": {}, ""status"": ""MATCHED"", ""target_degree_pair_marginal"": ""{(2, 3): 1457, (3, 3): 4741, (0, 3): 264, (0, 2): 63, (2, 2): 72}"", ""target_edge_count"": 6597, ""target_weight_quantile_marginal"": ""{0: 2566, 1: 2036, 2: 1114, 3: 881}"", ""verified_exact_marginals"": true, ""weight_quantile_exact"": true}",frozen graph intervention; FIXED_NORM_MASK is not retrained valid-operator performance
ele-fashion,44,uniform,low_similarity_low_embeddedness,FIXED_NORM_MASK,16113,0.000409123453001925,2.5172116947858036e-05,-0.0042698681354522705,-0.19620561599731445,20,-0.004935073852539063,0.0006917570153533711,0.0006652057170867922,0.0001073949064129942,MATCHED,"{""allocated_cells"": 6, ""allocation"": {""((2, 2), 3)"": 475, ""((2, 3), 0)"": 3903, ""((2, 3), 1)"": 4358, ""((2, 3), 2)"": 627, ""((3, 3), 2)"": 3650, ""((3, 3), 3)"": 3100}, ""degree_pair_exact"": true, ""matched_edge_count_per_control"": 16113, ""matching_method"": ""integral max-flow with exact endpoint-degree-quantile-pair and base normalized edge-weight quantile marginals"", ""shortages"": {}, ""status"": ""MATCHED"", ""target_degree_pair_marginal"": ""{(3, 3): 6750, (2, 3): 8888, (2, 2): 475}"", ""target_edge_count"": 16113, ""target_weight_quantile_marginal"": ""{0: 3903, 2: 4277, 3: 3575, 1: 4358}"", ""verified_exact_marginals"": true, ""weight_quantile_exact"": true}",frozen graph intervention; FIXED_NORM_MASK is not retrained valid-operator performance
ele-fashion,44,uniform,low_similarity_low_embeddedness,RENORMALIZED_DELETE,16113,-0.0005114043162525173,-0.0008687820859973883,0.004789501428604126,0.10839700698852539,20,0.0009230151772499084,0.0007329760792805355,0.0038664862513542175,-0.0005420885752276117,MATCHED,"{""allocated_cells"": 6, ""allocation"": {""((2, 2), 3)"": 475, ""((2, 3), 0)"": 3903, ""((2, 3), 1)"": 4358, ""((2, 3), 2)"": 627, ""((3, 3), 2)"": 3650, ""((3, 3), 3)"": 3100}, ""degree_pair_exact"": true, ""matched_edge_count_per_control"": 16113, ""matching_method"": ""integral max-flow with exact endpoint-degree-quantile-pair and base normalized edge-weight quantile marginals"", ""shortages"": {}, ""status"": ""MATCHED"", ""target_degree_pair_marginal"": ""{(3, 3): 6750, (2, 3): 8888, (2, 2): 475}"", ""target_edge_count"": 16113, ""target_weight_quantile_marginal"": ""{0: 3903, 2: 4277, 3: 3575, 1: 4358}"", ""verified_exact_marginals"": true, ""weight_quantile_exact"": true}",frozen graph intervention; FIXED_NORM_MASK is not retrained valid-operator performance
ele-fashion,44,uniform,low_similarity_high_embeddedness,FIXED_NORM_MASK,7835,0.0006136851795028875,0.0024672616505775347,-0.0046110451221466064,-0.08442497253417969,20,-0.002637524902820587,0.00047648862130517675,-0.0019735202193260195,0.0002147898128260106,MATCHED,"{""allocated_cells"": 6, ""allocation"": {""((2, 2), 3)"": 128, ""((2, 3), 0)"": 2313, ""((2, 3), 1)"": 1719, ""((3, 3), 1)"": 475, ""((3, 3), 2)"": 1926, ""((3, 3), 3)"": 1274}, ""degree_pair_exact"": true, ""matched_edge_count_per_control"": 7835, ""matching_method"": ""integral max-flow with exact endpoint-degree-quantile-pair and base normalized edge-weight quantile marginals"", ""shortages"": {}, ""status"": ""MATCHED"", ""target_degree_pair_marginal"": ""{(3, 3): 3675, (2, 3): 4032, (2, 2): 128}"", ""target_edge_count"": 7835, ""target_weight_quantile_marginal"": ""{0: 2313, 1: 2194, 2: 1926, 3: 1402}"", ""verified_exact_marginals"": true, ""weight_quantile_exact"": true}",frozen graph intervention; FIXED_NORM_MASK is not retrained valid-operator performance
ele-fashion,44,uniform,low_similarity_high_embeddedness,RENORMALIZED_DELETE,7835,-0.00010228086325048125,0.0018864333245500742,-0.0006087422370910645,0.04205036163330078,20,0.0006618544459342957,0.0004702381271183505,-0.0012705966830253602,-0.00018410555385089955,MATCHED,"{""allocated_cells"": 6, ""allocation"": {""((2, 2), 3)"": 128, ""((2, 3), 0)"": 2313, ""((2, 3), 1)"": 1719, ""((3, 3), 1)"": 475, ""((3, 3), 2)"": 1926, ""((3, 3), 3)"": 1274}, ""degree_pair_exact"": true, ""matched_edge_count_per_control"": 7835, ""matching_method"": ""integral max-flow with exact endpoint-degree-quantile-pair and base normalized edge-weight quantile marginals"", ""shortages"": {}, ""status"": ""MATCHED"", ""target_degree_pair_marginal"": ""{(3, 3): 3675, (2, 3): 4032, (2, 2): 128}"", ""target_edge_count"": 7835, ""target_weight_quantile_marginal"": ""{0: 2313, 1: 2194, 2: 1926, 3: 1402}"", ""verified_exact_marginals"": true, ""weight_quantile_exact"": true}",frozen graph intervention; FIXED_NORM_MASK is not retrained valid-operator performance
ele-fashion,44,gpr,gpr_low_similarity_high_novelty,FIXED_NORM_MASK,21871,-0.0007159660427533687,0.0025212076306673215,-0.005019456148147583,-0.1822338104248047,20,-0.005493552982807159,0.0007149916931058607,0.00047409683465957607,-0.0008693873376290961,MATCHED,"{""allocated_cells"": 9, ""allocation"": {""((0, 2), 3)"": 405, ""((0, 3), 0)"": 2704, ""((0, 3), 1)"": 1748, ""((2, 2), 3)"": 355, ""((2, 3), 0)"": 3134, ""((2, 3), 1)"": 3951, ""((2, 3), 2)"": 913, ""((3, 3), 2)"": 4468, ""((3, 3), 3)"": 4193}, ""degree_pair_exact"": true, ""matched_edge_count_per_control"": 21871, ""matching_method"": ""integral max-flow with exact endpoint-degree-quantile-pair and base normalized edge-weight quantile marginals"", ""shortages"": {}, ""status"": ""MATCHED"", ""target_degree_pair_marginal"": ""{(3, 3): 8661, (2, 3): 7998, (0, 3): 4452, (0, 2): 405, (2, 2): 355}"", ""target_edge_count"": 21871, ""target_weight_quantile_marginal"": ""{0: 5838, 1: 5699, 2: 5381, 3: 4953}"", ""verified_exact_marginals"": true, ""weight_quantile_exact"": true}",frozen graph intervention; FIXED_NORM_MASK is not retrained valid-operator performance
ele-fashion,44,gpr,gpr_low_similarity_high_novelty,RENORMALIZED_DELETE,21871,-0.0016364938120077,0.00020382914015359965,0.01422947645187378,0.22018766403198242,20,0.004865437746047974,0.0010524094507329855,0.009364038705825806,-0.0005676587910401709,MATCHED,"{""allocated_cells"": 9, ""allocation"": {""((0, 2), 3)"": 405, ""((0, 3), 0)"": 2704, ""((0, 3), 1)"": 1748, ""((2, 2), 3)"": 355, ""((2, 3), 0)"": 3134, ""((2, 3), 1)"": 3951, ""((2, 3), 2)"": 913, ""((3, 3), 2)"": 4468, ""((3, 3), 3)"": 4193}, ""degree_pair_exact"": true, ""matched_edge_count_per_control"": 21871, ""matching_method"": ""integral max-flow with exact endpoint-degree-quantile-pair and base normalized edge-weight quantile marginals"", ""shortages"": {}, ""status"": ""MATCHED"", ""target_degree_pair_marginal"": ""{(3, 3): 8661, (2, 3): 7998, (0, 3): 4452, (0, 2): 405, (2, 2): 355}"", ""target_edge_count"": 21871, ""target_weight_quantile_marginal"": ""{0: 5838, 1: 5699, 2: 5381, 3: 4953}"", ""verified_exact_marginals"": true, ""weight_quantile_exact"": true}",frozen graph intervention; FIXED_NORM_MASK is not retrained valid-operator performance
ele-fashion,44,gpr,gpr_low_similarity_low_novelty,FIXED_NORM_MASK,6689,0.0002045617265009625,0.0001817599633816558,-0.0017726123332977295,-0.07228755950927734,20,-0.0018280103802680969,0.00034883787954869696,5.539804697036739e-05,-0.00020967576966348655,MATCHED,"{""allocated_cells"": 8, ""allocation"": {""((0, 2), 3)"": 58, ""((0, 3), 0)"": 246, ""((2, 2), 3)"": 67, ""((2, 3), 0)"": 1466, ""((3, 3), 0)"": 849, ""((3, 3), 1)"": 2077, ""((3, 3), 2)"": 1165, ""((3, 3), 3)"": 761}, ""degree_pair_exact"": true, ""matched_edge_count_per_control"": 6689, ""matching_method"": ""integral max-flow with exact endpoint-degree-quantile-pair and base normalized edge-weight quantile marginals"", ""shortages"": {}, ""status"": ""MATCHED"", ""target_degree_pair_marginal"": ""{(2, 3): 1466, (3, 3): 4852, (0, 3): 246, (0, 2): 58, (2, 2): 67}"", ""target_edge_count"": 6689, ""target_weight_quantile_marginal"": ""{0: 2561, 1: 2077, 2: 1165, 3: 886}"", ""verified_exact_marginals"": true, ""weight_quantile_exact"": true}",frozen graph intervention; FIXED_NORM_MASK is not retrained valid-operator performance
ele-fashion,44,gpr,gpr_low_similarity_low_novelty,RENORMALIZED_DELETE,6689,0.0002045617265009625,0.0001888649311019286,-0.0015569627285003662,0.015892505645751953,20,0.0006838545203208923,0.0005314920083133137,-0.0022408172488212587,2.557021581262031e-05,MATCHED,"{""allocated_cells"": 8, ""allocation"": {""((0, 2), 3)"": 58, ""((0, 3), 0)"": 246, ""((2, 2), 3)"": 67, ""((2, 3), 0)"": 1466, ""((3, 3), 0)"": 849, ""((3, 3), 1)"": 2077, ""((3, 3), 2)"": 1165, ""((3, 3), 3)"": 761}, ""degree_pair_exact"": true, ""matched_edge_count_per_control"": 6689, ""matching_method"": ""integral max-flow with exact endpoint-degree-quantile-pair and base normalized edge-weight quantile marginals"", ""shortages"": {}, ""status"": ""MATCHED"", ""target_degree_pair_marginal"": ""{(2, 3): 1466, (3, 3): 4852, (0, 3): 246, (0, 2): 58, (2, 2): 67}"", ""target_edge_count"": 6689, ""target_weight_quantile_marginal"": ""{0: 2561, 1: 2077, 2: 1165, 3: 886}"", ""verified_exact_marginals"": true, ""weight_quantile_exact"": true}",frozen graph intervention; FIXED_NORM_MASK is not retrained valid-operator performance
ele-fashion,44,text_uniform,text_low_similarity_high_novelty,FIXED_NORM_MASK,24501,0.00030684258975144374,-0.0021636386873997715,1.7195940017700195e-05,-0.11160659790039062,20,0.0025023922324180605,0.0006912347688551427,-0.0024851962924003603,0.0004909481436023378,MATCHED,"{""allocated_cells"": 9, ""allocation"": {""((0, 2), 3)"": 368, ""((0, 3), 0)"": 2608, ""((0, 3), 1)"": 1889, ""((2, 2), 3)"": 282, ""((2, 3), 0)"": 4467, ""((2, 3), 1)"": 4865, ""((2, 3), 2)"": 35, ""((3, 3), 2)"": 5933, ""((3, 3), 3)"": 4054}, ""degree_pair_exact"": true, ""matched_edge_count_per_control"": 24501, ""matching_method"": ""integral max-flow with exact endpoint-degree-quantile-pair and base normalized edge-weight quantile marginals"", ""shortages"": {}, ""status"": ""MATCHED"", ""target_degree_pair_marginal"": ""{(3, 3): 9987, (2, 3): 9367, (0, 3): 4497, (0, 2): 368, (2, 2): 282}"", ""target_edge_count"": 24501, ""target_weight_quantile_marginal"": ""{0: 7075, 1: 6754, 2: 5968, 3: 4704}"", ""verified_exact_marginals"": true, ""weight_quantile_exact"": true}",frozen graph intervention; FIXED_NORM_MASK is not retrained valid-operator performance
ele-fashion,44,text_uniform,text_low_similarity_high_novelty,RENORMALIZED_DELETE,24501,0.001636493812007811,0.00026858724653255894,0.011313021183013916,0.3166844844818115,20,0.0034592211246490478,0.0010919985187446482,0.007853800058364868,-4.0912345300186946e-05,MATCHED,"{""allocated_cells"": 9, ""allocation"": {""((0, 2), 3)"": 368, ""((0, 3), 0)"": 2608, ""((0, 3), 1)"": 1889, ""((2, 2), 3)"": 282, ""((2, 3), 0)"": 4467, ""((2, 3), 1)"": 4865, ""((2, 3), 2)"": 35, ""((3, 3), 2)"": 5933, ""((3, 3), 3)"": 4054}, ""degree_pair_exact"": true, ""matched_edge_count_per_control"": 24501, ""matching_method"": ""integral max-flow with exact endpoint-degree-quantile-pair and base normalized edge-weight quantile marginals"", ""shortages"": {}, ""status"": ""MATCHED"", ""target_degree_pair_marginal"": ""{(3, 3): 9987, (2, 3): 9367, (0, 3): 4497, (0, 2): 368, (2, 2): 282}"", ""target_edge_count"": 24501, ""target_weight_quantile_marginal"": ""{0: 7075, 1: 6754, 2: 5968, 3: 4704}"", ""verified_exact_marginals"": true, ""weight_quantile_exact"": true}",frozen graph intervention; FIXED_NORM_MASK is not retrained valid-operator performance
ele-fashion,44,text_uniform,joint_low_similarity_high_novelty,FIXED_NORM_MASK,22297,0.0011250894957554047,-0.0008974401233913243,-0.0009629726409912109,-0.10814642906188965,20,0.002264383435249329,0.000903299008702098,-0.0032273560762405397,0.0005420885752275894,MATCHED,"{""allocated_cells"": 9, ""allocation"": {""((0, 2), 3)"": 409, ""((0, 3), 0)"": 2673, ""((0, 3), 1)"": 1914, ""((2, 2), 3)"": 356, ""((2, 3), 0)"": 3237, ""((2, 3), 1)"": 3954, ""((2, 3), 2)"": 908, ""((3, 3), 2)"": 4603, ""((3, 3), 3)"": 4243}, ""degree_pair_exact"": true, ""matched_edge_count_per_control"": 22297, ""matching_method"": ""integral max-flow with exact endpoint-degree-quantile-pair and base normalized edge-weight quantile marginals"", ""shortages"": {}, ""status"": ""MATCHED"", ""target_degree_pair_marginal"": ""{(3, 3): 8846, (2, 3): 8099, (0, 3): 4587, (0, 2): 409, (2, 2): 356}"", ""target_edge_count"": 22297, ""target_weight_quantile_marginal"": ""{0: 5910, 1: 5868, 2: 5511, 3: 5008}"", ""verified_exact_marginals"": true, ""weight_quantile_exact"": true}",frozen graph intervention; FIXED_NORM_MASK is not retrained valid-operator performance
ele-fashion,44,text_uniform,joint_low_similarity_high_novelty,RENORMALIZED_DELETE,22297,0.0018410555385087735,-0.000684223098916692,0.007666826248168945,0.29754090309143066,20,0.005412688851356507,0.0016074109568762018,0.0022541373968124386,0.00013296512222564228,MATCHED,"{""allocated_cells"": 9, ""allocation"": {""((0, 2), 3)"": 409, ""((0, 3), 0)"": 2673, ""((0, 3), 1)"": 1914, ""((2, 2), 3)"": 356, ""((2, 3), 0)"": 3237, ""((2, 3), 1)"": 3954, ""((2, 3), 2)"": 908, ""((3, 3), 2)"": 4603, ""((3, 3), 3)"": 4243}, ""degree_pair_exact"": true, ""matched_edge_count_per_control"": 22297, ""matching_method"": ""integral max-flow with exact endpoint-degree-quantile-pair and base normalized edge-weight quantile marginals"", ""shortages"": {}, ""status"": ""MATCHED"", ""target_degree_pair_marginal"": ""{(3, 3): 8846, (2, 3): 8099, (0, 3): 4587, (0, 2): 409, (2, 2): 356}"", ""target_edge_count"": 22297, ""target_weight_quantile_marginal"": ""{0: 5910, 1: 5868, 2: 5511, 3: 5008}"", ""verified_exact_marginals"": true, ""weight_quantile_exact"": true}",frozen graph intervention; FIXED_NORM_MASK is not retrained valid-operator performance
ele-fashion,44,visual_uniform,visual_low_similarity_high_novelty,FIXED_NORM_MASK,22514,-0.00398895366676888,-0.0007508599913448322,0.016366302967071533,-0.11291670799255371,20,0.007910072803497314,0.0008716170517513919,0.008456230163574219,-0.0012324844021683046,MATCHED,"{""allocated_cells"": 9, ""allocation"": {""((0, 2), 3)"": 480, ""((0, 3), 0)"": 2663, ""((0, 3), 1)"": 2608, ""((2, 2), 3)"": 412, ""((2, 3), 0)"": 2779, ""((2, 3), 1)"": 3084, ""((2, 3), 2)"": 2125, ""((3, 3), 2)"": 3524, ""((3, 3), 3)"": 4839}, ""degree_pair_exact"": true, ""matched_edge_count_per_control"": 22514, ""matching_method"": ""integral max-flow with exact endpoint-degree-quantile-pair and base normalized edge-weight quantile marginals"", ""shortages"": {}, ""status"": ""MATCHED"", ""target_degree_pair_marginal"": ""{(3, 3): 8363, (2, 3): 7988, (0, 3): 5271, (0, 2): 480, (2, 2): 412}"", ""target_edge_count"": 22514, ""target_weight_quantile_marginal"": ""{0: 5442, 1: 5692, 2: 5649, 3: 5731}"", ""verified_exact_marginals"": true, ""weight_quantile_exact"": true}",frozen graph intervention; FIXED_NORM_MASK is not retrained valid-operator performance
ele-fashion,44,visual_uniform,visual_low_similarity_high_novelty,RENORMALIZED_DELETE,22514,-0.0031707067607650297,0.0006045981923715749,0.029279053211212158,0.24272608757019043,20,0.00987168848514557,0.0017965915910764163,0.01940736472606659,-0.0006750536974531651,MATCHED,"{""allocated_cells"": 9, ""allocation"": {""((0, 2), 3)"": 480, ""((0, 3), 0)"": 2663, ""((0, 3), 1)"": 2608, ""((2, 2), 3)"": 412, ""((2, 3), 0)"": 2779, ""((2, 3), 1)"": 3084, ""((2, 3), 2)"": 2125, ""((3, 3), 2)"": 3524, ""((3, 3), 3)"": 4839}, ""degree_pair_exact"": true, ""matched_edge_count_per_control"": 22514, ""matching_method"": ""integral max-flow with exact endpoint-degree-quantile-pair and base normalized edge-weight quantile marginals"", ""shortages"": {}, ""status"": ""MATCHED"", ""target_degree_pair_marginal"": ""{(3, 3): 8363, (2, 3): 7988, (0, 3): 5271, (0, 2): 480, (2, 2): 412}"", ""target_edge_count"": 22514, ""target_weight_quantile_marginal"": ""{0: 5442, 1: 5692, 2: 5649, 3: 5731}"", ""verified_exact_marginals"": true, ""weight_quantile_exact"": true}",frozen graph intervention; FIXED_NORM_MASK is not retrained valid-operator performance
ele-fashion,44,visual_uniform,joint_low_similarity_high_novelty,FIXED_NORM_MASK,22297,-0.0007159660427533687,0.0017186718946331503,0.009906411170959473,-0.10111141204833984,20,0.008410140872001648,0.0008435532159272326,0.0014962702989578247,-0.0012836248337935396,MATCHED,"{""allocated_cells"": 9, ""allocation"": {""((0, 2), 3)"": 409, ""((0, 3), 0)"": 2673, ""((0, 3), 1)"": 1914, ""((2, 2), 3)"": 356, ""((2, 3), 0)"": 3237, ""((2, 3), 1)"": 3954, ""((2, 3), 2)"": 908, ""((3, 3), 2)"": 4603, ""((3, 3), 3)"": 4243}, ""degree_pair_exact"": true, ""matched_edge_count_per_control"": 22297, ""matching_method"": ""integral max-flow with exact endpoint-degree-quantile-pair and base normalized edge-weight quantile marginals"", ""shortages"": {}, ""status"": ""MATCHED"", ""target_degree_pair_marginal"": ""{(3, 3): 8846, (2, 3): 8099, (0, 3): 4587, (0, 2): 409, (2, 2): 356}"", ""target_edge_count"": 22297, ""target_weight_quantile_marginal"": ""{0: 5910, 1: 5868, 2: 5511, 3: 5008}"", ""verified_exact_marginals"": true, ""weight_quantile_exact"": true}",frozen graph intervention; FIXED_NORM_MASK is not retrained valid-operator performance
ele-fashion,44,visual_uniform,joint_low_similarity_high_novelty,RENORMALIZED_DELETE,22297,-0.00030684258975144374,0.0019534204084865614,0.018995702266693115,0.23923969268798828,20,0.009158292412757873,0.0011670359381289273,0.009837409853935242,-0.0007210800859158928,MATCHED,"{""allocated_cells"": 9, ""allocation"": {""((0, 2), 3)"": 409, ""((0, 3), 0)"": 2673, ""((0, 3), 1)"": 1914, ""((2, 2), 3)"": 356, ""((2, 3), 0)"": 3237, ""((2, 3), 1)"": 3954, ""((2, 3), 2)"": 908, ""((3, 3), 2)"": 4603, ""((3, 3), 3)"": 4243}, ""degree_pair_exact"": true, ""matched_edge_count_per_control"": 22297, ""matching_method"": ""integral max-flow with exact endpoint-degree-quantile-pair and base normalized edge-weight quantile marginals"", ""shortages"": {}, ""status"": ""MATCHED"", ""target_degree_pair_marginal"": ""{(3, 3): 8846, (2, 3): 8099, (0, 3): 4587, (0, 2): 409, (2, 2): 356}"", ""target_edge_count"": 22297, ""target_weight_quantile_marginal"": ""{0: 5910, 1: 5868, 2: 5511, 3: 5008}"", ""verified_exact_marginals"": true, ""weight_quantile_exact"": true}",frozen graph intervention; FIXED_NORM_MASK is not retrained valid-operator performance
Reddit-S,42,uniform,low_similarity_high_novelty,FIXED_NORM_MASK,9643,-0.0012582573136206143,-0.0013042327669054998,0.01113884150981903,-0.6211361885070801,20,-0.0010078631341457367,0.0019593064855636163,0.012146704643964768,-0.0008021390374331417,MATCHED,"{""allocated_cells"": 6, ""allocation"": {""((1, 1), 3)"": 646, ""((2, 2), 3)"": 1442, ""((3, 3), 0)"": 791, ""((3, 3), 1)"": 1876, ""((3, 3), 2)"": 2664, ""((3, 3), 3)"": 2224}, ""degree_pair_exact"": true, ""matched_edge_count_per_control"": 9643, ""matching_method"": ""integral max-flow with exact endpoint-degree-quantile-pair and base normalized edge-weight quantile marginals"", ""shortages"": {}, ""status"": ""MATCHED"", ""target_degree_pair_marginal"": ""{(1, 1): 646, (3, 3): 7555, (2, 2): 1442}"", ""target_edge_count"": 9643, ""target_weight_quantile_marginal"": ""{3: 4312, 0: 791, 1: 1876, 2: 2664}"", ""verified_exact_marginals"": true, ""weight_quantile_exact"": true}",frozen graph intervention; FIXED_NORM_MASK is not retrained valid-operator performance
Reddit-S,42,uniform,low_similarity_high_novelty,RENORMALIZED_DELETE,9643,-0.0012582573136206143,-0.0013520041332061306,0.008188441395759583,-0.0057125091552734375,20,0.0007465243339538574,0.0014614690659094528,0.007441917061805725,-0.0005033029254482458,MATCHED,"{""allocated_cells"": 6, ""allocation"": {""((1, 1), 3)"": 646, ""((2, 2), 3)"": 1442, ""((3, 3), 0)"": 791, ""((3, 3), 1)"": 1876, ""((3, 3), 2)"": 2664, ""((3, 3), 3)"": 2224}, ""degree_pair_exact"": true, ""matched_edge_count_per_control"": 9643, ""matching_method"": ""integral max-flow with exact endpoint-degree-quantile-pair and base normalized edge-weight quantile marginals"", ""shortages"": {}, ""status"": ""MATCHED"", ""target_degree_pair_marginal"": ""{(1, 1): 646, (3, 3): 7555, (2, 2): 1442}"", ""target_edge_count"": 9643, ""target_weight_quantile_marginal"": ""{3: 4312, 0: 791, 1: 1876, 2: 2664}"", ""verified_exact_marginals"": true, ""weight_quantile_exact"": true}",frozen graph intervention; FIXED_NORM_MASK is not retrained valid-operator performance
Reddit-S,42,uniform,low_similarity_low_novelty,FIXED_NORM_MASK,15772,-0.005347593582887722,-0.006924609699881179,0.012585684657096863,-0.5208950042724609,20,-0.001951386034488678,0.0012699517134304686,0.014537070691585541,-0.0006920415224913379,MATCHED,"{""allocated_cells"": 6, ""allocation"": {""((1, 1), 3)"": 482, ""((2, 2), 3)"": 1020, ""((3, 3), 0)"": 2939, ""((3, 3), 1)"": 4740, ""((3, 3), 2)"": 4896, ""((3, 3), 3)"": 1695}, ""degree_pair_exact"": true, ""matched_edge_count_per_control"": 15772, ""matching_method"": ""integral max-flow with exact endpoint-degree-quantile-pair and base normalized edge-weight quantile marginals"", ""shortages"": {}, ""status"": ""MATCHED"", ""target_degree_pair_marginal"": ""{(1, 1): 482, (2, 2): 1020, (3, 3): 14270}"", ""target_edge_count"": 15772, ""target_weight_quantile_marginal"": ""{3: 3197, 0: 2939, 2: 4896, 1: 4740}"", ""verified_exact_marginals"": true, ""weight_quantile_exact"": true}",frozen graph intervention; FIXED_NORM_MASK is not retrained valid-operator performance
Reddit-S,42,uniform,low_similarity_low_novelty,RENORMALIZED_DELETE,15772,-0.003774771940861954,-0.005523688385565606,0.011071890592575073,0.011846542358398438,20,0.0007348895072937012,0.0010407536027682962,0.010337001085281372,-0.0005662157911292765,MATCHED,"{""allocated_cells"": 6, ""allocation"": {""((1, 1), 3)"": 482, ""((2, 2), 3)"": 1020, ""((3, 3), 0)"": 2939, ""((3, 3), 1)"": 4740, ""((3, 3), 2)"": 4896, ""((3, 3), 3)"": 1695}, ""degree_pair_exact"": true, ""matched_edge_count_per_control"": 15772, ""matching_method"": ""integral max-flow with exact endpoint-degree-quantile-pair and base normalized edge-weight quantile marginals"", ""shortages"": {}, ""status"": ""MATCHED"", ""target_degree_pair_marginal"": ""{(1, 1): 482, (2, 2): 1020, (3, 3): 14270}"", ""target_edge_count"": 15772, ""target_weight_quantile_marginal"": ""{3: 3197, 0: 2939, 2: 4896, 1: 4740}"", ""verified_exact_marginals"": true, ""weight_quantile_exact"": true}",frozen graph intervention; FIXED_NORM_MASK is not retrained valid-operator performance
Reddit-S,42,uniform,low_similarity_low_embeddedness,FIXED_NORM_MASK,37342,-0.011009751494180597,-0.013469587501612201,0.038863345980644226,-1.6246466636657715,20,0.014813587069511414,0.0016766907652840538,0.024049758911132812,-0.0021704938659955985,MATCHED,"{""allocated_cells"": 6, ""allocation"": {""((1, 1), 3)"": 1469, ""((2, 2), 3)"": 3594, ""((3, 3), 0)"": 5182, ""((3, 3), 1)"": 10778, ""((3, 3), 2)"": 10356, ""((3, 3), 3)"": 5963}, ""degree_pair_exact"": true, ""matched_edge_count_per_control"": 37342, ""matching_method"": ""integral max-flow with exact endpoint-degree-quantile-pair and base normalized edge-weight quantile marginals"", ""shortages"": {}, ""status"": ""MATCHED"", ""target_degree_pair_marginal"": ""{(1, 1): 1469, (3, 3): 32279, (2, 2): 3594}"", ""target_edge_count"": 37342, ""target_weight_quantile_marginal"": ""{3: 11026, 0: 5182, 2: 10356, 1: 10778}"", ""verified_exact_marginals"": true, ""weight_quantile_exact"": true}",frozen graph intervention; FIXED_NORM_MASK is not retrained valid-operator performance
Reddit-S,42,uniform,low_similarity_low_embeddedness,RENORMALIZED_DELETE,37342,-0.008178672538534104,-0.01061567688577425,0.030231714248657227,-0.0027704238891601562,20,0.009278500825166703,0.002028358043549465,0.020953213423490526,-0.0015413652091852581,MATCHED,"{""allocated_cells"": 6, ""allocation"": {""((1, 1), 3)"": 1469, ""((2, 2), 3)"": 3594, ""((3, 3), 0)"": 5182, ""((3, 3), 1)"": 10778, ""((3, 3), 2)"": 10356, ""((3, 3), 3)"": 5963}, ""degree_pair_exact"": true, ""matched_edge_count_per_control"": 37342, ""matching_method"": ""integral max-flow with exact endpoint-degree-quantile-pair and base normalized edge-weight quantile marginals"", ""shortages"": {}, ""status"": ""MATCHED"", ""target_degree_pair_marginal"": ""{(1, 1): 1469, (3, 3): 32279, (2, 2): 3594}"", ""target_edge_count"": 37342, ""target_weight_quantile_marginal"": ""{3: 11026, 0: 5182, 2: 10356, 1: 10778}"", ""verified_exact_marginals"": true, ""weight_quantile_exact"": true}",frozen graph intervention; FIXED_NORM_MASK is not retrained valid-operator performance
Reddit-S,42,uniform,low_similarity_high_embeddedness,FIXED_NORM_MASK,37342,-0.011009751494180597,-0.013469587501612201,0.03886336088180542,-1.6246466636657715,20,0.015889886766672134,0.0013866436226724335,0.022973474115133286,-0.002186222082415856,MATCHED,"{""allocated_cells"": 6, ""allocation"": {""((1, 1), 3)"": 1469, ""((2, 2), 3)"": 3594, ""((3, 3), 0)"": 5182, ""((3, 3), 1)"": 10778, ""((3, 3), 2)"": 10356, ""((3, 3), 3)"": 5963}, ""degree_pair_exact"": true, ""matched_edge_count_per_control"": 37342, ""matching_method"": ""integral max-flow with exact endpoint-degree-quantile-pair and base normalized edge-weight quantile marginals"", ""shortages"": {}, ""status"": ""MATCHED"", ""target_degree_pair_marginal"": ""{(1, 1): 1469, (3, 3): 32279, (2, 2): 3594}"", ""target_edge_count"": 37342, ""target_weight_quantile_marginal"": ""{3: 11026, 0: 5182, 2: 10356, 1: 10778}"", ""verified_exact_marginals"": true, ""weight_quantile_exact"": true}",frozen graph intervention; FIXED_NORM_MASK is not retrained valid-operator performance
Reddit-S,42,uniform,low_similarity_high_embeddedness,RENORMALIZED_DELETE,37342,-0.008178672538534104,-0.01061567688577425,0.030231714248657227,-0.0027709007263183594,20,0.010056083649396896,0.0014145903063147642,0.02017563059926033,-0.0014941805599244795,MATCHED,"{""allocated_cells"": 6, ""allocation"": {""((1, 1), 3)"": 1469, ""((2, 2), 3)"": 3594, ""((3, 3), 0)"": 5182, ""((3, 3), 1)"": 10778, ""((3, 3), 2)"": 10356, ""((3, 3), 3)"": 5963}, ""degree_pair_exact"": true, ""matched_edge_count_per_control"": 37342, ""matching_method"": ""integral max-flow with exact endpoint-degree-quantile-pair and base normalized edge-weight quantile marginals"", ""shortages"": {}, ""status"": ""MATCHED"", ""target_degree_pair_marginal"": ""{(1, 1): 1469, (3, 3): 32279, (2, 2): 3594}"", ""target_edge_count"": 37342, ""target_weight_quantile_marginal"": ""{3: 11026, 0: 5182, 2: 10356, 1: 10778}"", ""verified_exact_marginals"": true, ""weight_quantile_exact"": true}",frozen graph intervention; FIXED_NORM_MASK is not retrained valid-operator performance
Reddit-S,42,gpr,gpr_low_similarity_high_novelty,FIXED_NORM_MASK,17420,-0.003774771940861954,-0.004250819439328923,0.008041739463806152,-0.7457551956176758,20,-0.0017529085278511047,0.0018529486629161565,0.009794647991657256,-0.0012425290972003622,MATCHED,"{""allocated_cells"": 6, ""allocation"": {""((1, 1), 3)"": 646, ""((2, 2), 3)"": 1293, ""((3, 3), 0)"": 379, ""((3, 3), 1)"": 6549, ""((3, 3), 2)"": 6180, ""((3, 3), 3)"": 2373}, ""degree_pair_exact"": true, ""matched_edge_count_per_control"": 17420, ""matching_method"": ""integral max-flow with exact endpoint-degree-quantile-pair and base normalized edge-weight quantile marginals"", ""shortages"": {}, ""status"": ""MATCHED"", ""target_degree_pair_marginal"": ""{(1, 1): 646, (2, 2): 1293, (3, 3): 15481}"", ""target_edge_count"": 17420, ""target_weight_quantile_marginal"": ""{3: 4312, 0: 379, 1: 6549, 2: 6180}"", ""verified_exact_marginals"": true, ""weight_quantile_exact"": true}",frozen graph intervention; FIXED_NORM_MASK is not retrained valid-operator performance
Reddit-S,42,gpr,gpr_low_similarity_high_novelty,RENORMALIZED_DELETE,17420,-0.001572821642025768,-0.0019203291669976918,0.010290265083312988,-0.02007293701171875,20,0.000990436226129532,0.0017482775085076467,0.009299828857183456,-0.0007077697389115956,MATCHED,"{""allocated_cells"": 6, ""allocation"": {""((1, 1), 3)"": 646, ""((2, 2), 3)"": 1293, ""((3, 3), 0)"": 379, ""((3, 3), 1)"": 6549, ""((3, 3), 2)"": 6180, ""((3, 3), 3)"": 2373}, ""degree_pair_exact"": true, ""matched_edge_count_per_control"": 17420, ""matching_method"": ""integral max-flow with exact endpoint-degree-quantile-pair and base normalized edge-weight quantile marginals"", ""shortages"": {}, ""status"": ""MATCHED"", ""target_degree_pair_marginal"": ""{(1, 1): 646, (2, 2): 1293, (3, 3): 15481}"", ""target_edge_count"": 17420, ""target_weight_quantile_marginal"": ""{3: 4312, 0: 379, 1: 6549, 2: 6180}"", ""verified_exact_marginals"": true, ""weight_quantile_exact"": true}",frozen graph intervention; FIXED_NORM_MASK is not retrained valid-operator performance
Reddit-S,42,gpr,gpr_low_similarity_low_novelty,FIXED_NORM_MASK,10253,-0.0034602076124568004,-0.004256505915146369,0.011507198214530945,-0.5823564529418945,20,-0.0018426239490509032,0.0017705163773731262,0.013349822163581848,-0.0005504875747090188,MATCHED,"{""allocated_cells"": 6, ""allocation"": {""((1, 1), 3)"": 501, ""((2, 2), 3)"": 1334, ""((3, 3), 0)"": 2608, ""((3, 3), 1)"": 1996, ""((3, 3), 2)"": 1859, ""((3, 3), 3)"": 1955}, ""degree_pair_exact"": true, ""matched_edge_count_per_control"": 10253, ""matching_method"": ""integral max-flow with exact endpoint-degree-quantile-pair and base normalized edge-weight quantile marginals"", ""shortages"": {}, ""status"": ""MATCHED"", ""target_degree_pair_marginal"": ""{(1, 1): 501, (3, 3): 8418, (2, 2): 1334}"", ""target_edge_count"": 10253, ""target_weight_quantile_marginal"": ""{3: 3790, 0: 2608, 2: 1859, 1: 1996}"", ""verified_exact_marginals"": true, ""weight_quantile_exact"": true}",frozen graph intervention; FIXED_NORM_MASK is not retrained valid-operator performance
Reddit-S,42,gpr,gpr_low_similarity_low_novelty,RENORMALIZED_DELETE,10253,-0.003774771940861954,-0.0046178303764981,0.010152071714401245,0.00360107421875,20,6.672218441963195e-05,0.0014693323632463588,0.010085349529981613,-0.0004089336269266997,MATCHED,"{""allocated_cells"": 6, ""allocation"": {""((1, 1), 3)"": 501, ""((2, 2), 3)"": 1334, ""((3, 3), 0)"": 2608, ""((3, 3), 1)"": 1996, ""((3, 3), 2)"": 1859, ""((3, 3), 3)"": 1955}, ""degree_pair_exact"": true, ""matched_edge_count_per_control"": 10253, ""matching_method"": ""integral max-flow with exact endpoint-degree-quantile-pair and base normalized edge-weight quantile marginals"", ""shortages"": {}, ""status"": ""MATCHED"", ""target_degree_pair_marginal"": ""{(1, 1): 501, (3, 3): 8418, (2, 2): 1334}"", ""target_edge_count"": 10253, ""target_weight_quantile_marginal"": ""{3: 3790, 0: 2608, 2: 1859, 1: 1996}"", ""verified_exact_marginals"": true, ""weight_quantile_exact"": true}",frozen graph intervention; FIXED_NORM_MASK is not retrained valid-operator performance
Reddit-S,42,text_uniform,text_low_similarity_high_novelty,FIXED_NORM_MASK,8955,-0.022648631645171502,-0.02250358727813173,0.0759384036064148,-0.2959585189819336,20,0.02150481045246124,0.0017264463134017214,0.054433593153953554,-0.003350110097514997,MATCHED,"{""allocated_cells"": 6, ""allocation"": {""((1, 1), 3)"": 456, ""((2, 2), 3)"": 1284, ""((3, 3), 0)"": 706, ""((3, 3), 1)"": 1099, ""((3, 3), 2)"": 3370, ""((3, 3), 3)"": 2040}, ""degree_pair_exact"": true, ""matched_edge_count_per_control"": 8955, ""matching_method"": ""integral max-flow with exact endpoint-degree-quantile-pair and base normalized edge-weight quantile marginals"", ""shortages"": {}, ""status"": ""MATCHED"", ""target_degree_pair_marginal"": ""{(1, 1): 456, (3, 3): 7215, (2, 2): 1284}"", ""target_edge_count"": 8955, ""target_weight_quantile_marginal"": ""{3: 3780, 0: 706, 1: 1099, 2: 3370}"", ""verified_exact_marginals"": true, ""weight_quantile_exact"": true}",frozen graph intervention; FIXED_NORM_MASK is not retrained valid-operator performance
Reddit-S,42,text_uniform,text_low_similarity_high_novelty,RENORMALIZED_DELETE,8955,-0.01730103806228378,-0.017363967505401035,0.07445329427719116,0.00177001953125,20,0.004911577701568604,0.0018349237178381277,0.06954171657562255,-0.0011324315822586416,MATCHED,"{""allocated_cells"": 6, ""allocation"": {""((1, 1), 3)"": 456, ""((2, 2), 3)"": 1284, ""((3, 3), 0)"": 706, ""((3, 3), 1)"": 1099, ""((3, 3), 2)"": 3370, ""((3, 3), 3)"": 2040}, ""degree_pair_exact"": true, ""matched_edge_count_per_control"": 8955, ""matching_method"": ""integral max-flow with exact endpoint-degree-quantile-pair and base normalized edge-weight quantile marginals"", ""shortages"": {}, ""status"": ""MATCHED"", ""target_degree_pair_marginal"": ""{(1, 1): 456, (3, 3): 7215, (2, 2): 1284}"", ""target_edge_count"": 8955, ""target_weight_quantile_marginal"": ""{3: 3780, 0: 706, 1: 1099, 2: 3370}"", ""verified_exact_marginals"": true, ""weight_quantile_exact"": true}",frozen graph intervention; FIXED_NORM_MASK is not retrained valid-operator performance
Reddit-S,42,text_uniform,joint_low_similarity_high_novelty,FIXED_NORM_MASK,9643,-0.015728216420258012,-0.014728688109116539,0.06804341077804565,-0.38946104049682617,20,0.029731397330760957,0.002744122306977792,0.0383120134472847,-0.006369927650204521,MATCHED,"{""allocated_cells"": 6, ""allocation"": {""((1, 1), 3)"": 646, ""((2, 2), 3)"": 1442, ""((3, 3), 0)"": 791, ""((3, 3), 1)"": 1876, ""((3, 3), 2)"": 2664, ""((3, 3), 3)"": 2224}, ""degree_pair_exact"": true, ""matched_edge_count_per_control"": 9643, ""matching_method"": ""integral max-flow with exact endpoint-degree-quantile-pair and base normalized edge-weight quantile marginals"", ""shortages"": {}, ""status"": ""MATCHED"", ""target_degree_pair_marginal"": ""{(1, 1): 646, (3, 3): 7555, (2, 2): 1442}"", ""target_edge_count"": 9643, ""target_weight_quantile_marginal"": ""{3: 4312, 0: 791, 1: 1876, 2: 2664}"", ""verified_exact_marginals"": true, ""weight_quantile_exact"": true}",frozen graph intervention; FIXED_NORM_MASK is not retrained valid-operator performance
Reddit-S,42,text_uniform,joint_low_similarity_high_novelty,RENORMALIZED_DELETE,9643,-0.011638880150990905,-0.010496317650127374,0.04759284853935242,0.0010461807250976562,20,0.00934806913137436,0.0028120072474815427,0.03824477940797806,-0.0032242843661529352,MATCHED,"{""allocated_cells"": 6, ""allocation"": {""((1, 1), 3)"": 646, ""((2, 2), 3)"": 1442, ""((3, 3), 0)"": 791, ""((3, 3), 1)"": 1876, ""((3, 3), 2)"": 2664, ""((3, 3), 3)"": 2224}, ""degree_pair_exact"": true, ""matched_edge_count_per_control"": 9643, ""matching_method"": ""integral max-flow with exact endpoint-degree-quantile-pair and base normalized edge-weight quantile marginals"", ""shortages"": {}, ""status"": ""MATCHED"", ""target_degree_pair_marginal"": ""{(1, 1): 646, (3, 3): 7555, (2, 2): 1442}"", ""target_edge_count"": 9643, ""target_weight_quantile_marginal"": ""{3: 4312, 0: 791, 1: 1876, 2: 2664}"", ""verified_exact_marginals"": true, ""weight_quantile_exact"": true}",frozen graph intervention; FIXED_NORM_MASK is not retrained valid-operator performance
Reddit-S,42,visual_uniform,visual_low_similarity_high_novelty,FIXED_NORM_MASK,14314,-0.007864108210129062,-0.007106047557094097,0.05301760137081146,-0.45264339447021484,20,0.014053832739591599,0.0011337613237567214,0.038963768631219864,-0.0006291286568103904,MATCHED,"{""allocated_cells"": 6, ""allocation"": {""((1, 1), 3)"": 598, ""((2, 2), 3)"": 1450, ""((3, 3), 0)"": 3145, ""((3, 3), 1)"": 2314, ""((3, 3), 2)"": 4506, ""((3, 3), 3)"": 2301}, ""degree_pair_exact"": true, ""matched_edge_count_per_control"": 14314, ""matching_method"": ""integral max-flow with exact endpoint-degree-quantile-pair and base normalized edge-weight quantile marginals"", ""shortages"": {}, ""status"": ""MATCHED"", ""target_degree_pair_marginal"": ""{(1, 1): 598, (2, 2): 1450, (3, 3): 12266}"", ""target_edge_count"": 14314, ""target_weight_quantile_marginal"": ""{3: 4349, 0: 3145, 2: 4506, 1: 2314}"", ""verified_exact_marginals"": true, ""weight_quantile_exact"": true}",frozen graph intervention; FIXED_NORM_MASK is not retrained valid-operator performance
Reddit-S,42,visual_uniform,visual_low_similarity_high_novelty,RENORMALIZED_DELETE,14314,-0.006920415224913601,-0.005987568756792849,0.021950051188468933,0.02502727508544922,20,0.0010612532496452332,0.0011625438217562948,0.0208887979388237,-0.0004246618433470295,MATCHED,"{""allocated_cells"": 6, ""allocation"": {""((1, 1), 3)"": 598, ""((2, 2), 3)"": 1450, ""((3, 3), 0)"": 3145, ""((3, 3), 1)"": 2314, ""((3, 3), 2)"": 4506, ""((3, 3), 3)"": 2301}, ""degree_pair_exact"": true, ""matched_edge_count_per_control"": 14314, ""matching_method"": ""integral max-flow with exact endpoint-degree-quantile-pair and base normalized edge-weight quantile marginals"", ""shortages"": {}, ""status"": ""MATCHED"", ""target_degree_pair_marginal"": ""{(1, 1): 598, (2, 2): 1450, (3, 3): 12266}"", ""target_edge_count"": 14314, ""target_weight_quantile_marginal"": ""{3: 4349, 0: 3145, 2: 4506, 1: 2314}"", ""verified_exact_marginals"": true, ""weight_quantile_exact"": true}",frozen graph intervention; FIXED_NORM_MASK is not retrained valid-operator performance
Reddit-S,42,visual_uniform,joint_low_similarity_high_novelty,FIXED_NORM_MASK,9643,-0.0028310789556464933,-0.00148103081486739,0.035000190138816833,-0.4289522171020508,20,0.015988658368587493,0.0015802869712596658,0.01901153177022934,-0.0008493236866940091,MATCHED,"{""allocated_cells"": 6, ""allocation"": {""((1, 1), 3)"": 646, ""((2, 2), 3)"": 1442, ""((3, 3), 0)"": 791, ""((3, 3), 1)"": 1876, ""((3, 3), 2)"": 2664, ""((3, 3), 3)"": 2224}, ""degree_pair_exact"": true, ""matched_edge_count_per_control"": 9643, ""matching_method"": ""integral max-flow with exact endpoint-degree-quantile-pair and base normalized edge-weight quantile marginals"", ""shortages"": {}, ""status"": ""MATCHED"", ""target_degree_pair_marginal"": ""{(1, 1): 646, (3, 3): 7555, (2, 2): 1442}"", ""target_edge_count"": 9643, ""target_weight_quantile_marginal"": ""{3: 4312, 0: 791, 1: 1876, 2: 2664}"", ""verified_exact_marginals"": true, ""weight_quantile_exact"": true}",frozen graph intervention; FIXED_NORM_MASK is not retrained valid-operator performance
Reddit-S,42,visual_uniform,joint_low_similarity_high_novelty,RENORMALIZED_DELETE,9643,-0.0025165146272413397,-0.0013757313791524783,0.008163049817085266,0.023604869842529297,20,0.0012988388538360597,0.0009033301425110605,0.006864210963249207,-0.0004403900597673038,MATCHED,"{""allocated_cells"": 6, ""allocation"": {""((1, 1), 3)"": 646, ""((2, 2), 3)"": 1442, ""((3, 3), 0)"": 791, ""((3, 3), 1)"": 1876, ""((3, 3), 2)"": 2664, ""((3, 3), 3)"": 2224}, ""degree_pair_exact"": true, ""matched_edge_count_per_control"": 9643, ""matching_method"": ""integral max-flow with exact endpoint-degree-quantile-pair and base normalized edge-weight quantile marginals"", ""shortages"": {}, ""status"": ""MATCHED"", ""target_degree_pair_marginal"": ""{(1, 1): 646, (3, 3): 7555, (2, 2): 1442}"", ""target_edge_count"": 9643, ""target_weight_quantile_marginal"": ""{3: 4312, 0: 791, 1: 1876, 2: 2664}"", ""verified_exact_marginals"": true, ""weight_quantile_exact"": true}",frozen graph intervention; FIXED_NORM_MASK is not retrained valid-operator performance
Reddit-S,43,uniform,low_similarity_high_novelty,FIXED_NORM_MASK,11934,-0.005033029254482568,-0.009116218686247568,0.011742211878299713,-0.6319112777709961,20,0.0012422922998666763,0.001215887889545956,0.010499919578433037,-0.00017301038062283446,MATCHED,"{""allocated_cells"": 6, ""allocation"": {""((1, 1), 3)"": 568, ""((2, 2), 3)"": 1327, ""((3, 3), 0)"": 862, ""((3, 3), 1)"": 985, ""((3, 3), 2)"": 5369, ""((3, 3), 3)"": 2823}, ""degree_pair_exact"": true, ""matched_edge_count_per_control"": 11934, ""matching_method"": ""integral max-flow with exact endpoint-degree-quantile-pair and base normalized edge-weight quantile marginals"", ""shortages"": {}, ""status"": ""MATCHED"", ""target_degree_pair_marginal"": ""{(1, 1): 568, (3, 3): 10039, (2, 2): 1327}"", ""target_edge_count"": 11934, ""target_weight_quantile_marginal"": ""{3: 4718, 0: 862, 2: 5369, 1: 985}"", ""verified_exact_marginals"": true, ""weight_quantile_exact"": true}",frozen graph intervention; FIXED_NORM_MASK is not retrained valid-operator performance
Reddit-S,43,uniform,low_similarity_high_novelty,RENORMALIZED_DELETE,11934,-0.003774771940861954,-0.006020732710619758,0.010139547288417816,0.024969100952148438,20,0.0008194707334041595,0.0008459521686499939,0.009320076555013657,-0.0006763133060710913,MATCHED,"{""allocated_cells"": 6, ""allocation"": {""((1, 1), 3)"": 568, ""((2, 2), 3)"": 1327, ""((3, 3), 0)"": 862, ""((3, 3), 1)"": 985, ""((3, 3), 2)"": 5369, ""((3, 3), 3)"": 2823}, ""degree_pair_exact"": true, ""matched_edge_count_per_control"": 11934, ""matching_method"": ""integral max-flow with exact endpoint-degree-quantile-pair and base normalized edge-weight quantile marginals"", ""shortages"": {}, ""status"": ""MATCHED"", ""target_degree_pair_marginal"": ""{(1, 1): 568, (3, 3): 10039, (2, 2): 1327}"", ""target_edge_count"": 11934, ""target_weight_quantile_marginal"": ""{3: 4718, 0: 862, 2: 5369, 1: 985}"", ""verified_exact_marginals"": true, ""weight_quantile_exact"": true}",frozen graph intervention; FIXED_NORM_MASK is not retrained valid-operator performance
Reddit-S,43,uniform,low_similarity_low_novelty,FIXED_NORM_MASK,10050,-0.002201950298836186,-0.0019930662874512173,0.013750441372394562,-0.46979665756225586,20,-0.0007260289043188095,0.0013387909912515067,0.014476470276713371,-0.00017301038062283446,MATCHED,"{""allocated_cells"": 6, ""allocation"": {""((1, 1), 3)"": 469, ""((2, 2), 3)"": 941, ""((3, 3), 0)"": 2182, ""((3, 3), 1)"": 4117, ""((3, 3), 2)"": 956, ""((3, 3), 3)"": 1385}, ""degree_pair_exact"": true, ""matched_edge_count_per_control"": 10050, ""matching_method"": ""integral max-flow with exact endpoint-degree-quantile-pair and base normalized edge-weight quantile marginals"", ""shortages"": {}, ""status"": ""MATCHED"", ""target_degree_pair_marginal"": ""{(1, 1): 469, (2, 2): 941, (3, 3): 8640}"", ""target_edge_count"": 10050, ""target_weight_quantile_marginal"": ""{3: 2795, 0: 2182, 2: 956, 1: 4117}"", ""verified_exact_marginals"": true, ""weight_quantile_exact"": true}",frozen graph intervention; FIXED_NORM_MASK is not retrained valid-operator performance
Reddit-S,43,uniform,low_similarity_low_novelty,RENORMALIZED_DELETE,10050,-0.0025165146272413397,-0.0022765600559258026,0.009440504014492035,-0.005199432373046875,20,9.6052885055542e-06,0.0007404495786955689,0.009430898725986481,-0.0003302925448254113,MATCHED,"{""allocated_cells"": 6, ""allocation"": {""((1, 1), 3)"": 469, ""((2, 2), 3)"": 941, ""((3, 3), 0)"": 2182, ""((3, 3), 1)"": 4117, ""((3, 3), 2)"": 956, ""((3, 3), 3)"": 1385}, ""degree_pair_exact"": true, ""matched_edge_count_per_control"": 10050, ""matching_method"": ""integral max-flow with exact endpoint-degree-quantile-pair and base normalized edge-weight quantile marginals"", ""shortages"": {}, ""status"": ""MATCHED"", ""target_degree_pair_marginal"": ""{(1, 1): 469, (2, 2): 941, (3, 3): 8640}"", ""target_edge_count"": 10050, ""target_weight_quantile_marginal"": ""{3: 2795, 0: 2182, 2: 956, 1: 4117}"", ""verified_exact_marginals"": true, ""weight_quantile_exact"": true}",frozen graph intervention; FIXED_NORM_MASK is not retrained valid-operator performance
Reddit-S,43,uniform,low_similarity_low_embeddedness,FIXED_NORM_MASK,34397,-0.010066058508965137,-0.016051862125116223,0.03917286545038223,-1.5328960418701172,20,0.013463664054870605,0.0015928674033691915,0.025709201395511628,-0.0020132117017930607,MATCHED,"{""allocated_cells"": 6, ""allocation"": {""((1, 1), 3)"": 1374, ""((2, 2), 3)"": 3351, ""((3, 3), 0)"": 4528, ""((3, 3), 1)"": 10226, ""((3, 3), 2)"": 9405, ""((3, 3), 3)"": 5513}, ""degree_pair_exact"": true, ""matched_edge_count_per_control"": 34397, ""matching_method"": ""integral max-flow with exact endpoint-degree-quantile-pair and base normalized edge-weight quantile marginals"", ""shortages"": {}, ""status"": ""MATCHED"", ""target_degree_pair_marginal"": ""{(1, 1): 1374, (3, 3): 29672, (2, 2): 3351}"", ""target_edge_count"": 34397, ""target_weight_quantile_marginal"": ""{3: 10238, 0: 4528, 2: 9405, 1: 10226}"", ""verified_exact_marginals"": true, ""weight_quantile_exact"": true}",frozen graph intervention; FIXED_NORM_MASK is not retrained valid-operator performance
Reddit-S,43,uniform,low_similarity_low_embeddedness,RENORMALIZED_DELETE,34397,-0.00786410821012895,-0.00980179096935041,0.02625681459903717,0.015394210815429688,20,0.004486949741840362,0.0011329236847098653,0.021769864857196806,-0.0020761245674740803,MATCHED,"{""allocated_cells"": 6, ""allocation"": {""((1, 1), 3)"": 1374, ""((2, 2), 3)"": 3351, ""((3, 3), 0)"": 4528, ""((3, 3), 1)"": 10226, ""((3, 3), 2)"": 9405, ""((3, 3), 3)"": 5513}, ""degree_pair_exact"": true, ""matched_edge_count_per_control"": 34397, ""matching_method"": ""integral max-flow with exact endpoint-degree-quantile-pair and base normalized edge-weight quantile marginals"", ""shortages"": {}, ""status"": ""MATCHED"", ""target_degree_pair_marginal"": ""{(1, 1): 1374, (3, 3): 29672, (2, 2): 3351}"", ""target_edge_count"": 34397, ""target_weight_quantile_marginal"": ""{3: 10238, 0: 4528, 2: 9405, 1: 10226}"", ""verified_exact_marginals"": true, ""weight_quantile_exact"": true}",frozen graph intervention; FIXED_NORM_MASK is not retrained valid-operator performance
Reddit-S,43,uniform,low_similarity_high_embeddedness,FIXED_NORM_MASK,34397,-0.010066058508965137,-0.016051862125116223,0.03917286545038223,-1.5328960418701172,20,0.01389266960322857,0.0016225704222197915,0.025280195847153665,-0.0024536017615602868,MATCHED,"{""allocated_cells"": 6, ""allocation"": {""((1, 1), 3)"": 1374, ""((2, 2), 3)"": 3351, ""((3, 3), 0)"": 4528, ""((3, 3), 1)"": 10226, ""((3, 3), 2)"": 9405, ""((3, 3), 3)"": 5513}, ""degree_pair_exact"": true, ""matched_edge_count_per_control"": 34397, ""matching_method"": ""integral max-flow with exact endpoint-degree-quantile-pair and base normalized edge-weight quantile marginals"", ""shortages"": {}, ""status"": ""MATCHED"", ""target_degree_pair_marginal"": ""{(1, 1): 1374, (3, 3): 29672, (2, 2): 3351}"", ""target_edge_count"": 34397, ""target_weight_quantile_marginal"": ""{3: 10238, 0: 4528, 2: 9405, 1: 10226}"", ""verified_exact_marginals"": true, ""weight_quantile_exact"": true}",frozen graph intervention; FIXED_NORM_MASK is not retrained valid-operator performance
Reddit-S,43,uniform,low_similarity_high_embeddedness,RENORMALIZED_DELETE,34397,-0.00786410821012895,-0.00980179096935041,0.02625681459903717,0.015394210815429688,20,0.00547085776925087,0.0010640105056134864,0.0207859568297863,-0.0024850581944008076,MATCHED,"{""allocated_cells"": 6, ""allocation"": {""((1, 1), 3)"": 1374, ""((2, 2), 3)"": 3351, ""((3, 3), 0)"": 4528, ""((3, 3), 1)"": 10226, ""((3, 3), 2)"": 9405, ""((3, 3), 3)"": 5513}, ""degree_pair_exact"": true, ""matched_edge_count_per_control"": 34397, ""matching_method"": ""integral max-flow with exact endpoint-degree-quantile-pair and base normalized edge-weight quantile marginals"", ""shortages"": {}, ""status"": ""MATCHED"", ""target_degree_pair_marginal"": ""{(1, 1): 1374, (3, 3): 29672, (2, 2): 3351}"", ""target_edge_count"": 34397, ""target_weight_quantile_marginal"": ""{3: 10238, 0: 4528, 2: 9405, 1: 10226}"", ""verified_exact_marginals"": true, ""weight_quantile_exact"": true}",frozen graph intervention; FIXED_NORM_MASK is not retrained valid-operator performance
Reddit-S,43,gpr,gpr_low_similarity_high_novelty,FIXED_NORM_MASK,10268,-0.003145643284051536,-0.003875965345539134,0.01420275866985321,-0.637021541595459,20,7.000565528869629e-05,0.001211938505345847,0.014132753014564514,-0.0007077697389115956,MATCHED,"{""allocated_cells"": 6, ""allocation"": {""((1, 1), 3)"": 572, ""((2, 2), 3)"": 1320, ""((3, 3), 0)"": 914, ""((3, 3), 1)"": 3039, ""((3, 3), 2)"": 2012, ""((3, 3), 3)"": 2411}, ""degree_pair_exact"": true, ""matched_edge_count_per_control"": 10268, ""matching_method"": ""integral max-flow with exact endpoint-degree-quantile-pair and base normalized edge-weight quantile marginals"", ""shortages"": {}, ""status"": ""MATCHED"", ""target_degree_pair_marginal"": ""{(1, 1): 572, (2, 2): 1320, (3, 3): 8376}"", ""target_edge_count"": 10268, ""target_weight_quantile_marginal"": ""{3: 4303, 0: 914, 1: 3039, 2: 2012}"", ""verified_exact_marginals"": true, ""weight_quantile_exact"": true}",frozen graph intervention; FIXED_NORM_MASK is not retrained valid-operator performance
Reddit-S,43,gpr,gpr_low_similarity_high_novelty,RENORMALIZED_DELETE,10268,-0.0018873859704309215,-0.0025887396194747003,0.007907114923000336,0.0003814697265625,20,0.0008047878742218018,0.0008367840734489163,0.007102327048778534,-0.0005504875747090188,MATCHED,"{""allocated_cells"": 6, ""allocation"": {""((1, 1), 3)"": 572, ""((2, 2), 3)"": 1320, ""((3, 3), 0)"": 914, ""((3, 3), 1)"": 3039, ""((3, 3), 2)"": 2012, ""((3, 3), 3)"": 2411}, ""degree_pair_exact"": true, ""matched_edge_count_per_control"": 10268, ""matching_method"": ""integral max-flow with exact endpoint-degree-quantile-pair and base normalized edge-weight quantile marginals"", ""shortages"": {}, ""status"": ""MATCHED"", ""target_degree_pair_marginal"": ""{(1, 1): 572, (2, 2): 1320, (3, 3): 8376}"", ""target_edge_count"": 10268, ""target_weight_quantile_marginal"": ""{3: 4303, 0: 914, 1: 3039, 2: 2012}"", ""verified_exact_marginals"": true, ""weight_quantile_exact"": true}",frozen graph intervention; FIXED_NORM_MASK is not retrained valid-operator performance
Reddit-S,43,gpr,gpr_low_similarity_low_novelty,FIXED_NORM_MASK,14190,-0.003774771940861954,-0.0049032714710642855,0.010938428342342377,-0.5820636749267578,20,0.0002539437264204025,0.001369967620233119,0.010684484615921974,-0.0002988361119848959,MATCHED,"{""allocated_cells"": 6, ""allocation"": {""((1, 1), 3)"": 461, ""((2, 2), 3)"": 1137, ""((3, 3), 0)"": 3060, ""((3, 3), 1)"": 2860, ""((3, 3), 2)"": 5236, ""((3, 3), 3)"": 1436}, ""degree_pair_exact"": true, ""matched_edge_count_per_control"": 14190, ""matching_method"": ""integral max-flow with exact endpoint-degree-quantile-pair and base normalized edge-weight quantile marginals"", ""shortages"": {}, ""status"": ""MATCHED"", ""target_degree_pair_marginal"": ""{(1, 1): 461, (3, 3): 12592, (2, 2): 1137}"", ""target_edge_count"": 14190, ""target_weight_quantile_marginal"": ""{3: 3034, 0: 3060, 2: 5236, 1: 2860}"", ""verified_exact_marginals"": true, ""weight_quantile_exact"": true}",frozen graph intervention; FIXED_NORM_MASK is not retrained valid-operator performance
Reddit-S,43,gpr,gpr_low_similarity_low_novelty,RENORMALIZED_DELETE,14190,-0.0034602076124566894,-0.005001130566185785,0.01216871291399002,0.017719268798828125,20,0.00036940090358257295,0.000955516790652312,0.011799312010407449,-0.000440390059767215,MATCHED,"{""allocated_cells"": 6, ""allocation"": {""((1, 1), 3)"": 461, ""((2, 2), 3)"": 1137, ""((3, 3), 0)"": 3060, ""((3, 3), 1)"": 2860, ""((3, 3), 2)"": 5236, ""((3, 3), 3)"": 1436}, ""degree_pair_exact"": true, ""matched_edge_count_per_control"": 14190, ""matching_method"": ""integral max-flow with exact endpoint-degree-quantile-pair and base normalized edge-weight quantile marginals"", ""shortages"": {}, ""status"": ""MATCHED"", ""target_degree_pair_marginal"": ""{(1, 1): 461, (3, 3): 12592, (2, 2): 1137}"", ""target_edge_count"": 14190, ""target_weight_quantile_marginal"": ""{3: 3034, 0: 3060, 2: 5236, 1: 2860}"", ""verified_exact_marginals"": true, ""weight_quantile_exact"": true}",frozen graph intervention; FIXED_NORM_MASK is not retrained valid-operator performance
Reddit-S,43,text_uniform,text_low_similarity_high_novelty,FIXED_NORM_MASK,11736,-0.01384083044982709,-0.011425088927868199,0.059349291026592255,-0.3068270683288574,20,0.016889646649360657,0.001570758195961793,0.0424596443772316,-0.0005347593582888166,MATCHED,"{""allocated_cells"": 6, ""allocation"": {""((1, 1), 3)"": 426, ""((2, 2), 3)"": 1183, ""((3, 3), 0)"": 453, ""((3, 3), 1)"": 6582, ""((3, 3), 2)"": 1262, ""((3, 3), 3)"": 1830}, ""degree_pair_exact"": true, ""matched_edge_count_per_control"": 11736, ""matching_method"": ""integral max-flow with exact endpoint-degree-quantile-pair and base normalized edge-weight quantile marginals"", ""shortages"": {}, ""status"": ""MATCHED"", ""target_degree_pair_marginal"": ""{(1, 1): 426, (2, 2): 1183, (3, 3): 10127}"", ""target_edge_count"": 11736, ""target_weight_quantile_marginal"": ""{3: 3439, 0: 453, 2: 1262, 1: 6582}"", ""verified_exact_marginals"": true, ""weight_quantile_exact"": true}",frozen graph intervention; FIXED_NORM_MASK is not retrained valid-operator performance
Reddit-S,43,text_uniform,text_low_similarity_high_novelty,RENORMALIZED_DELETE,11736,-0.010066058508965137,-0.008122070530746428,0.05266343802213669,0.016237735748291016,20,0.0028334520757198334,0.0013278653808861452,0.049829985946416855,-0.0007392261717521942,MATCHED,"{""allocated_cells"": 6, ""allocation"": {""((1, 1), 3)"": 426, ""((2, 2), 3)"": 1183, ""((3, 3), 0)"": 453, ""((3, 3), 1)"": 6582, ""((3, 3), 2)"": 1262, ""((3, 3), 3)"": 1830}, ""degree_pair_exact"": true, ""matched_edge_count_per_control"": 11736, ""matching_method"": ""integral max-flow with exact endpoint-degree-quantile-pair and base normalized edge-weight quantile marginals"", ""shortages"": {}, ""status"": ""MATCHED"", ""target_degree_pair_marginal"": ""{(1, 1): 426, (2, 2): 1183, (3, 3): 10127}"", ""target_edge_count"": 11736, ""target_weight_quantile_marginal"": ""{3: 3439, 0: 453, 2: 1262, 1: 6582}"", ""verified_exact_marginals"": true, ""weight_quantile_exact"": true}",frozen graph intervention; FIXED_NORM_MASK is not retrained valid-operator performance
Reddit-S,43,text_uniform,joint_low_similarity_high_novelty,FIXED_NORM_MASK,11934,-0.011638880150990905,-0.008967381721456835,0.06422623246908188,-0.3950958251953125,20,0.02581605315208435,0.001832509796755106,0.03841017931699753,-0.0015728216420258622,MATCHED,"{""allocated_cells"": 6, ""allocation"": {""((1, 1), 3)"": 568, ""((2, 2), 3)"": 1327, ""((3, 3), 0)"": 862, ""((3, 3), 1)"": 985, ""((3, 3), 2)"": 5369, ""((3, 3), 3)"": 2823}, ""degree_pair_exact"": true, ""matched_edge_count_per_control"": 11934, ""matching_method"": ""integral max-flow with exact endpoint-degree-quantile-pair and base normalized edge-weight quantile marginals"", ""shortages"": {}, ""status"": ""MATCHED"", ""target_degree_pair_marginal"": ""{(1, 1): 568, (3, 3): 10039, (2, 2): 1327}"", ""target_edge_count"": 11934, ""target_weight_quantile_marginal"": ""{3: 4718, 0: 862, 2: 5369, 1: 985}"", ""verified_exact_marginals"": true, ""weight_quantile_exact"": true}",frozen graph intervention; FIXED_NORM_MASK is not retrained valid-operator performance
Reddit-S,43,text_uniform,joint_low_similarity_high_novelty,RENORMALIZED_DELETE,11934,-0.008178672538534215,-0.005760734502732512,0.03874000161886215,0.01664447784423828,20,0.006130237877368927,0.0020664812539104302,0.03260976374149323,-0.0014469959106638008,MATCHED,"{""allocated_cells"": 6, ""allocation"": {""((1, 1), 3)"": 568, ""((2, 2), 3)"": 1327, ""((3, 3), 0)"": 862, ""((3, 3), 1)"": 985, ""((3, 3), 2)"": 5369, ""((3, 3), 3)"": 2823}, ""degree_pair_exact"": true, ""matched_edge_count_per_control"": 11934, ""matching_method"": ""integral max-flow with exact endpoint-degree-quantile-pair and base normalized edge-weight quantile marginals"", ""shortages"": {}, ""status"": ""MATCHED"", ""target_degree_pair_marginal"": ""{(1, 1): 568, (3, 3): 10039, (2, 2): 1327}"", ""target_edge_count"": 11934, ""target_weight_quantile_marginal"": ""{3: 4718, 0: 862, 2: 5369, 1: 985}"", ""verified_exact_marginals"": true, ""weight_quantile_exact"": true}",frozen graph intervention; FIXED_NORM_MASK is not retrained valid-operator performance
Reddit-S,43,visual_uniform,visual_low_similarity_high_novelty,FIXED_NORM_MASK,24791,-0.00440390059767215,-0.00495750005576201,0.05104947090148926,-0.4575028419494629,20,0.020708761364221572,0.0012003876438141136,0.030340709537267686,0.0003774771940861843,MATCHED,"{""allocated_cells"": 6, ""allocation"": {""((1, 1), 3)"": 578, ""((2, 2), 3)"": 1342, ""((3, 3), 0)"": 9346, ""((3, 3), 1)"": 5154, ""((3, 3), 2)"": 6259, ""((3, 3), 3)"": 2112}, ""degree_pair_exact"": true, ""matched_edge_count_per_control"": 24791, ""matching_method"": ""integral max-flow with exact endpoint-degree-quantile-pair and base normalized edge-weight quantile marginals"", ""shortages"": {}, ""status"": ""MATCHED"", ""target_degree_pair_marginal"": ""{(1, 1): 578, (2, 2): 1342, (3, 3): 22871}"", ""target_edge_count"": 24791, ""target_weight_quantile_marginal"": ""{3: 4032, 0: 9346, 2: 6259, 1: 5154}"", ""verified_exact_marginals"": true, ""weight_quantile_exact"": true}",frozen graph intervention; FIXED_NORM_MASK is not retrained valid-operator performance
Reddit-S,43,visual_uniform,visual_low_similarity_high_novelty,RENORMALIZED_DELETE,24791,-0.003774771940861843,-0.004429670319379797,0.007608368992805481,0.028685569763183594,20,0.0011008642613887787,0.0008518705432527347,0.006507504731416702,-0.0004089336269266997,MATCHED,"{""allocated_cells"": 6, ""allocation"": {""((1, 1), 3)"": 578, ""((2, 2), 3)"": 1342, ""((3, 3), 0)"": 9346, ""((3, 3), 1)"": 5154, ""((3, 3), 2)"": 6259, ""((3, 3), 3)"": 2112}, ""degree_pair_exact"": true, ""matched_edge_count_per_control"": 24791, ""matching_method"": ""integral max-flow with exact endpoint-degree-quantile-pair and base normalized edge-weight quantile marginals"", ""shortages"": {}, ""status"": ""MATCHED"", ""target_degree_pair_marginal"": ""{(1, 1): 578, (2, 2): 1342, (3, 3): 22871}"", ""target_edge_count"": 24791, ""target_weight_quantile_marginal"": ""{3: 4032, 0: 9346, 2: 6259, 1: 5154}"", ""verified_exact_marginals"": true, ""weight_quantile_exact"": true}",frozen graph intervention; FIXED_NORM_MASK is not retrained valid-operator performance
Reddit-S,43,visual_uniform,joint_low_similarity_high_novelty,FIXED_NORM_MASK,11934,-0.006605850896508336,-0.004728516454847176,0.04341079294681549,-0.41127443313598633,20,0.017855268716812134,0.0013766080837150528,0.025555524230003356,0.0005190311418685034,MATCHED,"{""allocated_cells"": 6, ""allocation"": {""((1, 1), 3)"": 568, ""((2, 2), 3)"": 1327, ""((3, 3), 0)"": 862, ""((3, 3), 1)"": 985, ""((3, 3), 2)"": 5369, ""((3, 3), 3)"": 2823}, ""degree_pair_exact"": true, ""matched_edge_count_per_control"": 11934, ""matching_method"": ""integral max-flow with exact endpoint-degree-quantile-pair and base normalized edge-weight quantile marginals"", ""shortages"": {}, ""status"": ""MATCHED"", ""target_degree_pair_marginal"": ""{(1, 1): 568, (3, 3): 10039, (2, 2): 1327}"", ""target_edge_count"": 11934, ""target_weight_quantile_marginal"": ""{3: 4718, 0: 862, 2: 5369, 1: 985}"", ""verified_exact_marginals"": true, ""weight_quantile_exact"": true}",frozen graph intervention; FIXED_NORM_MASK is not retrained valid-operator performance
Reddit-S,43,visual_uniform,joint_low_similarity_high_novelty,RENORMALIZED_DELETE,11934,-0.00440390059767215,-0.0032727965597297848,0.009585782885551453,0.03389739990234375,20,0.0012301847338676453,0.0008663337139036365,0.008355598151683807,-0.0002201950298836075,MATCHED,"{""allocated_cells"": 6, ""allocation"": {""((1, 1), 3)"": 568, ""((2, 2), 3)"": 1327, ""((3, 3), 0)"": 862, ""((3, 3), 1)"": 985, ""((3, 3), 2)"": 5369, ""((3, 3), 3)"": 2823}, ""degree_pair_exact"": true, ""matched_edge_count_per_control"": 11934, ""matching_method"": ""integral max-flow with exact endpoint-degree-quantile-pair and base normalized edge-weight quantile marginals"", ""shortages"": {}, ""status"": ""MATCHED"", ""target_degree_pair_marginal"": ""{(1, 1): 568, (3, 3): 10039, (2, 2): 1327}"", ""target_edge_count"": 11934, ""target_weight_quantile_marginal"": ""{3: 4718, 0: 862, 2: 5369, 1: 985}"", ""verified_exact_marginals"": true, ""weight_quantile_exact"": true}",frozen graph intervention; FIXED_NORM_MASK is not retrained valid-operator performance
Reddit-S,44,uniform,low_similarity_high_novelty,FIXED_NORM_MASK,12237,-0.0034602076124568004,-0.002793825327720878,0.0132514089345932,-0.6771235466003418,20,-0.0023530855774879455,0.0011032961733140204,0.015604494512081147,3.145643284051536e-05,MATCHED,"{""allocated_cells"": 6, ""allocation"": {""((1, 1), 3)"": 558, ""((2, 2), 3)"": 1471, ""((3, 3), 0)"": 788, ""((3, 3), 1)"": 5327, ""((3, 3), 2)"": 1858, ""((3, 3), 3)"": 2235}, ""degree_pair_exact"": true, ""matched_edge_count_per_control"": 12237, ""matching_method"": ""integral max-flow with exact endpoint-degree-quantile-pair and base normalized edge-weight quantile marginals"", ""shortages"": {}, ""status"": ""MATCHED"", ""target_degree_pair_marginal"": ""{(1, 1): 558, (2, 2): 1471, (3, 3): 10208}"", ""target_edge_count"": 12237, ""target_weight_quantile_marginal"": ""{3: 4264, 0: 788, 2: 1858, 1: 5327}"", ""verified_exact_marginals"": true, ""weight_quantile_exact"": true}",frozen graph intervention; FIXED_NORM_MASK is not retrained valid-operator performance
Reddit-S,44,uniform,low_similarity_high_novelty,RENORMALIZED_DELETE,12237,-0.0028310789556464933,-0.0020981888472114685,0.010568149387836456,-0.007561683654785156,20,6.581693887710571e-05,0.001100474229861374,0.01050233244895935,4.7184649260773035e-05,MATCHED,"{""allocated_cells"": 6, ""allocation"": {""((1, 1), 3)"": 558, ""((2, 2), 3)"": 1471, ""((3, 3), 0)"": 788, ""((3, 3), 1)"": 5327, ""((3, 3), 2)"": 1858, ""((3, 3), 3)"": 2235}, ""degree_pair_exact"": true, ""matched_edge_count_per_control"": 12237, ""matching_method"": ""integral max-flow with exact endpoint-degree-quantile-pair and base normalized edge-weight quantile marginals"", ""shortages"": {}, ""status"": ""MATCHED"", ""target_degree_pair_marginal"": ""{(1, 1): 558, (2, 2): 1471, (3, 3): 10208}"", ""target_edge_count"": 12237, ""target_weight_quantile_marginal"": ""{3: 4264, 0: 788, 2: 1858, 1: 5327}"", ""verified_exact_marginals"": true, ""weight_quantile_exact"": true}",frozen graph intervention; FIXED_NORM_MASK is not retrained valid-operator performance
Reddit-S,44,uniform,low_similarity_low_novelty,FIXED_NORM_MASK,10402,-0.0018873859704309215,-0.0023362293602844364,0.0019354894757270813,-0.5629458427429199,20,-0.0026438131928443907,0.0020943344192594295,0.004579302668571472,-6.291286568103072e-05,MATCHED,"{""allocated_cells"": 6, ""allocation"": {""((1, 1), 3)"": 504, ""((2, 2), 3)"": 1017, ""((3, 3), 0)"": 2844, ""((3, 3), 1)"": 515, ""((3, 3), 2)"": 3562, ""((3, 3), 3)"": 1960}, ""degree_pair_exact"": true, ""matched_edge_count_per_control"": 10402, ""matching_method"": ""integral max-flow with exact endpoint-degree-quantile-pair and base normalized edge-weight quantile marginals"", ""shortages"": {}, ""status"": ""MATCHED"", ""target_degree_pair_marginal"": ""{(1, 1): 504, (3, 3): 8881, (2, 2): 1017}"", ""target_edge_count"": 10402, ""target_weight_quantile_marginal"": ""{3: 3481, 0: 2844, 1: 515, 2: 3562}"", ""verified_exact_marginals"": true, ""weight_quantile_exact"": true}",frozen graph intervention; FIXED_NORM_MASK is not retrained valid-operator performance
Reddit-S,44,uniform,low_similarity_low_novelty,RENORMALIZED_DELETE,10402,-0.0018873859704309215,-0.0023362293602844364,0.009030185639858246,-0.00046539306640625,20,-0.00040718689560890196,0.0013285186892643978,0.009437372535467147,-0.00012582573136206144,MATCHED,"{""allocated_cells"": 6, ""allocation"": {""((1, 1), 3)"": 504, ""((2, 2), 3)"": 1017, ""((3, 3), 0)"": 2844, ""((3, 3), 1)"": 515, ""((3, 3), 2)"": 3562, ""((3, 3), 3)"": 1960}, ""degree_pair_exact"": true, ""matched_edge_count_per_control"": 10402, ""matching_method"": ""integral max-flow with exact endpoint-degree-quantile-pair and base normalized edge-weight quantile marginals"", ""shortages"": {}, ""status"": ""MATCHED"", ""target_degree_pair_marginal"": ""{(1, 1): 504, (3, 3): 8881, (2, 2): 1017}"", ""target_edge_count"": 10402, ""target_weight_quantile_marginal"": ""{3: 3481, 0: 2844, 1: 515, 2: 3562}"", ""verified_exact_marginals"": true, ""weight_quantile_exact"": true}",frozen graph intervention; FIXED_NORM_MASK is not retrained valid-operator performance
Reddit-S,44,uniform,low_similarity_low_embeddedness,FIXED_NORM_MASK,36941,-0.006291286568103183,-0.006507823030093229,0.02898271381855011,-1.7317476272583008,20,0.011217912659049034,0.001863540776614344,0.017764801159501076,-0.0011481597986788162,MATCHED,"{""allocated_cells"": 6, ""allocation"": {""((1, 1), 3)"": 1420, ""((2, 2), 3)"": 3498, ""((3, 3), 0)"": 5187, ""((3, 3), 1)"": 10771, ""((3, 3), 2)"": 10266, ""((3, 3), 3)"": 5799}, ""degree_pair_exact"": true, ""matched_edge_count_per_control"": 36941, ""matching_method"": ""integral max-flow with exact endpoint-degree-quantile-pair and base normalized edge-weight quantile marginals"", ""shortages"": {}, ""status"": ""MATCHED"", ""target_degree_pair_marginal"": ""{(1, 1): 1420, (3, 3): 32023, (2, 2): 3498}"", ""target_edge_count"": 36941, ""target_weight_quantile_marginal"": ""{3: 10717, 0: 5187, 2: 10266, 1: 10771}"", ""verified_exact_marginals"": true, ""weight_quantile_exact"": true}",frozen graph intervention; FIXED_NORM_MASK is not retrained valid-operator performance
Reddit-S,44,uniform,low_similarity_low_embeddedness,RENORMALIZED_DELETE,36941,-0.004403900597672261,-0.0031426659957441982,0.016023285686969757,-0.0053081512451171875,20,0.006400113180279732,0.0014874334265863897,0.009623172506690026,-0.0011324315822585584,MATCHED,"{""allocated_cells"": 6, ""allocation"": {""((1, 1), 3)"": 1420, ""((2, 2), 3)"": 3498, ""((3, 3), 0)"": 5187, ""((3, 3), 1)"": 10771, ""((3, 3), 2)"": 10266, ""((3, 3), 3)"": 5799}, ""degree_pair_exact"": true, ""matched_edge_count_per_control"": 36941, ""matching_method"": ""integral max-flow with exact endpoint-degree-quantile-pair and base normalized edge-weight quantile marginals"", ""shortages"": {}, ""status"": ""MATCHED"", ""target_degree_pair_marginal"": ""{(1, 1): 1420, (3, 3): 32023, (2, 2): 3498}"", ""target_edge_count"": 36941, ""target_weight_quantile_marginal"": ""{3: 10717, 0: 5187, 2: 10266, 1: 10771}"", ""verified_exact_marginals"": true, ""weight_quantile_exact"": true}",frozen graph intervention; FIXED_NORM_MASK is not retrained valid-operator performance
Reddit-S,44,uniform,low_similarity_high_embeddedness,FIXED_NORM_MASK,36941,-0.006291286568103183,-0.006507823030093229,0.028982728719711304,-1.7317476272583008,20,0.010824118554592133,0.0019465997974984085,0.01815861016511917,-0.0013211701793016506,MATCHED,"{""allocated_cells"": 6, ""allocation"": {""((1, 1), 3)"": 1420, ""((2, 2), 3)"": 3498, ""((3, 3), 0)"": 5187, ""((3, 3), 1)"": 10771, ""((3, 3), 2)"": 10266, ""((3, 3), 3)"": 5799}, ""degree_pair_exact"": true, ""matched_edge_count_per_control"": 36941, ""matching_method"": ""integral max-flow with exact endpoint-degree-quantile-pair and base normalized edge-weight quantile marginals"", ""shortages"": {}, ""status"": ""MATCHED"", ""target_degree_pair_marginal"": ""{(1, 1): 1420, (3, 3): 32023, (2, 2): 3498}"", ""target_edge_count"": 36941, ""target_weight_quantile_marginal"": ""{3: 10717, 0: 5187, 2: 10266, 1: 10771}"", ""verified_exact_marginals"": true, ""weight_quantile_exact"": true}",frozen graph intervention; FIXED_NORM_MASK is not retrained valid-operator performance
Reddit-S,44,uniform,low_similarity_high_embeddedness,RENORMALIZED_DELETE,36941,-0.004403900597672261,-0.0031426659957441982,0.016023285686969757,-0.0053081512451171875,20,0.006299013644456864,0.0012305142776209423,0.009724272042512893,-0.0012425290972003678,MATCHED,"{""allocated_cells"": 6, ""allocation"": {""((1, 1), 3)"": 1420, ""((2, 2), 3)"": 3498, ""((3, 3), 0)"": 5187, ""((3, 3), 1)"": 10771, ""((3, 3), 2)"": 10266, ""((3, 3), 3)"": 5799}, ""degree_pair_exact"": true, ""matched_edge_count_per_control"": 36941, ""matching_method"": ""integral max-flow with exact endpoint-degree-quantile-pair and base normalized edge-weight quantile marginals"", ""shortages"": {}, ""status"": ""MATCHED"", ""target_degree_pair_marginal"": ""{(1, 1): 1420, (3, 3): 32023, (2, 2): 3498}"", ""target_edge_count"": 36941, ""target_weight_quantile_marginal"": ""{3: 10717, 0: 5187, 2: 10266, 1: 10771}"", ""verified_exact_marginals"": true, ""weight_quantile_exact"": true}",frozen graph intervention; FIXED_NORM_MASK is not retrained valid-operator performance
Reddit-S,44,gpr,gpr_low_similarity_high_novelty,FIXED_NORM_MASK,10966,-0.002201950298836075,-0.0012178366713865296,0.0049220845103263855,-0.5014629364013672,20,-0.002885566279292107,0.001443301077759998,0.007807650789618492,-7.86410821012884e-05,MATCHED,"{""allocated_cells"": 6, ""allocation"": {""((1, 1), 3)"": 375, ""((2, 2), 3)"": 789, ""((3, 3), 0)"": 4096, ""((3, 3), 1)"": 858, ""((3, 3), 2)"": 3180, ""((3, 3), 3)"": 1668}, ""degree_pair_exact"": true, ""matched_edge_count_per_control"": 10966, ""matching_method"": ""integral max-flow with exact endpoint-degree-quantile-pair and base normalized edge-weight quantile marginals"", ""shortages"": {}, ""status"": ""MATCHED"", ""target_degree_pair_marginal"": ""{(1, 1): 375, (2, 2): 789, (3, 3): 9802}"", ""target_edge_count"": 10966, ""target_weight_quantile_marginal"": ""{3: 2832, 1: 858, 2: 3180, 0: 4096}"", ""verified_exact_marginals"": true, ""weight_quantile_exact"": true}",frozen graph intervention; FIXED_NORM_MASK is not retrained valid-operator performance
Reddit-S,44,gpr,gpr_low_similarity_high_novelty,RENORMALIZED_DELETE,10966,-0.001572821642025768,-0.0006892702188195932,0.0005412101745605469,-0.0056972503662109375,20,0.0003112971782684326,0.0005955147802598836,0.00022991299629211427,-7.86410821012884e-05,MATCHED,"{""allocated_cells"": 6, ""allocation"": {""((1, 1), 3)"": 375, ""((2, 2), 3)"": 789, ""((3, 3), 0)"": 4096, ""((3, 3), 1)"": 858, ""((3, 3), 2)"": 3180, ""((3, 3), 3)"": 1668}, ""degree_pair_exact"": true, ""matched_edge_count_per_control"": 10966, ""matching_method"": ""integral max-flow with exact endpoint-degree-quantile-pair and base normalized edge-weight quantile marginals"", ""shortages"": {}, ""status"": ""MATCHED"", ""target_degree_pair_marginal"": ""{(1, 1): 375, (2, 2): 789, (3, 3): 9802}"", ""target_edge_count"": 10966, ""target_weight_quantile_marginal"": ""{3: 2832, 1: 858, 2: 3180, 0: 4096}"", ""verified_exact_marginals"": true, ""weight_quantile_exact"": true}",frozen graph intervention; FIXED_NORM_MASK is not retrained valid-operator performance
Reddit-S,44,gpr,gpr_low_similarity_low_novelty,FIXED_NORM_MASK,6832,-0.0018873859704309215,-0.002262125342215149,0.002702169120311737,-0.4324970245361328,20,-0.0017627011984586716,0.0016005750497972149,0.004464870318770409,-0.00011009751494180376,MATCHED,"{""allocated_cells"": 6, ""allocation"": {""((1, 1), 3)"": 381, ""((2, 2), 3)"": 866, ""((3, 3), 0)"": 362, ""((3, 3), 1)"": 764, ""((3, 3), 2)"": 3049, ""((3, 3), 3)"": 1410}, ""degree_pair_exact"": true, ""matched_edge_count_per_control"": 6832, ""matching_method"": ""integral max-flow with exact endpoint-degree-quantile-pair and base normalized edge-weight quantile marginals"", ""shortages"": {}, ""status"": ""MATCHED"", ""target_degree_pair_marginal"": ""{(1, 1): 381, (3, 3): 5585, (2, 2): 866}"", ""target_edge_count"": 6832, ""target_weight_quantile_marginal"": ""{3: 2657, 0: 362, 2: 3049, 1: 764}"", ""verified_exact_marginals"": true, ""weight_quantile_exact"": true}",frozen graph intervention; FIXED_NORM_MASK is not retrained valid-operator performance
Reddit-S,44,gpr,gpr_low_similarity_low_novelty,RENORMALIZED_DELETE,6832,-0.0009436929852154607,-0.0007191455616460951,0.003000304102897644,-0.016725540161132812,20,-0.00014079399406909942,0.0009251119756599025,0.0031410980969667434,-0.0001572821642025768,MATCHED,"{""allocated_cells"": 6, ""allocation"": {""((1, 1), 3)"": 381, ""((2, 2), 3)"": 866, ""((3, 3), 0)"": 362, ""((3, 3), 1)"": 764, ""((3, 3), 2)"": 3049, ""((3, 3), 3)"": 1410}, ""degree_pair_exact"": true, ""matched_edge_count_per_control"": 6832, ""matching_method"": ""integral max-flow with exact endpoint-degree-quantile-pair and base normalized edge-weight quantile marginals"", ""shortages"": {}, ""status"": ""MATCHED"", ""target_degree_pair_marginal"": ""{(1, 1): 381, (3, 3): 5585, (2, 2): 866}"", ""target_edge_count"": 6832, ""target_weight_quantile_marginal"": ""{3: 2657, 0: 362, 2: 3049, 1: 764}"", ""verified_exact_marginals"": true, ""weight_quantile_exact"": true}",frozen graph intervention; FIXED_NORM_MASK is not retrained valid-operator performance
Reddit-S,44,text_uniform,text_low_similarity_high_novelty,FIXED_NORM_MASK,7468,-0.014155394778232244,-0.013463852865883807,0.05139414966106415,-0.34178972244262695,20,0.012852111458778381,0.0014676784802444428,0.038542038202285765,-0.001855929537590506,MATCHED,"{""allocated_cells"": 6, ""allocation"": {""((1, 1), 3)"": 397, ""((2, 2), 3)"": 1179, ""((3, 3), 0)"": 186, ""((3, 3), 1)"": 1661, ""((3, 3), 2)"": 1708, ""((3, 3), 3)"": 2337}, ""degree_pair_exact"": true, ""matched_edge_count_per_control"": 7468, ""matching_method"": ""integral max-flow with exact endpoint-degree-quantile-pair and base normalized edge-weight quantile marginals"", ""shortages"": {}, ""status"": ""MATCHED"", ""target_degree_pair_marginal"": ""{(3, 3): 5892, (1, 1): 397, (2, 2): 1179}"", ""target_edge_count"": 7468, ""target_weight_quantile_marginal"": ""{3: 3913, 0: 186, 2: 1708, 1: 1661}"", ""verified_exact_marginals"": true, ""weight_quantile_exact"": true}",frozen graph intervention; FIXED_NORM_MASK is not retrained valid-operator performance
Reddit-S,44,text_uniform,text_low_similarity_high_novelty,RENORMALIZED_DELETE,7468,-0.01038062283737029,-0.010195444432000711,0.043040186166763306,-0.0048980712890625,20,0.0026966169476509093,0.0015291675566740726,0.0403435692191124,-0.000912236552375012,MATCHED,"{""allocated_cells"": 6, ""allocation"": {""((1, 1), 3)"": 397, ""((2, 2), 3)"": 1179, ""((3, 3), 0)"": 186, ""((3, 3), 1)"": 1661, ""((3, 3), 2)"": 1708, ""((3, 3), 3)"": 2337}, ""degree_pair_exact"": true, ""matched_edge_count_per_control"": 7468, ""matching_method"": ""integral max-flow with exact endpoint-degree-quantile-pair and base normalized edge-weight quantile marginals"", ""shortages"": {}, ""status"": ""MATCHED"", ""target_degree_pair_marginal"": ""{(3, 3): 5892, (1, 1): 397, (2, 2): 1179}"", ""target_edge_count"": 7468, ""target_weight_quantile_marginal"": ""{3: 3913, 0: 186, 2: 1708, 1: 1661}"", ""verified_exact_marginals"": true, ""weight_quantile_exact"": true}",frozen graph intervention; FIXED_NORM_MASK is not retrained valid-operator performance
Reddit-S,44,text_uniform,joint_low_similarity_high_novelty,FIXED_NORM_MASK,12237,-0.016671909405473473,-0.0156376023894903,0.06407445669174194,-0.4399375915527344,20,0.017751017957925795,0.0019129803926581411,0.04632343873381615,-0.0022491349480969537,MATCHED,"{""allocated_cells"": 6, ""allocation"": {""((1, 1), 3)"": 558, ""((2, 2), 3)"": 1471, ""((3, 3), 0)"": 788, ""((3, 3), 1)"": 5327, ""((3, 3), 2)"": 1858, ""((3, 3), 3)"": 2235}, ""degree_pair_exact"": true, ""matched_edge_count_per_control"": 12237, ""matching_method"": ""integral max-flow with exact endpoint-degree-quantile-pair and base normalized edge-weight quantile marginals"", ""shortages"": {}, ""status"": ""MATCHED"", ""target_degree_pair_marginal"": ""{(1, 1): 558, (2, 2): 1471, (3, 3): 10208}"", ""target_edge_count"": 12237, ""target_weight_quantile_marginal"": ""{3: 4264, 0: 788, 2: 1858, 1: 5327}"", ""verified_exact_marginals"": true, ""weight_quantile_exact"": true}",frozen graph intervention; FIXED_NORM_MASK is not retrained valid-operator performance
Reddit-S,44,text_uniform,joint_low_similarity_high_novelty,RENORMALIZED_DELETE,12237,-0.011638880150990905,-0.011209221363851718,0.04602658748626709,-0.005782127380371094,20,0.004643000662326813,0.0016677665487683608,0.04138358682394028,-0.001431267694243532,MATCHED,"{""allocated_cells"": 6, ""allocation"": {""((1, 1), 3)"": 558, ""((2, 2), 3)"": 1471, ""((3, 3), 0)"": 788, ""((3, 3), 1)"": 5327, ""((3, 3), 2)"": 1858, ""((3, 3), 3)"": 2235}, ""degree_pair_exact"": true, ""matched_edge_count_per_control"": 12237, ""matching_method"": ""integral max-flow with exact endpoint-degree-quantile-pair and base normalized edge-weight quantile marginals"", ""shortages"": {}, ""status"": ""MATCHED"", ""target_degree_pair_marginal"": ""{(1, 1): 558, (2, 2): 1471, (3, 3): 10208}"", ""target_edge_count"": 12237, ""target_weight_quantile_marginal"": ""{3: 4264, 0: 788, 2: 1858, 1: 5327}"", ""verified_exact_marginals"": true, ""weight_quantile_exact"": true}",frozen graph intervention; FIXED_NORM_MASK is not retrained valid-operator performance
Reddit-S,44,visual_uniform,visual_low_similarity_high_novelty,FIXED_NORM_MASK,19184,-0.004403900597672261,-0.0016348911667224408,0.04547955095767975,-0.4764113426208496,20,0.0171296626329422,0.001122317726912039,0.02834988832473755,-0.00026737967914438053,MATCHED,"{""allocated_cells"": 6, ""allocation"": {""((1, 1), 3)"": 631, ""((2, 2), 3)"": 1464, ""((3, 3), 0)"": 9075, ""((3, 3), 1)"": 1496, ""((3, 3), 2)"": 4259, ""((3, 3), 3)"": 2259}, ""degree_pair_exact"": true, ""matched_edge_count_per_control"": 19184, ""matching_method"": ""integral max-flow with exact endpoint-degree-quantile-pair and base normalized edge-weight quantile marginals"", ""shortages"": {}, ""status"": ""MATCHED"", ""target_degree_pair_marginal"": ""{(1, 1): 631, (2, 2): 1464, (3, 3): 17089}"", ""target_edge_count"": 19184, ""target_weight_quantile_marginal"": ""{3: 4354, 0: 9075, 1: 1496, 2: 4259}"", ""verified_exact_marginals"": true, ""weight_quantile_exact"": true}",frozen graph intervention; FIXED_NORM_MASK is not retrained valid-operator performance
Reddit-S,44,visual_uniform,visual_low_similarity_high_novelty,RENORMALIZED_DELETE,19184,-0.003774771940861954,-0.0007510492841807936,0.008844375610351562,0.04582071304321289,20,0.0012250959873199463,0.0011625237304272017,0.007619279623031616,-0.0008178672538533994,MATCHED,"{""allocated_cells"": 6, ""allocation"": {""((1, 1), 3)"": 631, ""((2, 2), 3)"": 1464, ""((3, 3), 0)"": 9075, ""((3, 3), 1)"": 1496, ""((3, 3), 2)"": 4259, ""((3, 3), 3)"": 2259}, ""degree_pair_exact"": true, ""matched_edge_count_per_control"": 19184, ""matching_method"": ""integral max-flow with exact endpoint-degree-quantile-pair and base normalized edge-weight quantile marginals"", ""shortages"": {}, ""status"": ""MATCHED"", ""target_degree_pair_marginal"": ""{(1, 1): 631, (2, 2): 1464, (3, 3): 17089}"", ""target_edge_count"": 19184, ""target_weight_quantile_marginal"": ""{3: 4354, 0: 9075, 1: 1496, 2: 4259}"", ""verified_exact_marginals"": true, ""weight_quantile_exact"": true}",frozen graph intervention; FIXED_NORM_MASK is not retrained valid-operator performance
Reddit-S,44,visual_uniform,joint_low_similarity_high_novelty,FIXED_NORM_MASK,12237,-0.0018873859704309215,-5.399202074252152e-05,0.0354936420917511,-0.4448885917663574,20,0.015229884535074234,0.0011698462920967517,0.020263757556676865,-0.000393205410506442,MATCHED,"{""allocated_cells"": 6, ""allocation"": {""((1, 1), 3)"": 558, ""((2, 2), 3)"": 1471, ""((3, 3), 0)"": 788, ""((3, 3), 1)"": 5327, ""((3, 3), 2)"": 1858, ""((3, 3), 3)"": 2235}, ""degree_pair_exact"": true, ""matched_edge_count_per_control"": 12237, ""matching_method"": ""integral max-flow with exact endpoint-degree-quantile-pair and base normalized edge-weight quantile marginals"", ""shortages"": {}, ""status"": ""MATCHED"", ""target_degree_pair_marginal"": ""{(1, 1): 558, (2, 2): 1471, (3, 3): 10208}"", ""target_edge_count"": 12237, ""target_weight_quantile_marginal"": ""{3: 4264, 0: 788, 2: 1858, 1: 5327}"", ""verified_exact_marginals"": true, ""weight_quantile_exact"": true}",frozen graph intervention; FIXED_NORM_MASK is not retrained valid-operator performance
Reddit-S,44,visual_uniform,joint_low_similarity_high_novelty,RENORMALIZED_DELETE,12237,-0.001572821642025768,0.00039523799782903435,0.004547670483589172,0.016514301300048828,20,0.0008794158697128296,0.0008863723087165503,0.0036682546138763427,-0.000786410821012884,MATCHED,"{""allocated_cells"": 6, ""allocation"": {""((1, 1), 3)"": 558, ""((2, 2), 3)"": 1471, ""((3, 3), 0)"": 788, ""((3, 3), 1)"": 5327, ""((3, 3), 2)"": 1858, ""((3, 3), 3)"": 2235}, ""degree_pair_exact"": true, ""matched_edge_count_per_control"": 12237, ""matching_method"": ""integral max-flow with exact endpoint-degree-quantile-pair and base normalized edge-weight quantile marginals"", ""shortages"": {}, ""status"": ""MATCHED"", ""target_degree_pair_marginal"": ""{(1, 1): 558, (2, 2): 1471, (3, 3): 10208}"", ""target_edge_count"": 12237, ""target_weight_quantile_marginal"": ""{3: 4264, 0: 788, 2: 1858, 1: 5327}"", ""verified_exact_marginals"": true, ""weight_quantile_exact"": true}",frozen graph intervention; FIXED_NORM_MASK is not retrained valid-operator performance
