dataset,seed,readout,group,mode,target_edge_count,val_accuracy_delta,val_macro_f1_delta,edge_utility_val_loss_increase,val_margin_delta,matched_control_count,matched_control_edge_utility_mean,matched_control_edge_utility_population_std,target_minus_matched_utility,matched_control_accuracy_delta_mean,matching_status,matching_diagnostics_json,interpretation_boundary
Movies,42,text_uniform,text_semantic_q0,FIXED_NORM_MASK,21664,-0.020695860827834367,-0.005013675248264793,0.08196592330932617,-0.11563372611999512,20,0.07383991479873657,0.003337600299801379,0.008126008510589602,-0.015356928614277116,MATCHED,"{""allocated_cells"": 17, ""allocation"": {""((0, 0), 3)"": 97, ""((0, 1), 3)"": 159, ""((0, 2), 3)"": 210, ""((0, 3), 2)"": 70, ""((0, 3), 3)"": 261, ""((1, 1), 3)"": 301, ""((1, 2), 3)"": 941, ""((1, 3), 2)"": 842, ""((1, 3), 3)"": 962, ""((2, 2), 2)"": 115, ""((2, 2), 3)"": 1367, ""((2, 3), 1)"": 2538, ""((2, 3), 2)"": 3452, ""((2, 3), 3)"": 1320, ""((3, 3), 0)"": 4395, ""((3, 3), 1)"": 3047, ""((3, 3), 2)"": 1587}, ""degree_pair_exact"": true, ""matched_edge_count_per_control"": 21664, ""matching_method"": ""integral max-flow with exact endpoint-degree-quantile-pair and base normalized edge-weight quantile marginals"", ""shortages"": {}, ""status"": ""MATCHED"", ""target_degree_pair_marginal"": ""{(3, 3): 9029, (2, 3): 7310, (2, 2): 1482, (1, 2): 941, (1, 3): 1804, (0, 2): 210, (1, 1): 301, (0, 3): 331, (0, 0): 97, (0, 1): 159}"", ""target_edge_count"": 21664, ""target_weight_quantile_marginal"": ""{1: 5585, 3: 5618, 2: 6066, 0: 4395}"", ""verified_exact_marginals"": true, ""weight_quantile_exact"": true}",frozen graph intervention; FIXED_NORM_MASK is not retrained valid-operator performance
Movies,42,text_uniform,text_semantic_q0,RENORMALIZED_DELETE,21664,-0.014997000599879962,0.0017373427001100006,0.10040426254272461,0.1485283374786377,20,0.03330223560333252,0.004493975512697106,0.06710202693939209,-0.010452909418116347,MATCHED,"{""allocated_cells"": 17, ""allocation"": {""((0, 0), 3)"": 97, ""((0, 1), 3)"": 159, ""((0, 2), 3)"": 210, ""((0, 3), 2)"": 70, ""((0, 3), 3)"": 261, ""((1, 1), 3)"": 301, ""((1, 2), 3)"": 941, ""((1, 3), 2)"": 842, ""((1, 3), 3)"": 962, ""((2, 2), 2)"": 115, ""((2, 2), 3)"": 1367, ""((2, 3), 1)"": 2538, ""((2, 3), 2)"": 3452, ""((2, 3), 3)"": 1320, ""((3, 3), 0)"": 4395, ""((3, 3), 1)"": 3047, ""((3, 3), 2)"": 1587}, ""degree_pair_exact"": true, ""matched_edge_count_per_control"": 21664, ""matching_method"": ""integral max-flow with exact endpoint-degree-quantile-pair and base normalized edge-weight quantile marginals"", ""shortages"": {}, ""status"": ""MATCHED"", ""target_degree_pair_marginal"": ""{(3, 3): 9029, (2, 3): 7310, (2, 2): 1482, (1, 2): 941, (1, 3): 1804, (0, 2): 210, (1, 1): 301, (0, 3): 331, (0, 0): 97, (0, 1): 159}"", ""target_edge_count"": 21664, ""target_weight_quantile_marginal"": ""{1: 5585, 3: 5618, 2: 6066, 0: 4395}"", ""verified_exact_marginals"": true, ""weight_quantile_exact"": true}",frozen graph intervention; FIXED_NORM_MASK is not retrained valid-operator performance
Movies,42,text_uniform,text_semantic_q3,FIXED_NORM_MASK,0,0.0,0.0,0.0,0.0,0,nan,nan,nan,nan,EMPTY_TARGET_GROUP,"{""allocated_cells"": 0, ""allocation"": {}, ""degree_pair_exact"": false, ""matched_edge_count_per_control"": 0, ""matching_method"": ""integral max-flow with exact endpoint-degree-quantile-pair and base normalized edge-weight quantile marginals"", ""shortages"": {}, ""status"": ""EMPTY_TARGET_GROUP"", ""target_degree_pair_marginal"": ""{}"", ""target_edge_count"": 0, ""target_weight_quantile_marginal"": ""{}"", ""weight_quantile_exact"": false}",frozen graph intervention; FIXED_NORM_MASK is not retrained valid-operator performance
Movies,42,text_uniform,text_semantic_q3,RENORMALIZED_DELETE,0,0.0,0.0,0.0,0.0,0,nan,nan,nan,nan,EMPTY_TARGET_GROUP,"{""allocated_cells"": 0, ""allocation"": {}, ""degree_pair_exact"": false, ""matched_edge_count_per_control"": 0, ""matching_method"": ""integral max-flow with exact endpoint-degree-quantile-pair and base normalized edge-weight quantile marginals"", ""shortages"": {}, ""status"": ""EMPTY_TARGET_GROUP"", ""target_degree_pair_marginal"": ""{}"", ""target_edge_count"": 0, ""target_weight_quantile_marginal"": ""{}"", ""weight_quantile_exact"": false}",frozen graph intervention; FIXED_NORM_MASK is not retrained valid-operator performance
Movies,42,text_uniform,text_low_similarity_high_novelty,FIXED_NORM_MASK,8259,-0.005098980203959158,0.006742992378065582,0.0205385684967041,-0.05460822582244873,20,0.025397944450378417,0.002593538421276876,-0.004859375953674316,-0.00934313137372524,MATCHED,"{""allocated_cells"": 16, ""allocation"": {""((0, 1), 3)"": 137, ""((0, 2), 3)"": 209, ""((0, 3), 2)"": 70, ""((0, 3), 3)"": 261, ""((1, 1), 3)"": 168, ""((1, 2), 3)"": 592, ""((1, 3), 2)"": 802, ""((1, 3), 3)"": 244, ""((2, 2), 2)"": 125, ""((2, 2), 3)"": 532, ""((2, 3), 1)"": 1478, ""((2, 3), 2)"": 412, ""((2, 3), 3)"": 1033, ""((3, 3), 0)"": 1060, ""((3, 3), 1)"": 261, ""((3, 3), 2)"": 875}, ""degree_pair_exact"": true, ""matched_edge_count_per_control"": 8259, ""matching_method"": ""integral max-flow with exact endpoint-degree-quantile-pair and base normalized edge-weight quantile marginals"", ""shortages"": {}, ""status"": ""MATCHED"", ""target_degree_pair_marginal"": ""{(1, 2): 592, (1, 3): 1046, (2, 2): 657, (0, 2): 209, (1, 1): 168, (2, 3): 2923, (3, 3): 2196, (0, 3): 331, (0, 1): 137}"", ""target_edge_count"": 8259, ""target_weight_quantile_marginal"": ""{3: 3176, 1: 1739, 2: 2284, 0: 1060}"", ""verified_exact_marginals"": true, ""weight_quantile_exact"": true}",frozen graph intervention; FIXED_NORM_MASK is not retrained valid-operator performance
Movies,42,text_uniform,text_low_similarity_high_novelty,RENORMALIZED_DELETE,8259,-0.002699460107978391,0.009474945147546321,0.04043221473693848,0.08005762100219727,20,0.021534693241119385,0.0026517244765975004,0.01889752149581909,-0.0073935212957408295,MATCHED,"{""allocated_cells"": 16, ""allocation"": {""((0, 1), 3)"": 137, ""((0, 2), 3)"": 209, ""((0, 3), 2)"": 70, ""((0, 3), 3)"": 261, ""((1, 1), 3)"": 168, ""((1, 2), 3)"": 592, ""((1, 3), 2)"": 802, ""((1, 3), 3)"": 244, ""((2, 2), 2)"": 125, ""((2, 2), 3)"": 532, ""((2, 3), 1)"": 1478, ""((2, 3), 2)"": 412, ""((2, 3), 3)"": 1033, ""((3, 3), 0)"": 1060, ""((3, 3), 1)"": 261, ""((3, 3), 2)"": 875}, ""degree_pair_exact"": true, ""matched_edge_count_per_control"": 8259, ""matching_method"": ""integral max-flow with exact endpoint-degree-quantile-pair and base normalized edge-weight quantile marginals"", ""shortages"": {}, ""status"": ""MATCHED"", ""target_degree_pair_marginal"": ""{(1, 2): 592, (1, 3): 1046, (2, 2): 657, (0, 2): 209, (1, 1): 168, (2, 3): 2923, (3, 3): 2196, (0, 3): 331, (0, 1): 137}"", ""target_edge_count"": 8259, ""target_weight_quantile_marginal"": ""{3: 3176, 1: 1739, 2: 2284, 0: 1060}"", ""verified_exact_marginals"": true, ""weight_quantile_exact"": true}",frozen graph intervention; FIXED_NORM_MASK is not retrained valid-operator performance
Movies,42,text_uniform,text_high_similarity_low_novelty,FIXED_NORM_MASK,8134,-0.0029994001199760145,-0.0010087788234171002,0.027997374534606934,-0.10291457176208496,20,0.00976760983467102,0.0014746257854268124,0.018229764699935914,-0.004019196160767818,MATCHED,"{""allocated_cells"": 12, ""allocation"": {""((0, 1), 3)"": 12, ""((1, 1), 3)"": 279, ""((1, 2), 3)"": 122, ""((1, 3), 1)"": 109, ""((2, 2), 2)"": 91, ""((2, 2), 3)"": 403, ""((2, 3), 0)"": 911, ""((2, 3), 1)"": 47, ""((2, 3), 3)"": 229, ""((3, 3), 0)"": 2204, ""((3, 3), 1)"": 2120, ""((3, 3), 2)"": 1607}, ""degree_pair_exact"": true, ""matched_edge_count_per_control"": 8134, ""matching_method"": ""integral max-flow with exact endpoint-degree-quantile-pair and base normalized edge-weight quantile marginals"", ""shortages"": {}, ""status"": ""MATCHED"", ""target_degree_pair_marginal"": ""{(3, 3): 5931, (2, 3): 1187, (1, 3): 109, (2, 2): 494, (1, 2): 122, (1, 1): 279, (0, 1): 12}"", ""target_edge_count"": 8134, ""target_weight_quantile_marginal"": ""{1: 2276, 2: 1698, 3: 1045, 0: 3115}"", ""verified_exact_marginals"": true, ""weight_quantile_exact"": true}",frozen graph intervention; FIXED_NORM_MASK is not retrained valid-operator performance
Movies,42,text_uniform,text_high_similarity_low_novelty,RENORMALIZED_DELETE,8134,-0.003299340131973527,-0.0019792033801258047,0.00397646427154541,-0.0038257837295532227,20,0.002251148223876953,0.0010989109555829938,0.001725316047668457,-0.0019046190761847271,MATCHED,"{""allocated_cells"": 12, ""allocation"": {""((0, 1), 3)"": 12, ""((1, 1), 3)"": 279, ""((1, 2), 3)"": 122, ""((1, 3), 1)"": 109, ""((2, 2), 2)"": 91, ""((2, 2), 3)"": 403, ""((2, 3), 0)"": 911, ""((2, 3), 1)"": 47, ""((2, 3), 3)"": 229, ""((3, 3), 0)"": 2204, ""((3, 3), 1)"": 2120, ""((3, 3), 2)"": 1607}, ""degree_pair_exact"": true, ""matched_edge_count_per_control"": 8134, ""matching_method"": ""integral max-flow with exact endpoint-degree-quantile-pair and base normalized edge-weight quantile marginals"", ""shortages"": {}, ""status"": ""MATCHED"", ""target_degree_pair_marginal"": ""{(3, 3): 5931, (2, 3): 1187, (1, 3): 109, (2, 2): 494, (1, 2): 122, (1, 1): 279, (0, 1): 12}"", ""target_edge_count"": 8134, ""target_weight_quantile_marginal"": ""{1: 2276, 2: 1698, 3: 1045, 0: 3115}"", ""verified_exact_marginals"": true, ""weight_quantile_exact"": true}",frozen graph intervention; FIXED_NORM_MASK is not retrained valid-operator performance
Movies,42,text_uniform,joint_low_similarity_high_novelty,FIXED_NORM_MASK,8221,-0.003299340131973527,0.008318659786927585,0.016779541969299316,-0.05481564998626709,20,0.025116467475891115,0.0018283535736011336,-0.008336925506591798,-0.009298140371925584,MATCHED,"{""allocated_cells"": 17, ""allocation"": {""((0, 1), 3)"": 129, ""((0, 2), 3)"": 204, ""((0, 3), 2)"": 69, ""((0, 3), 3)"": 274, ""((1, 1), 3)"": 164, ""((1, 2), 3)"": 595, ""((1, 3), 1)"": 18, ""((1, 3), 2)"": 750, ""((1, 3), 3)"": 232, ""((2, 2), 2)"": 127, ""((2, 2), 3)"": 547, ""((2, 3), 1)"": 1432, ""((2, 3), 2)"": 486, ""((2, 3), 3)"": 1011, ""((3, 3), 0)"": 1086, ""((3, 3), 1)"": 232, ""((3, 3), 2)"": 865}, ""degree_pair_exact"": true, ""matched_edge_count_per_control"": 8221, ""matching_method"": ""integral max-flow with exact endpoint-degree-quantile-pair and base normalized edge-weight quantile marginals"", ""shortages"": {}, ""status"": ""MATCHED"", ""target_degree_pair_marginal"": ""{(1, 2): 595, (1, 3): 1000, (0, 2): 204, (1, 1): 164, (2, 2): 674, (2, 3): 2929, (3, 3): 2183, (0, 3): 343, (0, 1): 129}"", ""target_edge_count"": 8221, ""target_weight_quantile_marginal"": ""{3: 3156, 1: 1682, 2: 2297, 0: 1086}"", ""verified_exact_marginals"": true, ""weight_quantile_exact"": true}",frozen graph intervention; FIXED_NORM_MASK is not retrained valid-operator performance
Movies,42,text_uniform,joint_low_similarity_high_novelty,RENORMALIZED_DELETE,8221,-0.0014997000599880073,0.008029228636850294,0.032973647117614746,0.07534027099609375,20,0.021598798036575318,0.002465731338431954,0.011374849081039428,-0.0073485302939411854,MATCHED,"{""allocated_cells"": 17, ""allocation"": {""((0, 1), 3)"": 129, ""((0, 2), 3)"": 204, ""((0, 3), 2)"": 69, ""((0, 3), 3)"": 274, ""((1, 1), 3)"": 164, ""((1, 2), 3)"": 595, ""((1, 3), 1)"": 18, ""((1, 3), 2)"": 750, ""((1, 3), 3)"": 232, ""((2, 2), 2)"": 127, ""((2, 2), 3)"": 547, ""((2, 3), 1)"": 1432, ""((2, 3), 2)"": 486, ""((2, 3), 3)"": 1011, ""((3, 3), 0)"": 1086, ""((3, 3), 1)"": 232, ""((3, 3), 2)"": 865}, ""degree_pair_exact"": true, ""matched_edge_count_per_control"": 8221, ""matching_method"": ""integral max-flow with exact endpoint-degree-quantile-pair and base normalized edge-weight quantile marginals"", ""shortages"": {}, ""status"": ""MATCHED"", ""target_degree_pair_marginal"": ""{(1, 2): 595, (1, 3): 1000, (0, 2): 204, (1, 1): 164, (2, 2): 674, (2, 3): 2929, (3, 3): 2183, (0, 3): 343, (0, 1): 129}"", ""target_edge_count"": 8221, ""target_weight_quantile_marginal"": ""{3: 3156, 1: 1682, 2: 2297, 0: 1086}"", ""verified_exact_marginals"": true, ""weight_quantile_exact"": true}",frozen graph intervention; FIXED_NORM_MASK is not retrained valid-operator performance
Movies,42,text_uniform,joint_high_similarity_low_novelty,FIXED_NORM_MASK,8829,-0.005398920215956782,-0.002324898814341614,0.027825593948364258,-0.11183106899261475,20,0.010693389177322387,0.00161338072649305,0.01713220477104187,-0.0031793641271745444,MATCHED,"{""allocated_cells"": 12, ""allocation"": {""((0, 1), 3)"": 8, ""((1, 1), 3)"": 262, ""((1, 2), 3)"": 109, ""((1, 3), 1)"": 98, ""((2, 2), 2)"": 87, ""((2, 2), 3)"": 457, ""((2, 3), 0)"": 944, ""((2, 3), 1)"": 42, ""((2, 3), 3)"": 203, ""((3, 3), 0)"": 2744, ""((3, 3), 1)"": 2276, ""((3, 3), 2)"": 1599}, ""degree_pair_exact"": true, ""matched_edge_count_per_control"": 8829, ""matching_method"": ""integral max-flow with exact endpoint-degree-quantile-pair and base normalized edge-weight quantile marginals"", ""shortages"": {}, ""status"": ""MATCHED"", ""target_degree_pair_marginal"": ""{(3, 3): 6619, (2, 3): 1189, (1, 3): 98, (2, 2): 544, (1, 2): 109, (1, 1): 262, (0, 1): 8}"", ""target_edge_count"": 8829, ""target_weight_quantile_marginal"": ""{1: 2416, 2: 1686, 0: 3688, 3: 1039}"", ""verified_exact_marginals"": true, ""weight_quantile_exact"": true}",frozen graph intervention; FIXED_NORM_MASK is not retrained valid-operator performance
Movies,42,text_uniform,joint_high_similarity_low_novelty,RENORMALIZED_DELETE,8829,-0.003299340131973527,-0.0021072065490018166,0.005223512649536133,-0.0033206939697265625,20,0.001853257417678833,0.0013776971278764048,0.0033702552318573,-0.0008248350329933818,MATCHED,"{""allocated_cells"": 12, ""allocation"": {""((0, 1), 3)"": 8, ""((1, 1), 3)"": 262, ""((1, 2), 3)"": 109, ""((1, 3), 1)"": 98, ""((2, 2), 2)"": 87, ""((2, 2), 3)"": 457, ""((2, 3), 0)"": 944, ""((2, 3), 1)"": 42, ""((2, 3), 3)"": 203, ""((3, 3), 0)"": 2744, ""((3, 3), 1)"": 2276, ""((3, 3), 2)"": 1599}, ""degree_pair_exact"": true, ""matched_edge_count_per_control"": 8829, ""matching_method"": ""integral max-flow with exact endpoint-degree-quantile-pair and base normalized edge-weight quantile marginals"", ""shortages"": {}, ""status"": ""MATCHED"", ""target_degree_pair_marginal"": ""{(3, 3): 6619, (2, 3): 1189, (1, 3): 98, (2, 2): 544, (1, 2): 109, (1, 1): 262, (0, 1): 8}"", ""target_edge_count"": 8829, ""target_weight_quantile_marginal"": ""{1: 2416, 2: 1686, 0: 3688, 3: 1039}"", ""verified_exact_marginals"": true, ""weight_quantile_exact"": true}",frozen graph intervention; FIXED_NORM_MASK is not retrained valid-operator performance
Movies,42,visual_uniform,visual_semantic_q0,FIXED_NORM_MASK,22207,-0.017096580683863216,-0.0014423186484661121,0.08334362506866455,-0.14555394649505615,20,0.06183593273162842,0.002415680290568509,0.02150769233703613,-0.015296940611877596,MATCHED,"{""allocated_cells"": 17, ""allocation"": {""((0, 0), 3)"": 74, ""((0, 1), 3)"": 162, ""((0, 2), 3)"": 199, ""((0, 3), 2)"": 78, ""((0, 3), 3)"": 262, ""((1, 1), 3)"": 300, ""((1, 2), 3)"": 957, ""((1, 3), 2)"": 838, ""((1, 3), 3)"": 900, ""((2, 2), 2)"": 117, ""((2, 2), 3)"": 1368, ""((2, 3), 1)"": 2405, ""((2, 3), 2)"": 3710, ""((2, 3), 3)"": 1344, ""((3, 3), 0)"": 4582, ""((3, 3), 1)"": 3546, ""((3, 3), 2)"": 1365}, ""degree_pair_exact"": true, ""matched_edge_count_per_control"": 22207, ""matching_method"": ""integral max-flow with exact endpoint-degree-quantile-pair and base normalized edge-weight quantile marginals"", ""shortages"": {}, ""status"": ""MATCHED"", ""target_degree_pair_marginal"": ""{(3, 3): 9493, (2, 3): 7459, (2, 2): 1485, (1, 3): 1738, (1, 2): 957, (1, 1): 300, (0, 3): 340, (0, 0): 74, (0, 1): 162, (0, 2): 199}"", ""target_edge_count"": 22207, ""target_weight_quantile_marginal"": ""{1: 5951, 2: 6108, 3: 5566, 0: 4582}"", ""verified_exact_marginals"": true, ""weight_quantile_exact"": true}",frozen graph intervention; FIXED_NORM_MASK is not retrained valid-operator performance
Movies,42,visual_uniform,visual_semantic_q0,RENORMALIZED_DELETE,22207,-0.010797840431913563,0.0037696194229262514,0.10567617416381836,0.18321692943572998,20,0.04101677536964417,0.004231193301139606,0.06465939879417419,-0.009703059388122343,MATCHED,"{""allocated_cells"": 17, ""allocation"": {""((0, 0), 3)"": 74, ""((0, 1), 3)"": 162, ""((0, 2), 3)"": 199, ""((0, 3), 2)"": 78, ""((0, 3), 3)"": 262, ""((1, 1), 3)"": 300, ""((1, 2), 3)"": 957, ""((1, 3), 2)"": 838, ""((1, 3), 3)"": 900, ""((2, 2), 2)"": 117, ""((2, 2), 3)"": 1368, ""((2, 3), 1)"": 2405, ""((2, 3), 2)"": 3710, ""((2, 3), 3)"": 1344, ""((3, 3), 0)"": 4582, ""((3, 3), 1)"": 3546, ""((3, 3), 2)"": 1365}, ""degree_pair_exact"": true, ""matched_edge_count_per_control"": 22207, ""matching_method"": ""integral max-flow with exact endpoint-degree-quantile-pair and base normalized edge-weight quantile marginals"", ""shortages"": {}, ""status"": ""MATCHED"", ""target_degree_pair_marginal"": ""{(3, 3): 9493, (2, 3): 7459, (2, 2): 1485, (1, 3): 1738, (1, 2): 957, (1, 1): 300, (0, 3): 340, (0, 0): 74, (0, 1): 162, (0, 2): 199}"", ""target_edge_count"": 22207, ""target_weight_quantile_marginal"": ""{1: 5951, 2: 6108, 3: 5566, 0: 4582}"", ""verified_exact_marginals"": true, ""weight_quantile_exact"": true}",frozen graph intervention; FIXED_NORM_MASK is not retrained valid-operator performance
Movies,42,visual_uniform,visual_semantic_q3,FIXED_NORM_MASK,0,0.0,0.0,0.0,0.0,0,nan,nan,nan,nan,EMPTY_TARGET_GROUP,"{""allocated_cells"": 0, ""allocation"": {}, ""degree_pair_exact"": false, ""matched_edge_count_per_control"": 0, ""matching_method"": ""integral max-flow with exact endpoint-degree-quantile-pair and base normalized edge-weight quantile marginals"", ""shortages"": {}, ""status"": ""EMPTY_TARGET_GROUP"", ""target_degree_pair_marginal"": ""{}"", ""target_edge_count"": 0, ""target_weight_quantile_marginal"": ""{}"", ""weight_quantile_exact"": false}",frozen graph intervention; FIXED_NORM_MASK is not retrained valid-operator performance
Movies,42,visual_uniform,visual_semantic_q3,RENORMALIZED_DELETE,0,0.0,0.0,0.0,0.0,0,nan,nan,nan,nan,EMPTY_TARGET_GROUP,"{""allocated_cells"": 0, ""allocation"": {}, ""degree_pair_exact"": false, ""matched_edge_count_per_control"": 0, ""matching_method"": ""integral max-flow with exact endpoint-degree-quantile-pair and base normalized edge-weight quantile marginals"", ""shortages"": {}, ""status"": ""EMPTY_TARGET_GROUP"", ""target_degree_pair_marginal"": ""{}"", ""target_edge_count"": 0, ""target_weight_quantile_marginal"": ""{}"", ""weight_quantile_exact"": false}",frozen graph intervention; FIXED_NORM_MASK is not retrained valid-operator performance
Movies,42,visual_uniform,visual_low_similarity_high_novelty,FIXED_NORM_MASK,8863,-0.005098980203959158,0.004594249573319498,0.022091269493103027,-0.05687057971954346,20,0.019168466329574585,0.0022902541056016986,0.0029228031635284424,-0.007528494301139754,MATCHED,"{""allocated_cells"": 16, ""allocation"": {""((0, 1), 3)"": 137, ""((0, 2), 3)"": 196, ""((0, 3), 2)"": 78, ""((0, 3), 3)"": 262, ""((1, 1), 3)"": 165, ""((1, 2), 3)"": 605, ""((1, 3), 2)"": 745, ""((1, 3), 3)"": 262, ""((2, 2), 2)"": 126, ""((2, 2), 3)"": 577, ""((2, 3), 1)"": 1627, ""((2, 3), 2)"": 445, ""((2, 3), 3)"": 1029, ""((3, 3), 0)"": 1294, ""((3, 3), 1)"": 272, ""((3, 3), 2)"": 1043}, ""degree_pair_exact"": true, ""matched_edge_count_per_control"": 8863, ""matching_method"": ""integral max-flow with exact endpoint-degree-quantile-pair and base normalized edge-weight quantile marginals"", ""shortages"": {}, ""status"": ""MATCHED"", ""target_degree_pair_marginal"": ""{(2, 3): 3101, (1, 3): 1007, (1, 1): 165, (2, 2): 703, (3, 3): 2609, (0, 3): 340, (1, 2): 605, (0, 1): 137, (0, 2): 196}"", ""target_edge_count"": 8863, ""target_weight_quantile_marginal"": ""{2: 2437, 3: 3233, 0: 1294, 1: 1899}"", ""verified_exact_marginals"": true, ""weight_quantile_exact"": true}",frozen graph intervention; FIXED_NORM_MASK is not retrained valid-operator performance
Movies,42,visual_uniform,visual_low_similarity_high_novelty,RENORMALIZED_DELETE,8863,-0.004799040191961534,0.0046673072754520595,0.05294156074523926,0.10747659206390381,20,0.023059093952178956,0.003786786853867884,0.0298824667930603,-0.004259148170365911,MATCHED,"{""allocated_cells"": 16, ""allocation"": {""((0, 1), 3)"": 137, ""((0, 2), 3)"": 196, ""((0, 3), 2)"": 78, ""((0, 3), 3)"": 262, ""((1, 1), 3)"": 165, ""((1, 2), 3)"": 605, ""((1, 3), 2)"": 745, ""((1, 3), 3)"": 262, ""((2, 2), 2)"": 126, ""((2, 2), 3)"": 577, ""((2, 3), 1)"": 1627, ""((2, 3), 2)"": 445, ""((2, 3), 3)"": 1029, ""((3, 3), 0)"": 1294, ""((3, 3), 1)"": 272, ""((3, 3), 2)"": 1043}, ""degree_pair_exact"": true, ""matched_edge_count_per_control"": 8863, ""matching_method"": ""integral max-flow with exact endpoint-degree-quantile-pair and base normalized edge-weight quantile marginals"", ""shortages"": {}, ""status"": ""MATCHED"", ""target_degree_pair_marginal"": ""{(2, 3): 3101, (1, 3): 1007, (1, 1): 165, (2, 2): 703, (3, 3): 2609, (0, 3): 340, (1, 2): 605, (0, 1): 137, (0, 2): 196}"", ""target_edge_count"": 8863, ""target_weight_quantile_marginal"": ""{2: 2437, 3: 3233, 0: 1294, 1: 1899}"", ""verified_exact_marginals"": true, ""weight_quantile_exact"": true}",frozen graph intervention; FIXED_NORM_MASK is not retrained valid-operator performance
Movies,42,visual_uniform,visual_high_similarity_low_novelty,FIXED_NORM_MASK,9681,-0.004199160167966398,-0.0005638075196010561,0.02878415584564209,-0.14079535007476807,20,0.007573473453521729,0.0015831077385427465,0.021210682392120362,-0.004094181163767208,MATCHED,"{""allocated_cells"": 13, ""allocation"": {""((0, 1), 3)"": 9, ""((0, 2), 3)"": 1, ""((1, 1), 3)"": 332, ""((1, 2), 3)"": 155, ""((1, 3), 1)"": 92, ""((2, 2), 2)"": 93, ""((2, 2), 3)"": 527, ""((2, 3), 0)"": 924, ""((2, 3), 1)"": 159, ""((2, 3), 3)"": 236, ""((3, 3), 0)"": 2881, ""((3, 3), 1)"": 2450, ""((3, 3), 2)"": 1822}, ""degree_pair_exact"": true, ""matched_edge_count_per_control"": 9681, ""matching_method"": ""integral max-flow with exact endpoint-degree-quantile-pair and base normalized edge-weight quantile marginals"", ""shortages"": {}, ""status"": ""MATCHED"", ""target_degree_pair_marginal"": ""{(3, 3): 7153, (2, 3): 1319, (1, 3): 92, (1, 2): 155, (2, 2): 620, (1, 1): 332, (0, 1): 9, (0, 2): 1}"", ""target_edge_count"": 9681, ""target_weight_quantile_marginal"": ""{1: 2701, 2: 1915, 0: 3805, 3: 1260}"", ""verified_exact_marginals"": true, ""weight_quantile_exact"": true}",frozen graph intervention; FIXED_NORM_MASK is not retrained valid-operator performance
Movies,42,visual_uniform,visual_high_similarity_low_novelty,RENORMALIZED_DELETE,9681,-0.0011997600479903836,-0.001301618085794598,0.003602266311645508,-0.012514710426330566,20,0.002541029453277588,0.0015544947991330154,0.0010612368583679198,-0.0007948410317936139,MATCHED,"{""allocated_cells"": 13, ""allocation"": {""((0, 1), 3)"": 9, ""((0, 2), 3)"": 1, ""((1, 1), 3)"": 332, ""((1, 2), 3)"": 155, ""((1, 3), 1)"": 92, ""((2, 2), 2)"": 93, ""((2, 2), 3)"": 527, ""((2, 3), 0)"": 924, ""((2, 3), 1)"": 159, ""((2, 3), 3)"": 236, ""((3, 3), 0)"": 2881, ""((3, 3), 1)"": 2450, ""((3, 3), 2)"": 1822}, ""degree_pair_exact"": true, ""matched_edge_count_per_control"": 9681, ""matching_method"": ""integral max-flow with exact endpoint-degree-quantile-pair and base normalized edge-weight quantile marginals"", ""shortages"": {}, ""status"": ""MATCHED"", ""target_degree_pair_marginal"": ""{(3, 3): 7153, (2, 3): 1319, (1, 3): 92, (1, 2): 155, (2, 2): 620, (1, 1): 332, (0, 1): 9, (0, 2): 1}"", ""target_edge_count"": 9681, ""target_weight_quantile_marginal"": ""{1: 2701, 2: 1915, 0: 3805, 3: 1260}"", ""verified_exact_marginals"": true, ""weight_quantile_exact"": true}",frozen graph intervention; FIXED_NORM_MASK is not retrained valid-operator performance
Movies,42,visual_uniform,joint_low_similarity_high_novelty,FIXED_NORM_MASK,8221,-0.0038992201559687745,0.0012444498719774155,0.014016032218933105,-0.06118309497833252,20,0.01897783875465393,0.0026224038535849407,-0.0049618065357208245,-0.00692861427714454,MATCHED,"{""allocated_cells"": 17, ""allocation"": {""((0, 1), 3)"": 129, ""((0, 2), 3)"": 204, ""((0, 3), 2)"": 69, ""((0, 3), 3)"": 274, ""((1, 1), 3)"": 164, ""((1, 2), 3)"": 595, ""((1, 3), 1)"": 18, ""((1, 3), 2)"": 750, ""((1, 3), 3)"": 232, ""((2, 2), 2)"": 127, ""((2, 2), 3)"": 547, ""((2, 3), 1)"": 1432, ""((2, 3), 2)"": 486, ""((2, 3), 3)"": 1011, ""((3, 3), 0)"": 1086, ""((3, 3), 1)"": 232, ""((3, 3), 2)"": 865}, ""degree_pair_exact"": true, ""matched_edge_count_per_control"": 8221, ""matching_method"": ""integral max-flow with exact endpoint-degree-quantile-pair and base normalized edge-weight quantile marginals"", ""shortages"": {}, ""status"": ""MATCHED"", ""target_degree_pair_marginal"": ""{(1, 2): 595, (1, 3): 1000, (0, 2): 204, (1, 1): 164, (2, 2): 674, (2, 3): 2929, (3, 3): 2183, (0, 3): 343, (0, 1): 129}"", ""target_edge_count"": 8221, ""target_weight_quantile_marginal"": ""{3: 3156, 1: 1682, 2: 2297, 0: 1086}"", ""verified_exact_marginals"": true, ""weight_quantile_exact"": true}",frozen graph intervention; FIXED_NORM_MASK is not retrained valid-operator performance
Movies,42,visual_uniform,joint_low_similarity_high_novelty,RENORMALIZED_DELETE,8221,-0.0020995800839831436,0.000308344582905129,0.04305922985076904,0.09045135974884033,20,0.02473534345626831,0.0028128431120406027,0.01832388639450073,-0.0045440911817636155,MATCHED,"{""allocated_cells"": 17, ""allocation"": {""((0, 1), 3)"": 129, ""((0, 2), 3)"": 204, ""((0, 3), 2)"": 69, ""((0, 3), 3)"": 274, ""((1, 1), 3)"": 164, ""((1, 2), 3)"": 595, ""((1, 3), 1)"": 18, ""((1, 3), 2)"": 750, ""((1, 3), 3)"": 232, ""((2, 2), 2)"": 127, ""((2, 2), 3)"": 547, ""((2, 3), 1)"": 1432, ""((2, 3), 2)"": 486, ""((2, 3), 3)"": 1011, ""((3, 3), 0)"": 1086, ""((3, 3), 1)"": 232, ""((3, 3), 2)"": 865}, ""degree_pair_exact"": true, ""matched_edge_count_per_control"": 8221, ""matching_method"": ""integral max-flow with exact endpoint-degree-quantile-pair and base normalized edge-weight quantile marginals"", ""shortages"": {}, ""status"": ""MATCHED"", ""target_degree_pair_marginal"": ""{(1, 2): 595, (1, 3): 1000, (0, 2): 204, (1, 1): 164, (2, 2): 674, (2, 3): 2929, (3, 3): 2183, (0, 3): 343, (0, 1): 129}"", ""target_edge_count"": 8221, ""target_weight_quantile_marginal"": ""{3: 3156, 1: 1682, 2: 2297, 0: 1086}"", ""verified_exact_marginals"": true, ""weight_quantile_exact"": true}",frozen graph intervention; FIXED_NORM_MASK is not retrained valid-operator performance
Movies,42,visual_uniform,joint_high_similarity_low_novelty,FIXED_NORM_MASK,8829,-0.0020995800839831436,-0.0001236136767984175,0.026728153228759766,-0.13412868976593018,20,0.0042624831199646,0.0020065247485175314,0.022465670108795167,-0.0028944211157768186,MATCHED,"{""allocated_cells"": 12, ""allocation"": {""((0, 1), 3)"": 8, ""((1, 1), 3)"": 262, ""((1, 2), 3)"": 109, ""((1, 3), 1)"": 98, ""((2, 2), 2)"": 87, ""((2, 2), 3)"": 457, ""((2, 3), 0)"": 944, ""((2, 3), 1)"": 42, ""((2, 3), 3)"": 203, ""((3, 3), 0)"": 2744, ""((3, 3), 1)"": 2276, ""((3, 3), 2)"": 1599}, ""degree_pair_exact"": true, ""matched_edge_count_per_control"": 8829, ""matching_method"": ""integral max-flow with exact endpoint-degree-quantile-pair and base normalized edge-weight quantile marginals"", ""shortages"": {}, ""status"": ""MATCHED"", ""target_degree_pair_marginal"": ""{(3, 3): 6619, (2, 3): 1189, (1, 3): 98, (2, 2): 544, (1, 2): 109, (1, 1): 262, (0, 1): 8}"", ""target_edge_count"": 8829, ""target_weight_quantile_marginal"": ""{1: 2416, 2: 1686, 0: 3688, 3: 1039}"", ""verified_exact_marginals"": true, ""weight_quantile_exact"": true}",frozen graph intervention; FIXED_NORM_MASK is not retrained valid-operator performance
Movies,42,visual_uniform,joint_high_similarity_low_novelty,RENORMALIZED_DELETE,8829,-0.00029994001199751263,-0.00043658001422280934,0.004072070121765137,-0.0069713592529296875,20,0.0007158339023590088,0.0014031743636933336,0.003356236219406128,-0.00067486502699457,MATCHED,"{""allocated_cells"": 12, ""allocation"": {""((0, 1), 3)"": 8, ""((1, 1), 3)"": 262, ""((1, 2), 3)"": 109, ""((1, 3), 1)"": 98, ""((2, 2), 2)"": 87, ""((2, 2), 3)"": 457, ""((2, 3), 0)"": 944, ""((2, 3), 1)"": 42, ""((2, 3), 3)"": 203, ""((3, 3), 0)"": 2744, ""((3, 3), 1)"": 2276, ""((3, 3), 2)"": 1599}, ""degree_pair_exact"": true, ""matched_edge_count_per_control"": 8829, ""matching_method"": ""integral max-flow with exact endpoint-degree-quantile-pair and base normalized edge-weight quantile marginals"", ""shortages"": {}, ""status"": ""MATCHED"", ""target_degree_pair_marginal"": ""{(3, 3): 6619, (2, 3): 1189, (1, 3): 98, (2, 2): 544, (1, 2): 109, (1, 1): 262, (0, 1): 8}"", ""target_edge_count"": 8829, ""target_weight_quantile_marginal"": ""{1: 2416, 2: 1686, 0: 3688, 3: 1039}"", ""verified_exact_marginals"": true, ""weight_quantile_exact"": true}",frozen graph intervention; FIXED_NORM_MASK is not retrained valid-operator performance
Movies,43,text_uniform,text_semantic_q0,FIXED_NORM_MASK,20618,-0.010197960407918427,0.01092586501648607,0.07636117935180664,-0.11639952659606934,20,0.07842106819152832,0.0020696010783605415,-0.002059888839721677,-0.0034943011397720993,MATCHED,"{""allocated_cells"": 17, ""allocation"": {""((0, 0), 3)"": 84, ""((0, 1), 3)"": 151, ""((0, 2), 3)"": 192, ""((0, 3), 2)"": 74, ""((0, 3), 3)"": 251, ""((1, 1), 3)"": 282, ""((1, 2), 3)"": 910, ""((1, 3), 2)"": 857, ""((1, 3), 3)"": 900, ""((2, 2), 2)"": 116, ""((2, 2), 3)"": 1312, ""((2, 3), 1)"": 2620, ""((2, 3), 2)"": 3076, ""((2, 3), 3)"": 1308, ""((3, 3), 0)"": 4116, ""((3, 3), 1)"": 2670, ""((3, 3), 2)"": 1699}, ""degree_pair_exact"": true, ""matched_edge_count_per_control"": 20618, ""matching_method"": ""integral max-flow with exact endpoint-degree-quantile-pair and base normalized edge-weight quantile marginals"", ""shortages"": {}, ""status"": ""MATCHED"", ""target_degree_pair_marginal"": ""{(3, 3): 8485, (2, 2): 1428, (2, 3): 7004, (1, 2): 910, (1, 3): 1757, (1, 1): 282, (0, 3): 325, (0, 0): 84, (0, 1): 151, (0, 2): 192}"", ""target_edge_count"": 20618, ""target_weight_quantile_marginal"": ""{1: 5290, 3: 5390, 2: 5822, 0: 4116}"", ""verified_exact_marginals"": true, ""weight_quantile_exact"": true}",frozen graph intervention; FIXED_NORM_MASK is not retrained valid-operator performance
Movies,43,text_uniform,text_semantic_q0,RENORMALIZED_DELETE,20618,-0.009898020395920915,0.015260177791283525,0.04744148254394531,0.14865601062774658,20,0.00759769082069397,0.001967848338765341,0.039843791723251344,-0.007813437312537547,MATCHED,"{""allocated_cells"": 17, ""allocation"": {""((0, 0), 3)"": 84, ""((0, 1), 3)"": 151, ""((0, 2), 3)"": 192, ""((0, 3), 2)"": 74, ""((0, 3), 3)"": 251, ""((1, 1), 3)"": 282, ""((1, 2), 3)"": 910, ""((1, 3), 2)"": 857, ""((1, 3), 3)"": 900, ""((2, 2), 2)"": 116, ""((2, 2), 3)"": 1312, ""((2, 3), 1)"": 2620, ""((2, 3), 2)"": 3076, ""((2, 3), 3)"": 1308, ""((3, 3), 0)"": 4116, ""((3, 3), 1)"": 2670, ""((3, 3), 2)"": 1699}, ""degree_pair_exact"": true, ""matched_edge_count_per_control"": 20618, ""matching_method"": ""integral max-flow with exact endpoint-degree-quantile-pair and base normalized edge-weight quantile marginals"", ""shortages"": {}, ""status"": ""MATCHED"", ""target_degree_pair_marginal"": ""{(3, 3): 8485, (2, 2): 1428, (2, 3): 7004, (1, 2): 910, (1, 3): 1757, (1, 1): 282, (0, 3): 325, (0, 0): 84, (0, 1): 151, (0, 2): 192}"", ""target_edge_count"": 20618, ""target_weight_quantile_marginal"": ""{1: 5290, 3: 5390, 2: 5822, 0: 4116}"", ""verified_exact_marginals"": true, ""weight_quantile_exact"": true}",frozen graph intervention; FIXED_NORM_MASK is not retrained valid-operator performance
Movies,43,text_uniform,text_semantic_q3,FIXED_NORM_MASK,0,0.0,0.0,0.0,0.0,0,nan,nan,nan,nan,EMPTY_TARGET_GROUP,"{""allocated_cells"": 0, ""allocation"": {}, ""degree_pair_exact"": false, ""matched_edge_count_per_control"": 0, ""matching_method"": ""integral max-flow with exact endpoint-degree-quantile-pair and base normalized edge-weight quantile marginals"", ""shortages"": {}, ""status"": ""EMPTY_TARGET_GROUP"", ""target_degree_pair_marginal"": ""{}"", ""target_edge_count"": 0, ""target_weight_quantile_marginal"": ""{}"", ""weight_quantile_exact"": false}",frozen graph intervention; FIXED_NORM_MASK is not retrained valid-operator performance
Movies,43,text_uniform,text_semantic_q3,RENORMALIZED_DELETE,0,0.0,0.0,0.0,0.0,0,nan,nan,nan,nan,EMPTY_TARGET_GROUP,"{""allocated_cells"": 0, ""allocation"": {}, ""degree_pair_exact"": false, ""matched_edge_count_per_control"": 0, ""matching_method"": ""integral max-flow with exact endpoint-degree-quantile-pair and base normalized edge-weight quantile marginals"", ""shortages"": {}, ""status"": ""EMPTY_TARGET_GROUP"", ""target_degree_pair_marginal"": ""{}"", ""target_edge_count"": 0, ""target_weight_quantile_marginal"": ""{}"", ""weight_quantile_exact"": false}",frozen graph intervention; FIXED_NORM_MASK is not retrained valid-operator performance
Movies,43,text_uniform,text_low_similarity_high_novelty,FIXED_NORM_MASK,8070,-0.0011997600479904946,0.01838376493613325,0.021752595901489258,-0.05855715274810791,20,0.029085654020309448,0.0021612752553027887,-0.00733305811882019,-0.0009298140371926056,MATCHED,"{""allocated_cells"": 17, ""allocation"": {""((0, 1), 3)"": 136, ""((0, 2), 3)"": 189, ""((0, 3), 2)"": 74, ""((0, 3), 3)"": 251, ""((1, 1), 3)"": 164, ""((1, 2), 3)"": 584, ""((1, 3), 1)"": 19, ""((1, 3), 2)"": 772, ""((1, 3), 3)"": 231, ""((2, 2), 2)"": 123, ""((2, 2), 3)"": 534, ""((2, 3), 1)"": 1427, ""((2, 3), 2)"": 383, ""((2, 3), 3)"": 1022, ""((3, 3), 0)"": 1073, ""((3, 3), 1)"": 231, ""((3, 3), 2)"": 857}, ""degree_pair_exact"": true, ""matched_edge_count_per_control"": 8070, ""matching_method"": ""integral max-flow with exact endpoint-degree-quantile-pair and base normalized edge-weight quantile marginals"", ""shortages"": {}, ""status"": ""MATCHED"", ""target_degree_pair_marginal"": ""{(2, 2): 657, (1, 2): 584, (1, 3): 1022, (1, 1): 164, (2, 3): 2832, (3, 3): 2161, (0, 3): 325, (0, 1): 136, (0, 2): 189}"", ""target_edge_count"": 8070, ""target_weight_quantile_marginal"": ""{3: 3111, 2: 2209, 1: 1677, 0: 1073}"", ""verified_exact_marginals"": true, ""weight_quantile_exact"": true}",frozen graph intervention; FIXED_NORM_MASK is not retrained valid-operator performance
Movies,43,text_uniform,text_low_similarity_high_novelty,RENORMALIZED_DELETE,8070,-0.0005998800239952473,0.01964088822527199,0.015312910079956055,0.07119870185852051,20,0.004015129804611206,0.0015796126242554579,0.011297780275344848,-0.003929214157168631,MATCHED,"{""allocated_cells"": 17, ""allocation"": {""((0, 1), 3)"": 136, ""((0, 2), 3)"": 189, ""((0, 3), 2)"": 74, ""((0, 3), 3)"": 251, ""((1, 1), 3)"": 164, ""((1, 2), 3)"": 584, ""((1, 3), 1)"": 19, ""((1, 3), 2)"": 772, ""((1, 3), 3)"": 231, ""((2, 2), 2)"": 123, ""((2, 2), 3)"": 534, ""((2, 3), 1)"": 1427, ""((2, 3), 2)"": 383, ""((2, 3), 3)"": 1022, ""((3, 3), 0)"": 1073, ""((3, 3), 1)"": 231, ""((3, 3), 2)"": 857}, ""degree_pair_exact"": true, ""matched_edge_count_per_control"": 8070, ""matching_method"": ""integral max-flow with exact endpoint-degree-quantile-pair and base normalized edge-weight quantile marginals"", ""shortages"": {}, ""status"": ""MATCHED"", ""target_degree_pair_marginal"": ""{(2, 2): 657, (1, 2): 584, (1, 3): 1022, (1, 1): 164, (2, 3): 2832, (3, 3): 2161, (0, 3): 325, (0, 1): 136, (0, 2): 189}"", ""target_edge_count"": 8070, ""target_weight_quantile_marginal"": ""{3: 3111, 2: 2209, 1: 1677, 0: 1073}"", ""verified_exact_marginals"": true, ""weight_quantile_exact"": true}",frozen graph intervention; FIXED_NORM_MASK is not retrained valid-operator performance
Movies,43,text_uniform,text_high_similarity_low_novelty,FIXED_NORM_MASK,8199,-0.001799640071985631,-0.001587466747892452,0.030828118324279785,-0.10640013217926025,20,0.010765153169631957,0.001442174776314703,0.020062965154647828,0.001874625074984948,MATCHED,"{""allocated_cells"": 12, ""allocation"": {""((0, 1), 3)"": 14, ""((1, 1), 3)"": 288, ""((1, 2), 3)"": 134, ""((1, 3), 1)"": 109, ""((2, 2), 2)"": 90, ""((2, 2), 3)"": 434, ""((2, 3), 0)"": 916, ""((2, 3), 1)"": 32, ""((2, 3), 3)"": 236, ""((3, 3), 0)"": 2278, ""((3, 3), 1)"": 2083, ""((3, 3), 2)"": 1585}, ""degree_pair_exact"": true, ""matched_edge_count_per_control"": 8199, ""matching_method"": ""integral max-flow with exact endpoint-degree-quantile-pair and base normalized edge-weight quantile marginals"", ""shortages"": {}, ""status"": ""MATCHED"", ""target_degree_pair_marginal"": ""{(3, 3): 5946, (2, 3): 1184, (2, 2): 524, (1, 3): 109, (1, 2): 134, (1, 1): 288, (0, 1): 14}"", ""target_edge_count"": 8199, ""target_weight_quantile_marginal"": ""{1: 2224, 2: 1675, 0: 3194, 3: 1106}"", ""verified_exact_marginals"": true, ""weight_quantile_exact"": true}",frozen graph intervention; FIXED_NORM_MASK is not retrained valid-operator performance
Movies,43,text_uniform,text_high_similarity_low_novelty,RENORMALIZED_DELETE,8199,-0.002699460107978502,-0.000868773973591197,0.005688071250915527,-0.0028308629989624023,20,-0.0005396246910095215,0.0011337291382242714,0.0062276959419250485,-0.002474505098980245,MATCHED,"{""allocated_cells"": 12, ""allocation"": {""((0, 1), 3)"": 14, ""((1, 1), 3)"": 288, ""((1, 2), 3)"": 134, ""((1, 3), 1)"": 109, ""((2, 2), 2)"": 90, ""((2, 2), 3)"": 434, ""((2, 3), 0)"": 916, ""((2, 3), 1)"": 32, ""((2, 3), 3)"": 236, ""((3, 3), 0)"": 2278, ""((3, 3), 1)"": 2083, ""((3, 3), 2)"": 1585}, ""degree_pair_exact"": true, ""matched_edge_count_per_control"": 8199, ""matching_method"": ""integral max-flow with exact endpoint-degree-quantile-pair and base normalized edge-weight quantile marginals"", ""shortages"": {}, ""status"": ""MATCHED"", ""target_degree_pair_marginal"": ""{(3, 3): 5946, (2, 3): 1184, (2, 2): 524, (1, 3): 109, (1, 2): 134, (1, 1): 288, (0, 1): 14}"", ""target_edge_count"": 8199, ""target_weight_quantile_marginal"": ""{1: 2224, 2: 1675, 0: 3194, 3: 1106}"", ""verified_exact_marginals"": true, ""weight_quantile_exact"": true}",frozen graph intervention; FIXED_NORM_MASK is not retrained valid-operator performance
Movies,43,text_uniform,joint_low_similarity_high_novelty,FIXED_NORM_MASK,8238,0.005098980203959158,0.02285179973035978,0.017591118812561035,-0.06417250633239746,20,0.02920771837234497,0.0018148808331828468,-0.011616599559783936,-0.0009898020395921303,MATCHED,"{""allocated_cells"": 16, ""allocation"": {""((0, 1), 3)"": 121, ""((0, 2), 3)"": 199, ""((0, 3), 2)"": 66, ""((0, 3), 3)"": 284, ""((1, 1), 3)"": 151, ""((1, 2), 3)"": 593, ""((1, 3), 2)"": 760, ""((1, 3), 3)"": 255, ""((2, 2), 2)"": 124, ""((2, 2), 3)"": 550, ""((2, 3), 1)"": 1414, ""((2, 3), 2)"": 519, ""((2, 3), 3)"": 1011, ""((3, 3), 0)"": 1075, ""((3, 3), 1)"": 256, ""((3, 3), 2)"": 860}, ""degree_pair_exact"": true, ""matched_edge_count_per_control"": 8238, ""matching_method"": ""integral max-flow with exact endpoint-degree-quantile-pair and base normalized edge-weight quantile marginals"", ""shortages"": {}, ""status"": ""MATCHED"", ""target_degree_pair_marginal"": ""{(1, 2): 593, (1, 3): 1015, (0, 2): 199, (1, 1): 151, (2, 2): 674, (2, 3): 2944, (3, 3): 2191, (0, 3): 350, (0, 1): 121}"", ""target_edge_count"": 8238, ""target_weight_quantile_marginal"": ""{3: 3164, 1: 1670, 2: 2329, 0: 1075}"", ""verified_exact_marginals"": true, ""weight_quantile_exact"": true}",frozen graph intervention; FIXED_NORM_MASK is not retrained valid-operator performance
Movies,43,text_uniform,joint_low_similarity_high_novelty,RENORMALIZED_DELETE,8238,0.0,0.018853826116603023,0.006227016448974609,0.07112705707550049,20,0.004191082715988159,0.0020284611478731777,0.0020359337329864504,-0.0033593281343731797,MATCHED,"{""allocated_cells"": 16, ""allocation"": {""((0, 1), 3)"": 121, ""((0, 2), 3)"": 199, ""((0, 3), 2)"": 66, ""((0, 3), 3)"": 284, ""((1, 1), 3)"": 151, ""((1, 2), 3)"": 593, ""((1, 3), 2)"": 760, ""((1, 3), 3)"": 255, ""((2, 2), 2)"": 124, ""((2, 2), 3)"": 550, ""((2, 3), 1)"": 1414, ""((2, 3), 2)"": 519, ""((2, 3), 3)"": 1011, ""((3, 3), 0)"": 1075, ""((3, 3), 1)"": 256, ""((3, 3), 2)"": 860}, ""degree_pair_exact"": true, ""matched_edge_count_per_control"": 8238, ""matching_method"": ""integral max-flow with exact endpoint-degree-quantile-pair and base normalized edge-weight quantile marginals"", ""shortages"": {}, ""status"": ""MATCHED"", ""target_degree_pair_marginal"": ""{(1, 2): 593, (1, 3): 1015, (0, 2): 199, (1, 1): 151, (2, 2): 674, (2, 3): 2944, (3, 3): 2191, (0, 3): 350, (0, 1): 121}"", ""target_edge_count"": 8238, ""target_weight_quantile_marginal"": ""{3: 3164, 1: 1670, 2: 2329, 0: 1075}"", ""verified_exact_marginals"": true, ""weight_quantile_exact"": true}",frozen graph intervention; FIXED_NORM_MASK is not retrained valid-operator performance
Movies,43,text_uniform,joint_high_similarity_low_novelty,FIXED_NORM_MASK,8704,-0.001799640071985631,-0.002608307966499135,0.03213953971862793,-0.11024272441864014,20,0.010082656145095825,0.001070723854904447,0.022056883573532103,0.001694661067786396,MATCHED,"{""allocated_cells"": 12, ""allocation"": {""((0, 1), 3)"": 10, ""((1, 1), 3)"": 270, ""((1, 2), 3)"": 102, ""((1, 3), 1)"": 104, ""((2, 2), 2)"": 86, ""((2, 2), 3)"": 438, ""((2, 3), 0)"": 937, ""((2, 3), 1)"": 38, ""((2, 3), 3)"": 202, ""((3, 3), 0)"": 2724, ""((3, 3), 1)"": 2231, ""((3, 3), 2)"": 1562}, ""degree_pair_exact"": true, ""matched_edge_count_per_control"": 8704, ""matching_method"": ""integral max-flow with exact endpoint-degree-quantile-pair and base normalized edge-weight quantile marginals"", ""shortages"": {}, ""status"": ""MATCHED"", ""target_degree_pair_marginal"": ""{(3, 3): 6517, (2, 3): 1177, (1, 3): 104, (2, 2): 524, (1, 2): 102, (1, 1): 270, (0, 1): 10}"", ""target_edge_count"": 8704, ""target_weight_quantile_marginal"": ""{1: 2373, 2: 1648, 0: 3661, 3: 1022}"", ""verified_exact_marginals"": true, ""weight_quantile_exact"": true}",frozen graph intervention; FIXED_NORM_MASK is not retrained valid-operator performance
Movies,43,text_uniform,joint_high_similarity_low_novelty,RENORMALIZED_DELETE,8704,-0.005998800239952029,-0.006324668609902329,0.004713177680969238,0.002647995948791504,20,-0.0010389089584350586,0.0015318151306950758,0.005752086639404297,-0.0017696460707858964,MATCHED,"{""allocated_cells"": 12, ""allocation"": {""((0, 1), 3)"": 10, ""((1, 1), 3)"": 270, ""((1, 2), 3)"": 102, ""((1, 3), 1)"": 104, ""((2, 2), 2)"": 86, ""((2, 2), 3)"": 438, ""((2, 3), 0)"": 937, ""((2, 3), 1)"": 38, ""((2, 3), 3)"": 202, ""((3, 3), 0)"": 2724, ""((3, 3), 1)"": 2231, ""((3, 3), 2)"": 1562}, ""degree_pair_exact"": true, ""matched_edge_count_per_control"": 8704, ""matching_method"": ""integral max-flow with exact endpoint-degree-quantile-pair and base normalized edge-weight quantile marginals"", ""shortages"": {}, ""status"": ""MATCHED"", ""target_degree_pair_marginal"": ""{(3, 3): 6517, (2, 3): 1177, (1, 3): 104, (2, 2): 524, (1, 2): 102, (1, 1): 270, (0, 1): 10}"", ""target_edge_count"": 8704, ""target_weight_quantile_marginal"": ""{1: 2373, 2: 1648, 0: 3661, 3: 1022}"", ""verified_exact_marginals"": true, ""weight_quantile_exact"": true}",frozen graph intervention; FIXED_NORM_MASK is not retrained valid-operator performance
Movies,43,visual_uniform,visual_semantic_q0,FIXED_NORM_MASK,20420,0.00179964007198552,0.0065099657489147145,0.07950937747955322,-0.12668991088867188,20,0.07811784148216247,0.001997135125030822,0.0013915359973907526,0.005368926214756986,MATCHED,"{""allocated_cells"": 17, ""allocation"": {""((0, 0), 3)"": 58, ""((0, 1), 3)"": 143, ""((0, 2), 3)"": 177, ""((0, 3), 2)"": 76, ""((0, 3), 3)"": 251, ""((1, 1), 3)"": 276, ""((1, 2), 3)"": 896, ""((1, 3), 2)"": 854, ""((1, 3), 3)"": 796, ""((2, 2), 2)"": 114, ""((2, 2), 3)"": 1237, ""((2, 3), 1)"": 2640, ""((2, 3), 2)"": 2997, ""((2, 3), 3)"": 1332, ""((3, 3), 0)"": 4065, ""((3, 3), 1)"": 2754, ""((3, 3), 2)"": 1754}, ""degree_pair_exact"": true, ""matched_edge_count_per_control"": 20420, ""matching_method"": ""integral max-flow with exact endpoint-degree-quantile-pair and base normalized edge-weight quantile marginals"", ""shortages"": {}, ""status"": ""MATCHED"", ""target_degree_pair_marginal"": ""{(3, 3): 8573, (2, 3): 6969, (2, 2): 1351, (1, 3): 1650, (1, 2): 896, (1, 1): 276, (0, 3): 327, (0, 0): 58, (0, 1): 143, (0, 2): 177}"", ""target_edge_count"": 20420, ""target_weight_quantile_marginal"": ""{2: 5795, 1: 5394, 3: 5166, 0: 4065}"", ""verified_exact_marginals"": true, ""weight_quantile_exact"": true}",frozen graph intervention; FIXED_NORM_MASK is not retrained valid-operator performance
Movies,43,visual_uniform,visual_semantic_q0,RENORMALIZED_DELETE,20420,-0.000899820035992871,0.005338593458957375,0.027595162391662598,0.19903302192687988,20,0.007827848196029663,0.0030892006236453214,0.019767314195632935,-0.0029394121175765286,MATCHED,"{""allocated_cells"": 17, ""allocation"": {""((0, 0), 3)"": 58, ""((0, 1), 3)"": 143, ""((0, 2), 3)"": 177, ""((0, 3), 2)"": 76, ""((0, 3), 3)"": 251, ""((1, 1), 3)"": 276, ""((1, 2), 3)"": 896, ""((1, 3), 2)"": 854, ""((1, 3), 3)"": 796, ""((2, 2), 2)"": 114, ""((2, 2), 3)"": 1237, ""((2, 3), 1)"": 2640, ""((2, 3), 2)"": 2997, ""((2, 3), 3)"": 1332, ""((3, 3), 0)"": 4065, ""((3, 3), 1)"": 2754, ""((3, 3), 2)"": 1754}, ""degree_pair_exact"": true, ""matched_edge_count_per_control"": 20420, ""matching_method"": ""integral max-flow with exact endpoint-degree-quantile-pair and base normalized edge-weight quantile marginals"", ""shortages"": {}, ""status"": ""MATCHED"", ""target_degree_pair_marginal"": ""{(3, 3): 8573, (2, 3): 6969, (2, 2): 1351, (1, 3): 1650, (1, 2): 896, (1, 1): 276, (0, 3): 327, (0, 0): 58, (0, 1): 143, (0, 2): 177}"", ""target_edge_count"": 20420, ""target_weight_quantile_marginal"": ""{2: 5795, 1: 5394, 3: 5166, 0: 4065}"", ""verified_exact_marginals"": true, ""weight_quantile_exact"": true}",frozen graph intervention; FIXED_NORM_MASK is not retrained valid-operator performance
Movies,43,visual_uniform,visual_semantic_q3,FIXED_NORM_MASK,0,0.0,0.0,0.0,0.0,0,nan,nan,nan,nan,EMPTY_TARGET_GROUP,"{""allocated_cells"": 0, ""allocation"": {}, ""degree_pair_exact"": false, ""matched_edge_count_per_control"": 0, ""matching_method"": ""integral max-flow with exact endpoint-degree-quantile-pair and base normalized edge-weight quantile marginals"", ""shortages"": {}, ""status"": ""EMPTY_TARGET_GROUP"", ""target_degree_pair_marginal"": ""{}"", ""target_edge_count"": 0, ""target_weight_quantile_marginal"": ""{}"", ""weight_quantile_exact"": false}",frozen graph intervention; FIXED_NORM_MASK is not retrained valid-operator performance
Movies,43,visual_uniform,visual_semantic_q3,RENORMALIZED_DELETE,0,0.0,0.0,0.0,0.0,0,nan,nan,nan,nan,EMPTY_TARGET_GROUP,"{""allocated_cells"": 0, ""allocation"": {}, ""degree_pair_exact"": false, ""matched_edge_count_per_control"": 0, ""matching_method"": ""integral max-flow with exact endpoint-degree-quantile-pair and base normalized edge-weight quantile marginals"", ""shortages"": {}, ""status"": ""EMPTY_TARGET_GROUP"", ""target_degree_pair_marginal"": ""{}"", ""target_edge_count"": 0, ""target_weight_quantile_marginal"": ""{}"", ""weight_quantile_exact"": false}",frozen graph intervention; FIXED_NORM_MASK is not retrained valid-operator performance
Movies,43,visual_uniform,visual_low_similarity_high_novelty,FIXED_NORM_MASK,8381,0.006898620275944789,0.008230072383929032,0.026196002960205078,-0.04302632808685303,20,0.0312595784664154,0.0019012802839595902,-0.005063575506210324,0.005533893221355668,MATCHED,"{""allocated_cells"": 17, ""allocation"": {""((0, 1), 3)"": 122, ""((0, 2), 3)"": 175, ""((0, 3), 2)"": 76, ""((0, 3), 3)"": 251, ""((1, 1), 3)"": 159, ""((1, 2), 3)"": 580, ""((1, 3), 1)"": 98, ""((1, 3), 2)"": 705, ""((1, 3), 3)"": 160, ""((2, 2), 2)"": 124, ""((2, 2), 3)"": 538, ""((2, 3), 1)"": 1516, ""((2, 3), 2)"": 371, ""((2, 3), 3)"": 1047, ""((3, 3), 0)"": 1190, ""((3, 3), 1)"": 160, ""((3, 3), 2)"": 1109}, ""degree_pair_exact"": true, ""matched_edge_count_per_control"": 8381, ""matching_method"": ""integral max-flow with exact endpoint-degree-quantile-pair and base normalized edge-weight quantile marginals"", ""shortages"": {}, ""status"": ""MATCHED"", ""target_degree_pair_marginal"": ""{(2, 2): 662, (2, 3): 2934, (1, 3): 963, (1, 2): 580, (1, 1): 159, (3, 3): 2459, (0, 3): 327, (0, 1): 122, (0, 2): 175}"", ""target_edge_count"": 8381, ""target_weight_quantile_marginal"": ""{3: 3032, 2: 2385, 0: 1190, 1: 1774}"", ""verified_exact_marginals"": true, ""weight_quantile_exact"": true}",frozen graph intervention; FIXED_NORM_MASK is not retrained valid-operator performance
Movies,43,visual_uniform,visual_low_similarity_high_novelty,RENORMALIZED_DELETE,8381,0.0029994001199759035,0.01048806261371582,0.011576414108276367,0.12170588970184326,20,0.004264658689498902,0.0024076239318489906,0.0073117554187774655,-0.0007348530293941502,MATCHED,"{""allocated_cells"": 17, ""allocation"": {""((0, 1), 3)"": 122, ""((0, 2), 3)"": 175, ""((0, 3), 2)"": 76, ""((0, 3), 3)"": 251, ""((1, 1), 3)"": 159, ""((1, 2), 3)"": 580, ""((1, 3), 1)"": 98, ""((1, 3), 2)"": 705, ""((1, 3), 3)"": 160, ""((2, 2), 2)"": 124, ""((2, 2), 3)"": 538, ""((2, 3), 1)"": 1516, ""((2, 3), 2)"": 371, ""((2, 3), 3)"": 1047, ""((3, 3), 0)"": 1190, ""((3, 3), 1)"": 160, ""((3, 3), 2)"": 1109}, ""degree_pair_exact"": true, ""matched_edge_count_per_control"": 8381, ""matching_method"": ""integral max-flow with exact endpoint-degree-quantile-pair and base normalized edge-weight quantile marginals"", ""shortages"": {}, ""status"": ""MATCHED"", ""target_degree_pair_marginal"": ""{(2, 2): 662, (2, 3): 2934, (1, 3): 963, (1, 2): 580, (1, 1): 159, (3, 3): 2459, (0, 3): 327, (0, 1): 122, (0, 2): 175}"", ""target_edge_count"": 8381, ""target_weight_quantile_marginal"": ""{3: 3032, 2: 2385, 0: 1190, 1: 1774}"", ""verified_exact_marginals"": true, ""weight_quantile_exact"": true}",frozen graph intervention; FIXED_NORM_MASK is not retrained valid-operator performance
Movies,43,visual_uniform,visual_high_similarity_low_novelty,FIXED_NORM_MASK,10001,0.002699460107978391,0.004968438531945396,0.037896037101745605,-0.1389375925064087,20,0.014574229717254639,0.0014945301789802041,0.023321807384490967,0.006028794241151714,MATCHED,"{""allocated_cells"": 13, ""allocation"": {""((0, 1), 3)"": 6, ""((0, 2), 3)"": 1, ""((1, 1), 3)"": 336, ""((1, 2), 3)"": 148, ""((1, 3), 1)"": 87, ""((2, 2), 2)"": 94, ""((2, 2), 3)"": 512, ""((2, 3), 0)"": 906, ""((2, 3), 1)"": 154, ""((2, 3), 3)"": 244, ""((3, 3), 0)"": 3301, ""((3, 3), 1)"": 2425, ""((3, 3), 2)"": 1787}, ""degree_pair_exact"": true, ""matched_edge_count_per_control"": 10001, ""matching_method"": ""integral max-flow with exact endpoint-degree-quantile-pair and base normalized edge-weight quantile marginals"", ""shortages"": {}, ""status"": ""MATCHED"", ""target_degree_pair_marginal"": ""{(3, 3): 7513, (2, 3): 1304, (1, 3): 87, (2, 2): 606, (1, 2): 148, (1, 1): 336, (0, 1): 6, (0, 2): 1}"", ""target_edge_count"": 10001, ""target_weight_quantile_marginal"": ""{1: 2666, 2: 1881, 0: 4207, 3: 1247}"", ""verified_exact_marginals"": true, ""weight_quantile_exact"": true}",frozen graph intervention; FIXED_NORM_MASK is not retrained valid-operator performance
Movies,43,visual_uniform,visual_high_similarity_low_novelty,RENORMALIZED_DELETE,10001,0.0,-9.828406931511324e-05,0.004867911338806152,-0.005305767059326172,20,-0.0014452099800109862,0.0014924281437726976,0.006313121318817139,0.00032993401319731384,MATCHED,"{""allocated_cells"": 13, ""allocation"": {""((0, 1), 3)"": 6, ""((0, 2), 3)"": 1, ""((1, 1), 3)"": 336, ""((1, 2), 3)"": 148, ""((1, 3), 1)"": 87, ""((2, 2), 2)"": 94, ""((2, 2), 3)"": 512, ""((2, 3), 0)"": 906, ""((2, 3), 1)"": 154, ""((2, 3), 3)"": 244, ""((3, 3), 0)"": 3301, ""((3, 3), 1)"": 2425, ""((3, 3), 2)"": 1787}, ""degree_pair_exact"": true, ""matched_edge_count_per_control"": 10001, ""matching_method"": ""integral max-flow with exact endpoint-degree-quantile-pair and base normalized edge-weight quantile marginals"", ""shortages"": {}, ""status"": ""MATCHED"", ""target_degree_pair_marginal"": ""{(3, 3): 7513, (2, 3): 1304, (1, 3): 87, (2, 2): 606, (1, 2): 148, (1, 1): 336, (0, 1): 6, (0, 2): 1}"", ""target_edge_count"": 10001, ""target_weight_quantile_marginal"": ""{1: 2666, 2: 1881, 0: 4207, 3: 1247}"", ""verified_exact_marginals"": true, ""weight_quantile_exact"": true}",frozen graph intervention; FIXED_NORM_MASK is not retrained valid-operator performance
Movies,43,visual_uniform,joint_low_similarity_high_novelty,FIXED_NORM_MASK,8238,0.01049790041991594,0.022747718243742776,0.02199840545654297,-0.0506441593170166,20,0.03161822557449341,0.002094759145322615,-0.009619820117950442,0.0060437912417516,MATCHED,"{""allocated_cells"": 16, ""allocation"": {""((0, 1), 3)"": 121, ""((0, 2), 3)"": 199, ""((0, 3), 2)"": 66, ""((0, 3), 3)"": 284, ""((1, 1), 3)"": 151, ""((1, 2), 3)"": 593, ""((1, 3), 2)"": 760, ""((1, 3), 3)"": 255, ""((2, 2), 2)"": 124, ""((2, 2), 3)"": 550, ""((2, 3), 1)"": 1414, ""((2, 3), 2)"": 519, ""((2, 3), 3)"": 1011, ""((3, 3), 0)"": 1075, ""((3, 3), 1)"": 256, ""((3, 3), 2)"": 860}, ""degree_pair_exact"": true, ""matched_edge_count_per_control"": 8238, ""matching_method"": ""integral max-flow with exact endpoint-degree-quantile-pair and base normalized edge-weight quantile marginals"", ""shortages"": {}, ""status"": ""MATCHED"", ""target_degree_pair_marginal"": ""{(1, 2): 593, (1, 3): 1015, (0, 2): 199, (1, 1): 151, (2, 2): 674, (2, 3): 2944, (3, 3): 2191, (0, 3): 350, (0, 1): 121}"", ""target_edge_count"": 8238, ""target_weight_quantile_marginal"": ""{3: 3164, 1: 1670, 2: 2329, 0: 1075}"", ""verified_exact_marginals"": true, ""weight_quantile_exact"": true}",frozen graph intervention; FIXED_NORM_MASK is not retrained valid-operator performance
Movies,43,visual_uniform,joint_low_similarity_high_novelty,RENORMALIZED_DELETE,8238,0.005098980203959158,0.011044226504029808,0.0046416521072387695,0.10624003410339355,20,0.004083395004272461,0.002480647826960125,0.0005582571029663086,0.0011247750449909556,MATCHED,"{""allocated_cells"": 16, ""allocation"": {""((0, 1), 3)"": 121, ""((0, 2), 3)"": 199, ""((0, 3), 2)"": 66, ""((0, 3), 3)"": 284, ""((1, 1), 3)"": 151, ""((1, 2), 3)"": 593, ""((1, 3), 2)"": 760, ""((1, 3), 3)"": 255, ""((2, 2), 2)"": 124, ""((2, 2), 3)"": 550, ""((2, 3), 1)"": 1414, ""((2, 3), 2)"": 519, ""((2, 3), 3)"": 1011, ""((3, 3), 0)"": 1075, ""((3, 3), 1)"": 256, ""((3, 3), 2)"": 860}, ""degree_pair_exact"": true, ""matched_edge_count_per_control"": 8238, ""matching_method"": ""integral max-flow with exact endpoint-degree-quantile-pair and base normalized edge-weight quantile marginals"", ""shortages"": {}, ""status"": ""MATCHED"", ""target_degree_pair_marginal"": ""{(1, 2): 593, (1, 3): 1015, (0, 2): 199, (1, 1): 151, (2, 2): 674, (2, 3): 2944, (3, 3): 2191, (0, 3): 350, (0, 1): 121}"", ""target_edge_count"": 8238, ""target_weight_quantile_marginal"": ""{3: 3164, 1: 1670, 2: 2329, 0: 1075}"", ""verified_exact_marginals"": true, ""weight_quantile_exact"": true}",frozen graph intervention; FIXED_NORM_MASK is not retrained valid-operator performance
Movies,43,visual_uniform,joint_high_similarity_low_novelty,FIXED_NORM_MASK,8704,0.0020995800839831436,0.00286668692502412,0.03342461585998535,-0.13393795490264893,20,0.010857999324798584,0.001204652104529249,0.022566616535186768,0.005788842231553642,MATCHED,"{""allocated_cells"": 12, ""allocation"": {""((0, 1), 3)"": 10, ""((1, 1), 3)"": 270, ""((1, 2), 3)"": 102, ""((1, 3), 1)"": 104, ""((2, 2), 2)"": 86, ""((2, 2), 3)"": 438, ""((2, 3), 0)"": 937, ""((2, 3), 1)"": 38, ""((2, 3), 3)"": 202, ""((3, 3), 0)"": 2724, ""((3, 3), 1)"": 2231, ""((3, 3), 2)"": 1562}, ""degree_pair_exact"": true, ""matched_edge_count_per_control"": 8704, ""matching_method"": ""integral max-flow with exact endpoint-degree-quantile-pair and base normalized edge-weight quantile marginals"", ""shortages"": {}, ""status"": ""MATCHED"", ""target_degree_pair_marginal"": ""{(3, 3): 6517, (2, 3): 1177, (1, 3): 104, (2, 2): 524, (1, 2): 102, (1, 1): 270, (0, 1): 10}"", ""target_edge_count"": 8704, ""target_weight_quantile_marginal"": ""{1: 2373, 2: 1648, 0: 3661, 3: 1022}"", ""verified_exact_marginals"": true, ""weight_quantile_exact"": true}",frozen graph intervention; FIXED_NORM_MASK is not retrained valid-operator performance
Movies,43,visual_uniform,joint_high_similarity_low_novelty,RENORMALIZED_DELETE,8704,-0.00029994001199762366,5.534479275515203e-05,0.004476308822631836,-0.004021644592285156,20,-0.001724874973297119,0.0012469699209161265,0.006201183795928955,-2.9994001199790123e-05,MATCHED,"{""allocated_cells"": 12, ""allocation"": {""((0, 1), 3)"": 10, ""((1, 1), 3)"": 270, ""((1, 2), 3)"": 102, ""((1, 3), 1)"": 104, ""((2, 2), 2)"": 86, ""((2, 2), 3)"": 438, ""((2, 3), 0)"": 937, ""((2, 3), 1)"": 38, ""((2, 3), 3)"": 202, ""((3, 3), 0)"": 2724, ""((3, 3), 1)"": 2231, ""((3, 3), 2)"": 1562}, ""degree_pair_exact"": true, ""matched_edge_count_per_control"": 8704, ""matching_method"": ""integral max-flow with exact endpoint-degree-quantile-pair and base normalized edge-weight quantile marginals"", ""shortages"": {}, ""status"": ""MATCHED"", ""target_degree_pair_marginal"": ""{(3, 3): 6517, (2, 3): 1177, (1, 3): 104, (2, 2): 524, (1, 2): 102, (1, 1): 270, (0, 1): 10}"", ""target_edge_count"": 8704, ""target_weight_quantile_marginal"": ""{1: 2373, 2: 1648, 0: 3661, 3: 1022}"", ""verified_exact_marginals"": true, ""weight_quantile_exact"": true}",frozen graph intervention; FIXED_NORM_MASK is not retrained valid-operator performance
Movies,44,text_uniform,text_semantic_q0,FIXED_NORM_MASK,20366,-0.013797240551889578,0.0002761640164897772,0.0834352970123291,-0.12267601490020752,20,0.08721042275428773,0.0022574313697827845,-0.0037751257419586237,-0.006823635272945383,MATCHED,"{""allocated_cells"": 17, ""allocation"": {""((0, 0), 3)"": 75, ""((0, 1), 3)"": 154, ""((0, 2), 3)"": 190, ""((0, 3), 2)"": 76, ""((0, 3), 3)"": 220, ""((1, 1), 3)"": 292, ""((1, 2), 3)"": 895, ""((1, 3), 2)"": 866, ""((1, 3), 3)"": 837, ""((2, 2), 2)"": 117, ""((2, 2), 3)"": 1266, ""((2, 3), 1)"": 2613, ""((2, 3), 2)"": 3019, ""((2, 3), 3)"": 1372, ""((3, 3), 0)"": 4082, ""((3, 3), 1)"": 2584, ""((3, 3), 2)"": 1708}, ""degree_pair_exact"": true, ""matched_edge_count_per_control"": 20366, ""matching_method"": ""integral max-flow with exact endpoint-degree-quantile-pair and base normalized edge-weight quantile marginals"", ""shortages"": {}, ""status"": ""MATCHED"", ""target_degree_pair_marginal"": ""{(3, 3): 8374, (2, 2): 1383, (1, 2): 895, (1, 3): 1703, (1, 1): 292, (2, 3): 7004, (0, 3): 296, (0, 0): 75, (0, 1): 154, (0, 2): 190}"", ""target_edge_count"": 20366, ""target_weight_quantile_marginal"": ""{1: 5197, 3: 5301, 2: 5786, 0: 4082}"", ""verified_exact_marginals"": true, ""weight_quantile_exact"": true}",frozen graph intervention; FIXED_NORM_MASK is not retrained valid-operator performance
Movies,44,text_uniform,text_semantic_q0,RENORMALIZED_DELETE,20366,-0.005998800239952029,0.005087410096841993,0.03672933578491211,0.15444719791412354,20,0.012007534503936768,0.0033495327953631015,0.024721801280975342,-0.00679364127174562,MATCHED,"{""allocated_cells"": 17, ""allocation"": {""((0, 0), 3)"": 75, ""((0, 1), 3)"": 154, ""((0, 2), 3)"": 190, ""((0, 3), 2)"": 76, ""((0, 3), 3)"": 220, ""((1, 1), 3)"": 292, ""((1, 2), 3)"": 895, ""((1, 3), 2)"": 866, ""((1, 3), 3)"": 837, ""((2, 2), 2)"": 117, ""((2, 2), 3)"": 1266, ""((2, 3), 1)"": 2613, ""((2, 3), 2)"": 3019, ""((2, 3), 3)"": 1372, ""((3, 3), 0)"": 4082, ""((3, 3), 1)"": 2584, ""((3, 3), 2)"": 1708}, ""degree_pair_exact"": true, ""matched_edge_count_per_control"": 20366, ""matching_method"": ""integral max-flow with exact endpoint-degree-quantile-pair and base normalized edge-weight quantile marginals"", ""shortages"": {}, ""status"": ""MATCHED"", ""target_degree_pair_marginal"": ""{(3, 3): 8374, (2, 2): 1383, (1, 2): 895, (1, 3): 1703, (1, 1): 292, (2, 3): 7004, (0, 3): 296, (0, 0): 75, (0, 1): 154, (0, 2): 190}"", ""target_edge_count"": 20366, ""target_weight_quantile_marginal"": ""{1: 5197, 3: 5301, 2: 5786, 0: 4082}"", ""verified_exact_marginals"": true, ""weight_quantile_exact"": true}",frozen graph intervention; FIXED_NORM_MASK is not retrained valid-operator performance
Movies,44,text_uniform,text_semantic_q3,FIXED_NORM_MASK,0,0.0,0.0,0.0,0.0,0,nan,nan,nan,nan,EMPTY_TARGET_GROUP,"{""allocated_cells"": 0, ""allocation"": {}, ""degree_pair_exact"": false, ""matched_edge_count_per_control"": 0, ""matching_method"": ""integral max-flow with exact endpoint-degree-quantile-pair and base normalized edge-weight quantile marginals"", ""shortages"": {}, ""status"": ""EMPTY_TARGET_GROUP"", ""target_degree_pair_marginal"": ""{}"", ""target_edge_count"": 0, ""target_weight_quantile_marginal"": ""{}"", ""weight_quantile_exact"": false}",frozen graph intervention; FIXED_NORM_MASK is not retrained valid-operator performance
Movies,44,text_uniform,text_semantic_q3,RENORMALIZED_DELETE,0,0.0,0.0,0.0,0.0,0,nan,nan,nan,nan,EMPTY_TARGET_GROUP,"{""allocated_cells"": 0, ""allocation"": {}, ""degree_pair_exact"": false, ""matched_edge_count_per_control"": 0, ""matching_method"": ""integral max-flow with exact endpoint-degree-quantile-pair and base normalized edge-weight quantile marginals"", ""shortages"": {}, ""status"": ""EMPTY_TARGET_GROUP"", ""target_degree_pair_marginal"": ""{}"", ""target_edge_count"": 0, ""target_weight_quantile_marginal"": ""{}"", ""weight_quantile_exact"": false}",frozen graph intervention; FIXED_NORM_MASK is not retrained valid-operator performance
Movies,44,text_uniform,text_low_similarity_high_novelty,FIXED_NORM_MASK,7895,-0.002399520095980767,0.002945323498981356,0.028753161430358887,-0.05945301055908203,20,0.03438990116119385,0.0024081046806185558,-0.005636739730834964,-0.0026844631073784987,MATCHED,"{""allocated_cells"": 17, ""allocation"": {""((0, 1), 3)"": 132, ""((0, 2), 3)"": 190, ""((0, 3), 2)"": 76, ""((0, 3), 3)"": 220, ""((1, 1), 3)"": 170, ""((1, 2), 3)"": 577, ""((1, 3), 1)"": 37, ""((1, 3), 2)"": 753, ""((1, 3), 3)"": 216, ""((2, 2), 2)"": 125, ""((2, 2), 3)"": 506, ""((2, 3), 1)"": 1373, ""((2, 3), 2)"": 405, ""((2, 3), 3)"": 1028, ""((3, 3), 0)"": 1029, ""((3, 3), 1)"": 216, ""((3, 3), 2)"": 842}, ""degree_pair_exact"": true, ""matched_edge_count_per_control"": 7895, ""matching_method"": ""integral max-flow with exact endpoint-degree-quantile-pair and base normalized edge-weight quantile marginals"", ""shortages"": {}, ""status"": ""MATCHED"", ""target_degree_pair_marginal"": ""{(1, 2): 577, (1, 3): 1006, (1, 1): 170, (2, 3): 2806, (3, 3): 2087, (0, 3): 296, (2, 2): 631, (0, 1): 132, (0, 2): 190}"", ""target_edge_count"": 7895, ""target_weight_quantile_marginal"": ""{3: 3039, 2: 2201, 1: 1626, 0: 1029}"", ""verified_exact_marginals"": true, ""weight_quantile_exact"": true}",frozen graph intervention; FIXED_NORM_MASK is not retrained valid-operator performance
Movies,44,text_uniform,text_low_similarity_high_novelty,RENORMALIZED_DELETE,7895,-0.0011997600479903836,0.006802842840673118,0.006153702735900879,0.08618927001953125,20,0.006142729520797729,0.0030721097380208584,1.0973215103149761e-05,-0.0022345530893821018,MATCHED,"{""allocated_cells"": 17, ""allocation"": {""((0, 1), 3)"": 132, ""((0, 2), 3)"": 190, ""((0, 3), 2)"": 76, ""((0, 3), 3)"": 220, ""((1, 1), 3)"": 170, ""((1, 2), 3)"": 577, ""((1, 3), 1)"": 37, ""((1, 3), 2)"": 753, ""((1, 3), 3)"": 216, ""((2, 2), 2)"": 125, ""((2, 2), 3)"": 506, ""((2, 3), 1)"": 1373, ""((2, 3), 2)"": 405, ""((2, 3), 3)"": 1028, ""((3, 3), 0)"": 1029, ""((3, 3), 1)"": 216, ""((3, 3), 2)"": 842}, ""degree_pair_exact"": true, ""matched_edge_count_per_control"": 7895, ""matching_method"": ""integral max-flow with exact endpoint-degree-quantile-pair and base normalized edge-weight quantile marginals"", ""shortages"": {}, ""status"": ""MATCHED"", ""target_degree_pair_marginal"": ""{(1, 2): 577, (1, 3): 1006, (1, 1): 170, (2, 3): 2806, (3, 3): 2087, (0, 3): 296, (2, 2): 631, (0, 1): 132, (0, 2): 190}"", ""target_edge_count"": 7895, ""target_weight_quantile_marginal"": ""{3: 3039, 2: 2201, 1: 1626, 0: 1029}"", ""verified_exact_marginals"": true, ""weight_quantile_exact"": true}",frozen graph intervention; FIXED_NORM_MASK is not retrained valid-operator performance
Movies,44,text_uniform,text_high_similarity_low_novelty,FIXED_NORM_MASK,8366,-0.0014997000599880073,0.0009372106737556285,0.028753995895385742,-0.09972000122070312,20,0.014050090312957763,0.0013213849929855973,0.014703905582427979,-0.0007498500299939703,MATCHED,"{""allocated_cells"": 12, ""allocation"": {""((0, 1), 3)"": 13, ""((1, 1), 3)"": 276, ""((1, 2), 3)"": 119, ""((1, 3), 1)"": 107, ""((2, 2), 2)"": 89, ""((2, 2), 3)"": 412, ""((2, 3), 0)"": 902, ""((2, 3), 1)"": 85, ""((2, 3), 3)"": 237, ""((3, 3), 0)"": 2391, ""((3, 3), 1)"": 2108, ""((3, 3), 2)"": 1627}, ""degree_pair_exact"": true, ""matched_edge_count_per_control"": 8366, ""matching_method"": ""integral max-flow with exact endpoint-degree-quantile-pair and base normalized edge-weight quantile marginals"", ""shortages"": {}, ""status"": ""MATCHED"", ""target_degree_pair_marginal"": ""{(3, 3): 6126, (2, 3): 1224, (1, 3): 107, (2, 2): 501, (1, 2): 119, (1, 1): 276, (0, 1): 13}"", ""target_edge_count"": 8366, ""target_weight_quantile_marginal"": ""{1: 2300, 2: 1716, 3: 1057, 0: 3293}"", ""verified_exact_marginals"": true, ""weight_quantile_exact"": true}",frozen graph intervention; FIXED_NORM_MASK is not retrained valid-operator performance
Movies,44,text_uniform,text_high_similarity_low_novelty,RENORMALIZED_DELETE,8366,-0.003299340131973638,-0.003826952781191051,0.001355886459350586,0.004420638084411621,20,-0.00014423727989196778,0.0010950774253958157,0.0015001237392425538,-0.0007198560287942302,MATCHED,"{""allocated_cells"": 12, ""allocation"": {""((0, 1), 3)"": 13, ""((1, 1), 3)"": 276, ""((1, 2), 3)"": 119, ""((1, 3), 1)"": 107, ""((2, 2), 2)"": 89, ""((2, 2), 3)"": 412, ""((2, 3), 0)"": 902, ""((2, 3), 1)"": 85, ""((2, 3), 3)"": 237, ""((3, 3), 0)"": 2391, ""((3, 3), 1)"": 2108, ""((3, 3), 2)"": 1627}, ""degree_pair_exact"": true, ""matched_edge_count_per_control"": 8366, ""matching_method"": ""integral max-flow with exact endpoint-degree-quantile-pair and base normalized edge-weight quantile marginals"", ""shortages"": {}, ""status"": ""MATCHED"", ""target_degree_pair_marginal"": ""{(3, 3): 6126, (2, 3): 1224, (1, 3): 107, (2, 2): 501, (1, 2): 119, (1, 1): 276, (0, 1): 13}"", ""target_edge_count"": 8366, ""target_weight_quantile_marginal"": ""{1: 2300, 2: 1716, 3: 1057, 0: 3293}"", ""verified_exact_marginals"": true, ""weight_quantile_exact"": true}",frozen graph intervention; FIXED_NORM_MASK is not retrained valid-operator performance
Movies,44,text_uniform,joint_low_similarity_high_novelty,FIXED_NORM_MASK,7898,-0.0029994001199760145,0.0019372040504139765,0.028585195541381836,-0.05864846706390381,20,0.03397837281227112,0.001518788416851676,-0.005393177270889282,-0.0032843431313737013,MATCHED,"{""allocated_cells"": 17, ""allocation"": {""((0, 1), 3)"": 114, ""((0, 2), 3)"": 194, ""((0, 3), 2)"": 71, ""((0, 3), 3)"": 250, ""((1, 1), 3)"": 141, ""((1, 2), 3)"": 579, ""((1, 3), 1)"": 45, ""((1, 3), 2)"": 730, ""((1, 3), 3)"": 208, ""((2, 2), 2)"": 125, ""((2, 2), 3)"": 509, ""((2, 3), 1)"": 1360, ""((2, 3), 2)"": 457, ""((2, 3), 3)"": 1023, ""((3, 3), 0)"": 1038, ""((3, 3), 1)"": 208, ""((3, 3), 2)"": 846}, ""degree_pair_exact"": true, ""matched_edge_count_per_control"": 7898, ""matching_method"": ""integral max-flow with exact endpoint-degree-quantile-pair and base normalized edge-weight quantile marginals"", ""shortages"": {}, ""status"": ""MATCHED"", ""target_degree_pair_marginal"": ""{(1, 2): 579, (1, 3): 983, (0, 2): 194, (1, 1): 141, (2, 2): 634, (2, 3): 2840, (3, 3): 2092, (0, 3): 321, (0, 1): 114}"", ""target_edge_count"": 7898, ""target_weight_quantile_marginal"": ""{3: 3018, 1: 1613, 2: 2229, 0: 1038}"", ""verified_exact_marginals"": true, ""weight_quantile_exact"": true}",frozen graph intervention; FIXED_NORM_MASK is not retrained valid-operator performance
Movies,44,text_uniform,joint_low_similarity_high_novelty,RENORMALIZED_DELETE,7898,-0.002699460107978391,0.0023921384657229483,0.004145503044128418,0.08947253227233887,20,0.00667952299118042,0.0017961325503795585,-0.002534019947052002,-0.003944211157768424,MATCHED,"{""allocated_cells"": 17, ""allocation"": {""((0, 1), 3)"": 114, ""((0, 2), 3)"": 194, ""((0, 3), 2)"": 71, ""((0, 3), 3)"": 250, ""((1, 1), 3)"": 141, ""((1, 2), 3)"": 579, ""((1, 3), 1)"": 45, ""((1, 3), 2)"": 730, ""((1, 3), 3)"": 208, ""((2, 2), 2)"": 125, ""((2, 2), 3)"": 509, ""((2, 3), 1)"": 1360, ""((2, 3), 2)"": 457, ""((2, 3), 3)"": 1023, ""((3, 3), 0)"": 1038, ""((3, 3), 1)"": 208, ""((3, 3), 2)"": 846}, ""degree_pair_exact"": true, ""matched_edge_count_per_control"": 7898, ""matching_method"": ""integral max-flow with exact endpoint-degree-quantile-pair and base normalized edge-weight quantile marginals"", ""shortages"": {}, ""status"": ""MATCHED"", ""target_degree_pair_marginal"": ""{(1, 2): 579, (1, 3): 983, (0, 2): 194, (1, 1): 141, (2, 2): 634, (2, 3): 2840, (3, 3): 2092, (0, 3): 321, (0, 1): 114}"", ""target_edge_count"": 7898, ""target_weight_quantile_marginal"": ""{3: 3018, 1: 1613, 2: 2229, 0: 1038}"", ""verified_exact_marginals"": true, ""weight_quantile_exact"": true}",frozen graph intervention; FIXED_NORM_MASK is not retrained valid-operator performance
Movies,44,text_uniform,joint_high_similarity_low_novelty,FIXED_NORM_MASK,8860,-0.002399520095980767,0.0012610374788414314,0.029368281364440918,-0.10566866397857666,20,0.013749611377716065,0.0010006435546725412,0.015618669986724853,-0.0012297540491901405,MATCHED,"{""allocated_cells"": 12, ""allocation"": {""((0, 1), 3)"": 9, ""((1, 1), 3)"": 251, ""((1, 2), 3)"": 113, ""((1, 3), 1)"": 90, ""((2, 2), 2)"": 86, ""((2, 2), 3)"": 447, ""((2, 3), 0)"": 936, ""((2, 3), 1)"": 123, ""((2, 3), 3)"": 194, ""((3, 3), 0)"": 2850, ""((3, 3), 1)"": 2102, ""((3, 3), 2)"": 1659}, ""degree_pair_exact"": true, ""matched_edge_count_per_control"": 8860, ""matching_method"": ""integral max-flow with exact endpoint-degree-quantile-pair and base normalized edge-weight quantile marginals"", ""shortages"": {}, ""status"": ""MATCHED"", ""target_degree_pair_marginal"": ""{(3, 3): 6611, (2, 3): 1253, (1, 3): 90, (2, 2): 533, (1, 2): 113, (1, 1): 251, (0, 1): 9}"", ""target_edge_count"": 8860, ""target_weight_quantile_marginal"": ""{1: 2315, 2: 1745, 0: 3786, 3: 1014}"", ""verified_exact_marginals"": true, ""weight_quantile_exact"": true}",frozen graph intervention; FIXED_NORM_MASK is not retrained valid-operator performance
Movies,44,text_uniform,joint_high_similarity_low_novelty,RENORMALIZED_DELETE,8860,-0.004199160167966398,-0.002756458095667713,0.003688812255859375,0.005103111267089844,20,-0.0006762206554412842,0.0009465387953549581,0.0043650329113006595,-0.0013047390521895407,MATCHED,"{""allocated_cells"": 12, ""allocation"": {""((0, 1), 3)"": 9, ""((1, 1), 3)"": 251, ""((1, 2), 3)"": 113, ""((1, 3), 1)"": 90, ""((2, 2), 2)"": 86, ""((2, 2), 3)"": 447, ""((2, 3), 0)"": 936, ""((2, 3), 1)"": 123, ""((2, 3), 3)"": 194, ""((3, 3), 0)"": 2850, ""((3, 3), 1)"": 2102, ""((3, 3), 2)"": 1659}, ""degree_pair_exact"": true, ""matched_edge_count_per_control"": 8860, ""matching_method"": ""integral max-flow with exact endpoint-degree-quantile-pair and base normalized edge-weight quantile marginals"", ""shortages"": {}, ""status"": ""MATCHED"", ""target_degree_pair_marginal"": ""{(3, 3): 6611, (2, 3): 1253, (1, 3): 90, (2, 2): 533, (1, 2): 113, (1, 1): 251, (0, 1): 9}"", ""target_edge_count"": 8860, ""target_weight_quantile_marginal"": ""{1: 2315, 2: 1745, 0: 3786, 3: 1014}"", ""verified_exact_marginals"": true, ""weight_quantile_exact"": true}",frozen graph intervention; FIXED_NORM_MASK is not retrained valid-operator performance
Movies,44,visual_uniform,visual_semantic_q0,FIXED_NORM_MASK,20848,-0.002399520095980767,0.0032042234145918114,0.08878791332244873,-0.11918115615844727,20,0.09284027814865112,0.0024290882746085857,-0.004052364826202387,-0.0033893221355728808,MATCHED,"{""allocated_cells"": 17, ""allocation"": {""((0, 0), 3)"": 66, ""((0, 1), 3)"": 155, ""((0, 2), 3)"": 171, ""((0, 3), 2)"": 77, ""((0, 3), 3)"": 262, ""((1, 1), 3)"": 270, ""((1, 2), 3)"": 902, ""((1, 3), 2)"": 838, ""((1, 3), 3)"": 842, ""((2, 2), 2)"": 115, ""((2, 2), 3)"": 1279, ""((2, 3), 1)"": 2649, ""((2, 3), 2)"": 3060, ""((2, 3), 3)"": 1284, ""((3, 3), 0)"": 4355, ""((3, 3), 1)"": 2814, ""((3, 3), 2)"": 1709}, ""degree_pair_exact"": true, ""matched_edge_count_per_control"": 20848, ""matching_method"": ""integral max-flow with exact endpoint-degree-quantile-pair and base normalized edge-weight quantile marginals"", ""shortages"": {}, ""status"": ""MATCHED"", ""target_degree_pair_marginal"": ""{(3, 3): 8878, (2, 3): 6993, (2, 2): 1394, (1, 3): 1680, (1, 2): 902, (1, 1): 270, (0, 3): 339, (0, 0): 66, (0, 2): 171, (0, 1): 155}"", ""target_edge_count"": 20848, ""target_weight_quantile_marginal"": ""{1: 5463, 2: 5799, 3: 5231, 0: 4355}"", ""verified_exact_marginals"": true, ""weight_quantile_exact"": true}",frozen graph intervention; FIXED_NORM_MASK is not retrained valid-operator performance
Movies,44,visual_uniform,visual_semantic_q0,RENORMALIZED_DELETE,20848,-0.005098980203959158,0.003862711608569991,0.026558756828308105,0.20823049545288086,20,0.0074580729007720946,0.002735752569603194,0.01910068392753601,-0.0063137372525494725,MATCHED,"{""allocated_cells"": 17, ""allocation"": {""((0, 0), 3)"": 66, ""((0, 1), 3)"": 155, ""((0, 2), 3)"": 171, ""((0, 3), 2)"": 77, ""((0, 3), 3)"": 262, ""((1, 1), 3)"": 270, ""((1, 2), 3)"": 902, ""((1, 3), 2)"": 838, ""((1, 3), 3)"": 842, ""((2, 2), 2)"": 115, ""((2, 2), 3)"": 1279, ""((2, 3), 1)"": 2649, ""((2, 3), 2)"": 3060, ""((2, 3), 3)"": 1284, ""((3, 3), 0)"": 4355, ""((3, 3), 1)"": 2814, ""((3, 3), 2)"": 1709}, ""degree_pair_exact"": true, ""matched_edge_count_per_control"": 20848, ""matching_method"": ""integral max-flow with exact endpoint-degree-quantile-pair and base normalized edge-weight quantile marginals"", ""shortages"": {}, ""status"": ""MATCHED"", ""target_degree_pair_marginal"": ""{(3, 3): 8878, (2, 3): 6993, (2, 2): 1394, (1, 3): 1680, (1, 2): 902, (1, 1): 270, (0, 3): 339, (0, 0): 66, (0, 2): 171, (0, 1): 155}"", ""target_edge_count"": 20848, ""target_weight_quantile_marginal"": ""{1: 5463, 2: 5799, 3: 5231, 0: 4355}"", ""verified_exact_marginals"": true, ""weight_quantile_exact"": true}",frozen graph intervention; FIXED_NORM_MASK is not retrained valid-operator performance
Movies,44,visual_uniform,visual_semantic_q3,FIXED_NORM_MASK,0,0.0,0.0,0.0,0.0,0,nan,nan,nan,nan,EMPTY_TARGET_GROUP,"{""allocated_cells"": 0, ""allocation"": {}, ""degree_pair_exact"": false, ""matched_edge_count_per_control"": 0, ""matching_method"": ""integral max-flow with exact endpoint-degree-quantile-pair and base normalized edge-weight quantile marginals"", ""shortages"": {}, ""status"": ""EMPTY_TARGET_GROUP"", ""target_degree_pair_marginal"": ""{}"", ""target_edge_count"": 0, ""target_weight_quantile_marginal"": ""{}"", ""weight_quantile_exact"": false}",frozen graph intervention; FIXED_NORM_MASK is not retrained valid-operator performance
Movies,44,visual_uniform,visual_semantic_q3,RENORMALIZED_DELETE,0,0.0,0.0,0.0,0.0,0,nan,nan,nan,nan,EMPTY_TARGET_GROUP,"{""allocated_cells"": 0, ""allocation"": {}, ""degree_pair_exact"": false, ""matched_edge_count_per_control"": 0, ""matching_method"": ""integral max-flow with exact endpoint-degree-quantile-pair and base normalized edge-weight quantile marginals"", ""shortages"": {}, ""status"": ""EMPTY_TARGET_GROUP"", ""target_degree_pair_marginal"": ""{}"", ""target_edge_count"": 0, ""target_weight_quantile_marginal"": ""{}"", ""weight_quantile_exact"": false}",frozen graph intervention; FIXED_NORM_MASK is not retrained valid-operator performance
Movies,44,visual_uniform,visual_low_similarity_high_novelty,FIXED_NORM_MASK,8679,0.0005998800239952473,0.009621697606766677,0.03277707099914551,-0.04317760467529297,20,0.03866570591926575,0.0020127351454092062,-0.005888634920120241,-0.0022945410917816324,MATCHED,"{""allocated_cells"": 17, ""allocation"": {""((0, 1), 3)"": 122, ""((0, 2), 3)"": 169, ""((0, 3), 2)"": 78, ""((0, 3), 3)"": 258, ""((1, 1), 3)"": 156, ""((1, 2), 3)"": 559, ""((1, 3), 1)"": 43, ""((1, 3), 2)"": 729, ""((1, 3), 3)"": 219, ""((2, 2), 2)"": 125, ""((2, 2), 3)"": 555, ""((2, 3), 1)"": 1598, ""((2, 3), 2)"": 432, ""((2, 3), 3)"": 1019, ""((3, 3), 0)"": 1307, ""((3, 3), 1)"": 219, ""((3, 3), 2)"": 1091}, ""degree_pair_exact"": true, ""matched_edge_count_per_control"": 8679, ""matching_method"": ""integral max-flow with exact endpoint-degree-quantile-pair and base normalized edge-weight quantile marginals"", ""shortages"": {}, ""status"": ""MATCHED"", ""target_degree_pair_marginal"": ""{(2, 2): 680, (1, 3): 991, (2, 3): 3049, (1, 1): 156, (1, 2): 559, (3, 3): 2617, (0, 3): 336, (0, 2): 169, (0, 1): 122}"", ""target_edge_count"": 8679, ""target_weight_quantile_marginal"": ""{3: 3057, 0: 1307, 1: 1860, 2: 2455}"", ""verified_exact_marginals"": true, ""weight_quantile_exact"": true}",frozen graph intervention; FIXED_NORM_MASK is not retrained valid-operator performance
Movies,44,visual_uniform,visual_low_similarity_high_novelty,RENORMALIZED_DELETE,8679,-0.003299340131973638,0.0059920959187025336,0.009244441986083984,0.12837159633636475,20,0.0054726660251617435,0.002730906209750376,0.003771775960922241,-0.0035692861427714384,MATCHED,"{""allocated_cells"": 17, ""allocation"": {""((0, 1), 3)"": 122, ""((0, 2), 3)"": 169, ""((0, 3), 2)"": 78, ""((0, 3), 3)"": 258, ""((1, 1), 3)"": 156, ""((1, 2), 3)"": 559, ""((1, 3), 1)"": 43, ""((1, 3), 2)"": 729, ""((1, 3), 3)"": 219, ""((2, 2), 2)"": 125, ""((2, 2), 3)"": 555, ""((2, 3), 1)"": 1598, ""((2, 3), 2)"": 432, ""((2, 3), 3)"": 1019, ""((3, 3), 0)"": 1307, ""((3, 3), 1)"": 219, ""((3, 3), 2)"": 1091}, ""degree_pair_exact"": true, ""matched_edge_count_per_control"": 8679, ""matching_method"": ""integral max-flow with exact endpoint-degree-quantile-pair and base normalized edge-weight quantile marginals"", ""shortages"": {}, ""status"": ""MATCHED"", ""target_degree_pair_marginal"": ""{(2, 2): 680, (1, 3): 991, (2, 3): 3049, (1, 1): 156, (1, 2): 559, (3, 3): 2617, (0, 3): 336, (0, 2): 169, (0, 1): 122}"", ""target_edge_count"": 8679, ""target_weight_quantile_marginal"": ""{3: 3057, 0: 1307, 1: 1860, 2: 2455}"", ""verified_exact_marginals"": true, ""weight_quantile_exact"": true}",frozen graph intervention; FIXED_NORM_MASK is not retrained valid-operator performance
Movies,44,visual_uniform,visual_high_similarity_low_novelty,FIXED_NORM_MASK,10103,-0.0005998800239952473,0.002341364335863072,0.037360310554504395,-0.13008403778076172,20,0.02036744952201843,0.0010161566839753157,0.016992861032485963,-0.0014997000599880073,MATCHED,"{""allocated_cells"": 13, ""allocation"": {""((0, 1), 3)"": 12, ""((0, 2), 3)"": 1, ""((1, 1), 3)"": 328, ""((1, 2), 3)"": 163, ""((1, 3), 1)"": 93, ""((2, 2), 2)"": 95, ""((2, 2), 3)"": 529, ""((2, 3), 0)"": 885, ""((2, 3), 1)"": 261, ""((2, 3), 3)"": 251, ""((3, 3), 0)"": 3209, ""((3, 3), 1)"": 2422, ""((3, 3), 2)"": 1854}, ""degree_pair_exact"": true, ""matched_edge_count_per_control"": 10103, ""matching_method"": ""integral max-flow with exact endpoint-degree-quantile-pair and base normalized edge-weight quantile marginals"", ""shortages"": {}, ""status"": ""MATCHED"", ""target_degree_pair_marginal"": ""{(3, 3): 7485, (2, 3): 1397, (0, 1): 12, (1, 3): 93, (2, 2): 624, (1, 2): 163, (1, 1): 328, (0, 2): 1}"", ""target_edge_count"": 10103, ""target_weight_quantile_marginal"": ""{1: 2776, 2: 1949, 3: 1284, 0: 4094}"", ""verified_exact_marginals"": true, ""weight_quantile_exact"": true}",frozen graph intervention; FIXED_NORM_MASK is not retrained valid-operator performance
Movies,44,visual_uniform,visual_high_similarity_low_novelty,RENORMALIZED_DELETE,10103,-0.002699460107978391,-0.004089331028410359,0.00565493106842041,-0.005523681640625,20,-0.0009086787700653076,0.0013480211391515954,0.006563609838485718,-0.002699460107978391,MATCHED,"{""allocated_cells"": 13, ""allocation"": {""((0, 1), 3)"": 12, ""((0, 2), 3)"": 1, ""((1, 1), 3)"": 328, ""((1, 2), 3)"": 163, ""((1, 3), 1)"": 93, ""((2, 2), 2)"": 95, ""((2, 2), 3)"": 529, ""((2, 3), 0)"": 885, ""((2, 3), 1)"": 261, ""((2, 3), 3)"": 251, ""((3, 3), 0)"": 3209, ""((3, 3), 1)"": 2422, ""((3, 3), 2)"": 1854}, ""degree_pair_exact"": true, ""matched_edge_count_per_control"": 10103, ""matching_method"": ""integral max-flow with exact endpoint-degree-quantile-pair and base normalized edge-weight quantile marginals"", ""shortages"": {}, ""status"": ""MATCHED"", ""target_degree_pair_marginal"": ""{(3, 3): 7485, (2, 3): 1397, (0, 1): 12, (1, 3): 93, (2, 2): 624, (1, 2): 163, (1, 1): 328, (0, 2): 1}"", ""target_edge_count"": 10103, ""target_weight_quantile_marginal"": ""{1: 2776, 2: 1949, 3: 1284, 0: 4094}"", ""verified_exact_marginals"": true, ""weight_quantile_exact"": true}",frozen graph intervention; FIXED_NORM_MASK is not retrained valid-operator performance
Movies,44,visual_uniform,joint_low_similarity_high_novelty,FIXED_NORM_MASK,7898,-0.002399520095980767,0.00310070901377546,0.032569289207458496,-0.0459369421005249,20,0.03572368025779724,0.001668864864317251,-0.0031543910503387465,-0.001439712057588477,MATCHED,"{""allocated_cells"": 17, ""allocation"": {""((0, 1), 3)"": 114, ""((0, 2), 3)"": 194, ""((0, 3), 2)"": 71, ""((0, 3), 3)"": 250, ""((1, 1), 3)"": 141, ""((1, 2), 3)"": 579, ""((1, 3), 1)"": 45, ""((1, 3), 2)"": 730, ""((1, 3), 3)"": 208, ""((2, 2), 2)"": 125, ""((2, 2), 3)"": 509, ""((2, 3), 1)"": 1360, ""((2, 3), 2)"": 457, ""((2, 3), 3)"": 1023, ""((3, 3), 0)"": 1038, ""((3, 3), 1)"": 208, ""((3, 3), 2)"": 846}, ""degree_pair_exact"": true, ""matched_edge_count_per_control"": 7898, ""matching_method"": ""integral max-flow with exact endpoint-degree-quantile-pair and base normalized edge-weight quantile marginals"", ""shortages"": {}, ""status"": ""MATCHED"", ""target_degree_pair_marginal"": ""{(1, 2): 579, (1, 3): 983, (0, 2): 194, (1, 1): 141, (2, 2): 634, (2, 3): 2840, (3, 3): 2092, (0, 3): 321, (0, 1): 114}"", ""target_edge_count"": 7898, ""target_weight_quantile_marginal"": ""{3: 3018, 1: 1613, 2: 2229, 0: 1038}"", ""verified_exact_marginals"": true, ""weight_quantile_exact"": true}",frozen graph intervention; FIXED_NORM_MASK is not retrained valid-operator performance
Movies,44,visual_uniform,joint_low_similarity_high_novelty,RENORMALIZED_DELETE,7898,0.00089982003599276,0.005378833637944225,0.008563399314880371,0.11393976211547852,20,0.004525768756866455,0.002261453916876716,0.004037630558013916,-0.002054589082183561,MATCHED,"{""allocated_cells"": 17, ""allocation"": {""((0, 1), 3)"": 114, ""((0, 2), 3)"": 194, ""((0, 3), 2)"": 71, ""((0, 3), 3)"": 250, ""((1, 1), 3)"": 141, ""((1, 2), 3)"": 579, ""((1, 3), 1)"": 45, ""((1, 3), 2)"": 730, ""((1, 3), 3)"": 208, ""((2, 2), 2)"": 125, ""((2, 2), 3)"": 509, ""((2, 3), 1)"": 1360, ""((2, 3), 2)"": 457, ""((2, 3), 3)"": 1023, ""((3, 3), 0)"": 1038, ""((3, 3), 1)"": 208, ""((3, 3), 2)"": 846}, ""degree_pair_exact"": true, ""matched_edge_count_per_control"": 7898, ""matching_method"": ""integral max-flow with exact endpoint-degree-quantile-pair and base normalized edge-weight quantile marginals"", ""shortages"": {}, ""status"": ""MATCHED"", ""target_degree_pair_marginal"": ""{(1, 2): 579, (1, 3): 983, (0, 2): 194, (1, 1): 141, (2, 2): 634, (2, 3): 2840, (3, 3): 2092, (0, 3): 321, (0, 1): 114}"", ""target_edge_count"": 7898, ""target_weight_quantile_marginal"": ""{3: 3018, 1: 1613, 2: 2229, 0: 1038}"", ""verified_exact_marginals"": true, ""weight_quantile_exact"": true}",frozen graph intervention; FIXED_NORM_MASK is not retrained valid-operator performance
Movies,44,visual_uniform,joint_high_similarity_low_novelty,FIXED_NORM_MASK,8860,0.0011997600479903836,0.0018860815836567735,0.03382420539855957,-0.12274003028869629,20,0.016185945272445677,0.0011196295769142289,0.017638260126113893,-0.002024595080983793,MATCHED,"{""allocated_cells"": 12, ""allocation"": {""((0, 1), 3)"": 9, ""((1, 1), 3)"": 251, ""((1, 2), 3)"": 113, ""((1, 3), 1)"": 90, ""((2, 2), 2)"": 86, ""((2, 2), 3)"": 447, ""((2, 3), 0)"": 936, ""((2, 3), 1)"": 123, ""((2, 3), 3)"": 194, ""((3, 3), 0)"": 2850, ""((3, 3), 1)"": 2102, ""((3, 3), 2)"": 1659}, ""degree_pair_exact"": true, ""matched_edge_count_per_control"": 8860, ""matching_method"": ""integral max-flow with exact endpoint-degree-quantile-pair and base normalized edge-weight quantile marginals"", ""shortages"": {}, ""status"": ""MATCHED"", ""target_degree_pair_marginal"": ""{(3, 3): 6611, (2, 3): 1253, (1, 3): 90, (2, 2): 533, (1, 2): 113, (1, 1): 251, (0, 1): 9}"", ""target_edge_count"": 8860, ""target_weight_quantile_marginal"": ""{1: 2315, 2: 1745, 0: 3786, 3: 1014}"", ""verified_exact_marginals"": true, ""weight_quantile_exact"": true}",frozen graph intervention; FIXED_NORM_MASK is not retrained valid-operator performance
Movies,44,visual_uniform,joint_high_similarity_low_novelty,RENORMALIZED_DELETE,8860,-0.00029994001199762366,0.00039700828833511004,0.0046242475509643555,-0.005151987075805664,20,-0.001121652126312256,0.0011130535443557384,0.005745899677276611,-0.0028644271145770728,MATCHED,"{""allocated_cells"": 12, ""allocation"": {""((0, 1), 3)"": 9, ""((1, 1), 3)"": 251, ""((1, 2), 3)"": 113, ""((1, 3), 1)"": 90, ""((2, 2), 2)"": 86, ""((2, 2), 3)"": 447, ""((2, 3), 0)"": 936, ""((2, 3), 1)"": 123, ""((2, 3), 3)"": 194, ""((3, 3), 0)"": 2850, ""((3, 3), 1)"": 2102, ""((3, 3), 2)"": 1659}, ""degree_pair_exact"": true, ""matched_edge_count_per_control"": 8860, ""matching_method"": ""integral max-flow with exact endpoint-degree-quantile-pair and base normalized edge-weight quantile marginals"", ""shortages"": {}, ""status"": ""MATCHED"", ""target_degree_pair_marginal"": ""{(3, 3): 6611, (2, 3): 1253, (1, 3): 90, (2, 2): 533, (1, 2): 113, (1, 1): 251, (0, 1): 9}"", ""target_edge_count"": 8860, ""target_weight_quantile_marginal"": ""{1: 2315, 2: 1745, 0: 3786, 3: 1014}"", ""verified_exact_marginals"": true, ""weight_quantile_exact"": true}",frozen graph intervention; FIXED_NORM_MASK is not retrained valid-operator performance
Toys,42,text_uniform,text_semantic_q0,FIXED_NORM_MASK,17295,-0.028750906015945876,-0.022293231785835976,0.11368775367736816,-0.4262678623199463,20,0.08621819913387299,0.003079341507177468,0.027469554543495173,-0.010678907948779858,MATCHED,"{""allocated_cells"": 17, ""allocation"": {""((0, 0), 3)"": 89, ""((0, 1), 3)"": 139, ""((0, 2), 3)"": 392, ""((0, 3), 2)"": 413, ""((0, 3), 3)"": 310, ""((1, 1), 3)"": 77, ""((1, 2), 3)"": 498, ""((1, 3), 2)"": 591, ""((1, 3), 3)"": 334, ""((2, 2), 2)"": 162, ""((2, 2), 3)"": 875, ""((2, 3), 1)"": 2120, ""((2, 3), 2)"": 1895, ""((2, 3), 3)"": 661, ""((3, 3), 0)"": 5158, ""((3, 3), 1)"": 2524, ""((3, 3), 2)"": 1057}, ""degree_pair_exact"": true, ""matched_edge_count_per_control"": 17295, ""matching_method"": ""integral max-flow with exact endpoint-degree-quantile-pair and base normalized edge-weight quantile marginals"", ""shortages"": {}, ""status"": ""MATCHED"", ""target_degree_pair_marginal"": ""{(1, 3): 925, (2, 2): 1037, (2, 3): 4676, (1, 2): 498, (3, 3): 8739, (0, 3): 723, (0, 1): 139, (1, 1): 77, (0, 2): 392, (0, 0): 89}"", ""target_edge_count"": 17295, ""target_weight_quantile_marginal"": ""{2: 4118, 3: 3375, 1: 4644, 0: 5158}"", ""verified_exact_marginals"": true, ""weight_quantile_exact"": true}",frozen graph intervention; FIXED_NORM_MASK is not retrained valid-operator performance
Toys,42,text_uniform,text_semantic_q0,RENORMALIZED_DELETE,17295,-0.02488523798018838,-0.02228767620553529,0.11857134103775024,0.2693173885345459,20,0.02247486710548401,0.002948466535085169,0.09609647393226624,-0.00794877989852617,MATCHED,"{""allocated_cells"": 17, ""allocation"": {""((0, 0), 3)"": 89, ""((0, 1), 3)"": 139, ""((0, 2), 3)"": 392, ""((0, 3), 2)"": 413, ""((0, 3), 3)"": 310, ""((1, 1), 3)"": 77, ""((1, 2), 3)"": 498, ""((1, 3), 2)"": 591, ""((1, 3), 3)"": 334, ""((2, 2), 2)"": 162, ""((2, 2), 3)"": 875, ""((2, 3), 1)"": 2120, ""((2, 3), 2)"": 1895, ""((2, 3), 3)"": 661, ""((3, 3), 0)"": 5158, ""((3, 3), 1)"": 2524, ""((3, 3), 2)"": 1057}, ""degree_pair_exact"": true, ""matched_edge_count_per_control"": 17295, ""matching_method"": ""integral max-flow with exact endpoint-degree-quantile-pair and base normalized edge-weight quantile marginals"", ""shortages"": {}, ""status"": ""MATCHED"", ""target_degree_pair_marginal"": ""{(1, 3): 925, (2, 2): 1037, (2, 3): 4676, (1, 2): 498, (3, 3): 8739, (0, 3): 723, (0, 1): 139, (1, 1): 77, (0, 2): 392, (0, 0): 89}"", ""target_edge_count"": 17295, ""target_weight_quantile_marginal"": ""{2: 4118, 3: 3375, 1: 4644, 0: 5158}"", ""verified_exact_marginals"": true, ""weight_quantile_exact"": true}",frozen graph intervention; FIXED_NORM_MASK is not retrained valid-operator performance
Toys,42,text_uniform,text_semantic_q3,FIXED_NORM_MASK,0,0.0,0.0,0.0,0.0,0,nan,nan,nan,nan,EMPTY_TARGET_GROUP,"{""allocated_cells"": 0, ""allocation"": {}, ""degree_pair_exact"": false, ""matched_edge_count_per_control"": 0, ""matching_method"": ""integral max-flow with exact endpoint-degree-quantile-pair and base normalized edge-weight quantile marginals"", ""shortages"": {}, ""status"": ""EMPTY_TARGET_GROUP"", ""target_degree_pair_marginal"": ""{}"", ""target_edge_count"": 0, ""target_weight_quantile_marginal"": ""{}"", ""weight_quantile_exact"": false}",frozen graph intervention; FIXED_NORM_MASK is not retrained valid-operator performance
Toys,42,text_uniform,text_semantic_q3,RENORMALIZED_DELETE,0,0.0,0.0,0.0,0.0,0,nan,nan,nan,nan,EMPTY_TARGET_GROUP,"{""allocated_cells"": 0, ""allocation"": {}, ""degree_pair_exact"": false, ""matched_edge_count_per_control"": 0, ""matching_method"": ""integral max-flow with exact endpoint-degree-quantile-pair and base normalized edge-weight quantile marginals"", ""shortages"": {}, ""status"": ""EMPTY_TARGET_GROUP"", ""target_degree_pair_marginal"": ""{}"", ""target_edge_count"": 0, ""target_weight_quantile_marginal"": ""{}"", ""weight_quantile_exact"": false}",frozen graph intervention; FIXED_NORM_MASK is not retrained valid-operator performance
Toys,42,text_uniform,text_low_similarity_high_novelty,FIXED_NORM_MASK,7213,-0.007972940323749622,-0.007040922928893134,0.03183126449584961,-0.11597180366516113,20,0.031125977635383606,0.0018337726013038778,0.0007052868604660034,-0.006571635660787584,MATCHED,"{""allocated_cells"": 17, ""allocation"": {""((0, 1), 3)"": 90, ""((0, 2), 3)"": 259, ""((0, 3), 2)"": 403, ""((0, 3), 3)"": 72, ""((1, 1), 3)"": 37, ""((1, 2), 3)"": 232, ""((1, 3), 1)"": 188, ""((1, 3), 2)"": 120, ""((1, 3), 3)"": 207, ""((2, 2), 2)"": 203, ""((2, 2), 3)"": 223, ""((2, 3), 1)"": 1414, ""((2, 3), 2)"": 69, ""((2, 3), 3)"": 551, ""((3, 3), 0)"": 1963, ""((3, 3), 1)"": 252, ""((3, 3), 2)"": 930}, ""degree_pair_exact"": true, ""matched_edge_count_per_control"": 7213, ""matching_method"": ""integral max-flow with exact endpoint-degree-quantile-pair and base normalized edge-weight quantile marginals"", ""shortages"": {}, ""status"": ""MATCHED"", ""target_degree_pair_marginal"": ""{(3, 3): 3145, (1, 2): 232, (0, 1): 90, (2, 3): 2034, (0, 3): 475, (1, 3): 515, (2, 2): 426, (1, 1): 37, (0, 2): 259}"", ""target_edge_count"": 7213, ""target_weight_quantile_marginal"": ""{2: 1725, 0: 1963, 1: 1854, 3: 1671}"", ""verified_exact_marginals"": true, ""weight_quantile_exact"": true}",frozen graph intervention; FIXED_NORM_MASK is not retrained valid-operator performance
Toys,42,text_uniform,text_low_similarity_high_novelty,RENORMALIZED_DELETE,7213,-0.007006523314810331,-0.00868607319555148,0.04417991638183594,0.1909012794494629,20,0.014010992646217347,0.002465488672428093,0.03016892373561859,-0.005484416525730801,MATCHED,"{""allocated_cells"": 17, ""allocation"": {""((0, 1), 3)"": 90, ""((0, 2), 3)"": 259, ""((0, 3), 2)"": 403, ""((0, 3), 3)"": 72, ""((1, 1), 3)"": 37, ""((1, 2), 3)"": 232, ""((1, 3), 1)"": 188, ""((1, 3), 2)"": 120, ""((1, 3), 3)"": 207, ""((2, 2), 2)"": 203, ""((2, 2), 3)"": 223, ""((2, 3), 1)"": 1414, ""((2, 3), 2)"": 69, ""((2, 3), 3)"": 551, ""((3, 3), 0)"": 1963, ""((3, 3), 1)"": 252, ""((3, 3), 2)"": 930}, ""degree_pair_exact"": true, ""matched_edge_count_per_control"": 7213, ""matching_method"": ""integral max-flow with exact endpoint-degree-quantile-pair and base normalized edge-weight quantile marginals"", ""shortages"": {}, ""status"": ""MATCHED"", ""target_degree_pair_marginal"": ""{(3, 3): 3145, (1, 2): 232, (0, 1): 90, (2, 3): 2034, (0, 3): 475, (1, 3): 515, (2, 2): 426, (1, 1): 37, (0, 2): 259}"", ""target_edge_count"": 7213, ""target_weight_quantile_marginal"": ""{2: 1725, 0: 1963, 1: 1854, 3: 1671}"", ""verified_exact_marginals"": true, ""weight_quantile_exact"": true}",frozen graph intervention; FIXED_NORM_MASK is not retrained valid-operator performance
Toys,42,text_uniform,text_high_similarity_low_novelty,FIXED_NORM_MASK,8167,-0.0021744382701135434,-0.0014509159579153552,0.034827351570129395,-0.3696627616882324,20,0.02307467758655548,0.0020682678724036952,0.011752673983573915,-0.005097849722155051,MATCHED,"{""allocated_cells"": 16, ""allocation"": {""((0, 1), 3)"": 65, ""((0, 2), 3)"": 36, ""((0, 3), 1)"": 9, ""((0, 3), 3)"": 4, ""((1, 1), 3)"": 72, ""((1, 2), 3)"": 142, ""((1, 3), 1)"": 257, ""((1, 3), 3)"": 42, ""((2, 2), 2)"": 198, ""((2, 2), 3)"": 303, ""((2, 3), 0)"": 330, ""((2, 3), 1)"": 1122, ""((2, 3), 3)"": 350, ""((3, 3), 0)"": 2200, ""((3, 3), 1)"": 1235, ""((3, 3), 2)"": 1802}, ""degree_pair_exact"": true, ""matched_edge_count_per_control"": 8167, ""matching_method"": ""integral max-flow with exact endpoint-degree-quantile-pair and base normalized edge-weight quantile marginals"", ""shortages"": {}, ""status"": ""MATCHED"", ""target_degree_pair_marginal"": ""{(3, 3): 5237, (2, 2): 501, (2, 3): 1802, (1, 1): 72, (1, 2): 142, (0, 1): 65, (1, 3): 299, (0, 2): 36, (0, 3): 13}"", ""target_edge_count"": 8167, ""target_weight_quantile_marginal"": ""{1: 2623, 3: 1014, 2: 2000, 0: 2530}"", ""verified_exact_marginals"": true, ""weight_quantile_exact"": true}",frozen graph intervention; FIXED_NORM_MASK is not retrained valid-operator performance
Toys,42,text_uniform,text_high_similarity_low_novelty,RENORMALIZED_DELETE,8167,-0.00024160425223473947,-0.0007512747007114573,0.004124641418457031,0.0007665157318115234,20,0.00426115095615387,0.0013850125034265458,-0.00013650953769683838,-0.0037086252718047273,MATCHED,"{""allocated_cells"": 16, ""allocation"": {""((0, 1), 3)"": 65, ""((0, 2), 3)"": 36, ""((0, 3), 1)"": 9, ""((0, 3), 3)"": 4, ""((1, 1), 3)"": 72, ""((1, 2), 3)"": 142, ""((1, 3), 1)"": 257, ""((1, 3), 3)"": 42, ""((2, 2), 2)"": 198, ""((2, 2), 3)"": 303, ""((2, 3), 0)"": 330, ""((2, 3), 1)"": 1122, ""((2, 3), 3)"": 350, ""((3, 3), 0)"": 2200, ""((3, 3), 1)"": 1235, ""((3, 3), 2)"": 1802}, ""degree_pair_exact"": true, ""matched_edge_count_per_control"": 8167, ""matching_method"": ""integral max-flow with exact endpoint-degree-quantile-pair and base normalized edge-weight quantile marginals"", ""shortages"": {}, ""status"": ""MATCHED"", ""target_degree_pair_marginal"": ""{(3, 3): 5237, (2, 2): 501, (2, 3): 1802, (1, 1): 72, (1, 2): 142, (0, 1): 65, (1, 3): 299, (0, 2): 36, (0, 3): 13}"", ""target_edge_count"": 8167, ""target_weight_quantile_marginal"": ""{1: 2623, 3: 1014, 2: 2000, 0: 2530}"", ""verified_exact_marginals"": true, ""weight_quantile_exact"": true}",frozen graph intervention; FIXED_NORM_MASK is not retrained valid-operator performance
Toys,42,text_uniform,joint_low_similarity_high_novelty,FIXED_NORM_MASK,6324,-0.004348876540227087,-0.004033370123468605,0.028167128562927246,-0.1234731674194336,20,0.027721330523490906,0.0013691801951441318,0.00044579803943634033,-0.005375694612225135,MATCHED,"{""allocated_cells"": 17, ""allocation"": {""((0, 1), 3)"": 74, ""((0, 2), 3)"": 239, ""((0, 3), 2)"": 384, ""((0, 3), 3)"": 77, ""((1, 1), 3)"": 32, ""((1, 2), 3)"": 218, ""((1, 3), 1)"": 229, ""((1, 3), 2)"": 54, ""((1, 3), 3)"": 167, ""((2, 2), 2)"": 212, ""((2, 2), 3)"": 152, ""((2, 3), 1)"": 1224, ""((2, 3), 2)"": 43, ""((2, 3), 3)"": 566, ""((3, 3), 0)"": 1624, ""((3, 3), 1)"": 216, ""((3, 3), 2)"": 813}, ""degree_pair_exact"": true, ""matched_edge_count_per_control"": 6324, ""matching_method"": ""integral max-flow with exact endpoint-degree-quantile-pair and base normalized edge-weight quantile marginals"", ""shortages"": {}, ""status"": ""MATCHED"", ""target_degree_pair_marginal"": ""{(3, 3): 2653, (0, 1): 74, (1, 2): 218, (2, 3): 1833, (0, 3): 461, (1, 3): 450, (2, 2): 364, (0, 2): 239, (1, 1): 32}"", ""target_edge_count"": 6324, ""target_weight_quantile_marginal"": ""{2: 1506, 1: 1669, 0: 1624, 3: 1525}"", ""verified_exact_marginals"": true, ""weight_quantile_exact"": true}",frozen graph intervention; FIXED_NORM_MASK is not retrained valid-operator performance
Toys,42,text_uniform,joint_low_similarity_high_novelty,RENORMALIZED_DELETE,6324,-0.0026576467745831334,-0.003488072576725787,0.025620341300964355,0.15686821937561035,20,0.014447113871574402,0.0014394305021315286,0.011173227429389953,-0.004566320367238419,MATCHED,"{""allocated_cells"": 17, ""allocation"": {""((0, 1), 3)"": 74, ""((0, 2), 3)"": 239, ""((0, 3), 2)"": 384, ""((0, 3), 3)"": 77, ""((1, 1), 3)"": 32, ""((1, 2), 3)"": 218, ""((1, 3), 1)"": 229, ""((1, 3), 2)"": 54, ""((1, 3), 3)"": 167, ""((2, 2), 2)"": 212, ""((2, 2), 3)"": 152, ""((2, 3), 1)"": 1224, ""((2, 3), 2)"": 43, ""((2, 3), 3)"": 566, ""((3, 3), 0)"": 1624, ""((3, 3), 1)"": 216, ""((3, 3), 2)"": 813}, ""degree_pair_exact"": true, ""matched_edge_count_per_control"": 6324, ""matching_method"": ""integral max-flow with exact endpoint-degree-quantile-pair and base normalized edge-weight quantile marginals"", ""shortages"": {}, ""status"": ""MATCHED"", ""target_degree_pair_marginal"": ""{(3, 3): 2653, (0, 1): 74, (1, 2): 218, (2, 3): 1833, (0, 3): 461, (1, 3): 450, (2, 2): 364, (0, 2): 239, (1, 1): 32}"", ""target_edge_count"": 6324, ""target_weight_quantile_marginal"": ""{2: 1506, 1: 1669, 0: 1624, 3: 1525}"", ""verified_exact_marginals"": true, ""weight_quantile_exact"": true}",frozen graph intervention; FIXED_NORM_MASK is not retrained valid-operator performance
Toys,42,text_uniform,joint_high_similarity_low_novelty,FIXED_NORM_MASK,6936,-0.0021744382701135434,-0.0010781392665480949,0.03031480312347412,-0.31053662300109863,20,0.019002437591552734,0.001331039180681598,0.011312365531921387,-0.00393814931142783,MATCHED,"{""allocated_cells"": 16, ""allocation"": {""((0, 1), 3)"": 39, ""((0, 2), 3)"": 22, ""((0, 3), 1)"": 4, ""((0, 3), 3)"": 4, ""((1, 1), 3)"": 51, ""((1, 2), 3)"": 122, ""((1, 3), 1)"": 178, ""((1, 3), 3)"": 42, ""((2, 2), 2)"": 200, ""((2, 2), 3)"": 254, ""((2, 3), 0)"": 357, ""((2, 3), 1)"": 882, ""((2, 3), 3)"": 334, ""((3, 3), 0)"": 1689, ""((3, 3), 1)"": 1196, ""((3, 3), 2)"": 1562}, ""degree_pair_exact"": true, ""matched_edge_count_per_control"": 6936, ""matching_method"": ""integral max-flow with exact endpoint-degree-quantile-pair and base normalized edge-weight quantile marginals"", ""shortages"": {}, ""status"": ""MATCHED"", ""target_degree_pair_marginal"": ""{(0, 2): 22, (3, 3): 4447, (2, 2): 454, (1, 2): 122, (2, 3): 1573, (1, 1): 51, (1, 3): 220, (0, 1): 39, (0, 3): 8}"", ""target_edge_count"": 6936, ""target_weight_quantile_marginal"": ""{3: 868, 1: 2260, 2: 1762, 0: 2046}"", ""verified_exact_marginals"": true, ""weight_quantile_exact"": true}",frozen graph intervention; FIXED_NORM_MASK is not retrained valid-operator performance
Toys,42,text_uniform,joint_high_similarity_low_novelty,RENORMALIZED_DELETE,6936,0.0,-0.00047303713604684994,0.0038033723831176758,0.0002827644348144531,20,0.0033632189035415648,0.0015114964919248494,0.000440153479576111,-0.003261657405170271,MATCHED,"{""allocated_cells"": 16, ""allocation"": {""((0, 1), 3)"": 39, ""((0, 2), 3)"": 22, ""((0, 3), 1)"": 4, ""((0, 3), 3)"": 4, ""((1, 1), 3)"": 51, ""((1, 2), 3)"": 122, ""((1, 3), 1)"": 178, ""((1, 3), 3)"": 42, ""((2, 2), 2)"": 200, ""((2, 2), 3)"": 254, ""((2, 3), 0)"": 357, ""((2, 3), 1)"": 882, ""((2, 3), 3)"": 334, ""((3, 3), 0)"": 1689, ""((3, 3), 1)"": 1196, ""((3, 3), 2)"": 1562}, ""degree_pair_exact"": true, ""matched_edge_count_per_control"": 6936, ""matching_method"": ""integral max-flow with exact endpoint-degree-quantile-pair and base normalized edge-weight quantile marginals"", ""shortages"": {}, ""status"": ""MATCHED"", ""target_degree_pair_marginal"": ""{(0, 2): 22, (3, 3): 4447, (2, 2): 454, (1, 2): 122, (2, 3): 1573, (1, 1): 51, (1, 3): 220, (0, 1): 39, (0, 3): 8}"", ""target_edge_count"": 6936, ""target_weight_quantile_marginal"": ""{3: 868, 1: 2260, 2: 1762, 0: 2046}"", ""verified_exact_marginals"": true, ""weight_quantile_exact"": true}",frozen graph intervention; FIXED_NORM_MASK is not retrained valid-operator performance
Toys,42,visual_uniform,visual_semantic_q0,FIXED_NORM_MASK,16271,-0.04445518241121038,-0.037458622906965666,0.1532304286956787,-0.3587925434112549,20,0.08438057601451873,0.003438190728366258,0.06884985268115998,-0.016308287025851624,MATCHED,"{""allocated_cells"": 17, ""allocation"": {""((0, 0), 3)"": 91, ""((0, 1), 3)"": 122, ""((0, 2), 3)"": 353, ""((0, 3), 2)"": 444, ""((0, 3), 3)"": 204, ""((1, 1), 3)"": 77, ""((1, 2), 3)"": 484, ""((1, 3), 2)"": 700, ""((1, 3), 3)"": 288, ""((2, 2), 2)"": 178, ""((2, 2), 3)"": 793, ""((2, 3), 1)"": 2129, ""((2, 3), 2)"": 1310, ""((2, 3), 3)"": 823, ""((3, 3), 0)"": 4933, ""((3, 3), 1)"": 2286, ""((3, 3), 2)"": 1056}, ""degree_pair_exact"": true, ""matched_edge_count_per_control"": 16271, ""matching_method"": ""integral max-flow with exact endpoint-degree-quantile-pair and base normalized edge-weight quantile marginals"", ""shortages"": {}, ""status"": ""MATCHED"", ""target_degree_pair_marginal"": ""{(1, 3): 988, (3, 3): 8275, (2, 3): 4262, (0, 1): 122, (1, 2): 484, (2, 2): 971, (0, 2): 353, (0, 3): 648, (0, 0): 91, (1, 1): 77}"", ""target_edge_count"": 16271, ""target_weight_quantile_marginal"": ""{2: 3688, 1: 4415, 0: 4933, 3: 3235}"", ""verified_exact_marginals"": true, ""weight_quantile_exact"": true}",frozen graph intervention; FIXED_NORM_MASK is not retrained valid-operator performance
Toys,42,visual_uniform,visual_semantic_q0,RENORMALIZED_DELETE,16271,-0.03793186760086975,-0.03178212163748173,0.2191886305809021,0.250016450881958,20,0.028663298487663268,0.0030227591011260796,0.19052533209323883,-0.0097970524281227,MATCHED,"{""allocated_cells"": 17, ""allocation"": {""((0, 0), 3)"": 91, ""((0, 1), 3)"": 122, ""((0, 2), 3)"": 353, ""((0, 3), 2)"": 444, ""((0, 3), 3)"": 204, ""((1, 1), 3)"": 77, ""((1, 2), 3)"": 484, ""((1, 3), 2)"": 700, ""((1, 3), 3)"": 288, ""((2, 2), 2)"": 178, ""((2, 2), 3)"": 793, ""((2, 3), 1)"": 2129, ""((2, 3), 2)"": 1310, ""((2, 3), 3)"": 823, ""((3, 3), 0)"": 4933, ""((3, 3), 1)"": 2286, ""((3, 3), 2)"": 1056}, ""degree_pair_exact"": true, ""matched_edge_count_per_control"": 16271, ""matching_method"": ""integral max-flow with exact endpoint-degree-quantile-pair and base normalized edge-weight quantile marginals"", ""shortages"": {}, ""status"": ""MATCHED"", ""target_degree_pair_marginal"": ""{(1, 3): 988, (3, 3): 8275, (2, 3): 4262, (0, 1): 122, (1, 2): 484, (2, 2): 971, (0, 2): 353, (0, 3): 648, (0, 0): 91, (1, 1): 77}"", ""target_edge_count"": 16271, ""target_weight_quantile_marginal"": ""{2: 3688, 1: 4415, 0: 4933, 3: 3235}"", ""verified_exact_marginals"": true, ""weight_quantile_exact"": true}",frozen graph intervention; FIXED_NORM_MASK is not retrained valid-operator performance
Toys,42,visual_uniform,visual_semantic_q3,FIXED_NORM_MASK,0,0.0,0.0,-5.960464477539063e-08,0.0,0,nan,nan,nan,nan,EMPTY_TARGET_GROUP,"{""allocated_cells"": 0, ""allocation"": {}, ""degree_pair_exact"": false, ""matched_edge_count_per_control"": 0, ""matching_method"": ""integral max-flow with exact endpoint-degree-quantile-pair and base normalized edge-weight quantile marginals"", ""shortages"": {}, ""status"": ""EMPTY_TARGET_GROUP"", ""target_degree_pair_marginal"": ""{}"", ""target_edge_count"": 0, ""target_weight_quantile_marginal"": ""{}"", ""weight_quantile_exact"": false}",frozen graph intervention; FIXED_NORM_MASK is not retrained valid-operator performance
Toys,42,visual_uniform,visual_semantic_q3,RENORMALIZED_DELETE,0,0.0,0.0,0.0,0.0,0,nan,nan,nan,nan,EMPTY_TARGET_GROUP,"{""allocated_cells"": 0, ""allocation"": {}, ""degree_pair_exact"": false, ""matched_edge_count_per_control"": 0, ""matching_method"": ""integral max-flow with exact endpoint-degree-quantile-pair and base normalized edge-weight quantile marginals"", ""shortages"": {}, ""status"": ""EMPTY_TARGET_GROUP"", ""target_degree_pair_marginal"": ""{}"", ""target_edge_count"": 0, ""target_weight_quantile_marginal"": ""{}"", ""weight_quantile_exact"": false}",frozen graph intervention; FIXED_NORM_MASK is not retrained valid-operator performance
Toys,42,visual_uniform,visual_low_similarity_high_novelty,FIXED_NORM_MASK,6545,-0.01256342111621156,-0.011610334092244434,0.0487743616104126,-0.10681319236755371,20,0.03304068744182587,0.0017700499815104748,0.01573367416858673,-0.009990335829910574,MATCHED,"{""allocated_cells"": 17, ""allocation"": {""((0, 1), 3)"": 85, ""((0, 2), 3)"": 263, ""((0, 3), 2)"": 391, ""((0, 3), 3)"": 82, ""((1, 1), 3)"": 35, ""((1, 2), 3)"": 234, ""((1, 3), 1)"": 220, ""((1, 3), 2)"": 56, ""((1, 3), 3)"": 183, ""((2, 2), 2)"": 210, ""((2, 2), 3)"": 166, ""((2, 3), 1)"": 1179, ""((2, 3), 2)"": 97, ""((2, 3), 3)"": 567, ""((3, 3), 0)"": 1743, ""((3, 3), 1)"": 235, ""((3, 3), 2)"": 799}, ""degree_pair_exact"": true, ""matched_edge_count_per_control"": 6545, ""matching_method"": ""integral max-flow with exact endpoint-degree-quantile-pair and base normalized edge-weight quantile marginals"", ""shortages"": {}, ""status"": ""MATCHED"", ""target_degree_pair_marginal"": ""{(3, 3): 2777, (0, 1): 85, (1, 2): 234, (2, 3): 1843, (1, 3): 459, (0, 3): 473, (0, 2): 263, (2, 2): 376, (1, 1): 35}"", ""target_edge_count"": 6545, ""target_weight_quantile_marginal"": ""{2: 1553, 1: 1634, 0: 1743, 3: 1615}"", ""verified_exact_marginals"": true, ""weight_quantile_exact"": true}",frozen graph intervention; FIXED_NORM_MASK is not retrained valid-operator performance
Toys,42,visual_uniform,visual_low_similarity_high_novelty,RENORMALIZED_DELETE,6545,-0.007972940323749622,-0.006833272969806847,0.0796094536781311,0.1700127124786377,20,0.019870540499687193,0.0024330251174053013,0.05973891317844391,-0.007042763952645531,MATCHED,"{""allocated_cells"": 17, ""allocation"": {""((0, 1), 3)"": 85, ""((0, 2), 3)"": 263, ""((0, 3), 2)"": 391, ""((0, 3), 3)"": 82, ""((1, 1), 3)"": 35, ""((1, 2), 3)"": 234, ""((1, 3), 1)"": 220, ""((1, 3), 2)"": 56, ""((1, 3), 3)"": 183, ""((2, 2), 2)"": 210, ""((2, 2), 3)"": 166, ""((2, 3), 1)"": 1179, ""((2, 3), 2)"": 97, ""((2, 3), 3)"": 567, ""((3, 3), 0)"": 1743, ""((3, 3), 1)"": 235, ""((3, 3), 2)"": 799}, ""degree_pair_exact"": true, ""matched_edge_count_per_control"": 6545, ""matching_method"": ""integral max-flow with exact endpoint-degree-quantile-pair and base normalized edge-weight quantile marginals"", ""shortages"": {}, ""status"": ""MATCHED"", ""target_degree_pair_marginal"": ""{(3, 3): 2777, (0, 1): 85, (1, 2): 234, (2, 3): 1843, (1, 3): 459, (0, 3): 473, (0, 2): 263, (2, 2): 376, (1, 1): 35}"", ""target_edge_count"": 6545, ""target_weight_quantile_marginal"": ""{2: 1553, 1: 1634, 0: 1743, 3: 1615}"", ""verified_exact_marginals"": true, ""weight_quantile_exact"": true}",frozen graph intervention; FIXED_NORM_MASK is not retrained valid-operator performance
Toys,42,visual_uniform,visual_high_similarity_low_novelty,FIXED_NORM_MASK,7992,-0.006040106305870929,-0.004360612965555566,0.03804200887680054,-0.36080098152160645,20,0.029410523176193238,0.0017310762280618862,0.008631485700607299,-0.008274945639043208,MATCHED,"{""allocated_cells"": 16, ""allocation"": {""((0, 1), 3)"": 45, ""((0, 2), 3)"": 24, ""((0, 3), 1)"": 3, ""((0, 3), 3)"": 4, ""((1, 1), 3)"": 54, ""((1, 2), 3)"": 136, ""((1, 3), 1)"": 193, ""((1, 3), 3)"": 42, ""((2, 2), 2)"": 185, ""((2, 2), 3)"": 346, ""((2, 3), 0)"": 360, ""((2, 3), 1)"": 1185, ""((2, 3), 3)"": 329, ""((3, 3), 0)"": 2067, ""((3, 3), 1)"": 1152, ""((3, 3), 2)"": 1867}, ""degree_pair_exact"": true, ""matched_edge_count_per_control"": 7992, ""matching_method"": ""integral max-flow with exact endpoint-degree-quantile-pair and base normalized edge-weight quantile marginals"", ""shortages"": {}, ""status"": ""MATCHED"", ""target_degree_pair_marginal"": ""{(0, 2): 24, (3, 3): 5086, (2, 2): 531, (2, 3): 1874, (0, 1): 45, (1, 1): 54, (1, 2): 136, (1, 3): 235, (0, 3): 7}"", ""target_edge_count"": 7992, ""target_weight_quantile_marginal"": ""{3: 980, 1: 2533, 2: 2052, 0: 2427}"", ""verified_exact_marginals"": true, ""weight_quantile_exact"": true}",frozen graph intervention; FIXED_NORM_MASK is not retrained valid-operator performance
Toys,42,visual_uniform,visual_high_similarity_low_novelty,RENORMALIZED_DELETE,7992,-0.0016912297656438424,-0.0012945373400511384,0.0028342604637145996,-0.010888099670410156,20,0.007989841699600219,0.0021064172081141828,-0.005155581235885619,-0.0033945397438994553,MATCHED,"{""allocated_cells"": 16, ""allocation"": {""((0, 1), 3)"": 45, ""((0, 2), 3)"": 24, ""((0, 3), 1)"": 3, ""((0, 3), 3)"": 4, ""((1, 1), 3)"": 54, ""((1, 2), 3)"": 136, ""((1, 3), 1)"": 193, ""((1, 3), 3)"": 42, ""((2, 2), 2)"": 185, ""((2, 2), 3)"": 346, ""((2, 3), 0)"": 360, ""((2, 3), 1)"": 1185, ""((2, 3), 3)"": 329, ""((3, 3), 0)"": 2067, ""((3, 3), 1)"": 1152, ""((3, 3), 2)"": 1867}, ""degree_pair_exact"": true, ""matched_edge_count_per_control"": 7992, ""matching_method"": ""integral max-flow with exact endpoint-degree-quantile-pair and base normalized edge-weight quantile marginals"", ""shortages"": {}, ""status"": ""MATCHED"", ""target_degree_pair_marginal"": ""{(0, 2): 24, (3, 3): 5086, (2, 2): 531, (2, 3): 1874, (0, 1): 45, (1, 1): 54, (1, 2): 136, (1, 3): 235, (0, 3): 7}"", ""target_edge_count"": 7992, ""target_weight_quantile_marginal"": ""{3: 980, 1: 2533, 2: 2052, 0: 2427}"", ""verified_exact_marginals"": true, ""weight_quantile_exact"": true}",frozen graph intervention; FIXED_NORM_MASK is not retrained valid-operator performance
Toys,42,visual_uniform,joint_low_similarity_high_novelty,FIXED_NORM_MASK,6324,-0.007248127567045182,-0.005211886582669023,0.03197145462036133,-0.11226606369018555,20,0.033940425515174864,0.002263529649606919,-0.001968970894813536,-0.009784972215510956,MATCHED,"{""allocated_cells"": 17, ""allocation"": {""((0, 1), 3)"": 74, ""((0, 2), 3)"": 239, ""((0, 3), 2)"": 384, ""((0, 3), 3)"": 77, ""((1, 1), 3)"": 32, ""((1, 2), 3)"": 218, ""((1, 3), 1)"": 229, ""((1, 3), 2)"": 54, ""((1, 3), 3)"": 167, ""((2, 2), 2)"": 212, ""((2, 2), 3)"": 152, ""((2, 3), 1)"": 1224, ""((2, 3), 2)"": 43, ""((2, 3), 3)"": 566, ""((3, 3), 0)"": 1624, ""((3, 3), 1)"": 216, ""((3, 3), 2)"": 813}, ""degree_pair_exact"": true, ""matched_edge_count_per_control"": 6324, ""matching_method"": ""integral max-flow with exact endpoint-degree-quantile-pair and base normalized edge-weight quantile marginals"", ""shortages"": {}, ""status"": ""MATCHED"", ""target_degree_pair_marginal"": ""{(3, 3): 2653, (0, 1): 74, (1, 2): 218, (2, 3): 1833, (0, 3): 461, (1, 3): 450, (2, 2): 364, (0, 2): 239, (1, 1): 32}"", ""target_edge_count"": 6324, ""target_weight_quantile_marginal"": ""{2: 1506, 1: 1669, 0: 1624, 3: 1525}"", ""verified_exact_marginals"": true, ""weight_quantile_exact"": true}",frozen graph intervention; FIXED_NORM_MASK is not retrained valid-operator performance
Toys,42,visual_uniform,joint_low_similarity_high_novelty,RENORMALIZED_DELETE,6324,-0.001932834017878693,-0.0008014766294791587,0.04807591438293457,0.15559601783752441,20,0.023965120315551758,0.0025346187357116906,0.024110794067382812,-0.006607876298622817,MATCHED,"{""allocated_cells"": 17, ""allocation"": {""((0, 1), 3)"": 74, ""((0, 2), 3)"": 239, ""((0, 3), 2)"": 384, ""((0, 3), 3)"": 77, ""((1, 1), 3)"": 32, ""((1, 2), 3)"": 218, ""((1, 3), 1)"": 229, ""((1, 3), 2)"": 54, ""((1, 3), 3)"": 167, ""((2, 2), 2)"": 212, ""((2, 2), 3)"": 152, ""((2, 3), 1)"": 1224, ""((2, 3), 2)"": 43, ""((2, 3), 3)"": 566, ""((3, 3), 0)"": 1624, ""((3, 3), 1)"": 216, ""((3, 3), 2)"": 813}, ""degree_pair_exact"": true, ""matched_edge_count_per_control"": 6324, ""matching_method"": ""integral max-flow with exact endpoint-degree-quantile-pair and base normalized edge-weight quantile marginals"", ""shortages"": {}, ""status"": ""MATCHED"", ""target_degree_pair_marginal"": ""{(3, 3): 2653, (0, 1): 74, (1, 2): 218, (2, 3): 1833, (0, 3): 461, (1, 3): 450, (2, 2): 364, (0, 2): 239, (1, 1): 32}"", ""target_edge_count"": 6324, ""target_weight_quantile_marginal"": ""{2: 1506, 1: 1669, 0: 1624, 3: 1525}"", ""verified_exact_marginals"": true, ""weight_quantile_exact"": true}",frozen graph intervention; FIXED_NORM_MASK is not retrained valid-operator performance
Toys,42,visual_uniform,joint_high_similarity_low_novelty,FIXED_NORM_MASK,6936,-0.005556897801401228,-0.004419980081684205,0.03215217590332031,-0.31269192695617676,20,0.02446647584438324,0.002221978601363336,0.007685700058937074,-0.0071635660787629455,MATCHED,"{""allocated_cells"": 16, ""allocation"": {""((0, 1), 3)"": 39, ""((0, 2), 3)"": 22, ""((0, 3), 1)"": 4, ""((0, 3), 3)"": 4, ""((1, 1), 3)"": 51, ""((1, 2), 3)"": 122, ""((1, 3), 1)"": 178, ""((1, 3), 3)"": 42, ""((2, 2), 2)"": 200, ""((2, 2), 3)"": 254, ""((2, 3), 0)"": 357, ""((2, 3), 1)"": 882, ""((2, 3), 3)"": 334, ""((3, 3), 0)"": 1689, ""((3, 3), 1)"": 1196, ""((3, 3), 2)"": 1562}, ""degree_pair_exact"": true, ""matched_edge_count_per_control"": 6936, ""matching_method"": ""integral max-flow with exact endpoint-degree-quantile-pair and base normalized edge-weight quantile marginals"", ""shortages"": {}, ""status"": ""MATCHED"", ""target_degree_pair_marginal"": ""{(0, 2): 22, (3, 3): 4447, (2, 2): 454, (1, 2): 122, (2, 3): 1573, (1, 1): 51, (1, 3): 220, (0, 1): 39, (0, 3): 8}"", ""target_edge_count"": 6936, ""target_weight_quantile_marginal"": ""{3: 868, 1: 2260, 2: 1762, 0: 2046}"", ""verified_exact_marginals"": true, ""weight_quantile_exact"": true}",frozen graph intervention; FIXED_NORM_MASK is not retrained valid-operator performance
Toys,42,visual_uniform,joint_high_similarity_low_novelty,RENORMALIZED_DELETE,6936,-0.001449625513408992,-0.0011076692902948215,0.004971325397491455,-0.006050586700439453,20,0.00728043019771576,0.0024078691253966887,-0.0023091048002243045,-0.0030804542159941608,MATCHED,"{""allocated_cells"": 16, ""allocation"": {""((0, 1), 3)"": 39, ""((0, 2), 3)"": 22, ""((0, 3), 1)"": 4, ""((0, 3), 3)"": 4, ""((1, 1), 3)"": 51, ""((1, 2), 3)"": 122, ""((1, 3), 1)"": 178, ""((1, 3), 3)"": 42, ""((2, 2), 2)"": 200, ""((2, 2), 3)"": 254, ""((2, 3), 0)"": 357, ""((2, 3), 1)"": 882, ""((2, 3), 3)"": 334, ""((3, 3), 0)"": 1689, ""((3, 3), 1)"": 1196, ""((3, 3), 2)"": 1562}, ""degree_pair_exact"": true, ""matched_edge_count_per_control"": 6936, ""matching_method"": ""integral max-flow with exact endpoint-degree-quantile-pair and base normalized edge-weight quantile marginals"", ""shortages"": {}, ""status"": ""MATCHED"", ""target_degree_pair_marginal"": ""{(0, 2): 22, (3, 3): 4447, (2, 2): 454, (1, 2): 122, (2, 3): 1573, (1, 1): 51, (1, 3): 220, (0, 1): 39, (0, 3): 8}"", ""target_edge_count"": 6936, ""target_weight_quantile_marginal"": ""{3: 868, 1: 2260, 2: 1762, 0: 2046}"", ""verified_exact_marginals"": true, ""weight_quantile_exact"": true}",frozen graph intervention; FIXED_NORM_MASK is not retrained valid-operator performance
Toys,43,text_uniform,text_semantic_q0,FIXED_NORM_MASK,14030,-0.01981154868325674,-0.018762847722289533,0.07967746257781982,-0.3001840114593506,20,0.06916741132736207,0.0022404211414345674,0.010510051250457758,-0.005762261415800862,MATCHED,"{""allocated_cells"": 17, ""allocation"": {""((0, 0), 3)"": 69, ""((0, 1), 3)"": 107, ""((0, 2), 3)"": 315, ""((0, 3), 2)"": 471, ""((0, 3), 3)"": 115, ""((1, 1), 3)"": 55, ""((1, 2), 3)"": 384, ""((1, 3), 2)"": 423, ""((1, 3), 3)"": 350, ""((2, 2), 2)"": 178, ""((2, 2), 3)"": 629, ""((2, 3), 1)"": 2400, ""((2, 3), 2)"": 726, ""((2, 3), 3)"": 667, ""((3, 3), 0)"": 4322, ""((3, 3), 1)"": 1360, ""((3, 3), 2)"": 1459}, ""degree_pair_exact"": true, ""matched_edge_count_per_control"": 14030, ""matching_method"": ""integral max-flow with exact endpoint-degree-quantile-pair and base normalized edge-weight quantile marginals"", ""shortages"": {}, ""status"": ""MATCHED"", ""target_degree_pair_marginal"": ""{(1, 3): 773, (2, 3): 3793, (2, 2): 807, (1, 2): 384, (3, 3): 7141, (0, 3): 586, (0, 2): 315, (0, 1): 107, (0, 0): 69, (1, 1): 55}"", ""target_edge_count"": 14030, ""target_weight_quantile_marginal"": ""{2: 3257, 3: 2691, 1: 3760, 0: 4322}"", ""verified_exact_marginals"": true, ""weight_quantile_exact"": true}",frozen graph intervention; FIXED_NORM_MASK is not retrained valid-operator performance
Toys,43,text_uniform,text_semantic_q0,RENORMALIZED_DELETE,14030,-0.01932834017878715,-0.018064070648953434,0.056687116622924805,0.26781225204467773,20,0.013647308945655823,0.0025984659191302085,0.04303980767726898,-0.005629379077071711,MATCHED,"{""allocated_cells"": 17, ""allocation"": {""((0, 0), 3)"": 69, ""((0, 1), 3)"": 107, ""((0, 2), 3)"": 315, ""((0, 3), 2)"": 471, ""((0, 3), 3)"": 115, ""((1, 1), 3)"": 55, ""((1, 2), 3)"": 384, ""((1, 3), 2)"": 423, ""((1, 3), 3)"": 350, ""((2, 2), 2)"": 178, ""((2, 2), 3)"": 629, ""((2, 3), 1)"": 2400, ""((2, 3), 2)"": 726, ""((2, 3), 3)"": 667, ""((3, 3), 0)"": 4322, ""((3, 3), 1)"": 1360, ""((3, 3), 2)"": 1459}, ""degree_pair_exact"": true, ""matched_edge_count_per_control"": 14030, ""matching_method"": ""integral max-flow with exact endpoint-degree-quantile-pair and base normalized edge-weight quantile marginals"", ""shortages"": {}, ""status"": ""MATCHED"", ""target_degree_pair_marginal"": ""{(1, 3): 773, (2, 3): 3793, (2, 2): 807, (1, 2): 384, (3, 3): 7141, (0, 3): 586, (0, 2): 315, (0, 1): 107, (0, 0): 69, (1, 1): 55}"", ""target_edge_count"": 14030, ""target_weight_quantile_marginal"": ""{2: 3257, 3: 2691, 1: 3760, 0: 4322}"", ""verified_exact_marginals"": true, ""weight_quantile_exact"": true}",frozen graph intervention; FIXED_NORM_MASK is not retrained valid-operator performance
Toys,43,text_uniform,text_semantic_q3,FIXED_NORM_MASK,0,0.0,0.0,0.0,0.0,0,nan,nan,nan,nan,EMPTY_TARGET_GROUP,"{""allocated_cells"": 0, ""allocation"": {}, ""degree_pair_exact"": false, ""matched_edge_count_per_control"": 0, ""matching_method"": ""integral max-flow with exact endpoint-degree-quantile-pair and base normalized edge-weight quantile marginals"", ""shortages"": {}, ""status"": ""EMPTY_TARGET_GROUP"", ""target_degree_pair_marginal"": ""{}"", ""target_edge_count"": 0, ""target_weight_quantile_marginal"": ""{}"", ""weight_quantile_exact"": false}",frozen graph intervention; FIXED_NORM_MASK is not retrained valid-operator performance
Toys,43,text_uniform,text_semantic_q3,RENORMALIZED_DELETE,0,0.0,0.0,0.0,0.0,0,nan,nan,nan,nan,EMPTY_TARGET_GROUP,"{""allocated_cells"": 0, ""allocation"": {}, ""degree_pair_exact"": false, ""matched_edge_count_per_control"": 0, ""matching_method"": ""integral max-flow with exact endpoint-degree-quantile-pair and base normalized edge-weight quantile marginals"", ""shortages"": {}, ""status"": ""EMPTY_TARGET_GROUP"", ""target_degree_pair_marginal"": ""{}"", ""target_edge_count"": 0, ""target_weight_quantile_marginal"": ""{}"", ""weight_quantile_exact"": false}",frozen graph intervention; FIXED_NORM_MASK is not retrained valid-operator performance
Toys,43,text_uniform,text_low_similarity_high_novelty,FIXED_NORM_MASK,6397,-0.005798502053636079,-0.006904654015083556,0.02907806634902954,-0.09249496459960938,20,0.03137657642364502,0.0020777697891014245,-0.002298510074615477,-0.004155593138439206,MATCHED,"{""allocated_cells"": 17, ""allocation"": {""((0, 1), 3)"": 80, ""((0, 2), 3)"": 231, ""((0, 3), 2)"": 348, ""((0, 3), 3)"": 73, ""((1, 1), 3)"": 33, ""((1, 2), 3)"": 204, ""((1, 3), 1)"": 262, ""((1, 3), 2)"": 38, ""((1, 3), 3)"": 139, ""((2, 2), 2)"": 210, ""((2, 2), 3)"": 145, ""((2, 3), 1)"": 1237, ""((2, 3), 2)"": 37, ""((2, 3), 3)"": 564, ""((3, 3), 0)"": 1727, ""((3, 3), 1)"": 184, ""((3, 3), 2)"": 885}, ""degree_pair_exact"": true, ""matched_edge_count_per_control"": 6397, ""matching_method"": ""integral max-flow with exact endpoint-degree-quantile-pair and base normalized edge-weight quantile marginals"", ""shortages"": {}, ""status"": ""MATCHED"", ""target_degree_pair_marginal"": ""{(2, 3): 1838, (3, 3): 2796, (0, 3): 421, (1, 2): 204, (1, 3): 439, (2, 2): 355, (0, 2): 231, (1, 1): 33, (0, 1): 80}"", ""target_edge_count"": 6397, ""target_weight_quantile_marginal"": ""{3: 1469, 2: 1518, 1: 1683, 0: 1727}"", ""verified_exact_marginals"": true, ""weight_quantile_exact"": true}",frozen graph intervention; FIXED_NORM_MASK is not retrained valid-operator performance
Toys,43,text_uniform,text_low_similarity_high_novelty,RENORMALIZED_DELETE,6397,-0.0031408552790528343,-0.004190636992892127,0.019962728023529053,0.205596923828125,20,0.008782199025154114,0.0016250357619339308,0.011180528998374939,-0.00310461464121764,MATCHED,"{""allocated_cells"": 17, ""allocation"": {""((0, 1), 3)"": 80, ""((0, 2), 3)"": 231, ""((0, 3), 2)"": 348, ""((0, 3), 3)"": 73, ""((1, 1), 3)"": 33, ""((1, 2), 3)"": 204, ""((1, 3), 1)"": 262, ""((1, 3), 2)"": 38, ""((1, 3), 3)"": 139, ""((2, 2), 2)"": 210, ""((2, 2), 3)"": 145, ""((2, 3), 1)"": 1237, ""((2, 3), 2)"": 37, ""((2, 3), 3)"": 564, ""((3, 3), 0)"": 1727, ""((3, 3), 1)"": 184, ""((3, 3), 2)"": 885}, ""degree_pair_exact"": true, ""matched_edge_count_per_control"": 6397, ""matching_method"": ""integral max-flow with exact endpoint-degree-quantile-pair and base normalized edge-weight quantile marginals"", ""shortages"": {}, ""status"": ""MATCHED"", ""target_degree_pair_marginal"": ""{(2, 3): 1838, (3, 3): 2796, (0, 3): 421, (1, 2): 204, (1, 3): 439, (2, 2): 355, (0, 2): 231, (1, 1): 33, (0, 1): 80}"", ""target_edge_count"": 6397, ""target_weight_quantile_marginal"": ""{3: 1469, 2: 1518, 1: 1683, 0: 1727}"", ""verified_exact_marginals"": true, ""weight_quantile_exact"": true}",frozen graph intervention; FIXED_NORM_MASK is not retrained valid-operator performance
Toys,43,text_uniform,text_high_similarity_low_novelty,FIXED_NORM_MASK,8398,-0.002899251026817984,-0.0028119565585873474,0.03867769241333008,-0.3908841609954834,20,0.02469078600406647,0.0018945085730914944,0.01398690640926361,-0.0016670693404203462,MATCHED,"{""allocated_cells"": 16, ""allocation"": {""((0, 1), 3)"": 62, ""((0, 2), 3)"": 39, ""((0, 3), 1)"": 8, ""((0, 3), 3)"": 4, ""((1, 1), 3)"": 73, ""((1, 2), 3)"": 134, ""((1, 3), 1)"": 240, ""((1, 3), 3)"": 42, ""((2, 2), 2)"": 204, ""((2, 2), 3)"": 286, ""((2, 3), 0)"": 306, ""((2, 3), 1)"": 1192, ""((2, 3), 3)"": 367, ""((3, 3), 0)"": 2345, ""((3, 3), 1)"": 1265, ""((3, 3), 2)"": 1831}, ""degree_pair_exact"": true, ""matched_edge_count_per_control"": 8398, ""matching_method"": ""integral max-flow with exact endpoint-degree-quantile-pair and base normalized edge-weight quantile marginals"", ""shortages"": {}, ""status"": ""MATCHED"", ""target_degree_pair_marginal"": ""{(3, 3): 5441, (2, 2): 490, (2, 3): 1865, (1, 1): 73, (0, 1): 62, (1, 2): 134, (1, 3): 282, (0, 2): 39, (0, 3): 12}"", ""target_edge_count"": 8398, ""target_weight_quantile_marginal"": ""{2: 2035, 1: 2705, 3: 1007, 0: 2651}"", ""verified_exact_marginals"": true, ""weight_quantile_exact"": true}",frozen graph intervention; FIXED_NORM_MASK is not retrained valid-operator performance
Toys,43,text_uniform,text_high_similarity_low_novelty,RENORMALIZED_DELETE,8398,-0.001449625513408992,-0.0015363177506875214,0.003654181957244873,-0.0041620731353759766,20,0.0016010761260986327,0.0019053444972066216,0.0020531058311462403,-0.0006885721188692407,MATCHED,"{""allocated_cells"": 16, ""allocation"": {""((0, 1), 3)"": 62, ""((0, 2), 3)"": 39, ""((0, 3), 1)"": 8, ""((0, 3), 3)"": 4, ""((1, 1), 3)"": 73, ""((1, 2), 3)"": 134, ""((1, 3), 1)"": 240, ""((1, 3), 3)"": 42, ""((2, 2), 2)"": 204, ""((2, 2), 3)"": 286, ""((2, 3), 0)"": 306, ""((2, 3), 1)"": 1192, ""((2, 3), 3)"": 367, ""((3, 3), 0)"": 2345, ""((3, 3), 1)"": 1265, ""((3, 3), 2)"": 1831}, ""degree_pair_exact"": true, ""matched_edge_count_per_control"": 8398, ""matching_method"": ""integral max-flow with exact endpoint-degree-quantile-pair and base normalized edge-weight quantile marginals"", ""shortages"": {}, ""status"": ""MATCHED"", ""target_degree_pair_marginal"": ""{(3, 3): 5441, (2, 2): 490, (2, 3): 1865, (1, 1): 73, (0, 1): 62, (1, 2): 134, (1, 3): 282, (0, 2): 39, (0, 3): 12}"", ""target_edge_count"": 8398, ""target_weight_quantile_marginal"": ""{2: 2035, 1: 2705, 3: 1007, 0: 2651}"", ""verified_exact_marginals"": true, ""weight_quantile_exact"": true}",frozen graph intervention; FIXED_NORM_MASK is not retrained valid-operator performance
Toys,43,text_uniform,joint_low_similarity_high_novelty,FIXED_NORM_MASK,6237,-0.002899251026817984,-0.004002664209484363,0.028208553791046143,-0.11644887924194336,20,0.031174665689468382,0.0020633198139285132,-0.00296611189842224,-0.004348876540227064,MATCHED,"{""allocated_cells"": 17, ""allocation"": {""((0, 1), 3)"": 85, ""((0, 2), 3)"": 230, ""((0, 3), 2)"": 377, ""((0, 3), 3)"": 73, ""((1, 1), 3)"": 31, ""((1, 2), 3)"": 199, ""((1, 3), 1)"": 259, ""((1, 3), 2)"": 32, ""((1, 3), 3)"": 143, ""((2, 2), 2)"": 216, ""((2, 2), 3)"": 153, ""((2, 3), 1)"": 1200, ""((2, 3), 2)"": 41, ""((2, 3), 3)"": 577, ""((3, 3), 0)"": 1595, ""((3, 3), 1)"": 187, ""((3, 3), 2)"": 839}, ""degree_pair_exact"": true, ""matched_edge_count_per_control"": 6237, ""matching_method"": ""integral max-flow with exact endpoint-degree-quantile-pair and base normalized edge-weight quantile marginals"", ""shortages"": {}, ""status"": ""MATCHED"", ""target_degree_pair_marginal"": ""{(3, 3): 2621, (0, 1): 85, (2, 2): 369, (1, 2): 199, (2, 3): 1818, (0, 3): 450, (1, 3): 434, (1, 1): 31, (0, 2): 230}"", ""target_edge_count"": 6237, ""target_weight_quantile_marginal"": ""{2: 1505, 1: 1646, 0: 1595, 3: 1491}"", ""verified_exact_marginals"": true, ""weight_quantile_exact"": true}",frozen graph intervention; FIXED_NORM_MASK is not retrained valid-operator performance
Toys,43,text_uniform,joint_low_similarity_high_novelty,RENORMALIZED_DELETE,6237,-0.003382459531287685,-0.004952949881937507,0.015976548194885254,0.17433571815490723,20,0.009764012694358826,0.0017057784783240685,0.0062125355005264275,-0.0032737376177820244,MATCHED,"{""allocated_cells"": 17, ""allocation"": {""((0, 1), 3)"": 85, ""((0, 2), 3)"": 230, ""((0, 3), 2)"": 377, ""((0, 3), 3)"": 73, ""((1, 1), 3)"": 31, ""((1, 2), 3)"": 199, ""((1, 3), 1)"": 259, ""((1, 3), 2)"": 32, ""((1, 3), 3)"": 143, ""((2, 2), 2)"": 216, ""((2, 2), 3)"": 153, ""((2, 3), 1)"": 1200, ""((2, 3), 2)"": 41, ""((2, 3), 3)"": 577, ""((3, 3), 0)"": 1595, ""((3, 3), 1)"": 187, ""((3, 3), 2)"": 839}, ""degree_pair_exact"": true, ""matched_edge_count_per_control"": 6237, ""matching_method"": ""integral max-flow with exact endpoint-degree-quantile-pair and base normalized edge-weight quantile marginals"", ""shortages"": {}, ""status"": ""MATCHED"", ""target_degree_pair_marginal"": ""{(3, 3): 2621, (0, 1): 85, (2, 2): 369, (1, 2): 199, (2, 3): 1818, (0, 3): 450, (1, 3): 434, (1, 1): 31, (0, 2): 230}"", ""target_edge_count"": 6237, ""target_weight_quantile_marginal"": ""{2: 1505, 1: 1646, 0: 1595, 3: 1491}"", ""verified_exact_marginals"": true, ""weight_quantile_exact"": true}",frozen graph intervention; FIXED_NORM_MASK is not retrained valid-operator performance
Toys,43,text_uniform,joint_high_similarity_low_novelty,FIXED_NORM_MASK,6909,-0.002416042522348394,-0.0032727310060459702,0.031125783920288086,-0.3137838840484619,20,0.018271970748901366,0.0016916330982642562,0.01285381317138672,-0.0006764919062575092,MATCHED,"{""allocated_cells"": 16, ""allocation"": {""((0, 1), 3)"": 42, ""((0, 2), 3)"": 25, ""((0, 3), 1)"": 5, ""((0, 3), 3)"": 4, ""((1, 1), 3)"": 54, ""((1, 2), 3)"": 124, ""((1, 3), 1)"": 170, ""((1, 3), 3)"": 42, ""((2, 2), 2)"": 203, ""((2, 2), 3)"": 239, ""((2, 3), 0)"": 336, ""((2, 3), 1)"": 892, ""((2, 3), 3)"": 354, ""((3, 3), 0)"": 1709, ""((3, 3), 1)"": 1179, ""((3, 3), 2)"": 1531}, ""degree_pair_exact"": true, ""matched_edge_count_per_control"": 6909, ""matching_method"": ""integral max-flow with exact endpoint-degree-quantile-pair and base normalized edge-weight quantile marginals"", ""shortages"": {}, ""status"": ""MATCHED"", ""target_degree_pair_marginal"": ""{(0, 2): 25, (3, 3): 4419, (2, 2): 442, (1, 2): 124, (2, 3): 1582, (1, 1): 54, (0, 1): 42, (1, 3): 212, (0, 3): 9}"", ""target_edge_count"": 6909, ""target_weight_quantile_marginal"": ""{3: 884, 1: 2246, 2: 1734, 0: 2045}"", ""verified_exact_marginals"": true, ""weight_quantile_exact"": true}",frozen graph intervention; FIXED_NORM_MASK is not retrained valid-operator performance
Toys,43,text_uniform,joint_high_similarity_low_novelty,RENORMALIZED_DELETE,6909,-0.0021744382701135434,-0.0017831717435349281,0.002058744430541992,-0.0033349990844726562,20,0.0011192798614501954,0.0012026085934996973,0.0009394645690917968,-0.0005556897801400728,MATCHED,"{""allocated_cells"": 16, ""allocation"": {""((0, 1), 3)"": 42, ""((0, 2), 3)"": 25, ""((0, 3), 1)"": 5, ""((0, 3), 3)"": 4, ""((1, 1), 3)"": 54, ""((1, 2), 3)"": 124, ""((1, 3), 1)"": 170, ""((1, 3), 3)"": 42, ""((2, 2), 2)"": 203, ""((2, 2), 3)"": 239, ""((2, 3), 0)"": 336, ""((2, 3), 1)"": 892, ""((2, 3), 3)"": 354, ""((3, 3), 0)"": 1709, ""((3, 3), 1)"": 1179, ""((3, 3), 2)"": 1531}, ""degree_pair_exact"": true, ""matched_edge_count_per_control"": 6909, ""matching_method"": ""integral max-flow with exact endpoint-degree-quantile-pair and base normalized edge-weight quantile marginals"", ""shortages"": {}, ""status"": ""MATCHED"", ""target_degree_pair_marginal"": ""{(0, 2): 25, (3, 3): 4419, (2, 2): 442, (1, 2): 124, (2, 3): 1582, (1, 1): 54, (0, 1): 42, (1, 3): 212, (0, 3): 9}"", ""target_edge_count"": 6909, ""target_weight_quantile_marginal"": ""{3: 884, 1: 2246, 2: 1734, 0: 2045}"", ""verified_exact_marginals"": true, ""weight_quantile_exact"": true}",frozen graph intervention; FIXED_NORM_MASK is not retrained valid-operator performance
Toys,43,visual_uniform,visual_semantic_q0,FIXED_NORM_MASK,15887,-0.03889828460980915,-0.042357959012772506,0.15023404359817505,-0.33598899841308594,20,0.10753704905509949,0.0025415407446249885,0.04269699454307556,-0.008951437545300788,MATCHED,"{""allocated_cells"": 17, ""allocation"": {""((0, 0), 3)"": 84, ""((0, 1), 3)"": 121, ""((0, 2), 3)"": 351, ""((0, 3), 2)"": 466, ""((0, 3), 3)"": 158, ""((1, 1), 3)"": 73, ""((1, 2), 3)"": 478, ""((1, 3), 2)"": 684, ""((1, 3), 3)"": 295, ""((2, 2), 2)"": 181, ""((2, 2), 3)"": 802, ""((2, 3), 1)"": 2170, ""((2, 3), 2)"": 1161, ""((2, 3), 3)"": 838, ""((3, 3), 0)"": 4802, ""((3, 3), 1)"": 2069, ""((3, 3), 2)"": 1154}, ""degree_pair_exact"": true, ""matched_edge_count_per_control"": 15887, ""matching_method"": ""integral max-flow with exact endpoint-degree-quantile-pair and base normalized edge-weight quantile marginals"", ""shortages"": {}, ""status"": ""MATCHED"", ""target_degree_pair_marginal"": ""{(1, 3): 979, (2, 2): 983, (2, 3): 4169, (0, 2): 351, (3, 3): 8025, (0, 1): 121, (1, 1): 73, (1, 2): 478, (0, 3): 624, (0, 0): 84}"", ""target_edge_count"": 15887, ""target_weight_quantile_marginal"": ""{2: 3646, 3: 3200, 1: 4239, 0: 4802}"", ""verified_exact_marginals"": true, ""weight_quantile_exact"": true}",frozen graph intervention; FIXED_NORM_MASK is not retrained valid-operator performance
Toys,43,visual_uniform,visual_semantic_q0,RENORMALIZED_DELETE,15887,-0.034066199565112365,-0.03636598199081775,0.12696725130081177,0.219940185546875,20,0.013995057344436646,0.002180788368861661,0.11297219395637512,-0.006281710558105824,MATCHED,"{""allocated_cells"": 17, ""allocation"": {""((0, 0), 3)"": 84, ""((0, 1), 3)"": 121, ""((0, 2), 3)"": 351, ""((0, 3), 2)"": 466, ""((0, 3), 3)"": 158, ""((1, 1), 3)"": 73, ""((1, 2), 3)"": 478, ""((1, 3), 2)"": 684, ""((1, 3), 3)"": 295, ""((2, 2), 2)"": 181, ""((2, 2), 3)"": 802, ""((2, 3), 1)"": 2170, ""((2, 3), 2)"": 1161, ""((2, 3), 3)"": 838, ""((3, 3), 0)"": 4802, ""((3, 3), 1)"": 2069, ""((3, 3), 2)"": 1154}, ""degree_pair_exact"": true, ""matched_edge_count_per_control"": 15887, ""matching_method"": ""integral max-flow with exact endpoint-degree-quantile-pair and base normalized edge-weight quantile marginals"", ""shortages"": {}, ""status"": ""MATCHED"", ""target_degree_pair_marginal"": ""{(1, 3): 979, (2, 2): 983, (2, 3): 4169, (0, 2): 351, (3, 3): 8025, (0, 1): 121, (1, 1): 73, (1, 2): 478, (0, 3): 624, (0, 0): 84}"", ""target_edge_count"": 15887, ""target_weight_quantile_marginal"": ""{2: 3646, 3: 3200, 1: 4239, 0: 4802}"", ""verified_exact_marginals"": true, ""weight_quantile_exact"": true}",frozen graph intervention; FIXED_NORM_MASK is not retrained valid-operator performance
Toys,43,visual_uniform,visual_semantic_q3,FIXED_NORM_MASK,0,0.0,0.0,0.0,0.0,0,nan,nan,nan,nan,EMPTY_TARGET_GROUP,"{""allocated_cells"": 0, ""allocation"": {}, ""degree_pair_exact"": false, ""matched_edge_count_per_control"": 0, ""matching_method"": ""integral max-flow with exact endpoint-degree-quantile-pair and base normalized edge-weight quantile marginals"", ""shortages"": {}, ""status"": ""EMPTY_TARGET_GROUP"", ""target_degree_pair_marginal"": ""{}"", ""target_edge_count"": 0, ""target_weight_quantile_marginal"": ""{}"", ""weight_quantile_exact"": false}",frozen graph intervention; FIXED_NORM_MASK is not retrained valid-operator performance
Toys,43,visual_uniform,visual_semantic_q3,RENORMALIZED_DELETE,0,0.0,0.0,0.0,0.0,0,nan,nan,nan,nan,EMPTY_TARGET_GROUP,"{""allocated_cells"": 0, ""allocation"": {}, ""degree_pair_exact"": false, ""matched_edge_count_per_control"": 0, ""matching_method"": ""integral max-flow with exact endpoint-degree-quantile-pair and base normalized edge-weight quantile marginals"", ""shortages"": {}, ""status"": ""EMPTY_TARGET_GROUP"", ""target_degree_pair_marginal"": ""{}"", ""target_edge_count"": 0, ""target_weight_quantile_marginal"": ""{}"", ""weight_quantile_exact"": false}",frozen graph intervention; FIXED_NORM_MASK is not retrained valid-operator performance
Toys,43,visual_uniform,visual_low_similarity_high_novelty,FIXED_NORM_MASK,6685,-0.013288233872916111,-0.01890729331851282,0.05136668682098389,-0.09480524063110352,20,0.0467988520860672,0.00224634585965139,0.00456783473491669,-0.0067890794877989765,MATCHED,"{""allocated_cells"": 17, ""allocation"": {""((0, 1), 3)"": 79, ""((0, 2), 3)"": 266, ""((0, 3), 2)"": 385, ""((0, 3), 3)"": 73, ""((1, 1), 3)"": 30, ""((1, 2), 3)"": 234, ""((1, 3), 1)"": 191, ""((1, 3), 2)"": 77, ""((1, 3), 3)"": 210, ""((2, 2), 2)"": 215, ""((2, 2), 3)"": 160, ""((2, 3), 1)"": 1219, ""((2, 3), 2)"": 88, ""((2, 3), 3)"": 563, ""((3, 3), 0)"": 1833, ""((3, 3), 1)"": 256, ""((3, 3), 2)"": 806}, ""degree_pair_exact"": true, ""matched_edge_count_per_control"": 6685, ""matching_method"": ""integral max-flow with exact endpoint-degree-quantile-pair and base normalized edge-weight quantile marginals"", ""shortages"": {}, ""status"": ""MATCHED"", ""target_degree_pair_marginal"": ""{(0, 2): 266, (3, 3): 2895, (0, 1): 79, (2, 3): 1870, (1, 2): 234, (0, 3): 458, (1, 3): 478, (2, 2): 375, (1, 1): 30}"", ""target_edge_count"": 6685, ""target_weight_quantile_marginal"": ""{3: 1615, 2: 1571, 1: 1666, 0: 1833}"", ""verified_exact_marginals"": true, ""weight_quantile_exact"": true}",frozen graph intervention; FIXED_NORM_MASK is not retrained valid-operator performance
Toys,43,visual_uniform,visual_low_similarity_high_novelty,RENORMALIZED_DELETE,6685,-0.011597004107272268,-0.016573703044263755,0.04007124900817871,0.17109203338623047,20,0.010500690340995789,0.0016957594241247247,0.029570558667182924,-0.004348876540227103,MATCHED,"{""allocated_cells"": 17, ""allocation"": {""((0, 1), 3)"": 79, ""((0, 2), 3)"": 266, ""((0, 3), 2)"": 385, ""((0, 3), 3)"": 73, ""((1, 1), 3)"": 30, ""((1, 2), 3)"": 234, ""((1, 3), 1)"": 191, ""((1, 3), 2)"": 77, ""((1, 3), 3)"": 210, ""((2, 2), 2)"": 215, ""((2, 2), 3)"": 160, ""((2, 3), 1)"": 1219, ""((2, 3), 2)"": 88, ""((2, 3), 3)"": 563, ""((3, 3), 0)"": 1833, ""((3, 3), 1)"": 256, ""((3, 3), 2)"": 806}, ""degree_pair_exact"": true, ""matched_edge_count_per_control"": 6685, ""matching_method"": ""integral max-flow with exact endpoint-degree-quantile-pair and base normalized edge-weight quantile marginals"", ""shortages"": {}, ""status"": ""MATCHED"", ""target_degree_pair_marginal"": ""{(0, 2): 266, (3, 3): 2895, (0, 1): 79, (2, 3): 1870, (1, 2): 234, (0, 3): 458, (1, 3): 478, (2, 2): 375, (1, 1): 30}"", ""target_edge_count"": 6685, ""target_weight_quantile_marginal"": ""{3: 1615, 2: 1571, 1: 1666, 0: 1833}"", ""verified_exact_marginals"": true, ""weight_quantile_exact"": true}",frozen graph intervention; FIXED_NORM_MASK is not retrained valid-operator performance
Toys,43,visual_uniform,visual_high_similarity_low_novelty,FIXED_NORM_MASK,8034,-0.0021744382701135434,-0.0020780946492467978,0.044629693031311035,-0.36817169189453125,20,0.039009508490562436,0.0015461773643552703,0.005620184540748599,-0.004820004832085029,MATCHED,"{""allocated_cells"": 15, ""allocation"": {""((0, 1), 3)"": 55, ""((0, 2), 3)"": 29, ""((0, 3), 3)"": 4, ""((1, 1), 3)"": 60, ""((1, 2), 3)"": 139, ""((1, 3), 1)"": 163, ""((1, 3), 3)"": 42, ""((2, 2), 2)"": 195, ""((2, 2), 3)"": 332, ""((2, 3), 0)"": 306, ""((2, 3), 1)"": 1251, ""((2, 3), 3)"": 380, ""((3, 3), 0)"": 2079, ""((3, 3), 1)"": 1115, ""((3, 3), 2)"": 1884}, ""degree_pair_exact"": true, ""matched_edge_count_per_control"": 8034, ""matching_method"": ""integral max-flow with exact endpoint-degree-quantile-pair and base normalized edge-weight quantile marginals"", ""shortages"": {}, ""status"": ""MATCHED"", ""target_degree_pair_marginal"": ""{(0, 2): 29, (3, 3): 5078, (2, 2): 527, (2, 3): 1937, (1, 2): 139, (1, 1): 60, (0, 1): 55, (1, 3): 205, (0, 3): 4}"", ""target_edge_count"": 8034, ""target_weight_quantile_marginal"": ""{3: 1041, 1: 2529, 2: 2079, 0: 2385}"", ""verified_exact_marginals"": true, ""weight_quantile_exact"": true}",frozen graph intervention; FIXED_NORM_MASK is not retrained valid-operator performance
Toys,43,visual_uniform,visual_high_similarity_low_novelty,RENORMALIZED_DELETE,8034,-0.0007248127567045515,-0.0012849004420252275,0.00040602684020996094,-0.018352031707763672,20,0.003552818298339844,0.0018893902529975642,-0.003146791458129883,-0.0015825078521381874,MATCHED,"{""allocated_cells"": 15, ""allocation"": {""((0, 1), 3)"": 55, ""((0, 2), 3)"": 29, ""((0, 3), 3)"": 4, ""((1, 1), 3)"": 60, ""((1, 2), 3)"": 139, ""((1, 3), 1)"": 163, ""((1, 3), 3)"": 42, ""((2, 2), 2)"": 195, ""((2, 2), 3)"": 332, ""((2, 3), 0)"": 306, ""((2, 3), 1)"": 1251, ""((2, 3), 3)"": 380, ""((3, 3), 0)"": 2079, ""((3, 3), 1)"": 1115, ""((3, 3), 2)"": 1884}, ""degree_pair_exact"": true, ""matched_edge_count_per_control"": 8034, ""matching_method"": ""integral max-flow with exact endpoint-degree-quantile-pair and base normalized edge-weight quantile marginals"", ""shortages"": {}, ""status"": ""MATCHED"", ""target_degree_pair_marginal"": ""{(0, 2): 29, (3, 3): 5078, (2, 2): 527, (2, 3): 1937, (1, 2): 139, (1, 1): 60, (0, 1): 55, (1, 3): 205, (0, 3): 4}"", ""target_edge_count"": 8034, ""target_weight_quantile_marginal"": ""{3: 1041, 1: 2529, 2: 2079, 0: 2385}"", ""verified_exact_marginals"": true, ""weight_quantile_exact"": true}",frozen graph intervention; FIXED_NORM_MASK is not retrained valid-operator performance
Toys,43,visual_uniform,joint_low_similarity_high_novelty,FIXED_NORM_MASK,6237,-0.00652331481034063,-0.01147387953968182,0.036080002784729004,-0.0963289737701416,20,0.044653159379959104,0.0015816033642376166,-0.0085731565952301,-0.005931384392365319,MATCHED,"{""allocated_cells"": 17, ""allocation"": {""((0, 1), 3)"": 85, ""((0, 2), 3)"": 230, ""((0, 3), 2)"": 377, ""((0, 3), 3)"": 73, ""((1, 1), 3)"": 31, ""((1, 2), 3)"": 199, ""((1, 3), 1)"": 259, ""((1, 3), 2)"": 32, ""((1, 3), 3)"": 143, ""((2, 2), 2)"": 216, ""((2, 2), 3)"": 153, ""((2, 3), 1)"": 1200, ""((2, 3), 2)"": 41, ""((2, 3), 3)"": 577, ""((3, 3), 0)"": 1595, ""((3, 3), 1)"": 187, ""((3, 3), 2)"": 839}, ""degree_pair_exact"": true, ""matched_edge_count_per_control"": 6237, ""matching_method"": ""integral max-flow with exact endpoint-degree-quantile-pair and base normalized edge-weight quantile marginals"", ""shortages"": {}, ""status"": ""MATCHED"", ""target_degree_pair_marginal"": ""{(3, 3): 2621, (0, 1): 85, (2, 2): 369, (1, 2): 199, (2, 3): 1818, (0, 3): 450, (1, 3): 434, (1, 1): 31, (0, 2): 230}"", ""target_edge_count"": 6237, ""target_weight_quantile_marginal"": ""{2: 1505, 1: 1646, 0: 1595, 3: 1491}"", ""verified_exact_marginals"": true, ""weight_quantile_exact"": true}",frozen graph intervention; FIXED_NORM_MASK is not retrained valid-operator performance
Toys,43,visual_uniform,joint_low_similarity_high_novelty,RENORMALIZED_DELETE,6237,-0.004107272287992236,-0.00735916327874131,0.01723182201385498,0.16579389572143555,20,0.012027093768119812,0.0017172885283332116,0.005204728245735169,-0.0037811065474752325,MATCHED,"{""allocated_cells"": 17, ""allocation"": {""((0, 1), 3)"": 85, ""((0, 2), 3)"": 230, ""((0, 3), 2)"": 377, ""((0, 3), 3)"": 73, ""((1, 1), 3)"": 31, ""((1, 2), 3)"": 199, ""((1, 3), 1)"": 259, ""((1, 3), 2)"": 32, ""((1, 3), 3)"": 143, ""((2, 2), 2)"": 216, ""((2, 2), 3)"": 153, ""((2, 3), 1)"": 1200, ""((2, 3), 2)"": 41, ""((2, 3), 3)"": 577, ""((3, 3), 0)"": 1595, ""((3, 3), 1)"": 187, ""((3, 3), 2)"": 839}, ""degree_pair_exact"": true, ""matched_edge_count_per_control"": 6237, ""matching_method"": ""integral max-flow with exact endpoint-degree-quantile-pair and base normalized edge-weight quantile marginals"", ""shortages"": {}, ""status"": ""MATCHED"", ""target_degree_pair_marginal"": ""{(3, 3): 2621, (0, 1): 85, (2, 2): 369, (1, 2): 199, (2, 3): 1818, (0, 3): 450, (1, 3): 434, (1, 1): 31, (0, 2): 230}"", ""target_edge_count"": 6237, ""target_weight_quantile_marginal"": ""{2: 1505, 1: 1646, 0: 1595, 3: 1491}"", ""verified_exact_marginals"": true, ""weight_quantile_exact"": true}",frozen graph intervention; FIXED_NORM_MASK is not retrained valid-operator performance
Toys,43,visual_uniform,joint_high_similarity_low_novelty,FIXED_NORM_MASK,6909,-0.005073689296931638,-0.004693309183534833,0.03966134786605835,-0.29021573066711426,20,0.030918702483177185,0.0014050025025574141,0.008742645382881165,-0.003479101232181675,MATCHED,"{""allocated_cells"": 16, ""allocation"": {""((0, 1), 3)"": 42, ""((0, 2), 3)"": 25, ""((0, 3), 1)"": 5, ""((0, 3), 3)"": 4, ""((1, 1), 3)"": 54, ""((1, 2), 3)"": 124, ""((1, 3), 1)"": 170, ""((1, 3), 3)"": 42, ""((2, 2), 2)"": 203, ""((2, 2), 3)"": 239, ""((2, 3), 0)"": 336, ""((2, 3), 1)"": 892, ""((2, 3), 3)"": 354, ""((3, 3), 0)"": 1709, ""((3, 3), 1)"": 1179, ""((3, 3), 2)"": 1531}, ""degree_pair_exact"": true, ""matched_edge_count_per_control"": 6909, ""matching_method"": ""integral max-flow with exact endpoint-degree-quantile-pair and base normalized edge-weight quantile marginals"", ""shortages"": {}, ""status"": ""MATCHED"", ""target_degree_pair_marginal"": ""{(0, 2): 25, (3, 3): 4419, (2, 2): 442, (1, 2): 124, (2, 3): 1582, (1, 1): 54, (0, 1): 42, (1, 3): 212, (0, 3): 9}"", ""target_edge_count"": 6909, ""target_weight_quantile_marginal"": ""{3: 884, 1: 2246, 2: 1734, 0: 2045}"", ""verified_exact_marginals"": true, ""weight_quantile_exact"": true}",frozen graph intervention; FIXED_NORM_MASK is not retrained valid-operator performance
Toys,43,visual_uniform,joint_high_similarity_low_novelty,RENORMALIZED_DELETE,6909,-0.001932834017878693,-0.002551816022861031,0.004000365734100342,-0.0023572444915771484,20,0.0026294827461242677,0.0015539353115811589,0.0013708829879760741,-0.0009301763711041355,MATCHED,"{""allocated_cells"": 16, ""allocation"": {""((0, 1), 3)"": 42, ""((0, 2), 3)"": 25, ""((0, 3), 1)"": 5, ""((0, 3), 3)"": 4, ""((1, 1), 3)"": 54, ""((1, 2), 3)"": 124, ""((1, 3), 1)"": 170, ""((1, 3), 3)"": 42, ""((2, 2), 2)"": 203, ""((2, 2), 3)"": 239, ""((2, 3), 0)"": 336, ""((2, 3), 1)"": 892, ""((2, 3), 3)"": 354, ""((3, 3), 0)"": 1709, ""((3, 3), 1)"": 1179, ""((3, 3), 2)"": 1531}, ""degree_pair_exact"": true, ""matched_edge_count_per_control"": 6909, ""matching_method"": ""integral max-flow with exact endpoint-degree-quantile-pair and base normalized edge-weight quantile marginals"", ""shortages"": {}, ""status"": ""MATCHED"", ""target_degree_pair_marginal"": ""{(0, 2): 25, (3, 3): 4419, (2, 2): 442, (1, 2): 124, (2, 3): 1582, (1, 1): 54, (0, 1): 42, (1, 3): 212, (0, 3): 9}"", ""target_edge_count"": 6909, ""target_weight_quantile_marginal"": ""{3: 884, 1: 2246, 2: 1734, 0: 2045}"", ""verified_exact_marginals"": true, ""weight_quantile_exact"": true}",frozen graph intervention; FIXED_NORM_MASK is not retrained valid-operator performance
Toys,44,text_uniform,text_semantic_q0,FIXED_NORM_MASK,17159,-0.020536361439961293,-0.014629125346496852,0.13016527891159058,-0.40661048889160156,20,0.11397150456905365,0.0015745669968024135,0.016193774342536923,-0.009011838608359468,MATCHED,"{""allocated_cells"": 17, ""allocation"": {""((0, 0), 3)"": 90, ""((0, 1), 3)"": 139, ""((0, 2), 3)"": 386, ""((0, 3), 2)"": 413, ""((0, 3), 3)"": 311, ""((1, 1), 3)"": 71, ""((1, 2), 3)"": 512, ""((1, 3), 2)"": 620, ""((1, 3), 3)"": 327, ""((2, 2), 2)"": 163, ""((2, 2), 3)"": 837, ""((2, 3), 1)"": 2097, ""((2, 3), 2)"": 1844, ""((2, 3), 3)"": 696, ""((3, 3), 0)"": 5080, ""((3, 3), 1)"": 2523, ""((3, 3), 2)"": 1050}, ""degree_pair_exact"": true, ""matched_edge_count_per_control"": 17159, ""matching_method"": ""integral max-flow with exact endpoint-degree-quantile-pair and base normalized edge-weight quantile marginals"", ""shortages"": {}, ""status"": ""MATCHED"", ""target_degree_pair_marginal"": ""{(1, 3): 947, (2, 2): 1000, (2, 3): 4637, (1, 2): 512, (0, 2): 386, (3, 3): 8653, (0, 3): 724, (0, 1): 139, (0, 0): 90, (1, 1): 71}"", ""target_edge_count"": 17159, ""target_weight_quantile_marginal"": ""{2: 4090, 3: 3369, 1: 4620, 0: 5080}"", ""verified_exact_marginals"": true, ""weight_quantile_exact"": true}",frozen graph intervention; FIXED_NORM_MASK is not retrained valid-operator performance
Toys,44,text_uniform,text_semantic_q0,RENORMALIZED_DELETE,17159,-0.0186035274220826,-0.01425493570720715,0.07158768177032471,0.2568635940551758,20,0.012798842787742615,0.0013887378330813805,0.058788838982582095,-0.008262865426431454,MATCHED,"{""allocated_cells"": 17, ""allocation"": {""((0, 0), 3)"": 90, ""((0, 1), 3)"": 139, ""((0, 2), 3)"": 386, ""((0, 3), 2)"": 413, ""((0, 3), 3)"": 311, ""((1, 1), 3)"": 71, ""((1, 2), 3)"": 512, ""((1, 3), 2)"": 620, ""((1, 3), 3)"": 327, ""((2, 2), 2)"": 163, ""((2, 2), 3)"": 837, ""((2, 3), 1)"": 2097, ""((2, 3), 2)"": 1844, ""((2, 3), 3)"": 696, ""((3, 3), 0)"": 5080, ""((3, 3), 1)"": 2523, ""((3, 3), 2)"": 1050}, ""degree_pair_exact"": true, ""matched_edge_count_per_control"": 17159, ""matching_method"": ""integral max-flow with exact endpoint-degree-quantile-pair and base normalized edge-weight quantile marginals"", ""shortages"": {}, ""status"": ""MATCHED"", ""target_degree_pair_marginal"": ""{(1, 3): 947, (2, 2): 1000, (2, 3): 4637, (1, 2): 512, (0, 2): 386, (3, 3): 8653, (0, 3): 724, (0, 1): 139, (0, 0): 90, (1, 1): 71}"", ""target_edge_count"": 17159, ""target_weight_quantile_marginal"": ""{2: 4090, 3: 3369, 1: 4620, 0: 5080}"", ""verified_exact_marginals"": true, ""weight_quantile_exact"": true}",frozen graph intervention; FIXED_NORM_MASK is not retrained valid-operator performance
Toys,44,text_uniform,text_semantic_q3,FIXED_NORM_MASK,0,0.0,0.0,0.0,0.0,0,nan,nan,nan,nan,EMPTY_TARGET_GROUP,"{""allocated_cells"": 0, ""allocation"": {}, ""degree_pair_exact"": false, ""matched_edge_count_per_control"": 0, ""matching_method"": ""integral max-flow with exact endpoint-degree-quantile-pair and base normalized edge-weight quantile marginals"", ""shortages"": {}, ""status"": ""EMPTY_TARGET_GROUP"", ""target_degree_pair_marginal"": ""{}"", ""target_edge_count"": 0, ""target_weight_quantile_marginal"": ""{}"", ""weight_quantile_exact"": false}",frozen graph intervention; FIXED_NORM_MASK is not retrained valid-operator performance
Toys,44,text_uniform,text_semantic_q3,RENORMALIZED_DELETE,0,0.0,0.0,0.0,0.0,0,nan,nan,nan,nan,EMPTY_TARGET_GROUP,"{""allocated_cells"": 0, ""allocation"": {}, ""degree_pair_exact"": false, ""matched_edge_count_per_control"": 0, ""matching_method"": ""integral max-flow with exact endpoint-degree-quantile-pair and base normalized edge-weight quantile marginals"", ""shortages"": {}, ""status"": ""EMPTY_TARGET_GROUP"", ""target_degree_pair_marginal"": ""{}"", ""target_edge_count"": 0, ""target_weight_quantile_marginal"": ""{}"", ""weight_quantile_exact"": false}",frozen graph intervention; FIXED_NORM_MASK is not retrained valid-operator performance
Toys,44,text_uniform,text_low_similarity_high_novelty,FIXED_NORM_MASK,7237,-0.004590480792461937,-0.0014592689577683782,0.04438948631286621,-0.11232709884643555,20,0.043217554688453674,0.0015961848696529517,0.0011719316244125366,-0.004215994201497897,MATCHED,"{""allocated_cells"": 17, ""allocation"": {""((0, 1), 3)"": 97, ""((0, 2), 3)"": 271, ""((0, 3), 2)"": 392, ""((0, 3), 3)"": 78, ""((1, 1), 3)"": 38, ""((1, 2), 3)"": 231, ""((1, 3), 1)"": 173, ""((1, 3), 2)"": 125, ""((1, 3), 3)"": 218, ""((2, 2), 2)"": 208, ""((2, 2), 3)"": 200, ""((2, 3), 1)"": 1464, ""((2, 3), 2)"": 36, ""((2, 3), 3)"": 555, ""((3, 3), 0)"": 1906, ""((3, 3), 1)"": 270, ""((3, 3), 2)"": 975}, ""degree_pair_exact"": true, ""matched_edge_count_per_control"": 7237, ""matching_method"": ""integral max-flow with exact endpoint-degree-quantile-pair and base normalized edge-weight quantile marginals"", ""shortages"": {}, ""status"": ""MATCHED"", ""target_degree_pair_marginal"": ""{(2, 3): 2055, (3, 3): 3151, (1, 2): 231, (0, 3): 470, (1, 3): 516, (2, 2): 408, (1, 1): 38, (0, 2): 271, (0, 1): 97}"", ""target_edge_count"": 7237, ""target_weight_quantile_marginal"": ""{3: 1688, 2: 1736, 0: 1906, 1: 1907}"", ""verified_exact_marginals"": true, ""weight_quantile_exact"": true}",frozen graph intervention; FIXED_NORM_MASK is not retrained valid-operator performance
Toys,44,text_uniform,text_low_similarity_high_novelty,RENORMALIZED_DELETE,7237,-0.003865668035757386,-0.0006622596100174238,0.02203434705734253,0.19733738899230957,20,0.005210071802139282,0.001207102915408376,0.016824275255203247,-0.003454940806958151,MATCHED,"{""allocated_cells"": 17, ""allocation"": {""((0, 1), 3)"": 97, ""((0, 2), 3)"": 271, ""((0, 3), 2)"": 392, ""((0, 3), 3)"": 78, ""((1, 1), 3)"": 38, ""((1, 2), 3)"": 231, ""((1, 3), 1)"": 173, ""((1, 3), 2)"": 125, ""((1, 3), 3)"": 218, ""((2, 2), 2)"": 208, ""((2, 2), 3)"": 200, ""((2, 3), 1)"": 1464, ""((2, 3), 2)"": 36, ""((2, 3), 3)"": 555, ""((3, 3), 0)"": 1906, ""((3, 3), 1)"": 270, ""((3, 3), 2)"": 975}, ""degree_pair_exact"": true, ""matched_edge_count_per_control"": 7237, ""matching_method"": ""integral max-flow with exact endpoint-degree-quantile-pair and base normalized edge-weight quantile marginals"", ""shortages"": {}, ""status"": ""MATCHED"", ""target_degree_pair_marginal"": ""{(2, 3): 2055, (3, 3): 3151, (1, 2): 231, (0, 3): 470, (1, 3): 516, (2, 2): 408, (1, 1): 38, (0, 2): 271, (0, 1): 97}"", ""target_edge_count"": 7237, ""target_weight_quantile_marginal"": ""{3: 1688, 2: 1736, 0: 1906, 1: 1907}"", ""verified_exact_marginals"": true, ""weight_quantile_exact"": true}",frozen graph intervention; FIXED_NORM_MASK is not retrained valid-operator performance
Toys,44,text_uniform,text_high_similarity_low_novelty,FIXED_NORM_MASK,8108,-0.0036240637835225353,-0.0038424282641136287,0.04706275463104248,-0.35541605949401855,20,0.03562823235988617,0.0018106120829980213,0.011434522271156308,-0.0022227591205604747,MATCHED,"{""allocated_cells"": 16, ""allocation"": {""((0, 1), 3)"": 68, ""((0, 2), 3)"": 40, ""((0, 3), 1)"": 11, ""((0, 3), 3)"": 4, ""((1, 1), 3)"": 75, ""((1, 2), 3)"": 148, ""((1, 3), 1)"": 258, ""((1, 3), 3)"": 42, ""((2, 2), 2)"": 201, ""((2, 2), 3)"": 289, ""((2, 3), 0)"": 305, ""((2, 3), 1)"": 1167, ""((2, 3), 3)"": 375, ""((3, 3), 0)"": 2111, ""((3, 3), 1)"": 1198, ""((3, 3), 2)"": 1816}, ""degree_pair_exact"": true, ""matched_edge_count_per_control"": 8108, ""matching_method"": ""integral max-flow with exact endpoint-degree-quantile-pair and base normalized edge-weight quantile marginals"", ""shortages"": {}, ""status"": ""MATCHED"", ""target_degree_pair_marginal"": ""{(3, 3): 5125, (2, 2): 490, (2, 3): 1847, (1, 2): 148, (1, 1): 75, (0, 1): 68, (1, 3): 300, (0, 2): 40, (0, 3): 15}"", ""target_edge_count"": 8108, ""target_weight_quantile_marginal"": ""{1: 2634, 2: 2017, 3: 1041, 0: 2416}"", ""verified_exact_marginals"": true, ""weight_quantile_exact"": true}",frozen graph intervention; FIXED_NORM_MASK is not retrained valid-operator performance
Toys,44,text_uniform,text_high_similarity_low_novelty,RENORMALIZED_DELETE,8108,-0.001449625513408992,-0.002127705143544878,0.003285050392150879,-0.00733494758605957,20,0.0029798686504364015,0.0014886650251094008,0.00030518174171447745,-0.0021381976322782715,MATCHED,"{""allocated_cells"": 16, ""allocation"": {""((0, 1), 3)"": 68, ""((0, 2), 3)"": 40, ""((0, 3), 1)"": 11, ""((0, 3), 3)"": 4, ""((1, 1), 3)"": 75, ""((1, 2), 3)"": 148, ""((1, 3), 1)"": 258, ""((1, 3), 3)"": 42, ""((2, 2), 2)"": 201, ""((2, 2), 3)"": 289, ""((2, 3), 0)"": 305, ""((2, 3), 1)"": 1167, ""((2, 3), 3)"": 375, ""((3, 3), 0)"": 2111, ""((3, 3), 1)"": 1198, ""((3, 3), 2)"": 1816}, ""degree_pair_exact"": true, ""matched_edge_count_per_control"": 8108, ""matching_method"": ""integral max-flow with exact endpoint-degree-quantile-pair and base normalized edge-weight quantile marginals"", ""shortages"": {}, ""status"": ""MATCHED"", ""target_degree_pair_marginal"": ""{(3, 3): 5125, (2, 2): 490, (2, 3): 1847, (1, 2): 148, (1, 1): 75, (0, 1): 68, (1, 3): 300, (0, 2): 40, (0, 3): 15}"", ""target_edge_count"": 8108, ""target_weight_quantile_marginal"": ""{1: 2634, 2: 2017, 3: 1041, 0: 2416}"", ""verified_exact_marginals"": true, ""weight_quantile_exact"": true}",frozen graph intervention; FIXED_NORM_MASK is not retrained valid-operator performance
Toys,44,text_uniform,joint_low_similarity_high_novelty,FIXED_NORM_MASK,6427,-0.0016912297656438424,-0.0003728878827911064,0.03345745801925659,-0.1106104850769043,20,0.038250720500946044,0.0018685844870602,-0.004793262481689452,-0.0036723846339695053,MATCHED,"{""allocated_cells"": 17, ""allocation"": {""((0, 1), 3)"": 74, ""((0, 2), 3)"": 250, ""((0, 3), 2)"": 375, ""((0, 3), 3)"": 79, ""((1, 1), 3)"": 31, ""((1, 2), 3)"": 205, ""((1, 3), 1)"": 241, ""((1, 3), 2)"": 48, ""((1, 3), 3)"": 158, ""((2, 2), 2)"": 211, ""((2, 2), 3)"": 136, ""((2, 3), 1)"": 1255, ""((2, 3), 2)"": 38, ""((2, 3), 3)"": 570, ""((3, 3), 0)"": 1669, ""((3, 3), 1)"": 208, ""((3, 3), 2)"": 879}, ""degree_pair_exact"": true, ""matched_edge_count_per_control"": 6427, ""matching_method"": ""integral max-flow with exact endpoint-degree-quantile-pair and base normalized edge-weight quantile marginals"", ""shortages"": {}, ""status"": ""MATCHED"", ""target_degree_pair_marginal"": ""{(3, 3): 2756, (0, 3): 454, (2, 2): 347, (1, 2): 205, (2, 3): 1863, (0, 2): 250, (1, 3): 447, (0, 1): 74, (1, 1): 31}"", ""target_edge_count"": 6427, ""target_weight_quantile_marginal"": ""{2: 1551, 0: 1669, 1: 1704, 3: 1503}"", ""verified_exact_marginals"": true, ""weight_quantile_exact"": true}",frozen graph intervention; FIXED_NORM_MASK is not retrained valid-operator performance
Toys,44,text_uniform,joint_low_similarity_high_novelty,RENORMALIZED_DELETE,6427,-0.0026576467745831334,-0.0010583600577535046,0.003811776638031006,0.1664724349975586,20,0.007916721701622009,0.001962678423856591,-0.004104945063591003,-0.0037207054844164756,MATCHED,"{""allocated_cells"": 17, ""allocation"": {""((0, 1), 3)"": 74, ""((0, 2), 3)"": 250, ""((0, 3), 2)"": 375, ""((0, 3), 3)"": 79, ""((1, 1), 3)"": 31, ""((1, 2), 3)"": 205, ""((1, 3), 1)"": 241, ""((1, 3), 2)"": 48, ""((1, 3), 3)"": 158, ""((2, 2), 2)"": 211, ""((2, 2), 3)"": 136, ""((2, 3), 1)"": 1255, ""((2, 3), 2)"": 38, ""((2, 3), 3)"": 570, ""((3, 3), 0)"": 1669, ""((3, 3), 1)"": 208, ""((3, 3), 2)"": 879}, ""degree_pair_exact"": true, ""matched_edge_count_per_control"": 6427, ""matching_method"": ""integral max-flow with exact endpoint-degree-quantile-pair and base normalized edge-weight quantile marginals"", ""shortages"": {}, ""status"": ""MATCHED"", ""target_degree_pair_marginal"": ""{(3, 3): 2756, (0, 3): 454, (2, 2): 347, (1, 2): 205, (2, 3): 1863, (0, 2): 250, (1, 3): 447, (0, 1): 74, (1, 1): 31}"", ""target_edge_count"": 6427, ""target_weight_quantile_marginal"": ""{2: 1551, 0: 1669, 1: 1704, 3: 1503}"", ""verified_exact_marginals"": true, ""weight_quantile_exact"": true}",frozen graph intervention; FIXED_NORM_MASK is not retrained valid-operator performance
Toys,44,text_uniform,joint_high_similarity_low_novelty,FIXED_NORM_MASK,6919,-0.002899251026817984,-0.0024736814651068473,0.03988003730773926,-0.29537343978881836,20,0.02737816870212555,0.0010287891692660903,0.012501868605613708,-0.0016912297656438314,MATCHED,"{""allocated_cells"": 16, ""allocation"": {""((0, 1), 3)"": 38, ""((0, 2), 3)"": 22, ""((0, 3), 1)"": 7, ""((0, 3), 3)"": 4, ""((1, 1), 3)"": 60, ""((1, 2), 3)"": 116, ""((1, 3), 1)"": 169, ""((1, 3), 3)"": 42, ""((2, 2), 2)"": 202, ""((2, 2), 3)"": 255, ""((2, 3), 0)"": 353, ""((2, 3), 1)"": 872, ""((2, 3), 3)"": 343, ""((3, 3), 0)"": 1674, ""((3, 3), 1)"": 1219, ""((3, 3), 2)"": 1543}, ""degree_pair_exact"": true, ""matched_edge_count_per_control"": 6919, ""matching_method"": ""integral max-flow with exact endpoint-degree-quantile-pair and base normalized edge-weight quantile marginals"", ""shortages"": {}, ""status"": ""MATCHED"", ""target_degree_pair_marginal"": ""{(0, 2): 22, (3, 3): 4436, (2, 2): 457, (1, 3): 211, (1, 2): 116, (2, 3): 1568, (1, 1): 60, (0, 1): 38, (0, 3): 11}"", ""target_edge_count"": 6919, ""target_weight_quantile_marginal"": ""{3: 880, 1: 2267, 2: 1745, 0: 2027}"", ""verified_exact_marginals"": true, ""weight_quantile_exact"": true}",frozen graph intervention; FIXED_NORM_MASK is not retrained valid-operator performance
Toys,44,text_uniform,joint_high_similarity_low_novelty,RENORMALIZED_DELETE,6919,-0.0007248127567044405,-0.0008182872263394758,0.003980040550231934,-0.007585048675537109,20,0.001546698808670044,0.0011720323642592295,0.0024333417415618895,-0.0012805025368446022,MATCHED,"{""allocated_cells"": 16, ""allocation"": {""((0, 1), 3)"": 38, ""((0, 2), 3)"": 22, ""((0, 3), 1)"": 7, ""((0, 3), 3)"": 4, ""((1, 1), 3)"": 60, ""((1, 2), 3)"": 116, ""((1, 3), 1)"": 169, ""((1, 3), 3)"": 42, ""((2, 2), 2)"": 202, ""((2, 2), 3)"": 255, ""((2, 3), 0)"": 353, ""((2, 3), 1)"": 872, ""((2, 3), 3)"": 343, ""((3, 3), 0)"": 1674, ""((3, 3), 1)"": 1219, ""((3, 3), 2)"": 1543}, ""degree_pair_exact"": true, ""matched_edge_count_per_control"": 6919, ""matching_method"": ""integral max-flow with exact endpoint-degree-quantile-pair and base normalized edge-weight quantile marginals"", ""shortages"": {}, ""status"": ""MATCHED"", ""target_degree_pair_marginal"": ""{(0, 2): 22, (3, 3): 4436, (2, 2): 457, (1, 3): 211, (1, 2): 116, (2, 3): 1568, (1, 1): 60, (0, 1): 38, (0, 3): 11}"", ""target_edge_count"": 6919, ""target_weight_quantile_marginal"": ""{3: 880, 1: 2267, 2: 1745, 0: 2027}"", ""verified_exact_marginals"": true, ""weight_quantile_exact"": true}",frozen graph intervention; FIXED_NORM_MASK is not retrained valid-operator performance
Toys,44,visual_uniform,visual_semantic_q0,FIXED_NORM_MASK,15795,-0.035274220826286506,-0.03306588662912835,0.1374165415763855,-0.32031798362731934,20,0.1110511839389801,0.0025233420918589528,0.0263653576374054,-0.0068374003382459135,MATCHED,"{""allocated_cells"": 17, ""allocation"": {""((0, 0), 3)"": 91, ""((0, 1), 3)"": 122, ""((0, 2), 3)"": 355, ""((0, 3), 2)"": 455, ""((0, 3), 3)"": 171, ""((1, 1), 3)"": 72, ""((1, 2), 3)"": 468, ""((1, 3), 2)"": 659, ""((1, 3), 3)"": 294, ""((2, 2), 2)"": 171, ""((2, 2), 3)"": 774, ""((2, 3), 1)"": 2207, ""((2, 3), 2)"": 1138, ""((2, 3), 3)"": 784, ""((3, 3), 0)"": 4729, ""((3, 3), 1)"": 2102, ""((3, 3), 2)"": 1203}, ""degree_pair_exact"": true, ""matched_edge_count_per_control"": 15795, ""matching_method"": ""integral max-flow with exact endpoint-degree-quantile-pair and base normalized edge-weight quantile marginals"", ""shortages"": {}, ""status"": ""MATCHED"", ""target_degree_pair_marginal"": ""{(1, 3): 953, (2, 3): 4129, (3, 3): 8034, (0, 1): 122, (2, 2): 945, (1, 1): 72, (1, 2): 468, (0, 3): 626, (0, 2): 355, (0, 0): 91}"", ""target_edge_count"": 15795, ""target_weight_quantile_marginal"": ""{2: 3626, 3: 3131, 1: 4309, 0: 4729}"", ""verified_exact_marginals"": true, ""weight_quantile_exact"": true}",frozen graph intervention; FIXED_NORM_MASK is not retrained valid-operator performance
Toys,44,visual_uniform,visual_semantic_q0,RENORMALIZED_DELETE,15795,-0.03261657405170326,-0.03243003354498675,0.1081346869468689,0.22359561920166016,20,0.016056835651397705,0.0020624469703959237,0.09207785129547119,-0.0048320850446967375,MATCHED,"{""allocated_cells"": 17, ""allocation"": {""((0, 0), 3)"": 91, ""((0, 1), 3)"": 122, ""((0, 2), 3)"": 355, ""((0, 3), 2)"": 455, ""((0, 3), 3)"": 171, ""((1, 1), 3)"": 72, ""((1, 2), 3)"": 468, ""((1, 3), 2)"": 659, ""((1, 3), 3)"": 294, ""((2, 2), 2)"": 171, ""((2, 2), 3)"": 774, ""((2, 3), 1)"": 2207, ""((2, 3), 2)"": 1138, ""((2, 3), 3)"": 784, ""((3, 3), 0)"": 4729, ""((3, 3), 1)"": 2102, ""((3, 3), 2)"": 1203}, ""degree_pair_exact"": true, ""matched_edge_count_per_control"": 15795, ""matching_method"": ""integral max-flow with exact endpoint-degree-quantile-pair and base normalized edge-weight quantile marginals"", ""shortages"": {}, ""status"": ""MATCHED"", ""target_degree_pair_marginal"": ""{(1, 3): 953, (2, 3): 4129, (3, 3): 8034, (0, 1): 122, (2, 2): 945, (1, 1): 72, (1, 2): 468, (0, 3): 626, (0, 2): 355, (0, 0): 91}"", ""target_edge_count"": 15795, ""target_weight_quantile_marginal"": ""{2: 3626, 3: 3131, 1: 4309, 0: 4729}"", ""verified_exact_marginals"": true, ""weight_quantile_exact"": true}",frozen graph intervention; FIXED_NORM_MASK is not retrained valid-operator performance
Toys,44,visual_uniform,visual_semantic_q3,FIXED_NORM_MASK,0,0.0,0.0,0.0,0.0,0,nan,nan,nan,nan,EMPTY_TARGET_GROUP,"{""allocated_cells"": 0, ""allocation"": {}, ""degree_pair_exact"": false, ""matched_edge_count_per_control"": 0, ""matching_method"": ""integral max-flow with exact endpoint-degree-quantile-pair and base normalized edge-weight quantile marginals"", ""shortages"": {}, ""status"": ""EMPTY_TARGET_GROUP"", ""target_degree_pair_marginal"": ""{}"", ""target_edge_count"": 0, ""target_weight_quantile_marginal"": ""{}"", ""weight_quantile_exact"": false}",frozen graph intervention; FIXED_NORM_MASK is not retrained valid-operator performance
Toys,44,visual_uniform,visual_semantic_q3,RENORMALIZED_DELETE,0,0.0,0.0,0.0,0.0,0,nan,nan,nan,nan,EMPTY_TARGET_GROUP,"{""allocated_cells"": 0, ""allocation"": {}, ""degree_pair_exact"": false, ""matched_edge_count_per_control"": 0, ""matching_method"": ""integral max-flow with exact endpoint-degree-quantile-pair and base normalized edge-weight quantile marginals"", ""shortages"": {}, ""status"": ""EMPTY_TARGET_GROUP"", ""target_degree_pair_marginal"": ""{}"", ""target_edge_count"": 0, ""target_weight_quantile_marginal"": ""{}"", ""weight_quantile_exact"": false}",frozen graph intervention; FIXED_NORM_MASK is not retrained valid-operator performance
Toys,44,visual_uniform,visual_low_similarity_high_novelty,FIXED_NORM_MASK,6665,-0.011838608359507119,-0.011271108729692059,0.04784876108169556,-0.09228706359863281,20,0.0445633053779602,0.001886059412831934,0.0032854557037353543,-0.003624063783522541,MATCHED,"{""allocated_cells"": 17, ""allocation"": {""((0, 1), 3)"": 87, ""((0, 2), 3)"": 265, ""((0, 3), 2)"": 377, ""((0, 3), 3)"": 78, ""((1, 1), 3)"": 29, ""((1, 2), 3)"": 221, ""((1, 3), 1)"": 231, ""((1, 3), 2)"": 58, ""((1, 3), 3)"": 174, ""((2, 2), 2)"": 209, ""((2, 2), 3)"": 165, ""((2, 3), 1)"": 1267, ""((2, 3), 2)"": 22, ""((2, 3), 3)"": 573, ""((3, 3), 0)"": 1811, ""((3, 3), 1)"": 220, ""((3, 3), 2)"": 878}, ""degree_pair_exact"": true, ""matched_edge_count_per_control"": 6665, ""matching_method"": ""integral max-flow with exact endpoint-degree-quantile-pair and base normalized edge-weight quantile marginals"", ""shortages"": {}, ""status"": ""MATCHED"", ""target_degree_pair_marginal"": ""{(3, 3): 2909, (0, 1): 87, (2, 2): 374, (1, 2): 221, (2, 3): 1862, (0, 3): 455, (1, 3): 463, (0, 2): 265, (1, 1): 29}"", ""target_edge_count"": 6665, ""target_weight_quantile_marginal"": ""{2: 1544, 1: 1718, 0: 1811, 3: 1592}"", ""verified_exact_marginals"": true, ""weight_quantile_exact"": true}",frozen graph intervention; FIXED_NORM_MASK is not retrained valid-operator performance
Toys,44,visual_uniform,visual_low_similarity_high_novelty,RENORMALIZED_DELETE,6665,-0.010147378593863166,-0.011475761392318318,0.038607120513916016,0.16613030433654785,20,0.00803869664669037,0.0015360086502250899,0.030568423867225646,-0.002863010388982801,MATCHED,"{""allocated_cells"": 17, ""allocation"": {""((0, 1), 3)"": 87, ""((0, 2), 3)"": 265, ""((0, 3), 2)"": 377, ""((0, 3), 3)"": 78, ""((1, 1), 3)"": 29, ""((1, 2), 3)"": 221, ""((1, 3), 1)"": 231, ""((1, 3), 2)"": 58, ""((1, 3), 3)"": 174, ""((2, 2), 2)"": 209, ""((2, 2), 3)"": 165, ""((2, 3), 1)"": 1267, ""((2, 3), 2)"": 22, ""((2, 3), 3)"": 573, ""((3, 3), 0)"": 1811, ""((3, 3), 1)"": 220, ""((3, 3), 2)"": 878}, ""degree_pair_exact"": true, ""matched_edge_count_per_control"": 6665, ""matching_method"": ""integral max-flow with exact endpoint-degree-quantile-pair and base normalized edge-weight quantile marginals"", ""shortages"": {}, ""status"": ""MATCHED"", ""target_degree_pair_marginal"": ""{(3, 3): 2909, (0, 1): 87, (2, 2): 374, (1, 2): 221, (2, 3): 1862, (0, 3): 455, (1, 3): 463, (0, 2): 265, (1, 1): 29}"", ""target_edge_count"": 6665, ""target_weight_quantile_marginal"": ""{2: 1544, 1: 1718, 0: 1811, 3: 1592}"", ""verified_exact_marginals"": true, ""weight_quantile_exact"": true}",frozen graph intervention; FIXED_NORM_MASK is not retrained valid-operator performance
Toys,44,visual_uniform,visual_high_similarity_low_novelty,FIXED_NORM_MASK,7833,0.0,0.0010495898121347658,0.046088337898254395,-0.35254573822021484,20,0.04076870381832123,0.0013638881076645172,0.005319634079933168,-0.003769026334863451,MATCHED,"{""allocated_cells"": 15, ""allocation"": {""((0, 1), 3)"": 56, ""((0, 2), 3)"": 30, ""((0, 3), 3)"": 4, ""((1, 1), 3)"": 60, ""((1, 2), 3)"": 144, ""((1, 3), 1)"": 177, ""((1, 3), 3)"": 42, ""((2, 2), 2)"": 195, ""((2, 2), 3)"": 348, ""((2, 3), 0)"": 286, ""((2, 3), 1)"": 1202, ""((2, 3), 3)"": 397, ""((3, 3), 0)"": 1987, ""((3, 3), 1)"": 1051, ""((3, 3), 2)"": 1854}, ""degree_pair_exact"": true, ""matched_edge_count_per_control"": 7833, ""matching_method"": ""integral max-flow with exact endpoint-degree-quantile-pair and base normalized edge-weight quantile marginals"", ""shortages"": {}, ""status"": ""MATCHED"", ""target_degree_pair_marginal"": ""{(0, 2): 30, (3, 3): 4892, (2, 2): 543, (2, 3): 1885, (1, 2): 144, (1, 1): 60, (0, 1): 56, (1, 3): 219, (0, 3): 4}"", ""target_edge_count"": 7833, ""target_weight_quantile_marginal"": ""{3: 1081, 1: 2430, 2: 2049, 0: 2273}"", ""verified_exact_marginals"": true, ""weight_quantile_exact"": true}",frozen graph intervention; FIXED_NORM_MASK is not retrained valid-operator performance
Toys,44,visual_uniform,visual_high_similarity_low_novelty,RENORMALIZED_DELETE,7833,0.0007248127567045515,0.0014978424148260894,-0.00014209747314453125,-0.006748676300048828,20,0.003940621018409729,0.001294061590377347,-0.00408271849155426,-0.0012442618990093745,MATCHED,"{""allocated_cells"": 15, ""allocation"": {""((0, 1), 3)"": 56, ""((0, 2), 3)"": 30, ""((0, 3), 3)"": 4, ""((1, 1), 3)"": 60, ""((1, 2), 3)"": 144, ""((1, 3), 1)"": 177, ""((1, 3), 3)"": 42, ""((2, 2), 2)"": 195, ""((2, 2), 3)"": 348, ""((2, 3), 0)"": 286, ""((2, 3), 1)"": 1202, ""((2, 3), 3)"": 397, ""((3, 3), 0)"": 1987, ""((3, 3), 1)"": 1051, ""((3, 3), 2)"": 1854}, ""degree_pair_exact"": true, ""matched_edge_count_per_control"": 7833, ""matching_method"": ""integral max-flow with exact endpoint-degree-quantile-pair and base normalized edge-weight quantile marginals"", ""shortages"": {}, ""status"": ""MATCHED"", ""target_degree_pair_marginal"": ""{(0, 2): 30, (3, 3): 4892, (2, 2): 543, (2, 3): 1885, (1, 2): 144, (1, 1): 60, (0, 1): 56, (1, 3): 219, (0, 3): 4}"", ""target_edge_count"": 7833, ""target_weight_quantile_marginal"": ""{3: 1081, 1: 2430, 2: 2049, 0: 2273}"", ""verified_exact_marginals"": true, ""weight_quantile_exact"": true}",frozen graph intervention; FIXED_NORM_MASK is not retrained valid-operator performance
Toys,44,visual_uniform,joint_low_similarity_high_novelty,FIXED_NORM_MASK,6427,-0.005315293549166378,-0.00602820496415557,0.03687006235122681,-0.10058474540710449,20,0.04388765394687653,0.0015003371097071134,-0.007017591595649721,-0.004240154626721393,MATCHED,"{""allocated_cells"": 17, ""allocation"": {""((0, 1), 3)"": 74, ""((0, 2), 3)"": 250, ""((0, 3), 2)"": 375, ""((0, 3), 3)"": 79, ""((1, 1), 3)"": 31, ""((1, 2), 3)"": 205, ""((1, 3), 1)"": 241, ""((1, 3), 2)"": 48, ""((1, 3), 3)"": 158, ""((2, 2), 2)"": 211, ""((2, 2), 3)"": 136, ""((2, 3), 1)"": 1255, ""((2, 3), 2)"": 38, ""((2, 3), 3)"": 570, ""((3, 3), 0)"": 1669, ""((3, 3), 1)"": 208, ""((3, 3), 2)"": 879}, ""degree_pair_exact"": true, ""matched_edge_count_per_control"": 6427, ""matching_method"": ""integral max-flow with exact endpoint-degree-quantile-pair and base normalized edge-weight quantile marginals"", ""shortages"": {}, ""status"": ""MATCHED"", ""target_degree_pair_marginal"": ""{(3, 3): 2756, (0, 3): 454, (2, 2): 347, (1, 2): 205, (2, 3): 1863, (0, 2): 250, (1, 3): 447, (0, 1): 74, (1, 1): 31}"", ""target_edge_count"": 6427, ""target_weight_quantile_marginal"": ""{2: 1551, 0: 1669, 1: 1704, 3: 1503}"", ""verified_exact_marginals"": true, ""weight_quantile_exact"": true}",frozen graph intervention; FIXED_NORM_MASK is not retrained valid-operator performance
Toys,44,visual_uniform,joint_low_similarity_high_novelty,RENORMALIZED_DELETE,6427,-0.004590480792461937,-0.006526660471779411,0.012975215911865234,0.16863346099853516,20,0.011492913961410523,0.0022461999377582273,0.0014823019504547116,-0.0030079729403236777,MATCHED,"{""allocated_cells"": 17, ""allocation"": {""((0, 1), 3)"": 74, ""((0, 2), 3)"": 250, ""((0, 3), 2)"": 375, ""((0, 3), 3)"": 79, ""((1, 1), 3)"": 31, ""((1, 2), 3)"": 205, ""((1, 3), 1)"": 241, ""((1, 3), 2)"": 48, ""((1, 3), 3)"": 158, ""((2, 2), 2)"": 211, ""((2, 2), 3)"": 136, ""((2, 3), 1)"": 1255, ""((2, 3), 2)"": 38, ""((2, 3), 3)"": 570, ""((3, 3), 0)"": 1669, ""((3, 3), 1)"": 208, ""((3, 3), 2)"": 879}, ""degree_pair_exact"": true, ""matched_edge_count_per_control"": 6427, ""matching_method"": ""integral max-flow with exact endpoint-degree-quantile-pair and base normalized edge-weight quantile marginals"", ""shortages"": {}, ""status"": ""MATCHED"", ""target_degree_pair_marginal"": ""{(3, 3): 2756, (0, 3): 454, (2, 2): 347, (1, 2): 205, (2, 3): 1863, (0, 2): 250, (1, 3): 447, (0, 1): 74, (1, 1): 31}"", ""target_edge_count"": 6427, ""target_weight_quantile_marginal"": ""{2: 1551, 0: 1669, 1: 1704, 3: 1503}"", ""verified_exact_marginals"": true, ""weight_quantile_exact"": true}",frozen graph intervention; FIXED_NORM_MASK is not retrained valid-operator performance
Toys,44,visual_uniform,joint_high_similarity_low_novelty,FIXED_NORM_MASK,6919,-0.0007248127567044405,0.0002800004032283976,0.040310800075531006,-0.29558444023132324,20,0.032509297132492065,0.0014909314616086923,0.00780150294303894,-0.0018603527422082044,MATCHED,"{""allocated_cells"": 16, ""allocation"": {""((0, 1), 3)"": 38, ""((0, 2), 3)"": 22, ""((0, 3), 1)"": 7, ""((0, 3), 3)"": 4, ""((1, 1), 3)"": 60, ""((1, 2), 3)"": 116, ""((1, 3), 1)"": 169, ""((1, 3), 3)"": 42, ""((2, 2), 2)"": 202, ""((2, 2), 3)"": 255, ""((2, 3), 0)"": 353, ""((2, 3), 1)"": 872, ""((2, 3), 3)"": 343, ""((3, 3), 0)"": 1674, ""((3, 3), 1)"": 1219, ""((3, 3), 2)"": 1543}, ""degree_pair_exact"": true, ""matched_edge_count_per_control"": 6919, ""matching_method"": ""integral max-flow with exact endpoint-degree-quantile-pair and base normalized edge-weight quantile marginals"", ""shortages"": {}, ""status"": ""MATCHED"", ""target_degree_pair_marginal"": ""{(0, 2): 22, (3, 3): 4436, (2, 2): 457, (1, 3): 211, (1, 2): 116, (2, 3): 1568, (1, 1): 60, (0, 1): 38, (0, 3): 11}"", ""target_edge_count"": 6919, ""target_weight_quantile_marginal"": ""{3: 880, 1: 2267, 2: 1745, 0: 2027}"", ""verified_exact_marginals"": true, ""weight_quantile_exact"": true}",frozen graph intervention; FIXED_NORM_MASK is not retrained valid-operator performance
Toys,44,visual_uniform,joint_high_similarity_low_novelty,RENORMALIZED_DELETE,6919,0.000483208504469701,0.0014053707994218234,0.0014950037002563477,0.0009310245513916016,20,0.0021991968154907227,0.0012427685486633363,-0.0007041931152343751,-0.0005919304179753115,MATCHED,"{""allocated_cells"": 16, ""allocation"": {""((0, 1), 3)"": 38, ""((0, 2), 3)"": 22, ""((0, 3), 1)"": 7, ""((0, 3), 3)"": 4, ""((1, 1), 3)"": 60, ""((1, 2), 3)"": 116, ""((1, 3), 1)"": 169, ""((1, 3), 3)"": 42, ""((2, 2), 2)"": 202, ""((2, 2), 3)"": 255, ""((2, 3), 0)"": 353, ""((2, 3), 1)"": 872, ""((2, 3), 3)"": 343, ""((3, 3), 0)"": 1674, ""((3, 3), 1)"": 1219, ""((3, 3), 2)"": 1543}, ""degree_pair_exact"": true, ""matched_edge_count_per_control"": 6919, ""matching_method"": ""integral max-flow with exact endpoint-degree-quantile-pair and base normalized edge-weight quantile marginals"", ""shortages"": {}, ""status"": ""MATCHED"", ""target_degree_pair_marginal"": ""{(0, 2): 22, (3, 3): 4436, (2, 2): 457, (1, 3): 211, (1, 2): 116, (2, 3): 1568, (1, 1): 60, (0, 1): 38, (0, 3): 11}"", ""target_edge_count"": 6919, ""target_weight_quantile_marginal"": ""{3: 880, 1: 2267, 2: 1745, 0: 2027}"", ""verified_exact_marginals"": true, ""weight_quantile_exact"": true}",frozen graph intervention; FIXED_NORM_MASK is not retrained valid-operator performance
Grocery,42,text_uniform,text_semantic_q0,FIXED_NORM_MASK,17853,-0.019912152269399686,-0.01984560218185505,0.05753809213638306,-0.1885671615600586,20,0.056717386841773985,0.0020000629184443145,0.0008207052946090712,-0.012942898975109834,MATCHED,"{""allocated_cells"": 17, ""allocation"": {""((0, 0), 3)"": 28, ""((0, 1), 3)"": 80, ""((0, 2), 3)"": 163, ""((0, 3), 2)"": 222, ""((0, 3), 3)"": 444, ""((1, 1), 3)"": 83, ""((1, 2), 3)"": 357, ""((1, 3), 2)"": 1055, ""((1, 3), 3)"": 612, ""((2, 2), 3)"": 492, ""((2, 3), 1)"": 2010, ""((2, 3), 2)"": 1621, ""((2, 3), 3)"": 637, ""((3, 3), 0)"": 5634, ""((3, 3), 1)"": 2903, ""((3, 3), 2)"": 1373, ""((3, 3), 3)"": 139}, ""degree_pair_exact"": true, ""matched_edge_count_per_control"": 17853, ""matching_method"": ""integral max-flow with exact endpoint-degree-quantile-pair and base normalized edge-weight quantile marginals"", ""shortages"": {}, ""status"": ""MATCHED"", ""target_degree_pair_marginal"": ""{(0, 1): 80, (1, 3): 1667, (2, 3): 4268, (1, 2): 357, (1, 1): 83, (0, 3): 666, (2, 2): 492, (3, 3): 10049, (0, 2): 163, (0, 0): 28}"", ""target_edge_count"": 17853, ""target_weight_quantile_marginal"": ""{3: 3035, 1: 4913, 2: 4271, 0: 5634}"", ""verified_exact_marginals"": true, ""weight_quantile_exact"": true}",frozen graph intervention; FIXED_NORM_MASK is not retrained valid-operator performance
Grocery,42,text_uniform,text_semantic_q0,RENORMALIZED_DELETE,17853,-0.008784773060029338,-0.0042771702498086706,0.07930397987365723,0.5795540809631348,20,0.03266053199768067,0.004111178364862018,0.04664344787597656,-0.009180087847730606,MATCHED,"{""allocated_cells"": 17, ""allocation"": {""((0, 0), 3)"": 28, ""((0, 1), 3)"": 80, ""((0, 2), 3)"": 163, ""((0, 3), 2)"": 222, ""((0, 3), 3)"": 444, ""((1, 1), 3)"": 83, ""((1, 2), 3)"": 357, ""((1, 3), 2)"": 1055, ""((1, 3), 3)"": 612, ""((2, 2), 3)"": 492, ""((2, 3), 1)"": 2010, ""((2, 3), 2)"": 1621, ""((2, 3), 3)"": 637, ""((3, 3), 0)"": 5634, ""((3, 3), 1)"": 2903, ""((3, 3), 2)"": 1373, ""((3, 3), 3)"": 139}, ""degree_pair_exact"": true, ""matched_edge_count_per_control"": 17853, ""matching_method"": ""integral max-flow with exact endpoint-degree-quantile-pair and base normalized edge-weight quantile marginals"", ""shortages"": {}, ""status"": ""MATCHED"", ""target_degree_pair_marginal"": ""{(0, 1): 80, (1, 3): 1667, (2, 3): 4268, (1, 2): 357, (1, 1): 83, (0, 3): 666, (2, 2): 492, (3, 3): 10049, (0, 2): 163, (0, 0): 28}"", ""target_edge_count"": 17853, ""target_weight_quantile_marginal"": ""{3: 3035, 1: 4913, 2: 4271, 0: 5634}"", ""verified_exact_marginals"": true, ""weight_quantile_exact"": true}",frozen graph intervention; FIXED_NORM_MASK is not retrained valid-operator performance
Grocery,42,text_uniform,text_semantic_q3,FIXED_NORM_MASK,0,0.0,0.0,0.0,2.384185791015625e-07,0,nan,nan,nan,nan,EMPTY_TARGET_GROUP,"{""allocated_cells"": 0, ""allocation"": {}, ""degree_pair_exact"": false, ""matched_edge_count_per_control"": 0, ""matching_method"": ""integral max-flow with exact endpoint-degree-quantile-pair and base normalized edge-weight quantile marginals"", ""shortages"": {}, ""status"": ""EMPTY_TARGET_GROUP"", ""target_degree_pair_marginal"": ""{}"", ""target_edge_count"": 0, ""target_weight_quantile_marginal"": ""{}"", ""weight_quantile_exact"": false}",frozen graph intervention; FIXED_NORM_MASK is not retrained valid-operator performance
Grocery,42,text_uniform,text_semantic_q3,RENORMALIZED_DELETE,0,0.0,0.0,0.0,2.384185791015625e-07,0,nan,nan,nan,nan,EMPTY_TARGET_GROUP,"{""allocated_cells"": 0, ""allocation"": {}, ""degree_pair_exact"": false, ""matched_edge_count_per_control"": 0, ""matching_method"": ""integral max-flow with exact endpoint-degree-quantile-pair and base normalized edge-weight quantile marginals"", ""shortages"": {}, ""status"": ""EMPTY_TARGET_GROUP"", ""target_degree_pair_marginal"": ""{}"", ""target_edge_count"": 0, ""target_weight_quantile_marginal"": ""{}"", ""weight_quantile_exact"": false}",frozen graph intervention; FIXED_NORM_MASK is not retrained valid-operator performance
Grocery,42,text_uniform,text_low_similarity_high_novelty,FIXED_NORM_MASK,8313,-0.006442166910688107,-0.005972734783391664,0.015287280082702637,-0.019727230072021484,20,0.01825181543827057,0.002016126438173445,-0.0029645353555679335,-0.006617862371888728,MATCHED,"{""allocated_cells"": 16, ""allocation"": {""((0, 1), 3)"": 55, ""((0, 2), 3)"": 113, ""((0, 3), 1)"": 193, ""((0, 3), 2)"": 252, ""((1, 1), 3)"": 39, ""((1, 2), 3)"": 171, ""((1, 3), 1)"": 521, ""((1, 3), 3)"": 170, ""((2, 2), 3)"": 217, ""((2, 3), 0)"": 225, ""((2, 3), 1)"": 1207, ""((2, 3), 3)"": 604, ""((3, 3), 0)"": 2481, ""((3, 3), 1)"": 275, ""((3, 3), 2)"": 1634, ""((3, 3), 3)"": 156}, ""degree_pair_exact"": true, ""matched_edge_count_per_control"": 8313, ""matching_method"": ""integral max-flow with exact endpoint-degree-quantile-pair and base normalized edge-weight quantile marginals"", ""shortages"": {}, ""status"": ""MATCHED"", ""target_degree_pair_marginal"": ""{(0, 1): 55, (1, 3): 691, (2, 3): 2036, (1, 2): 171, (0, 3): 445, (3, 3): 4546, (0, 2): 113, (2, 2): 217, (1, 1): 39}"", ""target_edge_count"": 8313, ""target_weight_quantile_marginal"": ""{3: 1525, 1: 2196, 2: 1886, 0: 2706}"", ""verified_exact_marginals"": true, ""weight_quantile_exact"": true}",frozen graph intervention; FIXED_NORM_MASK is not retrained valid-operator performance
Grocery,42,text_uniform,text_low_similarity_high_novelty,RENORMALIZED_DELETE,8313,0.0002928257686676261,-0.00033322310255701204,0.0258142352104187,0.3668036460876465,20,0.008021965622901917,0.002171122183222626,0.017792269587516785,-0.0034407027818448123,MATCHED,"{""allocated_cells"": 16, ""allocation"": {""((0, 1), 3)"": 55, ""((0, 2), 3)"": 113, ""((0, 3), 1)"": 193, ""((0, 3), 2)"": 252, ""((1, 1), 3)"": 39, ""((1, 2), 3)"": 171, ""((1, 3), 1)"": 521, ""((1, 3), 3)"": 170, ""((2, 2), 3)"": 217, ""((2, 3), 0)"": 225, ""((2, 3), 1)"": 1207, ""((2, 3), 3)"": 604, ""((3, 3), 0)"": 2481, ""((3, 3), 1)"": 275, ""((3, 3), 2)"": 1634, ""((3, 3), 3)"": 156}, ""degree_pair_exact"": true, ""matched_edge_count_per_control"": 8313, ""matching_method"": ""integral max-flow with exact endpoint-degree-quantile-pair and base normalized edge-weight quantile marginals"", ""shortages"": {}, ""status"": ""MATCHED"", ""target_degree_pair_marginal"": ""{(0, 1): 55, (1, 3): 691, (2, 3): 2036, (1, 2): 171, (0, 3): 445, (3, 3): 4546, (0, 2): 113, (2, 2): 217, (1, 1): 39}"", ""target_edge_count"": 8313, ""target_weight_quantile_marginal"": ""{3: 1525, 1: 2196, 2: 1886, 0: 2706}"", ""verified_exact_marginals"": true, ""weight_quantile_exact"": true}",frozen graph intervention; FIXED_NORM_MASK is not retrained valid-operator performance
Grocery,42,text_uniform,text_high_similarity_low_novelty,FIXED_NORM_MASK,8138,-0.0032210834553441092,-0.0033965486982556747,0.0202980637550354,-0.3838965892791748,20,0.018500784039497377,0.0015350910305865844,0.0017972797155380235,-0.005461200585651543,MATCHED,"{""allocated_cells"": 15, ""allocation"": {""((0, 1), 3)"": 56, ""((0, 2), 3)"": 11, ""((0, 3), 1)"": 14, ""((1, 1), 3)"": 147, ""((1, 2), 3)"": 249, ""((1, 3), 1)"": 101, ""((1, 3), 3)"": 183, ""((2, 2), 3)"": 517, ""((2, 3), 0)"": 571, ""((2, 3), 1)"": 611, ""((2, 3), 3)"": 472, ""((3, 3), 0)"": 1562, ""((3, 3), 1)"": 1481, ""((3, 3), 2)"": 2028, ""((3, 3), 3)"": 135}, ""degree_pair_exact"": true, ""matched_edge_count_per_control"": 8138, ""matching_method"": ""integral max-flow with exact endpoint-degree-quantile-pair and base normalized edge-weight quantile marginals"", ""shortages"": {}, ""status"": ""MATCHED"", ""target_degree_pair_marginal"": ""{(1, 1): 147, (1, 2): 249, (3, 3): 5206, (2, 2): 517, (2, 3): 1654, (0, 2): 11, (1, 3): 284, (0, 3): 14, (0, 1): 56}"", ""target_edge_count"": 8138, ""target_weight_quantile_marginal"": ""{3: 1770, 2: 2028, 1: 2207, 0: 2133}"", ""verified_exact_marginals"": true, ""weight_quantile_exact"": true}",frozen graph intervention; FIXED_NORM_MASK is not retrained valid-operator performance
Grocery,42,text_uniform,text_high_similarity_low_novelty,RENORMALIZED_DELETE,8138,-0.0020497803806734938,-0.0036328169319127523,0.005485236644744873,-0.024327993392944336,20,0.007630506157875061,0.001894798459007438,-0.0021452695131301876,-0.0024890190336749663,MATCHED,"{""allocated_cells"": 15, ""allocation"": {""((0, 1), 3)"": 56, ""((0, 2), 3)"": 11, ""((0, 3), 1)"": 14, ""((1, 1), 3)"": 147, ""((1, 2), 3)"": 249, ""((1, 3), 1)"": 101, ""((1, 3), 3)"": 183, ""((2, 2), 3)"": 517, ""((2, 3), 0)"": 571, ""((2, 3), 1)"": 611, ""((2, 3), 3)"": 472, ""((3, 3), 0)"": 1562, ""((3, 3), 1)"": 1481, ""((3, 3), 2)"": 2028, ""((3, 3), 3)"": 135}, ""degree_pair_exact"": true, ""matched_edge_count_per_control"": 8138, ""matching_method"": ""integral max-flow with exact endpoint-degree-quantile-pair and base normalized edge-weight quantile marginals"", ""shortages"": {}, ""status"": ""MATCHED"", ""target_degree_pair_marginal"": ""{(1, 1): 147, (1, 2): 249, (3, 3): 5206, (2, 2): 517, (2, 3): 1654, (0, 2): 11, (1, 3): 284, (0, 3): 14, (0, 1): 56}"", ""target_edge_count"": 8138, ""target_weight_quantile_marginal"": ""{3: 1770, 2: 2028, 1: 2207, 0: 2133}"", ""verified_exact_marginals"": true, ""weight_quantile_exact"": true}",frozen graph intervention; FIXED_NORM_MASK is not retrained valid-operator performance
Grocery,42,text_uniform,joint_low_similarity_high_novelty,FIXED_NORM_MASK,7599,-0.004392386530014614,-0.005129429335242186,0.009887516498565674,-0.05137276649475098,20,0.021584028005599977,0.0025252529463124064,-0.011696511507034303,-0.007745241581259166,MATCHED,"{""allocated_cells"": 17, ""allocation"": {""((0, 1), 3)"": 54, ""((0, 2), 3)"": 133, ""((0, 3), 1)"": 125, ""((0, 3), 2)"": 280, ""((0, 3), 3)"": 173, ""((1, 1), 3)"": 39, ""((1, 2), 3)"": 183, ""((1, 3), 1)"": 515, ""((1, 3), 3)"": 168, ""((2, 2), 3)"": 241, ""((2, 3), 0)"": 450, ""((2, 3), 1)"": 944, ""((2, 3), 3)"": 416, ""((3, 3), 0)"": 1822, ""((3, 3), 1)"": 430, ""((3, 3), 2)"": 1470, ""((3, 3), 3)"": 156}, ""degree_pair_exact"": true, ""matched_edge_count_per_control"": 7599, ""matching_method"": ""integral max-flow with exact endpoint-degree-quantile-pair and base normalized edge-weight quantile marginals"", ""shortages"": {}, ""status"": ""MATCHED"", ""target_degree_pair_marginal"": ""{(0, 1): 54, (1, 3): 683, (2, 3): 1810, (1, 2): 183, (0, 2): 133, (2, 2): 241, (3, 3): 3878, (0, 3): 578, (1, 1): 39}"", ""target_edge_count"": 7599, ""target_weight_quantile_marginal"": ""{3: 1563, 1: 2014, 2: 1750, 0: 2272}"", ""verified_exact_marginals"": true, ""weight_quantile_exact"": true}",frozen graph intervention; FIXED_NORM_MASK is not retrained valid-operator performance
Grocery,42,text_uniform,joint_low_similarity_high_novelty,RENORMALIZED_DELETE,7599,-0.0014641288433382416,-0.00287773637489952,0.016945600509643555,0.3269166946411133,20,0.018163764476776124,0.0030089529022829607,-0.0012181639671325697,-0.005344070278184498,MATCHED,"{""allocated_cells"": 17, ""allocation"": {""((0, 1), 3)"": 54, ""((0, 2), 3)"": 133, ""((0, 3), 1)"": 125, ""((0, 3), 2)"": 280, ""((0, 3), 3)"": 173, ""((1, 1), 3)"": 39, ""((1, 2), 3)"": 183, ""((1, 3), 1)"": 515, ""((1, 3), 3)"": 168, ""((2, 2), 3)"": 241, ""((2, 3), 0)"": 450, ""((2, 3), 1)"": 944, ""((2, 3), 3)"": 416, ""((3, 3), 0)"": 1822, ""((3, 3), 1)"": 430, ""((3, 3), 2)"": 1470, ""((3, 3), 3)"": 156}, ""degree_pair_exact"": true, ""matched_edge_count_per_control"": 7599, ""matching_method"": ""integral max-flow with exact endpoint-degree-quantile-pair and base normalized edge-weight quantile marginals"", ""shortages"": {}, ""status"": ""MATCHED"", ""target_degree_pair_marginal"": ""{(0, 1): 54, (1, 3): 683, (2, 3): 1810, (1, 2): 183, (0, 2): 133, (2, 2): 241, (3, 3): 3878, (0, 3): 578, (1, 1): 39}"", ""target_edge_count"": 7599, ""target_weight_quantile_marginal"": ""{3: 1563, 1: 2014, 2: 1750, 0: 2272}"", ""verified_exact_marginals"": true, ""weight_quantile_exact"": true}",frozen graph intervention; FIXED_NORM_MASK is not retrained valid-operator performance
Grocery,42,text_uniform,joint_high_similarity_low_novelty,FIXED_NORM_MASK,7612,-0.0002928257686676261,-0.00022178433734310055,0.02193748950958252,-0.339214563369751,20,0.014915975928306579,0.0023781251241997577,0.007021513581275941,-0.005021961932650093,MATCHED,"{""allocated_cells"": 15, ""allocation"": {""((0, 1), 3)"": 49, ""((0, 2), 3)"": 5, ""((0, 3), 1)"": 10, ""((1, 1), 3)"": 118, ""((1, 2), 3)"": 220, ""((1, 3), 1)"": 82, ""((1, 3), 3)"": 185, ""((2, 2), 3)"": 445, ""((2, 3), 0)"": 670, ""((2, 3), 1)"": 521, ""((2, 3), 3)"": 378, ""((3, 3), 0)"": 1427, ""((3, 3), 1)"": 1488, ""((3, 3), 2)"": 1874, ""((3, 3), 3)"": 140}, ""degree_pair_exact"": true, ""matched_edge_count_per_control"": 7612, ""matching_method"": ""integral max-flow with exact endpoint-degree-quantile-pair and base normalized edge-weight quantile marginals"", ""shortages"": {}, ""status"": ""MATCHED"", ""target_degree_pair_marginal"": ""{(1, 1): 118, (1, 2): 220, (2, 2): 445, (2, 3): 1569, (1, 3): 267, (3, 3): 4929, (0, 1): 49, (0, 2): 5, (0, 3): 10}"", ""target_edge_count"": 7612, ""target_weight_quantile_marginal"": ""{3: 1540, 2: 1874, 1: 2101, 0: 2097}"", ""verified_exact_marginals"": true, ""weight_quantile_exact"": true}",frozen graph intervention; FIXED_NORM_MASK is not retrained valid-operator performance
Grocery,42,text_uniform,joint_high_similarity_low_novelty,RENORMALIZED_DELETE,7612,-0.0002928257686676261,-0.0022993032333967767,0.003595411777496338,-0.014719963073730469,20,0.004958534240722656,0.0023469411019832434,-0.001363122463226318,-0.001449487554904838,MATCHED,"{""allocated_cells"": 15, ""allocation"": {""((0, 1), 3)"": 49, ""((0, 2), 3)"": 5, ""((0, 3), 1)"": 10, ""((1, 1), 3)"": 118, ""((1, 2), 3)"": 220, ""((1, 3), 1)"": 82, ""((1, 3), 3)"": 185, ""((2, 2), 3)"": 445, ""((2, 3), 0)"": 670, ""((2, 3), 1)"": 521, ""((2, 3), 3)"": 378, ""((3, 3), 0)"": 1427, ""((3, 3), 1)"": 1488, ""((3, 3), 2)"": 1874, ""((3, 3), 3)"": 140}, ""degree_pair_exact"": true, ""matched_edge_count_per_control"": 7612, ""matching_method"": ""integral max-flow with exact endpoint-degree-quantile-pair and base normalized edge-weight quantile marginals"", ""shortages"": {}, ""status"": ""MATCHED"", ""target_degree_pair_marginal"": ""{(1, 1): 118, (1, 2): 220, (2, 2): 445, (2, 3): 1569, (1, 3): 267, (3, 3): 4929, (0, 1): 49, (0, 2): 5, (0, 3): 10}"", ""target_edge_count"": 7612, ""target_weight_quantile_marginal"": ""{3: 1540, 2: 1874, 1: 2101, 0: 2097}"", ""verified_exact_marginals"": true, ""weight_quantile_exact"": true}",frozen graph intervention; FIXED_NORM_MASK is not retrained valid-operator performance
Grocery,42,visual_uniform,visual_semantic_q0,FIXED_NORM_MASK,18421,-0.04568081991215234,-0.03746783769894335,0.13201582431793213,-0.25232744216918945,20,0.07379942238330842,0.0034351153517538434,0.05821640193462371,-0.02095168374816988,MATCHED,"{""allocated_cells"": 17, ""allocation"": {""((0, 0), 3)"": 37, ""((0, 1), 3)"": 100, ""((0, 2), 3)"": 200, ""((0, 3), 2)"": 236, ""((0, 3), 3)"": 461, ""((1, 1), 3)"": 115, ""((1, 2), 3)"": 443, ""((1, 3), 2)"": 981, ""((1, 3), 3)"": 839, ""((2, 2), 3)"": 631, ""((2, 3), 1)"": 2041, ""((2, 3), 2)"": 1942, ""((2, 3), 3)"": 604, ""((3, 3), 0)"": 5029, ""((3, 3), 1)"": 3088, ""((3, 3), 2)"": 1540, ""((3, 3), 3)"": 134}, ""degree_pair_exact"": true, ""matched_edge_count_per_control"": 18421, ""matching_method"": ""integral max-flow with exact endpoint-degree-quantile-pair and base normalized edge-weight quantile marginals"", ""shortages"": {}, ""status"": ""MATCHED"", ""target_degree_pair_marginal"": ""{(0, 1): 100, (1, 3): 1820, (2, 3): 4587, (1, 2): 443, (2, 2): 631, (0, 2): 200, (1, 1): 115, (3, 3): 9791, (0, 3): 697, (0, 0): 37}"", ""target_edge_count"": 18421, ""target_weight_quantile_marginal"": ""{3: 3564, 1: 5129, 2: 4699, 0: 5029}"", ""verified_exact_marginals"": true, ""weight_quantile_exact"": true}",frozen graph intervention; FIXED_NORM_MASK is not retrained valid-operator performance
Grocery,42,visual_uniform,visual_semantic_q0,RENORMALIZED_DELETE,18421,-0.033382137628111264,-0.03390753503792532,0.24449115991592407,0.5571563243865967,20,0.05856834053993225,0.005389127874547936,0.1859228193759918,-0.011961932650073243,MATCHED,"{""allocated_cells"": 17, ""allocation"": {""((0, 0), 3)"": 37, ""((0, 1), 3)"": 100, ""((0, 2), 3)"": 200, ""((0, 3), 2)"": 236, ""((0, 3), 3)"": 461, ""((1, 1), 3)"": 115, ""((1, 2), 3)"": 443, ""((1, 3), 2)"": 981, ""((1, 3), 3)"": 839, ""((2, 2), 3)"": 631, ""((2, 3), 1)"": 2041, ""((2, 3), 2)"": 1942, ""((2, 3), 3)"": 604, ""((3, 3), 0)"": 5029, ""((3, 3), 1)"": 3088, ""((3, 3), 2)"": 1540, ""((3, 3), 3)"": 134}, ""degree_pair_exact"": true, ""matched_edge_count_per_control"": 18421, ""matching_method"": ""integral max-flow with exact endpoint-degree-quantile-pair and base normalized edge-weight quantile marginals"", ""shortages"": {}, ""status"": ""MATCHED"", ""target_degree_pair_marginal"": ""{(0, 1): 100, (1, 3): 1820, (2, 3): 4587, (1, 2): 443, (2, 2): 631, (0, 2): 200, (1, 1): 115, (3, 3): 9791, (0, 3): 697, (0, 0): 37}"", ""target_edge_count"": 18421, ""target_weight_quantile_marginal"": ""{3: 3564, 1: 5129, 2: 4699, 0: 5029}"", ""verified_exact_marginals"": true, ""weight_quantile_exact"": true}",frozen graph intervention; FIXED_NORM_MASK is not retrained valid-operator performance
Grocery,42,visual_uniform,visual_semantic_q3,FIXED_NORM_MASK,0,0.0,0.0,0.0,0.0,0,nan,nan,nan,nan,EMPTY_TARGET_GROUP,"{""allocated_cells"": 0, ""allocation"": {}, ""degree_pair_exact"": false, ""matched_edge_count_per_control"": 0, ""matching_method"": ""integral max-flow with exact endpoint-degree-quantile-pair and base normalized edge-weight quantile marginals"", ""shortages"": {}, ""status"": ""EMPTY_TARGET_GROUP"", ""target_degree_pair_marginal"": ""{}"", ""target_edge_count"": 0, ""target_weight_quantile_marginal"": ""{}"", ""weight_quantile_exact"": false}",frozen graph intervention; FIXED_NORM_MASK is not retrained valid-operator performance
Grocery,42,visual_uniform,visual_semantic_q3,RENORMALIZED_DELETE,0,0.0,0.0,0.0,0.0,0,nan,nan,nan,nan,EMPTY_TARGET_GROUP,"{""allocated_cells"": 0, ""allocation"": {}, ""degree_pair_exact"": false, ""matched_edge_count_per_control"": 0, ""matching_method"": ""integral max-flow with exact endpoint-degree-quantile-pair and base normalized edge-weight quantile marginals"", ""shortages"": {}, ""status"": ""EMPTY_TARGET_GROUP"", ""target_degree_pair_marginal"": ""{}"", ""target_edge_count"": 0, ""target_weight_quantile_marginal"": ""{}"", ""weight_quantile_exact"": false}",frozen graph intervention; FIXED_NORM_MASK is not retrained valid-operator performance
Grocery,42,visual_uniform,visual_low_similarity_high_novelty,FIXED_NORM_MASK,7669,-0.015226939970717446,-0.020027909085175266,0.0431286096572876,-0.052014827728271484,20,0.030510440468788147,0.002408927195528376,0.01261816918849945,-0.011273792093704289,MATCHED,"{""allocated_cells"": 17, ""allocation"": {""((0, 1), 3)"": 66, ""((0, 2), 3)"": 161, ""((0, 3), 1)"": 127, ""((0, 3), 2)"": 265, ""((0, 3), 3)"": 235, ""((1, 1), 3)"": 53, ""((1, 2), 3)"": 204, ""((1, 3), 1)"": 541, ""((1, 3), 3)"": 170, ""((2, 2), 3)"": 247, ""((2, 3), 0)"": 437, ""((2, 3), 1)"": 932, ""((2, 3), 3)"": 439, ""((3, 3), 0)"": 1786, ""((3, 3), 1)"": 362, ""((3, 3), 2)"": 1485, ""((3, 3), 3)"": 159}, ""degree_pair_exact"": true, ""matched_edge_count_per_control"": 7669, ""matching_method"": ""integral max-flow with exact endpoint-degree-quantile-pair and base normalized edge-weight quantile marginals"", ""shortages"": {}, ""status"": ""MATCHED"", ""target_degree_pair_marginal"": ""{(0, 1): 66, (1, 3): 711, (1, 2): 204, (2, 3): 1808, (2, 2): 247, (0, 2): 161, (1, 1): 53, (3, 3): 3792, (0, 3): 627}"", ""target_edge_count"": 7669, ""target_weight_quantile_marginal"": ""{3: 1734, 1: 1962, 2: 1750, 0: 2223}"", ""verified_exact_marginals"": true, ""weight_quantile_exact"": true}",frozen graph intervention; FIXED_NORM_MASK is not retrained valid-operator performance
Grocery,42,visual_uniform,visual_low_similarity_high_novelty,RENORMALIZED_DELETE,7669,-0.011127379209370458,-0.01642986623196563,0.10091972351074219,0.34912896156311035,20,0.03689890205860138,0.003709269107837147,0.0640208214521408,-0.0078184480234261,MATCHED,"{""allocated_cells"": 17, ""allocation"": {""((0, 1), 3)"": 66, ""((0, 2), 3)"": 161, ""((0, 3), 1)"": 127, ""((0, 3), 2)"": 265, ""((0, 3), 3)"": 235, ""((1, 1), 3)"": 53, ""((1, 2), 3)"": 204, ""((1, 3), 1)"": 541, ""((1, 3), 3)"": 170, ""((2, 2), 3)"": 247, ""((2, 3), 0)"": 437, ""((2, 3), 1)"": 932, ""((2, 3), 3)"": 439, ""((3, 3), 0)"": 1786, ""((3, 3), 1)"": 362, ""((3, 3), 2)"": 1485, ""((3, 3), 3)"": 159}, ""degree_pair_exact"": true, ""matched_edge_count_per_control"": 7669, ""matching_method"": ""integral max-flow with exact endpoint-degree-quantile-pair and base normalized edge-weight quantile marginals"", ""shortages"": {}, ""status"": ""MATCHED"", ""target_degree_pair_marginal"": ""{(0, 1): 66, (1, 3): 711, (1, 2): 204, (2, 3): 1808, (2, 2): 247, (0, 2): 161, (1, 1): 53, (3, 3): 3792, (0, 3): 627}"", ""target_edge_count"": 7669, ""target_weight_quantile_marginal"": ""{3: 1734, 1: 1962, 2: 1750, 0: 2223}"", ""verified_exact_marginals"": true, ""weight_quantile_exact"": true}",frozen graph intervention; FIXED_NORM_MASK is not retrained valid-operator performance
Grocery,42,visual_uniform,visual_high_similarity_low_novelty,FIXED_NORM_MASK,7509,-0.002635431918008857,-0.0021933489346561696,0.013397932052612305,-0.35508036613464355,20,0.019966083765029907,0.0025660074615569016,-0.006568151712417602,-0.0069399707174231775,MATCHED,"{""allocated_cells"": 15, ""allocation"": {""((0, 1), 3)"": 41, ""((0, 2), 3)"": 6, ""((0, 3), 1)"": 13, ""((1, 1), 3)"": 101, ""((1, 2), 3)"": 183, ""((1, 3), 1)"": 9, ""((1, 3), 3)"": 188, ""((2, 2), 3)"": 391, ""((2, 3), 0)"": 748, ""((2, 3), 1)"": 397, ""((2, 3), 3)"": 303, ""((3, 3), 0)"": 1665, ""((3, 3), 1)"": 1646, ""((3, 3), 2)"": 1676, ""((3, 3), 3)"": 142}, ""degree_pair_exact"": true, ""matched_edge_count_per_control"": 7509, ""matching_method"": ""integral max-flow with exact endpoint-degree-quantile-pair and base normalized edge-weight quantile marginals"", ""shortages"": {}, ""status"": ""MATCHED"", ""target_degree_pair_marginal"": ""{(1, 1): 101, (1, 2): 183, (2, 2): 391, (0, 2): 6, (2, 3): 1448, (1, 3): 197, (3, 3): 5129, (0, 3): 13, (0, 1): 41}"", ""target_edge_count"": 7509, ""target_weight_quantile_marginal"": ""{3: 1355, 2: 1676, 1: 2065, 0: 2413}"", ""verified_exact_marginals"": true, ""weight_quantile_exact"": true}",frozen graph intervention; FIXED_NORM_MASK is not retrained valid-operator performance
Grocery,42,visual_uniform,visual_high_similarity_low_novelty,RENORMALIZED_DELETE,7509,-0.0005856515373353632,-0.0007640840341318622,0.0008234977722167969,-0.020033836364746094,20,0.008081841468811034,0.002122915927836796,-0.007258343696594238,-0.0037920937042460134,MATCHED,"{""allocated_cells"": 15, ""allocation"": {""((0, 1), 3)"": 41, ""((0, 2), 3)"": 6, ""((0, 3), 1)"": 13, ""((1, 1), 3)"": 101, ""((1, 2), 3)"": 183, ""((1, 3), 1)"": 9, ""((1, 3), 3)"": 188, ""((2, 2), 3)"": 391, ""((2, 3), 0)"": 748, ""((2, 3), 1)"": 397, ""((2, 3), 3)"": 303, ""((3, 3), 0)"": 1665, ""((3, 3), 1)"": 1646, ""((3, 3), 2)"": 1676, ""((3, 3), 3)"": 142}, ""degree_pair_exact"": true, ""matched_edge_count_per_control"": 7509, ""matching_method"": ""integral max-flow with exact endpoint-degree-quantile-pair and base normalized edge-weight quantile marginals"", ""shortages"": {}, ""status"": ""MATCHED"", ""target_degree_pair_marginal"": ""{(1, 1): 101, (1, 2): 183, (2, 2): 391, (0, 2): 6, (2, 3): 1448, (1, 3): 197, (3, 3): 5129, (0, 3): 13, (0, 1): 41}"", ""target_edge_count"": 7509, ""target_weight_quantile_marginal"": ""{3: 1355, 2: 1676, 1: 2065, 0: 2413}"", ""verified_exact_marginals"": true, ""weight_quantile_exact"": true}",frozen graph intervention; FIXED_NORM_MASK is not retrained valid-operator performance
Grocery,42,visual_uniform,joint_low_similarity_high_novelty,FIXED_NORM_MASK,7599,-0.009663250366032217,-0.019891481256329002,0.02495288848876953,-0.050281524658203125,20,0.030410629510879517,0.0029327661919483407,-0.005457741022109986,-0.010761346998535926,MATCHED,"{""allocated_cells"": 17, ""allocation"": {""((0, 1), 3)"": 54, ""((0, 2), 3)"": 133, ""((0, 3), 1)"": 125, ""((0, 3), 2)"": 280, ""((0, 3), 3)"": 173, ""((1, 1), 3)"": 39, ""((1, 2), 3)"": 183, ""((1, 3), 1)"": 515, ""((1, 3), 3)"": 168, ""((2, 2), 3)"": 241, ""((2, 3), 0)"": 450, ""((2, 3), 1)"": 944, ""((2, 3), 3)"": 416, ""((3, 3), 0)"": 1822, ""((3, 3), 1)"": 430, ""((3, 3), 2)"": 1470, ""((3, 3), 3)"": 156}, ""degree_pair_exact"": true, ""matched_edge_count_per_control"": 7599, ""matching_method"": ""integral max-flow with exact endpoint-degree-quantile-pair and base normalized edge-weight quantile marginals"", ""shortages"": {}, ""status"": ""MATCHED"", ""target_degree_pair_marginal"": ""{(0, 1): 54, (1, 3): 683, (2, 3): 1810, (1, 2): 183, (0, 2): 133, (2, 2): 241, (3, 3): 3878, (0, 3): 578, (1, 1): 39}"", ""target_edge_count"": 7599, ""target_weight_quantile_marginal"": ""{3: 1563, 1: 2014, 2: 1750, 0: 2272}"", ""verified_exact_marginals"": true, ""weight_quantile_exact"": true}",frozen graph intervention; FIXED_NORM_MASK is not retrained valid-operator performance
Grocery,42,visual_uniform,joint_low_similarity_high_novelty,RENORMALIZED_DELETE,7599,-0.004978038067349977,-0.013486547744738897,0.04138463735580444,0.3378183841705322,20,0.03638490438461304,0.004290874754452173,0.004999732971191405,-0.007218155197657427,MATCHED,"{""allocated_cells"": 17, ""allocation"": {""((0, 1), 3)"": 54, ""((0, 2), 3)"": 133, ""((0, 3), 1)"": 125, ""((0, 3), 2)"": 280, ""((0, 3), 3)"": 173, ""((1, 1), 3)"": 39, ""((1, 2), 3)"": 183, ""((1, 3), 1)"": 515, ""((1, 3), 3)"": 168, ""((2, 2), 3)"": 241, ""((2, 3), 0)"": 450, ""((2, 3), 1)"": 944, ""((2, 3), 3)"": 416, ""((3, 3), 0)"": 1822, ""((3, 3), 1)"": 430, ""((3, 3), 2)"": 1470, ""((3, 3), 3)"": 156}, ""degree_pair_exact"": true, ""matched_edge_count_per_control"": 7599, ""matching_method"": ""integral max-flow with exact endpoint-degree-quantile-pair and base normalized edge-weight quantile marginals"", ""shortages"": {}, ""status"": ""MATCHED"", ""target_degree_pair_marginal"": ""{(0, 1): 54, (1, 3): 683, (2, 3): 1810, (1, 2): 183, (0, 2): 133, (2, 2): 241, (3, 3): 3878, (0, 3): 578, (1, 1): 39}"", ""target_edge_count"": 7599, ""target_weight_quantile_marginal"": ""{3: 1563, 1: 2014, 2: 1750, 0: 2272}"", ""verified_exact_marginals"": true, ""weight_quantile_exact"": true}",frozen graph intervention; FIXED_NORM_MASK is not retrained valid-operator performance
Grocery,42,visual_uniform,joint_high_similarity_low_novelty,FIXED_NORM_MASK,7612,-0.0040995607613469875,-0.0030752518233406745,0.020997345447540283,-0.3693063259124756,20,0.024130293726921083,0.002308581963559782,-0.0031329482793807997,-0.008667642752562266,MATCHED,"{""allocated_cells"": 15, ""allocation"": {""((0, 1), 3)"": 49, ""((0, 2), 3)"": 5, ""((0, 3), 1)"": 10, ""((1, 1), 3)"": 118, ""((1, 2), 3)"": 220, ""((1, 3), 1)"": 82, ""((1, 3), 3)"": 185, ""((2, 2), 3)"": 445, ""((2, 3), 0)"": 670, ""((2, 3), 1)"": 521, ""((2, 3), 3)"": 378, ""((3, 3), 0)"": 1427, ""((3, 3), 1)"": 1488, ""((3, 3), 2)"": 1874, ""((3, 3), 3)"": 140}, ""degree_pair_exact"": true, ""matched_edge_count_per_control"": 7612, ""matching_method"": ""integral max-flow with exact endpoint-degree-quantile-pair and base normalized edge-weight quantile marginals"", ""shortages"": {}, ""status"": ""MATCHED"", ""target_degree_pair_marginal"": ""{(1, 1): 118, (1, 2): 220, (2, 2): 445, (2, 3): 1569, (1, 3): 267, (3, 3): 4929, (0, 1): 49, (0, 2): 5, (0, 3): 10}"", ""target_edge_count"": 7612, ""target_weight_quantile_marginal"": ""{3: 1540, 2: 1874, 1: 2101, 0: 2097}"", ""verified_exact_marginals"": true, ""weight_quantile_exact"": true}",frozen graph intervention; FIXED_NORM_MASK is not retrained valid-operator performance
Grocery,42,visual_uniform,joint_high_similarity_low_novelty,RENORMALIZED_DELETE,7612,-0.0020497803806734938,-0.0019110125168932957,0.007704019546508789,-0.018713951110839844,20,0.011252719163894653,0.0026358707546983414,-0.0035486996173858636,-0.004421669106881437,MATCHED,"{""allocated_cells"": 15, ""allocation"": {""((0, 1), 3)"": 49, ""((0, 2), 3)"": 5, ""((0, 3), 1)"": 10, ""((1, 1), 3)"": 118, ""((1, 2), 3)"": 220, ""((1, 3), 1)"": 82, ""((1, 3), 3)"": 185, ""((2, 2), 3)"": 445, ""((2, 3), 0)"": 670, ""((2, 3), 1)"": 521, ""((2, 3), 3)"": 378, ""((3, 3), 0)"": 1427, ""((3, 3), 1)"": 1488, ""((3, 3), 2)"": 1874, ""((3, 3), 3)"": 140}, ""degree_pair_exact"": true, ""matched_edge_count_per_control"": 7612, ""matching_method"": ""integral max-flow with exact endpoint-degree-quantile-pair and base normalized edge-weight quantile marginals"", ""shortages"": {}, ""status"": ""MATCHED"", ""target_degree_pair_marginal"": ""{(1, 1): 118, (1, 2): 220, (2, 2): 445, (2, 3): 1569, (1, 3): 267, (3, 3): 4929, (0, 1): 49, (0, 2): 5, (0, 3): 10}"", ""target_edge_count"": 7612, ""target_weight_quantile_marginal"": ""{3: 1540, 2: 1874, 1: 2101, 0: 2097}"", ""verified_exact_marginals"": true, ""weight_quantile_exact"": true}",frozen graph intervention; FIXED_NORM_MASK is not retrained valid-operator performance
Grocery,43,text_uniform,text_semantic_q0,FIXED_NORM_MASK,19333,-0.022254758418740916,-0.017094769894704265,0.07045760750770569,-0.22818875312805176,20,0.08137746453285218,0.0027530438838556386,-0.010919857025146487,-0.008155197657393915,MATCHED,"{""allocated_cells"": 17, ""allocation"": {""((0, 0), 3)"": 30, ""((0, 1), 3)"": 79, ""((0, 2), 3)"": 174, ""((0, 3), 2)"": 220, ""((0, 3), 3)"": 488, ""((1, 1), 3)"": 101, ""((1, 2), 3)"": 387, ""((1, 3), 2)"": 1019, ""((1, 3), 3)"": 767, ""((2, 2), 3)"": 537, ""((2, 3), 1)"": 1901, ""((2, 3), 2)"": 2106, ""((2, 3), 3)"": 627, ""((3, 3), 0)"": 6093, ""((3, 3), 1)"": 3395, ""((3, 3), 2)"": 1272, ""((3, 3), 3)"": 137}, ""degree_pair_exact"": true, ""matched_edge_count_per_control"": 19333, ""matching_method"": ""integral max-flow with exact endpoint-degree-quantile-pair and base normalized edge-weight quantile marginals"", ""shortages"": {}, ""status"": ""MATCHED"", ""target_degree_pair_marginal"": ""{(0, 1): 79, (1, 3): 1786, (2, 3): 4634, (1, 2): 387, (1, 1): 101, (0, 3): 708, (2, 2): 537, (3, 3): 10897, (0, 2): 174, (0, 0): 30}"", ""target_edge_count"": 19333, ""target_weight_quantile_marginal"": ""{3: 3327, 1: 5296, 2: 4617, 0: 6093}"", ""verified_exact_marginals"": true, ""weight_quantile_exact"": true}",frozen graph intervention; FIXED_NORM_MASK is not retrained valid-operator performance
Grocery,43,text_uniform,text_semantic_q0,RENORMALIZED_DELETE,19333,-0.02049780380673505,-0.020235981726777652,0.035993725061416626,0.616732120513916,20,0.020141176879405975,0.0030477177146690628,0.01585254818201065,-0.006676427525622308,MATCHED,"{""allocated_cells"": 17, ""allocation"": {""((0, 0), 3)"": 30, ""((0, 1), 3)"": 79, ""((0, 2), 3)"": 174, ""((0, 3), 2)"": 220, ""((0, 3), 3)"": 488, ""((1, 1), 3)"": 101, ""((1, 2), 3)"": 387, ""((1, 3), 2)"": 1019, ""((1, 3), 3)"": 767, ""((2, 2), 3)"": 537, ""((2, 3), 1)"": 1901, ""((2, 3), 2)"": 2106, ""((2, 3), 3)"": 627, ""((3, 3), 0)"": 6093, ""((3, 3), 1)"": 3395, ""((3, 3), 2)"": 1272, ""((3, 3), 3)"": 137}, ""degree_pair_exact"": true, ""matched_edge_count_per_control"": 19333, ""matching_method"": ""integral max-flow with exact endpoint-degree-quantile-pair and base normalized edge-weight quantile marginals"", ""shortages"": {}, ""status"": ""MATCHED"", ""target_degree_pair_marginal"": ""{(0, 1): 79, (1, 3): 1786, (2, 3): 4634, (1, 2): 387, (1, 1): 101, (0, 3): 708, (2, 2): 537, (3, 3): 10897, (0, 2): 174, (0, 0): 30}"", ""target_edge_count"": 19333, ""target_weight_quantile_marginal"": ""{3: 3327, 1: 5296, 2: 4617, 0: 6093}"", ""verified_exact_marginals"": true, ""weight_quantile_exact"": true}",frozen graph intervention; FIXED_NORM_MASK is not retrained valid-operator performance
Grocery,43,text_uniform,text_semantic_q3,FIXED_NORM_MASK,0,0.0,0.0,0.0,-2.384185791015625e-07,0,nan,nan,nan,nan,EMPTY_TARGET_GROUP,"{""allocated_cells"": 0, ""allocation"": {}, ""degree_pair_exact"": false, ""matched_edge_count_per_control"": 0, ""matching_method"": ""integral max-flow with exact endpoint-degree-quantile-pair and base normalized edge-weight quantile marginals"", ""shortages"": {}, ""status"": ""EMPTY_TARGET_GROUP"", ""target_degree_pair_marginal"": ""{}"", ""target_edge_count"": 0, ""target_weight_quantile_marginal"": ""{}"", ""weight_quantile_exact"": false}",frozen graph intervention; FIXED_NORM_MASK is not retrained valid-operator performance
Grocery,43,text_uniform,text_semantic_q3,RENORMALIZED_DELETE,0,0.0,0.0,0.0,-2.384185791015625e-07,0,nan,nan,nan,nan,EMPTY_TARGET_GROUP,"{""allocated_cells"": 0, ""allocation"": {}, ""degree_pair_exact"": false, ""matched_edge_count_per_control"": 0, ""matching_method"": ""integral max-flow with exact endpoint-degree-quantile-pair and base normalized edge-weight quantile marginals"", ""shortages"": {}, ""status"": ""EMPTY_TARGET_GROUP"", ""target_degree_pair_marginal"": ""{}"", ""target_edge_count"": 0, ""target_weight_quantile_marginal"": ""{}"", ""weight_quantile_exact"": false}",frozen graph intervention; FIXED_NORM_MASK is not retrained valid-operator performance
Grocery,43,text_uniform,text_low_similarity_high_novelty,FIXED_NORM_MASK,8912,-0.008491947291361712,-0.008123153972861674,0.020102739334106445,-0.028230667114257812,20,0.027776250243186952,0.001643927385215587,-0.007673510909080507,-0.003147877013177214,MATCHED,"{""allocated_cells"": 17, ""allocation"": {""((0, 1), 3)"": 54, ""((0, 2), 3)"": 119, ""((0, 3), 1)"": 155, ""((0, 3), 2)"": 290, ""((0, 3), 3)"": 95, ""((1, 1), 3)"": 44, ""((1, 2), 3)"": 194, ""((1, 3), 1)"": 571, ""((1, 3), 3)"": 169, ""((2, 2), 3)"": 234, ""((2, 3), 0)"": 203, ""((2, 3), 1)"": 1393, ""((2, 3), 3)"": 613, ""((3, 3), 0)"": 2629, ""((3, 3), 1)"": 235, ""((3, 3), 2)"": 1762, ""((3, 3), 3)"": 152}, ""degree_pair_exact"": true, ""matched_edge_count_per_control"": 8912, ""matching_method"": ""integral max-flow with exact endpoint-degree-quantile-pair and base normalized edge-weight quantile marginals"", ""shortages"": {}, ""status"": ""MATCHED"", ""target_degree_pair_marginal"": ""{(0, 1): 54, (1, 3): 740, (2, 3): 2209, (1, 2): 194, (0, 3): 540, (2, 2): 234, (3, 3): 4778, (0, 2): 119, (1, 1): 44}"", ""target_edge_count"": 8912, ""target_weight_quantile_marginal"": ""{3: 1674, 1: 2354, 2: 2052, 0: 2832}"", ""verified_exact_marginals"": true, ""weight_quantile_exact"": true}",frozen graph intervention; FIXED_NORM_MASK is not retrained valid-operator performance
Grocery,43,text_uniform,text_low_similarity_high_novelty,RENORMALIZED_DELETE,8912,-0.00937042459736459,-0.011862319375687158,0.005045443773269653,0.4108390808105469,20,0.0032990515232086183,0.001905382338090888,0.001746392250061035,-0.002474377745241646,MATCHED,"{""allocated_cells"": 17, ""allocation"": {""((0, 1), 3)"": 54, ""((0, 2), 3)"": 119, ""((0, 3), 1)"": 155, ""((0, 3), 2)"": 290, ""((0, 3), 3)"": 95, ""((1, 1), 3)"": 44, ""((1, 2), 3)"": 194, ""((1, 3), 1)"": 571, ""((1, 3), 3)"": 169, ""((2, 2), 3)"": 234, ""((2, 3), 0)"": 203, ""((2, 3), 1)"": 1393, ""((2, 3), 3)"": 613, ""((3, 3), 0)"": 2629, ""((3, 3), 1)"": 235, ""((3, 3), 2)"": 1762, ""((3, 3), 3)"": 152}, ""degree_pair_exact"": true, ""matched_edge_count_per_control"": 8912, ""matching_method"": ""integral max-flow with exact endpoint-degree-quantile-pair and base normalized edge-weight quantile marginals"", ""shortages"": {}, ""status"": ""MATCHED"", ""target_degree_pair_marginal"": ""{(0, 1): 54, (1, 3): 740, (2, 3): 2209, (1, 2): 194, (0, 3): 540, (2, 2): 234, (3, 3): 4778, (0, 2): 119, (1, 1): 44}"", ""target_edge_count"": 8912, ""target_weight_quantile_marginal"": ""{3: 1674, 1: 2354, 2: 2052, 0: 2832}"", ""verified_exact_marginals"": true, ""weight_quantile_exact"": true}",frozen graph intervention; FIXED_NORM_MASK is not retrained valid-operator performance
Grocery,43,text_uniform,text_high_similarity_low_novelty,FIXED_NORM_MASK,8046,0.0002928257686676261,0.0006165629027889974,0.02791011333465576,-0.3825092315673828,20,0.023025666177272797,0.001347891867090615,0.004884447157382964,-0.0034553440702782324,MATCHED,"{""allocated_cells"": 15, ""allocation"": {""((0, 1), 3)"": 56, ""((0, 2), 3)"": 8, ""((0, 3), 1)"": 18, ""((1, 1), 3)"": 131, ""((1, 2), 3)"": 245, ""((1, 3), 1)"": 99, ""((1, 3), 3)"": 187, ""((2, 2), 3)"": 511, ""((2, 3), 0)"": 573, ""((2, 3), 1)"": 561, ""((2, 3), 3)"": 478, ""((3, 3), 0)"": 1546, ""((3, 3), 1)"": 1490, ""((3, 3), 2)"": 2005, ""((3, 3), 3)"": 138}, ""degree_pair_exact"": true, ""matched_edge_count_per_control"": 8046, ""matching_method"": ""integral max-flow with exact endpoint-degree-quantile-pair and base normalized edge-weight quantile marginals"", ""shortages"": {}, ""status"": ""MATCHED"", ""target_degree_pair_marginal"": ""{(1, 1): 131, (1, 2): 245, (2, 3): 1612, (2, 2): 511, (1, 3): 286, (0, 2): 8, (3, 3): 5179, (0, 3): 18, (0, 1): 56}"", ""target_edge_count"": 8046, ""target_weight_quantile_marginal"": ""{3: 1754, 2: 2005, 1: 2168, 0: 2119}"", ""verified_exact_marginals"": true, ""weight_quantile_exact"": true}",frozen graph intervention; FIXED_NORM_MASK is not retrained valid-operator performance
Grocery,43,text_uniform,text_high_similarity_low_novelty,RENORMALIZED_DELETE,8046,-0.00029282576866773713,0.0006794730454113829,0.0013528764247894287,-0.0331575870513916,20,0.002148084342479706,0.0013650189701426658,-0.0007952079176902771,-0.0027232796486091394,MATCHED,"{""allocated_cells"": 15, ""allocation"": {""((0, 1), 3)"": 56, ""((0, 2), 3)"": 8, ""((0, 3), 1)"": 18, ""((1, 1), 3)"": 131, ""((1, 2), 3)"": 245, ""((1, 3), 1)"": 99, ""((1, 3), 3)"": 187, ""((2, 2), 3)"": 511, ""((2, 3), 0)"": 573, ""((2, 3), 1)"": 561, ""((2, 3), 3)"": 478, ""((3, 3), 0)"": 1546, ""((3, 3), 1)"": 1490, ""((3, 3), 2)"": 2005, ""((3, 3), 3)"": 138}, ""degree_pair_exact"": true, ""matched_edge_count_per_control"": 8046, ""matching_method"": ""integral max-flow with exact endpoint-degree-quantile-pair and base normalized edge-weight quantile marginals"", ""shortages"": {}, ""status"": ""MATCHED"", ""target_degree_pair_marginal"": ""{(1, 1): 131, (1, 2): 245, (2, 3): 1612, (2, 2): 511, (1, 3): 286, (0, 2): 8, (3, 3): 5179, (0, 3): 18, (0, 1): 56}"", ""target_edge_count"": 8046, ""target_weight_quantile_marginal"": ""{3: 1754, 2: 2005, 1: 2168, 0: 2119}"", ""verified_exact_marginals"": true, ""weight_quantile_exact"": true}",frozen graph intervention; FIXED_NORM_MASK is not retrained valid-operator performance
Grocery,43,text_uniform,joint_low_similarity_high_novelty,FIXED_NORM_MASK,7806,-0.005563689604685229,-0.0068414764844272336,0.014098942279815674,-0.06904458999633789,20,0.029288271069526674,0.0018719572743749466,-0.015189328789711,-0.0039677891654466115,MATCHED,"{""allocated_cells"": 17, ""allocation"": {""((0, 1), 3)"": 61, ""((0, 2), 3)"": 151, ""((0, 3), 1)"": 130, ""((0, 3), 2)"": 267, ""((0, 3), 3)"": 215, ""((1, 1), 3)"": 46, ""((1, 2), 3)"": 202, ""((1, 3), 1)"": 547, ""((1, 3), 3)"": 170, ""((2, 2), 3)"": 249, ""((2, 3), 0)"": 396, ""((2, 3), 1)"": 1015, ""((2, 3), 3)"": 468, ""((3, 3), 0)"": 1867, ""((3, 3), 1)"": 335, ""((3, 3), 2)"": 1528, ""((3, 3), 3)"": 159}, ""degree_pair_exact"": true, ""matched_edge_count_per_control"": 7806, ""matching_method"": ""integral max-flow with exact endpoint-degree-quantile-pair and base normalized edge-weight quantile marginals"", ""shortages"": {}, ""status"": ""MATCHED"", ""target_degree_pair_marginal"": ""{(0, 1): 61, (1, 3): 717, (2, 3): 1879, (1, 2): 202, (0, 2): 151, (2, 2): 249, (3, 3): 3889, (0, 3): 612, (1, 1): 46}"", ""target_edge_count"": 7806, ""target_weight_quantile_marginal"": ""{3: 1721, 1: 2027, 2: 1795, 0: 2263}"", ""verified_exact_marginals"": true, ""weight_quantile_exact"": true}",frozen graph intervention; FIXED_NORM_MASK is not retrained valid-operator performance
Grocery,43,text_uniform,joint_low_similarity_high_novelty,RENORMALIZED_DELETE,7806,-0.004099560761347099,-0.005092585854594156,-0.0056050121784210205,0.34680724143981934,20,0.009055592119693756,0.0028832519224783262,-0.014660604298114777,-0.0034992679355783985,MATCHED,"{""allocated_cells"": 17, ""allocation"": {""((0, 1), 3)"": 61, ""((0, 2), 3)"": 151, ""((0, 3), 1)"": 130, ""((0, 3), 2)"": 267, ""((0, 3), 3)"": 215, ""((1, 1), 3)"": 46, ""((1, 2), 3)"": 202, ""((1, 3), 1)"": 547, ""((1, 3), 3)"": 170, ""((2, 2), 3)"": 249, ""((2, 3), 0)"": 396, ""((2, 3), 1)"": 1015, ""((2, 3), 3)"": 468, ""((3, 3), 0)"": 1867, ""((3, 3), 1)"": 335, ""((3, 3), 2)"": 1528, ""((3, 3), 3)"": 159}, ""degree_pair_exact"": true, ""matched_edge_count_per_control"": 7806, ""matching_method"": ""integral max-flow with exact endpoint-degree-quantile-pair and base normalized edge-weight quantile marginals"", ""shortages"": {}, ""status"": ""MATCHED"", ""target_degree_pair_marginal"": ""{(0, 1): 61, (1, 3): 717, (2, 3): 1879, (1, 2): 202, (0, 2): 151, (2, 2): 249, (3, 3): 3889, (0, 3): 612, (1, 1): 46}"", ""target_edge_count"": 7806, ""target_weight_quantile_marginal"": ""{3: 1721, 1: 2027, 2: 1795, 0: 2263}"", ""verified_exact_marginals"": true, ""weight_quantile_exact"": true}",frozen graph intervention; FIXED_NORM_MASK is not retrained valid-operator performance
Grocery,43,text_uniform,joint_high_similarity_low_novelty,FIXED_NORM_MASK,7504,-0.0005856515373353632,0.00010128757130445365,0.03061830997467041,-0.3410325050354004,20,0.018444910645484924,0.001354563595323836,0.012173399329185486,-0.0024597364568082537,MATCHED,"{""allocated_cells"": 15, ""allocation"": {""((0, 1), 3)"": 44, ""((0, 2), 3)"": 4, ""((0, 3), 1)"": 5, ""((1, 1), 3)"": 119, ""((1, 2), 3)"": 190, ""((1, 3), 1)"": 74, ""((1, 3), 3)"": 183, ""((2, 2), 3)"": 415, ""((2, 3), 0)"": 701, ""((2, 3), 1)"": 461, ""((2, 3), 3)"": 348, ""((3, 3), 0)"": 1405, ""((3, 3), 1)"": 1568, ""((3, 3), 2)"": 1847, ""((3, 3), 3)"": 140}, ""degree_pair_exact"": true, ""matched_edge_count_per_control"": 7504, ""matching_method"": ""integral max-flow with exact endpoint-degree-quantile-pair and base normalized edge-weight quantile marginals"", ""shortages"": {}, ""status"": ""MATCHED"", ""target_degree_pair_marginal"": ""{(1, 1): 119, (3, 3): 4960, (1, 2): 190, (2, 2): 415, (2, 3): 1510, (1, 3): 257, (0, 1): 44, (0, 2): 4, (0, 3): 5}"", ""target_edge_count"": 7504, ""target_weight_quantile_marginal"": ""{3: 1443, 1: 2108, 2: 1847, 0: 2106}"", ""verified_exact_marginals"": true, ""weight_quantile_exact"": true}",frozen graph intervention; FIXED_NORM_MASK is not retrained valid-operator performance
Grocery,43,text_uniform,joint_high_similarity_low_novelty,RENORMALIZED_DELETE,7504,-0.0008784773060029893,-0.0007271326184160598,0.0028065741062164307,-0.03046894073486328,20,0.0004587322473526001,0.0017574047741618403,0.0023478418588638306,-0.0015812591508053142,MATCHED,"{""allocated_cells"": 15, ""allocation"": {""((0, 1), 3)"": 44, ""((0, 2), 3)"": 4, ""((0, 3), 1)"": 5, ""((1, 1), 3)"": 119, ""((1, 2), 3)"": 190, ""((1, 3), 1)"": 74, ""((1, 3), 3)"": 183, ""((2, 2), 3)"": 415, ""((2, 3), 0)"": 701, ""((2, 3), 1)"": 461, ""((2, 3), 3)"": 348, ""((3, 3), 0)"": 1405, ""((3, 3), 1)"": 1568, ""((3, 3), 2)"": 1847, ""((3, 3), 3)"": 140}, ""degree_pair_exact"": true, ""matched_edge_count_per_control"": 7504, ""matching_method"": ""integral max-flow with exact endpoint-degree-quantile-pair and base normalized edge-weight quantile marginals"", ""shortages"": {}, ""status"": ""MATCHED"", ""target_degree_pair_marginal"": ""{(1, 1): 119, (3, 3): 4960, (1, 2): 190, (2, 2): 415, (2, 3): 1510, (1, 3): 257, (0, 1): 44, (0, 2): 4, (0, 3): 5}"", ""target_edge_count"": 7504, ""target_weight_quantile_marginal"": ""{3: 1443, 1: 2108, 2: 1847, 0: 2106}"", ""verified_exact_marginals"": true, ""weight_quantile_exact"": true}",frozen graph intervention; FIXED_NORM_MASK is not retrained valid-operator performance
Grocery,43,visual_uniform,visual_semantic_q0,FIXED_NORM_MASK,18629,-0.020790629575402675,-0.019559597340196633,0.10509884357452393,-0.24971413612365723,20,0.09723641872406005,0.0028509935723757323,0.007862424850463873,-0.009648609077598846,MATCHED,"{""allocated_cells"": 17, ""allocation"": {""((0, 0), 3)"": 42, ""((0, 1), 3)"": 109, ""((0, 2), 3)"": 216, ""((0, 3), 2)"": 249, ""((0, 3), 3)"": 456, ""((1, 1), 3)"": 118, ""((1, 2), 3)"": 454, ""((1, 3), 2)"": 979, ""((1, 3), 3)"": 856, ""((2, 2), 3)"": 644, ""((2, 3), 1)"": 1946, ""((2, 3), 2)"": 2025, ""((2, 3), 3)"": 704, ""((3, 3), 0)"": 4979, ""((3, 3), 1)"": 3199, ""((3, 3), 2)"": 1523, ""((3, 3), 3)"": 130}, ""degree_pair_exact"": true, ""matched_edge_count_per_control"": 18629, ""matching_method"": ""integral max-flow with exact endpoint-degree-quantile-pair and base normalized edge-weight quantile marginals"", ""shortages"": {}, ""status"": ""MATCHED"", ""target_degree_pair_marginal"": ""{(0, 1): 109, (1, 3): 1835, (2, 3): 4675, (1, 2): 454, (0, 2): 216, (0, 3): 705, (2, 2): 644, (3, 3): 9831, (0, 0): 42, (1, 1): 118}"", ""target_edge_count"": 18629, ""target_weight_quantile_marginal"": ""{3: 3729, 1: 5145, 2: 4776, 0: 4979}"", ""verified_exact_marginals"": true, ""weight_quantile_exact"": true}",frozen graph intervention; FIXED_NORM_MASK is not retrained valid-operator performance
Grocery,43,visual_uniform,visual_semantic_q0,RENORMALIZED_DELETE,18629,-0.015812591508052698,-0.01698919880993388,0.11359214782714844,0.6065146923065186,20,0.030424138903617857,0.003744989319828356,0.08316800892353057,-0.006822840409956105,MATCHED,"{""allocated_cells"": 17, ""allocation"": {""((0, 0), 3)"": 42, ""((0, 1), 3)"": 109, ""((0, 2), 3)"": 216, ""((0, 3), 2)"": 249, ""((0, 3), 3)"": 456, ""((1, 1), 3)"": 118, ""((1, 2), 3)"": 454, ""((1, 3), 2)"": 979, ""((1, 3), 3)"": 856, ""((2, 2), 3)"": 644, ""((2, 3), 1)"": 1946, ""((2, 3), 2)"": 2025, ""((2, 3), 3)"": 704, ""((3, 3), 0)"": 4979, ""((3, 3), 1)"": 3199, ""((3, 3), 2)"": 1523, ""((3, 3), 3)"": 130}, ""degree_pair_exact"": true, ""matched_edge_count_per_control"": 18629, ""matching_method"": ""integral max-flow with exact endpoint-degree-quantile-pair and base normalized edge-weight quantile marginals"", ""shortages"": {}, ""status"": ""MATCHED"", ""target_degree_pair_marginal"": ""{(0, 1): 109, (1, 3): 1835, (2, 3): 4675, (1, 2): 454, (0, 2): 216, (0, 3): 705, (2, 2): 644, (3, 3): 9831, (0, 0): 42, (1, 1): 118}"", ""target_edge_count"": 18629, ""target_weight_quantile_marginal"": ""{3: 3729, 1: 5145, 2: 4776, 0: 4979}"", ""verified_exact_marginals"": true, ""weight_quantile_exact"": true}",frozen graph intervention; FIXED_NORM_MASK is not retrained valid-operator performance
Grocery,43,visual_uniform,visual_semantic_q3,FIXED_NORM_MASK,0,0.0,0.0,0.0,0.0,0,nan,nan,nan,nan,EMPTY_TARGET_GROUP,"{""allocated_cells"": 0, ""allocation"": {}, ""degree_pair_exact"": false, ""matched_edge_count_per_control"": 0, ""matching_method"": ""integral max-flow with exact endpoint-degree-quantile-pair and base normalized edge-weight quantile marginals"", ""shortages"": {}, ""status"": ""EMPTY_TARGET_GROUP"", ""target_degree_pair_marginal"": ""{}"", ""target_edge_count"": 0, ""target_weight_quantile_marginal"": ""{}"", ""weight_quantile_exact"": false}",frozen graph intervention; FIXED_NORM_MASK is not retrained valid-operator performance
Grocery,43,visual_uniform,visual_semantic_q3,RENORMALIZED_DELETE,0,0.0,0.0,-2.9802322387695312e-08,0.0,0,nan,nan,nan,nan,EMPTY_TARGET_GROUP,"{""allocated_cells"": 0, ""allocation"": {}, ""degree_pair_exact"": false, ""matched_edge_count_per_control"": 0, ""matching_method"": ""integral max-flow with exact endpoint-degree-quantile-pair and base normalized edge-weight quantile marginals"", ""shortages"": {}, ""status"": ""EMPTY_TARGET_GROUP"", ""target_degree_pair_marginal"": ""{}"", ""target_edge_count"": 0, ""target_weight_quantile_marginal"": ""{}"", ""weight_quantile_exact"": false}",frozen graph intervention; FIXED_NORM_MASK is not retrained valid-operator performance
Grocery,43,visual_uniform,visual_low_similarity_high_novelty,FIXED_NORM_MASK,8003,-0.005856515373352855,-0.008169122268178564,0.033132731914520264,-0.045670270919799805,20,0.03732895255088806,0.001987974609848481,-0.004196220636367799,-0.0030893118594436607,MATCHED,"{""allocated_cells"": 17, ""allocation"": {""((0, 1), 3)"": 72, ""((0, 2), 3)"": 177, ""((0, 3), 1)"": 128, ""((0, 3), 2)"": 271, ""((0, 3), 3)"": 243, ""((1, 1), 3)"": 48, ""((1, 2), 3)"": 221, ""((1, 3), 1)"": 568, ""((1, 3), 3)"": 172, ""((2, 2), 3)"": 268, ""((2, 3), 0)"": 368, ""((2, 3), 1)"": 1024, ""((2, 3), 3)"": 495, ""((3, 3), 0)"": 1927, ""((3, 3), 1)"": 303, ""((3, 3), 2)"": 1557, ""((3, 3), 3)"": 161}, ""degree_pair_exact"": true, ""matched_edge_count_per_control"": 8003, ""matching_method"": ""integral max-flow with exact endpoint-degree-quantile-pair and base normalized edge-weight quantile marginals"", ""shortages"": {}, ""status"": ""MATCHED"", ""target_degree_pair_marginal"": ""{(0, 1): 72, (1, 3): 740, (2, 3): 1887, (1, 2): 221, (0, 2): 177, (0, 3): 642, (2, 2): 268, (3, 3): 3948, (1, 1): 48}"", ""target_edge_count"": 8003, ""target_weight_quantile_marginal"": ""{3: 1857, 1: 2023, 2: 1828, 0: 2295}"", ""verified_exact_marginals"": true, ""weight_quantile_exact"": true}",frozen graph intervention; FIXED_NORM_MASK is not retrained valid-operator performance
Grocery,43,visual_uniform,visual_low_similarity_high_novelty,RENORMALIZED_DELETE,8003,-0.0067349926793558446,-0.008264419124791922,0.04077422618865967,0.4150521755218506,20,0.013310740888118743,0.0034141232310895657,0.027463485300540925,-0.0019765739385066206,MATCHED,"{""allocated_cells"": 17, ""allocation"": {""((0, 1), 3)"": 72, ""((0, 2), 3)"": 177, ""((0, 3), 1)"": 128, ""((0, 3), 2)"": 271, ""((0, 3), 3)"": 243, ""((1, 1), 3)"": 48, ""((1, 2), 3)"": 221, ""((1, 3), 1)"": 568, ""((1, 3), 3)"": 172, ""((2, 2), 3)"": 268, ""((2, 3), 0)"": 368, ""((2, 3), 1)"": 1024, ""((2, 3), 3)"": 495, ""((3, 3), 0)"": 1927, ""((3, 3), 1)"": 303, ""((3, 3), 2)"": 1557, ""((3, 3), 3)"": 161}, ""degree_pair_exact"": true, ""matched_edge_count_per_control"": 8003, ""matching_method"": ""integral max-flow with exact endpoint-degree-quantile-pair and base normalized edge-weight quantile marginals"", ""shortages"": {}, ""status"": ""MATCHED"", ""target_degree_pair_marginal"": ""{(0, 1): 72, (1, 3): 740, (2, 3): 1887, (1, 2): 221, (0, 2): 177, (0, 3): 642, (2, 2): 268, (3, 3): 3948, (1, 1): 48}"", ""target_edge_count"": 8003, ""target_weight_quantile_marginal"": ""{3: 1857, 1: 2023, 2: 1828, 0: 2295}"", ""verified_exact_marginals"": true, ""weight_quantile_exact"": true}",frozen graph intervention; FIXED_NORM_MASK is not retrained valid-operator performance
Grocery,43,visual_uniform,visual_high_similarity_low_novelty,FIXED_NORM_MASK,7390,0.0005856515373352522,0.0003295300945900248,0.024250328540802002,-0.36194920539855957,20,0.02139655202627182,0.001662798848391641,0.002853776514530181,-0.0007320644216691208,MATCHED,"{""allocated_cells"": 15, ""allocation"": {""((0, 1), 3)"": 34, ""((0, 2), 3)"": 8, ""((0, 3), 1)"": 10, ""((1, 1), 3)"": 104, ""((1, 2), 3)"": 189, ""((1, 3), 1)"": 14, ""((1, 3), 3)"": 187, ""((2, 2), 3)"": 366, ""((2, 3), 0)"": 763, ""((2, 3), 1)"": 310, ""((2, 3), 3)"": 292, ""((3, 3), 0)"": 1700, ""((3, 3), 1)"": 1641, ""((3, 3), 2)"": 1628, ""((3, 3), 3)"": 144}, ""degree_pair_exact"": true, ""matched_edge_count_per_control"": 7390, ""matching_method"": ""integral max-flow with exact endpoint-degree-quantile-pair and base normalized edge-weight quantile marginals"", ""shortages"": {}, ""status"": ""MATCHED"", ""target_degree_pair_marginal"": ""{(1, 1): 104, (1, 2): 189, (2, 2): 366, (2, 3): 1365, (1, 3): 201, (3, 3): 5113, (0, 3): 10, (0, 1): 34, (0, 2): 8}"", ""target_edge_count"": 7390, ""target_weight_quantile_marginal"": ""{3: 1324, 2: 1628, 1: 1975, 0: 2463}"", ""verified_exact_marginals"": true, ""weight_quantile_exact"": true}",frozen graph intervention; FIXED_NORM_MASK is not retrained valid-operator performance
Grocery,43,visual_uniform,visual_high_similarity_low_novelty,RENORMALIZED_DELETE,7390,0.0014641288433382416,0.002685068453330719,-0.00020635128021240234,-0.02311396598815918,20,0.00120631605386734,0.0017036519418199578,-0.0014126673340797424,-0.0003660322108345604,MATCHED,"{""allocated_cells"": 15, ""allocation"": {""((0, 1), 3)"": 34, ""((0, 2), 3)"": 8, ""((0, 3), 1)"": 10, ""((1, 1), 3)"": 104, ""((1, 2), 3)"": 189, ""((1, 3), 1)"": 14, ""((1, 3), 3)"": 187, ""((2, 2), 3)"": 366, ""((2, 3), 0)"": 763, ""((2, 3), 1)"": 310, ""((2, 3), 3)"": 292, ""((3, 3), 0)"": 1700, ""((3, 3), 1)"": 1641, ""((3, 3), 2)"": 1628, ""((3, 3), 3)"": 144}, ""degree_pair_exact"": true, ""matched_edge_count_per_control"": 7390, ""matching_method"": ""integral max-flow with exact endpoint-degree-quantile-pair and base normalized edge-weight quantile marginals"", ""shortages"": {}, ""status"": ""MATCHED"", ""target_degree_pair_marginal"": ""{(1, 1): 104, (1, 2): 189, (2, 2): 366, (2, 3): 1365, (1, 3): 201, (3, 3): 5113, (0, 3): 10, (0, 1): 34, (0, 2): 8}"", ""target_edge_count"": 7390, ""target_weight_quantile_marginal"": ""{3: 1324, 2: 1628, 1: 1975, 0: 2463}"", ""verified_exact_marginals"": true, ""weight_quantile_exact"": true}",frozen graph intervention; FIXED_NORM_MASK is not retrained valid-operator performance
Grocery,43,visual_uniform,joint_low_similarity_high_novelty,FIXED_NORM_MASK,7806,-0.005563689604685229,-0.009468452933568794,0.022814452648162842,-0.05715155601501465,20,0.03574351966381073,0.00215302802753397,-0.012929067015647888,-0.0038945827232796824,MATCHED,"{""allocated_cells"": 17, ""allocation"": {""((0, 1), 3)"": 61, ""((0, 2), 3)"": 151, ""((0, 3), 1)"": 130, ""((0, 3), 2)"": 267, ""((0, 3), 3)"": 215, ""((1, 1), 3)"": 46, ""((1, 2), 3)"": 202, ""((1, 3), 1)"": 547, ""((1, 3), 3)"": 170, ""((2, 2), 3)"": 249, ""((2, 3), 0)"": 396, ""((2, 3), 1)"": 1015, ""((2, 3), 3)"": 468, ""((3, 3), 0)"": 1867, ""((3, 3), 1)"": 335, ""((3, 3), 2)"": 1528, ""((3, 3), 3)"": 159}, ""degree_pair_exact"": true, ""matched_edge_count_per_control"": 7806, ""matching_method"": ""integral max-flow with exact endpoint-degree-quantile-pair and base normalized edge-weight quantile marginals"", ""shortages"": {}, ""status"": ""MATCHED"", ""target_degree_pair_marginal"": ""{(0, 1): 61, (1, 3): 717, (2, 3): 1879, (1, 2): 202, (0, 2): 151, (2, 2): 249, (3, 3): 3889, (0, 3): 612, (1, 1): 46}"", ""target_edge_count"": 7806, ""target_weight_quantile_marginal"": ""{3: 1721, 1: 2027, 2: 1795, 0: 2263}"", ""verified_exact_marginals"": true, ""weight_quantile_exact"": true}",frozen graph intervention; FIXED_NORM_MASK is not retrained valid-operator performance
Grocery,43,visual_uniform,joint_low_similarity_high_novelty,RENORMALIZED_DELETE,7806,-0.0038067349926793614,-0.008054566188936962,0.013591349124908447,0.37728428840637207,20,0.014470213651657104,0.003868358629616772,-0.0008788645267486569,-0.0029721815519765994,MATCHED,"{""allocated_cells"": 17, ""allocation"": {""((0, 1), 3)"": 61, ""((0, 2), 3)"": 151, ""((0, 3), 1)"": 130, ""((0, 3), 2)"": 267, ""((0, 3), 3)"": 215, ""((1, 1), 3)"": 46, ""((1, 2), 3)"": 202, ""((1, 3), 1)"": 547, ""((1, 3), 3)"": 170, ""((2, 2), 3)"": 249, ""((2, 3), 0)"": 396, ""((2, 3), 1)"": 1015, ""((2, 3), 3)"": 468, ""((3, 3), 0)"": 1867, ""((3, 3), 1)"": 335, ""((3, 3), 2)"": 1528, ""((3, 3), 3)"": 159}, ""degree_pair_exact"": true, ""matched_edge_count_per_control"": 7806, ""matching_method"": ""integral max-flow with exact endpoint-degree-quantile-pair and base normalized edge-weight quantile marginals"", ""shortages"": {}, ""status"": ""MATCHED"", ""target_degree_pair_marginal"": ""{(0, 1): 61, (1, 3): 717, (2, 3): 1879, (1, 2): 202, (0, 2): 151, (2, 2): 249, (3, 3): 3889, (0, 3): 612, (1, 1): 46}"", ""target_edge_count"": 7806, ""target_weight_quantile_marginal"": ""{3: 1721, 1: 2027, 2: 1795, 0: 2263}"", ""verified_exact_marginals"": true, ""weight_quantile_exact"": true}",frozen graph intervention; FIXED_NORM_MASK is not retrained valid-operator performance
Grocery,43,visual_uniform,joint_high_similarity_low_novelty,FIXED_NORM_MASK,7504,-0.0011713030746706155,-0.002626208676177022,0.028287231922149658,-0.37890100479125977,20,0.02430872917175293,0.001658199292347378,0.003978502750396729,-0.0005270863836017714,MATCHED,"{""allocated_cells"": 15, ""allocation"": {""((0, 1), 3)"": 44, ""((0, 2), 3)"": 4, ""((0, 3), 1)"": 5, ""((1, 1), 3)"": 119, ""((1, 2), 3)"": 190, ""((1, 3), 1)"": 74, ""((1, 3), 3)"": 183, ""((2, 2), 3)"": 415, ""((2, 3), 0)"": 701, ""((2, 3), 1)"": 461, ""((2, 3), 3)"": 348, ""((3, 3), 0)"": 1405, ""((3, 3), 1)"": 1568, ""((3, 3), 2)"": 1847, ""((3, 3), 3)"": 140}, ""degree_pair_exact"": true, ""matched_edge_count_per_control"": 7504, ""matching_method"": ""integral max-flow with exact endpoint-degree-quantile-pair and base normalized edge-weight quantile marginals"", ""shortages"": {}, ""status"": ""MATCHED"", ""target_degree_pair_marginal"": ""{(1, 1): 119, (3, 3): 4960, (1, 2): 190, (2, 2): 415, (2, 3): 1510, (1, 3): 257, (0, 1): 44, (0, 2): 4, (0, 3): 5}"", ""target_edge_count"": 7504, ""target_weight_quantile_marginal"": ""{3: 1443, 1: 2108, 2: 1847, 0: 2106}"", ""verified_exact_marginals"": true, ""weight_quantile_exact"": true}",frozen graph intervention; FIXED_NORM_MASK is not retrained valid-operator performance
Grocery,43,visual_uniform,joint_high_similarity_low_novelty,RENORMALIZED_DELETE,7504,0.00234260614934112,0.0027809815201047527,0.0013907849788665771,-0.035115957260131836,20,0.0017030715942382812,0.002467581937653759,-0.00031228661537170406,-0.00021961932650074178,MATCHED,"{""allocated_cells"": 15, ""allocation"": {""((0, 1), 3)"": 44, ""((0, 2), 3)"": 4, ""((0, 3), 1)"": 5, ""((1, 1), 3)"": 119, ""((1, 2), 3)"": 190, ""((1, 3), 1)"": 74, ""((1, 3), 3)"": 183, ""((2, 2), 3)"": 415, ""((2, 3), 0)"": 701, ""((2, 3), 1)"": 461, ""((2, 3), 3)"": 348, ""((3, 3), 0)"": 1405, ""((3, 3), 1)"": 1568, ""((3, 3), 2)"": 1847, ""((3, 3), 3)"": 140}, ""degree_pair_exact"": true, ""matched_edge_count_per_control"": 7504, ""matching_method"": ""integral max-flow with exact endpoint-degree-quantile-pair and base normalized edge-weight quantile marginals"", ""shortages"": {}, ""status"": ""MATCHED"", ""target_degree_pair_marginal"": ""{(1, 1): 119, (3, 3): 4960, (1, 2): 190, (2, 2): 415, (2, 3): 1510, (1, 3): 257, (0, 1): 44, (0, 2): 4, (0, 3): 5}"", ""target_edge_count"": 7504, ""target_weight_quantile_marginal"": ""{3: 1443, 1: 2108, 2: 1847, 0: 2106}"", ""verified_exact_marginals"": true, ""weight_quantile_exact"": true}",frozen graph intervention; FIXED_NORM_MASK is not retrained valid-operator performance
Grocery,44,text_uniform,text_semantic_q0,FIXED_NORM_MASK,17772,-0.018448023426061555,-0.016760809453959302,0.05540087819099426,-0.1607379913330078,20,0.06179010272026062,0.002247857482934807,-0.006389224529266359,-0.002869692532942941,MATCHED,"{""allocated_cells"": 17, ""allocation"": {""((0, 0), 3)"": 28, ""((0, 1), 3)"": 76, ""((0, 2), 3)"": 166, ""((0, 3), 2)"": 226, ""((0, 3), 3)"": 465, ""((1, 1), 3)"": 81, ""((1, 2), 3)"": 374, ""((1, 3), 2)"": 1061, ""((1, 3), 3)"": 637, ""((2, 2), 3)"": 492, ""((2, 3), 1)"": 2045, ""((2, 3), 2)"": 1611, ""((2, 3), 3)"": 598, ""((3, 3), 0)"": 5679, ""((3, 3), 1)"": 2809, ""((3, 3), 2)"": 1284, ""((3, 3), 3)"": 140}, ""degree_pair_exact"": true, ""matched_edge_count_per_control"": 17772, ""matching_method"": ""integral max-flow with exact endpoint-degree-quantile-pair and base normalized edge-weight quantile marginals"", ""shortages"": {}, ""status"": ""MATCHED"", ""target_degree_pair_marginal"": ""{(0, 1): 76, (1, 3): 1698, (2, 3): 4254, (1, 2): 374, (0, 3): 691, (2, 2): 492, (3, 3): 9912, (0, 2): 166, (1, 1): 81, (0, 0): 28}"", ""target_edge_count"": 17772, ""target_weight_quantile_marginal"": ""{3: 3057, 1: 4854, 2: 4182, 0: 5679}"", ""verified_exact_marginals"": true, ""weight_quantile_exact"": true}",frozen graph intervention; FIXED_NORM_MASK is not retrained valid-operator performance
Grocery,44,text_uniform,text_semantic_q0,RENORMALIZED_DELETE,17772,-0.013177159590043952,-0.015291957735792727,0.027942001819610596,0.6146292686462402,20,0.011031819880008698,0.002786224344376379,0.0169101819396019,-0.00496339677891659,MATCHED,"{""allocated_cells"": 17, ""allocation"": {""((0, 0), 3)"": 28, ""((0, 1), 3)"": 76, ""((0, 2), 3)"": 166, ""((0, 3), 2)"": 226, ""((0, 3), 3)"": 465, ""((1, 1), 3)"": 81, ""((1, 2), 3)"": 374, ""((1, 3), 2)"": 1061, ""((1, 3), 3)"": 637, ""((2, 2), 3)"": 492, ""((2, 3), 1)"": 2045, ""((2, 3), 2)"": 1611, ""((2, 3), 3)"": 598, ""((3, 3), 0)"": 5679, ""((3, 3), 1)"": 2809, ""((3, 3), 2)"": 1284, ""((3, 3), 3)"": 140}, ""degree_pair_exact"": true, ""matched_edge_count_per_control"": 17772, ""matching_method"": ""integral max-flow with exact endpoint-degree-quantile-pair and base normalized edge-weight quantile marginals"", ""shortages"": {}, ""status"": ""MATCHED"", ""target_degree_pair_marginal"": ""{(0, 1): 76, (1, 3): 1698, (2, 3): 4254, (1, 2): 374, (0, 3): 691, (2, 2): 492, (3, 3): 9912, (0, 2): 166, (1, 1): 81, (0, 0): 28}"", ""target_edge_count"": 17772, ""target_weight_quantile_marginal"": ""{3: 3057, 1: 4854, 2: 4182, 0: 5679}"", ""verified_exact_marginals"": true, ""weight_quantile_exact"": true}",frozen graph intervention; FIXED_NORM_MASK is not retrained valid-operator performance
Grocery,44,text_uniform,text_semantic_q3,FIXED_NORM_MASK,0,0.0,0.0,5.960464477539063e-08,0.0,0,nan,nan,nan,nan,EMPTY_TARGET_GROUP,"{""allocated_cells"": 0, ""allocation"": {}, ""degree_pair_exact"": false, ""matched_edge_count_per_control"": 0, ""matching_method"": ""integral max-flow with exact endpoint-degree-quantile-pair and base normalized edge-weight quantile marginals"", ""shortages"": {}, ""status"": ""EMPTY_TARGET_GROUP"", ""target_degree_pair_marginal"": ""{}"", ""target_edge_count"": 0, ""target_weight_quantile_marginal"": ""{}"", ""weight_quantile_exact"": false}",frozen graph intervention; FIXED_NORM_MASK is not retrained valid-operator performance
Grocery,44,text_uniform,text_semantic_q3,RENORMALIZED_DELETE,0,0.0,0.0,5.960464477539063e-08,-4.76837158203125e-07,0,nan,nan,nan,nan,EMPTY_TARGET_GROUP,"{""allocated_cells"": 0, ""allocation"": {}, ""degree_pair_exact"": false, ""matched_edge_count_per_control"": 0, ""matching_method"": ""integral max-flow with exact endpoint-degree-quantile-pair and base normalized edge-weight quantile marginals"", ""shortages"": {}, ""status"": ""EMPTY_TARGET_GROUP"", ""target_degree_pair_marginal"": ""{}"", ""target_edge_count"": 0, ""target_weight_quantile_marginal"": ""{}"", ""weight_quantile_exact"": false}",frozen graph intervention; FIXED_NORM_MASK is not retrained valid-operator performance
Grocery,44,text_uniform,text_low_similarity_high_novelty,FIXED_NORM_MASK,8601,-0.007027818448023471,-0.006786796866723455,0.021390140056610107,-0.018062591552734375,20,0.02244611978530884,0.0017965887226908184,-0.0010559797286987319,-0.0028696925329429355,MATCHED,"{""allocated_cells"": 17, ""allocation"": {""((0, 1), 3)"": 59, ""((0, 2), 3)"": 122, ""((0, 3), 1)"": 138, ""((0, 3), 2)"": 295, ""((0, 3), 3)"": 109, ""((1, 1), 3)"": 37, ""((1, 2), 3)"": 188, ""((1, 3), 1)"": 543, ""((1, 3), 3)"": 169, ""((2, 2), 3)"": 227, ""((2, 3), 0)"": 286, ""((2, 3), 1)"": 1256, ""((2, 3), 3)"": 533, ""((3, 3), 0)"": 2497, ""((3, 3), 1)"": 349, ""((3, 3), 2)"": 1637, ""((3, 3), 3)"": 156}, ""degree_pair_exact"": true, ""matched_edge_count_per_control"": 8601, ""matching_method"": ""integral max-flow with exact endpoint-degree-quantile-pair and base normalized edge-weight quantile marginals"", ""shortages"": {}, ""status"": ""MATCHED"", ""target_degree_pair_marginal"": ""{(0, 1): 59, (1, 3): 712, (2, 3): 2075, (1, 2): 188, (0, 3): 542, (2, 2): 227, (3, 3): 4639, (0, 2): 122, (1, 1): 37}"", ""target_edge_count"": 8601, ""target_weight_quantile_marginal"": ""{3: 1600, 1: 2286, 2: 1932, 0: 2783}"", ""verified_exact_marginals"": true, ""weight_quantile_exact"": true}",frozen graph intervention; FIXED_NORM_MASK is not retrained valid-operator performance
Grocery,44,text_uniform,text_low_similarity_high_novelty,RENORMALIZED_DELETE,8601,-0.0064421669106882185,-0.010156770412686256,0.00643765926361084,0.4116017818450928,20,0.0023403197526931764,0.0026706241996716606,0.004097339510917663,-0.0033235724743778004,MATCHED,"{""allocated_cells"": 17, ""allocation"": {""((0, 1), 3)"": 59, ""((0, 2), 3)"": 122, ""((0, 3), 1)"": 138, ""((0, 3), 2)"": 295, ""((0, 3), 3)"": 109, ""((1, 1), 3)"": 37, ""((1, 2), 3)"": 188, ""((1, 3), 1)"": 543, ""((1, 3), 3)"": 169, ""((2, 2), 3)"": 227, ""((2, 3), 0)"": 286, ""((2, 3), 1)"": 1256, ""((2, 3), 3)"": 533, ""((3, 3), 0)"": 2497, ""((3, 3), 1)"": 349, ""((3, 3), 2)"": 1637, ""((3, 3), 3)"": 156}, ""degree_pair_exact"": true, ""matched_edge_count_per_control"": 8601, ""matching_method"": ""integral max-flow with exact endpoint-degree-quantile-pair and base normalized edge-weight quantile marginals"", ""shortages"": {}, ""status"": ""MATCHED"", ""target_degree_pair_marginal"": ""{(0, 1): 59, (1, 3): 712, (2, 3): 2075, (1, 2): 188, (0, 3): 542, (2, 2): 227, (3, 3): 4639, (0, 2): 122, (1, 1): 37}"", ""target_edge_count"": 8601, ""target_weight_quantile_marginal"": ""{3: 1600, 1: 2286, 2: 1932, 0: 2783}"", ""verified_exact_marginals"": true, ""weight_quantile_exact"": true}",frozen graph intervention; FIXED_NORM_MASK is not retrained valid-operator performance
Grocery,44,text_uniform,text_high_similarity_low_novelty,FIXED_NORM_MASK,8074,-0.0014641288433382416,-0.0020541663592164028,0.024467676877975464,-0.3774898052215576,20,0.022248011827468873,0.001700293794657211,0.002219665050506591,-0.0033235724743778004,MATCHED,"{""allocated_cells"": 15, ""allocation"": {""((0, 1), 3)"": 60, ""((0, 2), 3)"": 12, ""((0, 3), 1)"": 11, ""((1, 1), 3)"": 142, ""((1, 2), 3)"": 257, ""((1, 3), 1)"": 88, ""((1, 3), 3)"": 187, ""((2, 2), 3)"": 508, ""((2, 3), 0)"": 607, ""((2, 3), 1)"": 550, ""((2, 3), 3)"": 447, ""((3, 3), 0)"": 1518, ""((3, 3), 1)"": 1527, ""((3, 3), 2)"": 2024, ""((3, 3), 3)"": 136}, ""degree_pair_exact"": true, ""matched_edge_count_per_control"": 8074, ""matching_method"": ""integral max-flow with exact endpoint-degree-quantile-pair and base normalized edge-weight quantile marginals"", ""shortages"": {}, ""status"": ""MATCHED"", ""target_degree_pair_marginal"": ""{(1, 1): 142, (1, 2): 257, (3, 3): 5205, (2, 2): 508, (2, 3): 1604, (0, 2): 12, (1, 3): 275, (0, 3): 11, (0, 1): 60}"", ""target_edge_count"": 8074, ""target_weight_quantile_marginal"": ""{3: 1749, 2: 2024, 1: 2176, 0: 2125}"", ""verified_exact_marginals"": true, ""weight_quantile_exact"": true}",frozen graph intervention; FIXED_NORM_MASK is not retrained valid-operator performance
Grocery,44,text_uniform,text_high_similarity_low_novelty,RENORMALIZED_DELETE,8074,-0.0008784773060029893,-0.0015577951615399765,0.0018802881240844727,-0.024149179458618164,20,0.0036077916622161863,0.0021523980381039838,-0.0017275035381317137,-0.002913616398243085,MATCHED,"{""allocated_cells"": 15, ""allocation"": {""((0, 1), 3)"": 60, ""((0, 2), 3)"": 12, ""((0, 3), 1)"": 11, ""((1, 1), 3)"": 142, ""((1, 2), 3)"": 257, ""((1, 3), 1)"": 88, ""((1, 3), 3)"": 187, ""((2, 2), 3)"": 508, ""((2, 3), 0)"": 607, ""((2, 3), 1)"": 550, ""((2, 3), 3)"": 447, ""((3, 3), 0)"": 1518, ""((3, 3), 1)"": 1527, ""((3, 3), 2)"": 2024, ""((3, 3), 3)"": 136}, ""degree_pair_exact"": true, ""matched_edge_count_per_control"": 8074, ""matching_method"": ""integral max-flow with exact endpoint-degree-quantile-pair and base normalized edge-weight quantile marginals"", ""shortages"": {}, ""status"": ""MATCHED"", ""target_degree_pair_marginal"": ""{(1, 1): 142, (1, 2): 257, (3, 3): 5205, (2, 2): 508, (2, 3): 1604, (0, 2): 12, (1, 3): 275, (0, 3): 11, (0, 1): 60}"", ""target_edge_count"": 8074, ""target_weight_quantile_marginal"": ""{3: 1749, 2: 2024, 1: 2176, 0: 2125}"", ""verified_exact_marginals"": true, ""weight_quantile_exact"": true}",frozen graph intervention; FIXED_NORM_MASK is not retrained valid-operator performance
Grocery,44,text_uniform,joint_low_similarity_high_novelty,FIXED_NORM_MASK,7774,-0.002928257686676483,-0.0064132269401154796,0.015896618366241455,-0.06473231315612793,20,0.02441156804561615,0.002288558000580128,-0.008514949679374696,-0.0037335285505124883,MATCHED,"{""allocated_cells"": 17, ""allocation"": {""((0, 1), 3)"": 60, ""((0, 2), 3)"": 152, ""((0, 3), 1)"": 107, ""((0, 3), 2)"": 259, ""((0, 3), 3)"": 282, ""((1, 1), 3)"": 47, ""((1, 2), 3)"": 197, ""((1, 3), 1)"": 547, ""((1, 3), 3)"": 171, ""((2, 2), 3)"": 240, ""((2, 3), 0)"": 480, ""((2, 3), 1)"": 1011, ""((2, 3), 3)"": 369, ""((3, 3), 0)"": 1767, ""((3, 3), 1)"": 383, ""((3, 3), 2)"": 1542, ""((3, 3), 3)"": 160}, ""degree_pair_exact"": true, ""matched_edge_count_per_control"": 7774, ""matching_method"": ""integral max-flow with exact endpoint-degree-quantile-pair and base normalized edge-weight quantile marginals"", ""shortages"": {}, ""status"": ""MATCHED"", ""target_degree_pair_marginal"": ""{(0, 1): 60, (1, 3): 718, (2, 3): 1860, (1, 2): 197, (0, 2): 152, (0, 3): 648, (2, 2): 240, (3, 3): 3852, (1, 1): 47}"", ""target_edge_count"": 7774, ""target_weight_quantile_marginal"": ""{3: 1678, 1: 2048, 0: 2247, 2: 1801}"", ""verified_exact_marginals"": true, ""weight_quantile_exact"": true}",frozen graph intervention; FIXED_NORM_MASK is not retrained valid-operator performance
Grocery,44,text_uniform,joint_low_similarity_high_novelty,RENORMALIZED_DELETE,7774,-0.002342606149341231,-0.005001750422375606,0.0004023313522338867,0.37108707427978516,20,0.0030194878578186034,0.0027213577979181137,-0.0026171565055847167,-0.0037774524158126267,MATCHED,"{""allocated_cells"": 17, ""allocation"": {""((0, 1), 3)"": 60, ""((0, 2), 3)"": 152, ""((0, 3), 1)"": 107, ""((0, 3), 2)"": 259, ""((0, 3), 3)"": 282, ""((1, 1), 3)"": 47, ""((1, 2), 3)"": 197, ""((1, 3), 1)"": 547, ""((1, 3), 3)"": 171, ""((2, 2), 3)"": 240, ""((2, 3), 0)"": 480, ""((2, 3), 1)"": 1011, ""((2, 3), 3)"": 369, ""((3, 3), 0)"": 1767, ""((3, 3), 1)"": 383, ""((3, 3), 2)"": 1542, ""((3, 3), 3)"": 160}, ""degree_pair_exact"": true, ""matched_edge_count_per_control"": 7774, ""matching_method"": ""integral max-flow with exact endpoint-degree-quantile-pair and base normalized edge-weight quantile marginals"", ""shortages"": {}, ""status"": ""MATCHED"", ""target_degree_pair_marginal"": ""{(0, 1): 60, (1, 3): 718, (2, 3): 1860, (1, 2): 197, (0, 2): 152, (0, 3): 648, (2, 2): 240, (3, 3): 3852, (1, 1): 47}"", ""target_edge_count"": 7774, ""target_weight_quantile_marginal"": ""{3: 1678, 1: 2048, 0: 2247, 2: 1801}"", ""verified_exact_marginals"": true, ""weight_quantile_exact"": true}",frozen graph intervention; FIXED_NORM_MASK is not retrained valid-operator performance
Grocery,44,text_uniform,joint_high_similarity_low_novelty,FIXED_NORM_MASK,7231,0.0002928257686676261,-6.955773488570571e-05,0.02334672212600708,-0.3260927200317383,20,0.018224699795246123,0.00152621063477976,0.005122022330760957,-0.002693997071742371,MATCHED,"{""allocated_cells"": 15, ""allocation"": {""((0, 1), 3)"": 38, ""((0, 2), 3)"": 4, ""((0, 3), 1)"": 8, ""((1, 1), 3)"": 115, ""((1, 2), 3)"": 212, ""((1, 3), 1)"": 52, ""((1, 3), 3)"": 186, ""((2, 2), 3)"": 418, ""((2, 3), 0)"": 711, ""((2, 3), 1)"": 462, ""((2, 3), 3)"": 336, ""((3, 3), 0)"": 1216, ""((3, 3), 1)"": 1508, ""((3, 3), 2)"": 1829, ""((3, 3), 3)"": 136}, ""degree_pair_exact"": true, ""matched_edge_count_per_control"": 7231, ""matching_method"": ""integral max-flow with exact endpoint-degree-quantile-pair and base normalized edge-weight quantile marginals"", ""shortages"": {}, ""status"": ""MATCHED"", ""target_degree_pair_marginal"": ""{(1, 1): 115, (1, 2): 212, (2, 2): 418, (2, 3): 1509, (3, 3): 4689, (1, 3): 238, (0, 1): 38, (0, 2): 4, (0, 3): 8}"", ""target_edge_count"": 7231, ""target_weight_quantile_marginal"": ""{3: 1445, 2: 1829, 1: 2030, 0: 1927}"", ""verified_exact_marginals"": true, ""weight_quantile_exact"": true}",frozen graph intervention; FIXED_NORM_MASK is not retrained valid-operator performance
Grocery,44,text_uniform,joint_high_similarity_low_novelty,RENORMALIZED_DELETE,7231,-0.0005856515373353632,-0.0006656074192878947,0.0027945637702941895,-0.026098251342773438,20,0.002560551464557648,0.001974168691199069,0.00023401230573654157,-0.0023572474377745734,MATCHED,"{""allocated_cells"": 15, ""allocation"": {""((0, 1), 3)"": 38, ""((0, 2), 3)"": 4, ""((0, 3), 1)"": 8, ""((1, 1), 3)"": 115, ""((1, 2), 3)"": 212, ""((1, 3), 1)"": 52, ""((1, 3), 3)"": 186, ""((2, 2), 3)"": 418, ""((2, 3), 0)"": 711, ""((2, 3), 1)"": 462, ""((2, 3), 3)"": 336, ""((3, 3), 0)"": 1216, ""((3, 3), 1)"": 1508, ""((3, 3), 2)"": 1829, ""((3, 3), 3)"": 136}, ""degree_pair_exact"": true, ""matched_edge_count_per_control"": 7231, ""matching_method"": ""integral max-flow with exact endpoint-degree-quantile-pair and base normalized edge-weight quantile marginals"", ""shortages"": {}, ""status"": ""MATCHED"", ""target_degree_pair_marginal"": ""{(1, 1): 115, (1, 2): 212, (2, 2): 418, (2, 3): 1509, (3, 3): 4689, (1, 3): 238, (0, 1): 38, (0, 2): 4, (0, 3): 8}"", ""target_edge_count"": 7231, ""target_weight_quantile_marginal"": ""{3: 1445, 2: 1829, 1: 2030, 0: 1927}"", ""verified_exact_marginals"": true, ""weight_quantile_exact"": true}",frozen graph intervention; FIXED_NORM_MASK is not retrained valid-operator performance
Grocery,44,visual_uniform,visual_semantic_q0,FIXED_NORM_MASK,18360,-0.03426061493411414,-0.027611473903146888,0.11506861448287964,-0.18430042266845703,20,0.11091336905956269,0.002128570116153199,0.004155245423316953,-0.010644216691068787,MATCHED,"{""allocated_cells"": 17, ""allocation"": {""((0, 0), 3)"": 49, ""((0, 1), 3)"": 108, ""((0, 2), 3)"": 213, ""((0, 3), 2)"": 231, ""((0, 3), 3)"": 490, ""((1, 1), 3)"": 111, ""((1, 2), 3)"": 473, ""((1, 3), 2)"": 972, ""((1, 3), 3)"": 855, ""((2, 2), 3)"": 631, ""((2, 3), 1)"": 2091, ""((2, 3), 2)"": 1855, ""((2, 3), 3)"": 591, ""((3, 3), 0)"": 4905, ""((3, 3), 1)"": 2964, ""((3, 3), 2)"": 1687, ""((3, 3), 3)"": 134}, ""degree_pair_exact"": true, ""matched_edge_count_per_control"": 18360, ""matching_method"": ""integral max-flow with exact endpoint-degree-quantile-pair and base normalized edge-weight quantile marginals"", ""shortages"": {}, ""status"": ""MATCHED"", ""target_degree_pair_marginal"": ""{(0, 1): 108, (1, 3): 1827, (2, 3): 4537, (1, 2): 473, (2, 2): 631, (0, 2): 213, (0, 3): 721, (3, 3): 9690, (0, 0): 49, (1, 1): 111}"", ""target_edge_count"": 18360, ""target_weight_quantile_marginal"": ""{3: 3655, 1: 5055, 2: 4745, 0: 4905}"", ""verified_exact_marginals"": true, ""weight_quantile_exact"": true}",frozen graph intervention; FIXED_NORM_MASK is not retrained valid-operator performance
Grocery,44,visual_uniform,visual_semantic_q0,RENORMALIZED_DELETE,18360,-0.027818448023426035,-0.02158013397584757,0.08777880668640137,0.4939877986907959,20,0.015567022562026977,0.002436469557580473,0.07221178412437439,-0.005724743777452379,MATCHED,"{""allocated_cells"": 17, ""allocation"": {""((0, 0), 3)"": 49, ""((0, 1), 3)"": 108, ""((0, 2), 3)"": 213, ""((0, 3), 2)"": 231, ""((0, 3), 3)"": 490, ""((1, 1), 3)"": 111, ""((1, 2), 3)"": 473, ""((1, 3), 2)"": 972, ""((1, 3), 3)"": 855, ""((2, 2), 3)"": 631, ""((2, 3), 1)"": 2091, ""((2, 3), 2)"": 1855, ""((2, 3), 3)"": 591, ""((3, 3), 0)"": 4905, ""((3, 3), 1)"": 2964, ""((3, 3), 2)"": 1687, ""((3, 3), 3)"": 134}, ""degree_pair_exact"": true, ""matched_edge_count_per_control"": 18360, ""matching_method"": ""integral max-flow with exact endpoint-degree-quantile-pair and base normalized edge-weight quantile marginals"", ""shortages"": {}, ""status"": ""MATCHED"", ""target_degree_pair_marginal"": ""{(0, 1): 108, (1, 3): 1827, (2, 3): 4537, (1, 2): 473, (2, 2): 631, (0, 2): 213, (0, 3): 721, (3, 3): 9690, (0, 0): 49, (1, 1): 111}"", ""target_edge_count"": 18360, ""target_weight_quantile_marginal"": ""{3: 3655, 1: 5055, 2: 4745, 0: 4905}"", ""verified_exact_marginals"": true, ""weight_quantile_exact"": true}",frozen graph intervention; FIXED_NORM_MASK is not retrained valid-operator performance
Grocery,44,visual_uniform,visual_semantic_q3,FIXED_NORM_MASK,0,0.0,0.0,0.0,0.0,0,nan,nan,nan,nan,EMPTY_TARGET_GROUP,"{""allocated_cells"": 0, ""allocation"": {}, ""degree_pair_exact"": false, ""matched_edge_count_per_control"": 0, ""matching_method"": ""integral max-flow with exact endpoint-degree-quantile-pair and base normalized edge-weight quantile marginals"", ""shortages"": {}, ""status"": ""EMPTY_TARGET_GROUP"", ""target_degree_pair_marginal"": ""{}"", ""target_edge_count"": 0, ""target_weight_quantile_marginal"": ""{}"", ""weight_quantile_exact"": false}",frozen graph intervention; FIXED_NORM_MASK is not retrained valid-operator performance
Grocery,44,visual_uniform,visual_semantic_q3,RENORMALIZED_DELETE,0,0.0,0.0,0.0,0.0,0,nan,nan,nan,nan,EMPTY_TARGET_GROUP,"{""allocated_cells"": 0, ""allocation"": {}, ""degree_pair_exact"": false, ""matched_edge_count_per_control"": 0, ""matching_method"": ""integral max-flow with exact endpoint-degree-quantile-pair and base normalized edge-weight quantile marginals"", ""shortages"": {}, ""status"": ""EMPTY_TARGET_GROUP"", ""target_degree_pair_marginal"": ""{}"", ""target_edge_count"": 0, ""target_weight_quantile_marginal"": ""{}"", ""weight_quantile_exact"": false}",frozen graph intervention; FIXED_NORM_MASK is not retrained valid-operator performance
Grocery,44,visual_uniform,visual_low_similarity_high_novelty,FIXED_NORM_MASK,8180,-0.015812591508052698,-0.012659177963155632,0.038073956966400146,-0.03327655792236328,20,0.044093137979507445,0.002318931612669314,-0.006019181013107298,-0.0067789165446558945,MATCHED,"{""allocated_cells"": 17, ""allocation"": {""((0, 1), 3)"": 72, ""((0, 2), 3)"": 158, ""((0, 3), 1)"": 136, ""((0, 3), 2)"": 284, ""((0, 3), 3)"": 176, ""((1, 1), 3)"": 50, ""((1, 2), 3)"": 226, ""((1, 3), 1)"": 573, ""((1, 3), 3)"": 173, ""((2, 2), 3)"": 254, ""((2, 3), 0)"": 349, ""((2, 3), 1)"": 1060, ""((2, 3), 3)"": 506, ""((3, 3), 0)"": 2066, ""((3, 3), 1)"": 357, ""((3, 3), 2)"": 1582, ""((3, 3), 3)"": 158}, ""degree_pair_exact"": true, ""matched_edge_count_per_control"": 8180, ""matching_method"": ""integral max-flow with exact endpoint-degree-quantile-pair and base normalized edge-weight quantile marginals"", ""shortages"": {}, ""status"": ""MATCHED"", ""target_degree_pair_marginal"": ""{(0, 1): 72, (1, 3): 746, (2, 3): 1915, (1, 2): 226, (2, 2): 254, (0, 2): 158, (0, 3): 596, (3, 3): 4163, (1, 1): 50}"", ""target_edge_count"": 8180, ""target_weight_quantile_marginal"": ""{3: 1773, 1: 2126, 2: 1866, 0: 2415}"", ""verified_exact_marginals"": true, ""weight_quantile_exact"": true}",frozen graph intervention; FIXED_NORM_MASK is not retrained valid-operator performance
Grocery,44,visual_uniform,visual_low_similarity_high_novelty,RENORMALIZED_DELETE,8180,-0.010834553440702721,-0.011789649261961244,0.015805184841156006,0.341367244720459,20,0.003529366850852966,0.002533025321688704,0.012275817990303039,-0.004202049780380629,MATCHED,"{""allocated_cells"": 17, ""allocation"": {""((0, 1), 3)"": 72, ""((0, 2), 3)"": 158, ""((0, 3), 1)"": 136, ""((0, 3), 2)"": 284, ""((0, 3), 3)"": 176, ""((1, 1), 3)"": 50, ""((1, 2), 3)"": 226, ""((1, 3), 1)"": 573, ""((1, 3), 3)"": 173, ""((2, 2), 3)"": 254, ""((2, 3), 0)"": 349, ""((2, 3), 1)"": 1060, ""((2, 3), 3)"": 506, ""((3, 3), 0)"": 2066, ""((3, 3), 1)"": 357, ""((3, 3), 2)"": 1582, ""((3, 3), 3)"": 158}, ""degree_pair_exact"": true, ""matched_edge_count_per_control"": 8180, ""matching_method"": ""integral max-flow with exact endpoint-degree-quantile-pair and base normalized edge-weight quantile marginals"", ""shortages"": {}, ""status"": ""MATCHED"", ""target_degree_pair_marginal"": ""{(0, 1): 72, (1, 3): 746, (2, 3): 1915, (1, 2): 226, (2, 2): 254, (0, 2): 158, (0, 3): 596, (3, 3): 4163, (1, 1): 50}"", ""target_edge_count"": 8180, ""target_weight_quantile_marginal"": ""{3: 1773, 1: 2126, 2: 1866, 0: 2415}"", ""verified_exact_marginals"": true, ""weight_quantile_exact"": true}",frozen graph intervention; FIXED_NORM_MASK is not retrained valid-operator performance
Grocery,44,visual_uniform,visual_high_similarity_low_novelty,FIXED_NORM_MASK,7281,-0.0017569546120058677,-0.0025796086514079386,0.030952751636505127,-0.30550527572631836,20,0.031810921430587766,0.0014240201584332147,-0.0008581697940826388,-0.0049487554904831255,MATCHED,"{""allocated_cells"": 15, ""allocation"": {""((0, 1), 3)"": 44, ""((0, 2), 3)"": 11, ""((0, 3), 1)"": 24, ""((1, 1), 3)"": 103, ""((1, 2), 3)"": 210, ""((1, 3), 1)"": 33, ""((1, 3), 3)"": 187, ""((2, 2), 3)"": 396, ""((2, 3), 0)"": 702, ""((2, 3), 1)"": 367, ""((2, 3), 3)"": 356, ""((3, 3), 0)"": 1575, ""((3, 3), 1)"": 1452, ""((3, 3), 2)"": 1680, ""((3, 3), 3)"": 141}, ""degree_pair_exact"": true, ""matched_edge_count_per_control"": 7281, ""matching_method"": ""integral max-flow with exact endpoint-degree-quantile-pair and base normalized edge-weight quantile marginals"", ""shortages"": {}, ""status"": ""MATCHED"", ""target_degree_pair_marginal"": ""{(1, 1): 103, (1, 2): 210, (2, 3): 1425, (2, 2): 396, (0, 2): 11, (1, 3): 220, (3, 3): 4848, (0, 3): 24, (0, 1): 44}"", ""target_edge_count"": 7281, ""target_weight_quantile_marginal"": ""{3: 1448, 2: 1680, 1: 1876, 0: 2277}"", ""verified_exact_marginals"": true, ""weight_quantile_exact"": true}",frozen graph intervention; FIXED_NORM_MASK is not retrained valid-operator performance
Grocery,44,visual_uniform,visual_high_similarity_low_novelty,RENORMALIZED_DELETE,7281,-0.0002928257686676261,-0.0011258358871760743,0.0015110373497009277,-0.023470640182495117,20,0.001996418833732605,0.0015908911970519259,-0.00048538148403167716,-0.001727672035139044,MATCHED,"{""allocated_cells"": 15, ""allocation"": {""((0, 1), 3)"": 44, ""((0, 2), 3)"": 11, ""((0, 3), 1)"": 24, ""((1, 1), 3)"": 103, ""((1, 2), 3)"": 210, ""((1, 3), 1)"": 33, ""((1, 3), 3)"": 187, ""((2, 2), 3)"": 396, ""((2, 3), 0)"": 702, ""((2, 3), 1)"": 367, ""((2, 3), 3)"": 356, ""((3, 3), 0)"": 1575, ""((3, 3), 1)"": 1452, ""((3, 3), 2)"": 1680, ""((3, 3), 3)"": 141}, ""degree_pair_exact"": true, ""matched_edge_count_per_control"": 7281, ""matching_method"": ""integral max-flow with exact endpoint-degree-quantile-pair and base normalized edge-weight quantile marginals"", ""shortages"": {}, ""status"": ""MATCHED"", ""target_degree_pair_marginal"": ""{(1, 1): 103, (1, 2): 210, (2, 3): 1425, (2, 2): 396, (0, 2): 11, (1, 3): 220, (3, 3): 4848, (0, 3): 24, (0, 1): 44}"", ""target_edge_count"": 7281, ""target_weight_quantile_marginal"": ""{3: 1448, 2: 1680, 1: 1876, 0: 2277}"", ""verified_exact_marginals"": true, ""weight_quantile_exact"": true}",frozen graph intervention; FIXED_NORM_MASK is not retrained valid-operator performance
Grocery,44,visual_uniform,joint_low_similarity_high_novelty,FIXED_NORM_MASK,7774,-0.01171303074670571,-0.012576711300594678,0.029823243618011475,-0.043962955474853516,20,0.04234796762466431,0.0014813219231605448,-0.012524724006652832,-0.007598828696925292,MATCHED,"{""allocated_cells"": 17, ""allocation"": {""((0, 1), 3)"": 60, ""((0, 2), 3)"": 152, ""((0, 3), 1)"": 107, ""((0, 3), 2)"": 259, ""((0, 3), 3)"": 282, ""((1, 1), 3)"": 47, ""((1, 2), 3)"": 197, ""((1, 3), 1)"": 547, ""((1, 3), 3)"": 171, ""((2, 2), 3)"": 240, ""((2, 3), 0)"": 480, ""((2, 3), 1)"": 1011, ""((2, 3), 3)"": 369, ""((3, 3), 0)"": 1767, ""((3, 3), 1)"": 383, ""((3, 3), 2)"": 1542, ""((3, 3), 3)"": 160}, ""degree_pair_exact"": true, ""matched_edge_count_per_control"": 7774, ""matching_method"": ""integral max-flow with exact endpoint-degree-quantile-pair and base normalized edge-weight quantile marginals"", ""shortages"": {}, ""status"": ""MATCHED"", ""target_degree_pair_marginal"": ""{(0, 1): 60, (1, 3): 718, (2, 3): 1860, (1, 2): 197, (0, 2): 152, (0, 3): 648, (2, 2): 240, (3, 3): 3852, (1, 1): 47}"", ""target_edge_count"": 7774, ""target_weight_quantile_marginal"": ""{3: 1678, 1: 2048, 0: 2247, 2: 1801}"", ""verified_exact_marginals"": true, ""weight_quantile_exact"": true}",frozen graph intervention; FIXED_NORM_MASK is not retrained valid-operator performance
Grocery,44,visual_uniform,joint_low_similarity_high_novelty,RENORMALIZED_DELETE,7774,-0.007906295754026349,-0.008750576195132087,-0.0010120272636413574,0.3272361755371094,20,0.006795123219490051,0.0025194445369791617,-0.007807150483131409,-0.005051244509516789,MATCHED,"{""allocated_cells"": 17, ""allocation"": {""((0, 1), 3)"": 60, ""((0, 2), 3)"": 152, ""((0, 3), 1)"": 107, ""((0, 3), 2)"": 259, ""((0, 3), 3)"": 282, ""((1, 1), 3)"": 47, ""((1, 2), 3)"": 197, ""((1, 3), 1)"": 547, ""((1, 3), 3)"": 171, ""((2, 2), 3)"": 240, ""((2, 3), 0)"": 480, ""((2, 3), 1)"": 1011, ""((2, 3), 3)"": 369, ""((3, 3), 0)"": 1767, ""((3, 3), 1)"": 383, ""((3, 3), 2)"": 1542, ""((3, 3), 3)"": 160}, ""degree_pair_exact"": true, ""matched_edge_count_per_control"": 7774, ""matching_method"": ""integral max-flow with exact endpoint-degree-quantile-pair and base normalized edge-weight quantile marginals"", ""shortages"": {}, ""status"": ""MATCHED"", ""target_degree_pair_marginal"": ""{(0, 1): 60, (1, 3): 718, (2, 3): 1860, (1, 2): 197, (0, 2): 152, (0, 3): 648, (2, 2): 240, (3, 3): 3852, (1, 1): 47}"", ""target_edge_count"": 7774, ""target_weight_quantile_marginal"": ""{3: 1678, 1: 2048, 0: 2247, 2: 1801}"", ""verified_exact_marginals"": true, ""weight_quantile_exact"": true}",frozen graph intervention; FIXED_NORM_MASK is not retrained valid-operator performance
Grocery,44,visual_uniform,joint_high_similarity_low_novelty,FIXED_NORM_MASK,7231,-0.0014641288433381305,-0.0019465239445388693,0.03414487838745117,-0.3085489273071289,20,0.03151940107345581,0.0016080604859983287,0.0026254773139953586,-0.004992679355783264,MATCHED,"{""allocated_cells"": 15, ""allocation"": {""((0, 1), 3)"": 38, ""((0, 2), 3)"": 4, ""((0, 3), 1)"": 8, ""((1, 1), 3)"": 115, ""((1, 2), 3)"": 212, ""((1, 3), 1)"": 52, ""((1, 3), 3)"": 186, ""((2, 2), 3)"": 418, ""((2, 3), 0)"": 711, ""((2, 3), 1)"": 462, ""((2, 3), 3)"": 336, ""((3, 3), 0)"": 1216, ""((3, 3), 1)"": 1508, ""((3, 3), 2)"": 1829, ""((3, 3), 3)"": 136}, ""degree_pair_exact"": true, ""matched_edge_count_per_control"": 7231, ""matching_method"": ""integral max-flow with exact endpoint-degree-quantile-pair and base normalized edge-weight quantile marginals"", ""shortages"": {}, ""status"": ""MATCHED"", ""target_degree_pair_marginal"": ""{(1, 1): 115, (1, 2): 212, (2, 2): 418, (2, 3): 1509, (3, 3): 4689, (1, 3): 238, (0, 1): 38, (0, 2): 4, (0, 3): 8}"", ""target_edge_count"": 7231, ""target_weight_quantile_marginal"": ""{3: 1445, 2: 1829, 1: 2030, 0: 1927}"", ""verified_exact_marginals"": true, ""weight_quantile_exact"": true}",frozen graph intervention; FIXED_NORM_MASK is not retrained valid-operator performance
Grocery,44,visual_uniform,joint_high_similarity_low_novelty,RENORMALIZED_DELETE,7231,-0.0002928257686676261,-0.0007791697701564626,0.002324402332305908,-0.025701045989990234,20,0.0011968404054641725,0.0014570190063971026,0.0011275619268417358,-0.0018008784773059562,MATCHED,"{""allocated_cells"": 15, ""allocation"": {""((0, 1), 3)"": 38, ""((0, 2), 3)"": 4, ""((0, 3), 1)"": 8, ""((1, 1), 3)"": 115, ""((1, 2), 3)"": 212, ""((1, 3), 1)"": 52, ""((1, 3), 3)"": 186, ""((2, 2), 3)"": 418, ""((2, 3), 0)"": 711, ""((2, 3), 1)"": 462, ""((2, 3), 3)"": 336, ""((3, 3), 0)"": 1216, ""((3, 3), 1)"": 1508, ""((3, 3), 2)"": 1829, ""((3, 3), 3)"": 136}, ""degree_pair_exact"": true, ""matched_edge_count_per_control"": 7231, ""matching_method"": ""integral max-flow with exact endpoint-degree-quantile-pair and base normalized edge-weight quantile marginals"", ""shortages"": {}, ""status"": ""MATCHED"", ""target_degree_pair_marginal"": ""{(1, 1): 115, (1, 2): 212, (2, 2): 418, (2, 3): 1509, (3, 3): 4689, (1, 3): 238, (0, 1): 38, (0, 2): 4, (0, 3): 8}"", ""target_edge_count"": 7231, ""target_weight_quantile_marginal"": ""{3: 1445, 2: 1829, 1: 2030, 0: 1927}"", ""verified_exact_marginals"": true, ""weight_quantile_exact"": true}",frozen graph intervention; FIXED_NORM_MASK is not retrained valid-operator performance
ele-fashion,42,text_uniform,text_semantic_q0,FIXED_NORM_MASK,52379,0.0013296512222563672,0.002610193459999355,0.018869012594223022,-0.33005762100219727,20,0.024630503356456758,0.0010025101940641544,-0.0057614907622337355,-0.002316661552623461,MATCHED,"{""allocated_cells"": 14, ""allocation"": {""((0, 0), 3)"": 230, ""((0, 2), 3)"": 666, ""((0, 3), 1)"": 4784, ""((0, 3), 2)"": 4132, ""((0, 3), 3)"": 1858, ""((2, 2), 3)"": 516, ""((2, 3), 0)"": 5492, ""((2, 3), 1)"": 9295, ""((2, 3), 2)"": 171, ""((2, 3), 3)"": 785, ""((3, 3), 0)"": 9954, ""((3, 3), 1)"": 280, ""((3, 3), 2)"": 8299, ""((3, 3), 3)"": 5917}, ""degree_pair_exact"": true, ""matched_edge_count_per_control"": 52379, ""matching_method"": ""integral max-flow with exact endpoint-degree-quantile-pair and base normalized edge-weight quantile marginals"", ""shortages"": {}, ""status"": ""MATCHED"", ""target_degree_pair_marginal"": ""{(3, 3): 24450, (2, 3): 15743, (0, 3): 10774, (0, 2): 666, (0, 0): 230, (2, 2): 516}"", ""target_edge_count"": 52379, ""target_weight_quantile_marginal"": ""{0: 15446, 1: 14359, 2: 12602, 3: 9972}"", ""verified_exact_marginals"": true, ""weight_quantile_exact"": true}",frozen graph intervention; FIXED_NORM_MASK is not retrained valid-operator performance
ele-fashion,42,text_uniform,text_semantic_q0,RENORMALIZED_DELETE,52379,0.0015342129487573297,0.002931383956965683,0.008865177631378174,0.4975709915161133,20,0.010915729403495788,0.0007004915568194082,-0.002050551772117614,-0.0030735399406770616,MATCHED,"{""allocated_cells"": 14, ""allocation"": {""((0, 0), 3)"": 230, ""((0, 2), 3)"": 666, ""((0, 3), 1)"": 4784, ""((0, 3), 2)"": 4132, ""((0, 3), 3)"": 1858, ""((2, 2), 3)"": 516, ""((2, 3), 0)"": 5492, ""((2, 3), 1)"": 9295, ""((2, 3), 2)"": 171, ""((2, 3), 3)"": 785, ""((3, 3), 0)"": 9954, ""((3, 3), 1)"": 280, ""((3, 3), 2)"": 8299, ""((3, 3), 3)"": 5917}, ""degree_pair_exact"": true, ""matched_edge_count_per_control"": 52379, ""matching_method"": ""integral max-flow with exact endpoint-degree-quantile-pair and base normalized edge-weight quantile marginals"", ""shortages"": {}, ""status"": ""MATCHED"", ""target_degree_pair_marginal"": ""{(3, 3): 24450, (2, 3): 15743, (0, 3): 10774, (0, 2): 666, (0, 0): 230, (2, 2): 516}"", ""target_edge_count"": 52379, ""target_weight_quantile_marginal"": ""{0: 15446, 1: 14359, 2: 12602, 3: 9972}"", ""verified_exact_marginals"": true, ""weight_quantile_exact"": true}",frozen graph intervention; FIXED_NORM_MASK is not retrained valid-operator performance
ele-fashion,42,text_uniform,text_semantic_q3,FIXED_NORM_MASK,0,0.0,0.0,0.0,0.0,0,nan,nan,nan,nan,EMPTY_TARGET_GROUP,"{""allocated_cells"": 0, ""allocation"": {}, ""degree_pair_exact"": false, ""matched_edge_count_per_control"": 0, ""matching_method"": ""integral max-flow with exact endpoint-degree-quantile-pair and base normalized edge-weight quantile marginals"", ""shortages"": {}, ""status"": ""EMPTY_TARGET_GROUP"", ""target_degree_pair_marginal"": ""{}"", ""target_edge_count"": 0, ""target_weight_quantile_marginal"": ""{}"", ""weight_quantile_exact"": false}",frozen graph intervention; FIXED_NORM_MASK is not retrained valid-operator performance
ele-fashion,42,text_uniform,text_semantic_q3,RENORMALIZED_DELETE,0,0.0,0.0,0.0,-4.76837158203125e-07,0,nan,nan,nan,nan,EMPTY_TARGET_GROUP,"{""allocated_cells"": 0, ""allocation"": {}, ""degree_pair_exact"": false, ""matched_edge_count_per_control"": 0, ""matching_method"": ""integral max-flow with exact endpoint-degree-quantile-pair and base normalized edge-weight quantile marginals"", ""shortages"": {}, ""status"": ""EMPTY_TARGET_GROUP"", ""target_degree_pair_marginal"": ""{}"", ""target_edge_count"": 0, ""target_weight_quantile_marginal"": ""{}"", ""weight_quantile_exact"": false}",frozen graph intervention; FIXED_NORM_MASK is not retrained valid-operator performance
ele-fashion,42,text_uniform,text_low_similarity_high_novelty,FIXED_NORM_MASK,24199,0.0019433364017592547,0.0026146703591215514,0.00196269154548645,-0.067108154296875,20,0.01067192405462265,0.0006057006968269499,-0.0087092325091362,-0.00025570215812617536,MATCHED,"{""allocated_cells"": 9, ""allocation"": {""((0, 2), 3)"": 345, ""((0, 3), 0)"": 2560, ""((0, 3), 1)"": 2142, ""((2, 2), 3)"": 284, ""((2, 3), 0)"": 4432, ""((2, 3), 1)"": 4504, ""((3, 3), 1)"": 16, ""((3, 3), 2)"": 5925, ""((3, 3), 3)"": 3991}, ""degree_pair_exact"": true, ""matched_edge_count_per_control"": 24199, ""matching_method"": ""integral max-flow with exact endpoint-degree-quantile-pair and base normalized edge-weight quantile marginals"", ""shortages"": {}, ""status"": ""MATCHED"", ""target_degree_pair_marginal"": ""{(3, 3): 9932, (2, 3): 8936, (0, 3): 4702, (0, 2): 345, (2, 2): 284}"", ""target_edge_count"": 24199, ""target_weight_quantile_marginal"": ""{0: 6992, 1: 6662, 2: 5925, 3: 4620}"", ""verified_exact_marginals"": true, ""weight_quantile_exact"": true}",frozen graph intervention; FIXED_NORM_MASK is not retrained valid-operator performance
ele-fashion,42,text_uniform,text_low_similarity_high_novelty,RENORMALIZED_DELETE,24199,0.0018410555385087735,0.0016353445373052944,0.0018194615840911865,0.30748558044433594,20,0.0027235716581344603,0.00080656309278463,-0.0009041100740432738,-0.0005216324025774488,MATCHED,"{""allocated_cells"": 9, ""allocation"": {""((0, 2), 3)"": 345, ""((0, 3), 0)"": 2560, ""((0, 3), 1)"": 2142, ""((2, 2), 3)"": 284, ""((2, 3), 0)"": 4432, ""((2, 3), 1)"": 4504, ""((3, 3), 1)"": 16, ""((3, 3), 2)"": 5925, ""((3, 3), 3)"": 3991}, ""degree_pair_exact"": true, ""matched_edge_count_per_control"": 24199, ""matching_method"": ""integral max-flow with exact endpoint-degree-quantile-pair and base normalized edge-weight quantile marginals"", ""shortages"": {}, ""status"": ""MATCHED"", ""target_degree_pair_marginal"": ""{(3, 3): 9932, (2, 3): 8936, (0, 3): 4702, (0, 2): 345, (2, 2): 284}"", ""target_edge_count"": 24199, ""target_weight_quantile_marginal"": ""{0: 6992, 1: 6662, 2: 5925, 3: 4620}"", ""verified_exact_marginals"": true, ""weight_quantile_exact"": true}",frozen graph intervention; FIXED_NORM_MASK is not retrained valid-operator performance
ele-fashion,42,text_uniform,text_high_similarity_low_novelty,FIXED_NORM_MASK,34609,-0.0010228086325048125,0.00036781104246008667,0.014220267534255981,-0.4002869129180908,20,0.012999744713306427,0.0007584492206470108,0.0012205228209495548,0.00015342129487578294,MATCHED,"{""allocated_cells"": 11, ""allocation"": {""((0, 2), 3)"": 1006, ""((0, 3), 0)"": 1919, ""((0, 3), 1)"": 1123, ""((0, 3), 3)"": 1057, ""((2, 2), 3)"": 749, ""((2, 3), 0)"": 6141, ""((2, 3), 1)"": 1189, ""((3, 3), 0)"": 1057, ""((3, 3), 1)"": 6069, ""((3, 3), 2)"": 8532, ""((3, 3), 3)"": 5767}, ""degree_pair_exact"": true, ""matched_edge_count_per_control"": 34609, ""matching_method"": ""integral max-flow with exact endpoint-degree-quantile-pair and base normalized edge-weight quantile marginals"", ""shortages"": {}, ""status"": ""MATCHED"", ""target_degree_pair_marginal"": ""{(3, 3): 21425, (2, 3): 7330, (0, 3): 4099, (0, 2): 1006, (2, 2): 749}"", ""target_edge_count"": 34609, ""target_weight_quantile_marginal"": ""{0: 9117, 1: 8381, 2: 8532, 3: 8579}"", ""verified_exact_marginals"": true, ""weight_quantile_exact"": true}",frozen graph intervention; FIXED_NORM_MASK is not retrained valid-operator performance
ele-fashion,42,text_uniform,text_high_similarity_low_novelty,RENORMALIZED_DELETE,34609,-0.0011250894957552937,0.00023383289481204717,0.002101898193359375,0.036804914474487305,20,0.004686307907104492,0.0015699374295149418,-0.002584409713745117,-0.0008693873376290795,MATCHED,"{""allocated_cells"": 11, ""allocation"": {""((0, 2), 3)"": 1006, ""((0, 3), 0)"": 1919, ""((0, 3), 1)"": 1123, ""((0, 3), 3)"": 1057, ""((2, 2), 3)"": 749, ""((2, 3), 0)"": 6141, ""((2, 3), 1)"": 1189, ""((3, 3), 0)"": 1057, ""((3, 3), 1)"": 6069, ""((3, 3), 2)"": 8532, ""((3, 3), 3)"": 5767}, ""degree_pair_exact"": true, ""matched_edge_count_per_control"": 34609, ""matching_method"": ""integral max-flow with exact endpoint-degree-quantile-pair and base normalized edge-weight quantile marginals"", ""shortages"": {}, ""status"": ""MATCHED"", ""target_degree_pair_marginal"": ""{(3, 3): 21425, (2, 3): 7330, (0, 3): 4099, (0, 2): 1006, (2, 2): 749}"", ""target_edge_count"": 34609, ""target_weight_quantile_marginal"": ""{0: 9117, 1: 8381, 2: 8532, 3: 8579}"", ""verified_exact_marginals"": true, ""weight_quantile_exact"": true}",frozen graph intervention; FIXED_NORM_MASK is not retrained valid-operator performance
ele-fashion,42,text_uniform,joint_low_similarity_high_novelty,FIXED_NORM_MASK,22135,0.002454740718011661,0.0026438147099278053,0.001418083906173706,-0.07516622543334961,20,0.00985288918018341,0.0004650005991217554,-0.008434805274009704,-0.0003528689782141381,MATCHED,"{""allocated_cells"": 9, ""allocation"": {""((0, 2), 3)"": 402, ""((0, 3), 0)"": 2641, ""((0, 3), 1)"": 1979, ""((2, 2), 3)"": 342, ""((2, 3), 0)"": 3241, ""((2, 3), 1)"": 3842, ""((2, 3), 2)"": 987, ""((3, 3), 2)"": 4550, ""((3, 3), 3)"": 4151}, ""degree_pair_exact"": true, ""matched_edge_count_per_control"": 22135, ""matching_method"": ""integral max-flow with exact endpoint-degree-quantile-pair and base normalized edge-weight quantile marginals"", ""shortages"": {}, ""status"": ""MATCHED"", ""target_degree_pair_marginal"": ""{(3, 3): 8701, (2, 3): 8070, (0, 3): 4620, (0, 2): 402, (2, 2): 342}"", ""target_edge_count"": 22135, ""target_weight_quantile_marginal"": ""{0: 5882, 1: 5821, 2: 5537, 3: 4895}"", ""verified_exact_marginals"": true, ""weight_quantile_exact"": true}",frozen graph intervention; FIXED_NORM_MASK is not retrained valid-operator performance
ele-fashion,42,text_uniform,joint_low_similarity_high_novelty,RENORMALIZED_DELETE,22135,0.0022501789915106984,0.001449331650782093,0.0007629096508026123,0.2797856330871582,20,0.00405166894197464,0.0010629188872122817,-0.003288759291172028,-0.0007619924312160853,MATCHED,"{""allocated_cells"": 9, ""allocation"": {""((0, 2), 3)"": 402, ""((0, 3), 0)"": 2641, ""((0, 3), 1)"": 1979, ""((2, 2), 3)"": 342, ""((2, 3), 0)"": 3241, ""((2, 3), 1)"": 3842, ""((2, 3), 2)"": 987, ""((3, 3), 2)"": 4550, ""((3, 3), 3)"": 4151}, ""degree_pair_exact"": true, ""matched_edge_count_per_control"": 22135, ""matching_method"": ""integral max-flow with exact endpoint-degree-quantile-pair and base normalized edge-weight quantile marginals"", ""shortages"": {}, ""status"": ""MATCHED"", ""target_degree_pair_marginal"": ""{(3, 3): 8701, (2, 3): 8070, (0, 3): 4620, (0, 2): 402, (2, 2): 342}"", ""target_edge_count"": 22135, ""target_weight_quantile_marginal"": ""{0: 5882, 1: 5821, 2: 5537, 3: 4895}"", ""verified_exact_marginals"": true, ""weight_quantile_exact"": true}",frozen graph intervention; FIXED_NORM_MASK is not retrained valid-operator performance
ele-fashion,42,text_uniform,joint_high_similarity_low_novelty,FIXED_NORM_MASK,17730,-0.00030684258975144374,0.0004190783493971395,0.0058051347732543945,-0.21692562103271484,20,0.0042910903692245485,0.0009279708013525459,0.001514044404029846,-0.00022501789915104208,MATCHED,"{""allocated_cells"": 8, ""allocation"": {""((0, 2), 3)"": 558, ""((0, 3), 0)"": 1800, ""((2, 2), 3)"": 462, ""((2, 3), 0)"": 2709, ""((2, 3), 1)"": 916, ""((3, 3), 1)"": 3534, ""((3, 3), 2)"": 4386, ""((3, 3), 3)"": 3365}, ""degree_pair_exact"": true, ""matched_edge_count_per_control"": 17730, ""matching_method"": ""integral max-flow with exact endpoint-degree-quantile-pair and base normalized edge-weight quantile marginals"", ""shortages"": {}, ""status"": ""MATCHED"", ""target_degree_pair_marginal"": ""{(3, 3): 11285, (2, 3): 3625, (0, 3): 1800, (0, 2): 558, (2, 2): 462}"", ""target_edge_count"": 17730, ""target_weight_quantile_marginal"": ""{0: 4509, 2: 4386, 3: 4385, 1: 4450}"", ""verified_exact_marginals"": true, ""weight_quantile_exact"": true}",frozen graph intervention; FIXED_NORM_MASK is not retrained valid-operator performance
ele-fashion,42,text_uniform,joint_high_similarity_low_novelty,RENORMALIZED_DELETE,17730,-0.0002045617265009625,0.0007957163308084381,0.00020995736122131348,0.0121612548828125,20,0.002249385416507721,0.0009628987527684071,-0.0020394280552864076,-0.00034264089188910664,MATCHED,"{""allocated_cells"": 8, ""allocation"": {""((0, 2), 3)"": 558, ""((0, 3), 0)"": 1800, ""((2, 2), 3)"": 462, ""((2, 3), 0)"": 2709, ""((2, 3), 1)"": 916, ""((3, 3), 1)"": 3534, ""((3, 3), 2)"": 4386, ""((3, 3), 3)"": 3365}, ""degree_pair_exact"": true, ""matched_edge_count_per_control"": 17730, ""matching_method"": ""integral max-flow with exact endpoint-degree-quantile-pair and base normalized edge-weight quantile marginals"", ""shortages"": {}, ""status"": ""MATCHED"", ""target_degree_pair_marginal"": ""{(3, 3): 11285, (2, 3): 3625, (0, 3): 1800, (0, 2): 558, (2, 2): 462}"", ""target_edge_count"": 17730, ""target_weight_quantile_marginal"": ""{0: 4509, 2: 4386, 3: 4385, 1: 4450}"", ""verified_exact_marginals"": true, ""weight_quantile_exact"": true}",frozen graph intervention; FIXED_NORM_MASK is not retrained valid-operator performance
ele-fashion,42,visual_uniform,visual_semantic_q0,FIXED_NORM_MASK,54319,-0.011353175820803973,-0.006451476072061202,0.039966195821762085,-0.40482282638549805,20,0.02968556582927704,0.0011941755682565755,0.010280629992485045,-0.005405543622788206,MATCHED,"{""allocated_cells"": 13, ""allocation"": {""((0, 0), 3)"": 318, ""((0, 2), 3)"": 881, ""((0, 3), 1)"": 5401, ""((0, 3), 2)"": 3092, ""((0, 3), 3)"": 1987, ""((2, 2), 3)"": 719, ""((2, 3), 0)"": 4249, ""((2, 3), 1)"": 8833, ""((2, 3), 2)"": 760, ""((2, 3), 3)"": 2348, ""((3, 3), 0)"": 10269, ""((3, 3), 2)"": 9791, ""((3, 3), 3)"": 5671}, ""degree_pair_exact"": true, ""matched_edge_count_per_control"": 54319, ""matching_method"": ""integral max-flow with exact endpoint-degree-quantile-pair and base normalized edge-weight quantile marginals"", ""shortages"": {}, ""status"": ""MATCHED"", ""target_degree_pair_marginal"": ""{(3, 3): 25731, (2, 3): 16190, (0, 3): 10480, (0, 2): 881, (0, 0): 318, (2, 2): 719}"", ""target_edge_count"": 54319, ""target_weight_quantile_marginal"": ""{0: 14518, 1: 14234, 2: 13643, 3: 11924}"", ""verified_exact_marginals"": true, ""weight_quantile_exact"": true}",frozen graph intervention; FIXED_NORM_MASK is not retrained valid-operator performance
ele-fashion,42,visual_uniform,visual_semantic_q0,RENORMALIZED_DELETE,54319,-0.009205277692543756,-0.0026662032201149044,0.057233721017837524,0.3937547206878662,20,0.021813949942588805,0.0013267685821867954,0.03541977107524872,-0.004771402270635172,MATCHED,"{""allocated_cells"": 13, ""allocation"": {""((0, 0), 3)"": 318, ""((0, 2), 3)"": 881, ""((0, 3), 1)"": 5401, ""((0, 3), 2)"": 3092, ""((0, 3), 3)"": 1987, ""((2, 2), 3)"": 719, ""((2, 3), 0)"": 4249, ""((2, 3), 1)"": 8833, ""((2, 3), 2)"": 760, ""((2, 3), 3)"": 2348, ""((3, 3), 0)"": 10269, ""((3, 3), 2)"": 9791, ""((3, 3), 3)"": 5671}, ""degree_pair_exact"": true, ""matched_edge_count_per_control"": 54319, ""matching_method"": ""integral max-flow with exact endpoint-degree-quantile-pair and base normalized edge-weight quantile marginals"", ""shortages"": {}, ""status"": ""MATCHED"", ""target_degree_pair_marginal"": ""{(3, 3): 25731, (2, 3): 16190, (0, 3): 10480, (0, 2): 881, (0, 0): 318, (2, 2): 719}"", ""target_edge_count"": 54319, ""target_weight_quantile_marginal"": ""{0: 14518, 1: 14234, 2: 13643, 3: 11924}"", ""verified_exact_marginals"": true, ""weight_quantile_exact"": true}",frozen graph intervention; FIXED_NORM_MASK is not retrained valid-operator performance
ele-fashion,42,visual_uniform,visual_semantic_q3,FIXED_NORM_MASK,0,0.0,0.0,0.0,0.0,0,nan,nan,nan,nan,EMPTY_TARGET_GROUP,"{""allocated_cells"": 0, ""allocation"": {}, ""degree_pair_exact"": false, ""matched_edge_count_per_control"": 0, ""matching_method"": ""integral max-flow with exact endpoint-degree-quantile-pair and base normalized edge-weight quantile marginals"", ""shortages"": {}, ""status"": ""EMPTY_TARGET_GROUP"", ""target_degree_pair_marginal"": ""{}"", ""target_edge_count"": 0, ""target_weight_quantile_marginal"": ""{}"", ""weight_quantile_exact"": false}",frozen graph intervention; FIXED_NORM_MASK is not retrained valid-operator performance
ele-fashion,42,visual_uniform,visual_semantic_q3,RENORMALIZED_DELETE,0,0.0,0.0,0.0,0.0,0,nan,nan,nan,nan,EMPTY_TARGET_GROUP,"{""allocated_cells"": 0, ""allocation"": {}, ""degree_pair_exact"": false, ""matched_edge_count_per_control"": 0, ""matching_method"": ""integral max-flow with exact endpoint-degree-quantile-pair and base normalized edge-weight quantile marginals"", ""shortages"": {}, ""status"": ""EMPTY_TARGET_GROUP"", ""target_degree_pair_marginal"": ""{}"", ""target_edge_count"": 0, ""target_weight_quantile_marginal"": ""{}"", ""weight_quantile_exact"": false}",frozen graph intervention; FIXED_NORM_MASK is not retrained valid-operator performance
ele-fashion,42,visual_uniform,visual_low_similarity_high_novelty,FIXED_NORM_MASK,21865,-0.005830009205277764,-0.005905787485527281,0.01612904667854309,-0.10331439971923828,20,0.009944121539592742,0.0010200374567778908,0.006184925138950349,-0.0016722921141454794,MATCHED,"{""allocated_cells"": 9, ""allocation"": {""((0, 2), 3)"": 480, ""((0, 3), 0)"": 2610, ""((0, 3), 1)"": 2573, ""((2, 2), 3)"": 391, ""((2, 3), 0)"": 2689, ""((2, 3), 1)"": 2963, ""((2, 3), 2)"": 2173, ""((3, 3), 2)"": 3335, ""((3, 3), 3)"": 4651}, ""degree_pair_exact"": true, ""matched_edge_count_per_control"": 21865, ""matching_method"": ""integral max-flow with exact endpoint-degree-quantile-pair and base normalized edge-weight quantile marginals"", ""shortages"": {}, ""status"": ""MATCHED"", ""target_degree_pair_marginal"": ""{(3, 3): 7986, (2, 3): 7825, (0, 3): 5183, (0, 2): 480, (2, 2): 391}"", ""target_edge_count"": 21865, ""target_weight_quantile_marginal"": ""{0: 5299, 1: 5536, 2: 5508, 3: 5522}"", ""verified_exact_marginals"": true, ""weight_quantile_exact"": true}",frozen graph intervention; FIXED_NORM_MASK is not retrained valid-operator performance
ele-fashion,42,visual_uniform,visual_low_similarity_high_novelty,RENORMALIZED_DELETE,21865,-0.005216324025774766,-0.004828137881446648,0.029456764459609985,0.24199891090393066,20,0.010856644809246063,0.0014640061711620796,0.01860011965036392,-0.001610923596195185,MATCHED,"{""allocated_cells"": 9, ""allocation"": {""((0, 2), 3)"": 480, ""((0, 3), 0)"": 2610, ""((0, 3), 1)"": 2573, ""((2, 2), 3)"": 391, ""((2, 3), 0)"": 2689, ""((2, 3), 1)"": 2963, ""((2, 3), 2)"": 2173, ""((3, 3), 2)"": 3335, ""((3, 3), 3)"": 4651}, ""degree_pair_exact"": true, ""matched_edge_count_per_control"": 21865, ""matching_method"": ""integral max-flow with exact endpoint-degree-quantile-pair and base normalized edge-weight quantile marginals"", ""shortages"": {}, ""status"": ""MATCHED"", ""target_degree_pair_marginal"": ""{(3, 3): 7986, (2, 3): 7825, (0, 3): 5183, (0, 2): 480, (2, 2): 391}"", ""target_edge_count"": 21865, ""target_weight_quantile_marginal"": ""{0: 5299, 1: 5536, 2: 5508, 3: 5522}"", ""verified_exact_marginals"": true, ""weight_quantile_exact"": true}",frozen graph intervention; FIXED_NORM_MASK is not retrained valid-operator performance
ele-fashion,42,visual_uniform,visual_high_similarity_low_novelty,FIXED_NORM_MASK,21213,-0.0010228086325049235,-0.0024380606440972397,0.006985455751419067,-0.24697446823120117,20,0.0060454592108726505,0.0008151969432960594,0.0009399965405464169,-0.0016620640278204256,MATCHED,"{""allocated_cells"": 8, ""allocation"": {""((0, 2), 3)"": 530, ""((0, 3), 0)"": 1911, ""((2, 2), 3)"": 474, ""((2, 3), 0)"": 4395, ""((3, 3), 0)"": 53, ""((3, 3), 1)"": 5474, ""((3, 3), 2)"": 4841, ""((3, 3), 3)"": 3535}, ""degree_pair_exact"": true, ""matched_edge_count_per_control"": 21213, ""matching_method"": ""integral max-flow with exact endpoint-degree-quantile-pair and base normalized edge-weight quantile marginals"", ""shortages"": {}, ""status"": ""MATCHED"", ""target_degree_pair_marginal"": ""{(3, 3): 13903, (2, 3): 4395, (0, 3): 1911, (2, 2): 474, (0, 2): 530}"", ""target_edge_count"": 21213, ""target_weight_quantile_marginal"": ""{0: 6359, 1: 5474, 2: 4841, 3: 4539}"", ""verified_exact_marginals"": true, ""weight_quantile_exact"": true}",frozen graph intervention; FIXED_NORM_MASK is not retrained valid-operator performance
ele-fashion,42,visual_uniform,visual_high_similarity_low_novelty,RENORMALIZED_DELETE,21213,-0.0015342129487573297,-0.00426692815894969,0.0017713308334350586,0.01928400993347168,20,0.006005516648292542,0.0010519318035465957,-0.004234185814857483,-0.0014165899560192707,MATCHED,"{""allocated_cells"": 8, ""allocation"": {""((0, 2), 3)"": 530, ""((0, 3), 0)"": 1911, ""((2, 2), 3)"": 474, ""((2, 3), 0)"": 4395, ""((3, 3), 0)"": 53, ""((3, 3), 1)"": 5474, ""((3, 3), 2)"": 4841, ""((3, 3), 3)"": 3535}, ""degree_pair_exact"": true, ""matched_edge_count_per_control"": 21213, ""matching_method"": ""integral max-flow with exact endpoint-degree-quantile-pair and base normalized edge-weight quantile marginals"", ""shortages"": {}, ""status"": ""MATCHED"", ""target_degree_pair_marginal"": ""{(3, 3): 13903, (2, 3): 4395, (0, 3): 1911, (2, 2): 474, (0, 2): 530}"", ""target_edge_count"": 21213, ""target_weight_quantile_marginal"": ""{0: 6359, 1: 5474, 2: 4841, 3: 4539}"", ""verified_exact_marginals"": true, ""weight_quantile_exact"": true}",frozen graph intervention; FIXED_NORM_MASK is not retrained valid-operator performance
ele-fashion,42,visual_uniform,joint_low_similarity_high_novelty,FIXED_NORM_MASK,22135,-0.0031707067607651407,-0.005304538944642223,0.007888108491897583,-0.08867549896240234,20,0.010521361231803894,0.0004543681518247567,-0.0026332527399063107,-0.0016825202004705276,MATCHED,"{""allocated_cells"": 9, ""allocation"": {""((0, 2), 3)"": 402, ""((0, 3), 0)"": 2641, ""((0, 3), 1)"": 1979, ""((2, 2), 3)"": 342, ""((2, 3), 0)"": 3241, ""((2, 3), 1)"": 3842, ""((2, 3), 2)"": 987, ""((3, 3), 2)"": 4550, ""((3, 3), 3)"": 4151}, ""degree_pair_exact"": true, ""matched_edge_count_per_control"": 22135, ""matching_method"": ""integral max-flow with exact endpoint-degree-quantile-pair and base normalized edge-weight quantile marginals"", ""shortages"": {}, ""status"": ""MATCHED"", ""target_degree_pair_marginal"": ""{(3, 3): 8701, (2, 3): 8070, (0, 3): 4620, (0, 2): 402, (2, 2): 342}"", ""target_edge_count"": 22135, ""target_weight_quantile_marginal"": ""{0: 5882, 1: 5821, 2: 5537, 3: 4895}"", ""verified_exact_marginals"": true, ""weight_quantile_exact"": true}",frozen graph intervention; FIXED_NORM_MASK is not retrained valid-operator performance
ele-fashion,42,visual_uniform,joint_low_similarity_high_novelty,RENORMALIZED_DELETE,22135,-0.002863864171013586,-0.004007311722542428,0.01888224482536316,0.25228428840637207,20,0.010127797722816467,0.0015870617313335498,0.008754447102546692,-0.0013910197402066504,MATCHED,"{""allocated_cells"": 9, ""allocation"": {""((0, 2), 3)"": 402, ""((0, 3), 0)"": 2641, ""((0, 3), 1)"": 1979, ""((2, 2), 3)"": 342, ""((2, 3), 0)"": 3241, ""((2, 3), 1)"": 3842, ""((2, 3), 2)"": 987, ""((3, 3), 2)"": 4550, ""((3, 3), 3)"": 4151}, ""degree_pair_exact"": true, ""matched_edge_count_per_control"": 22135, ""matching_method"": ""integral max-flow with exact endpoint-degree-quantile-pair and base normalized edge-weight quantile marginals"", ""shortages"": {}, ""status"": ""MATCHED"", ""target_degree_pair_marginal"": ""{(3, 3): 8701, (2, 3): 8070, (0, 3): 4620, (0, 2): 402, (2, 2): 342}"", ""target_edge_count"": 22135, ""target_weight_quantile_marginal"": ""{0: 5882, 1: 5821, 2: 5537, 3: 4895}"", ""verified_exact_marginals"": true, ""weight_quantile_exact"": true}",frozen graph intervention; FIXED_NORM_MASK is not retrained valid-operator performance
ele-fashion,42,visual_uniform,joint_high_similarity_low_novelty,FIXED_NORM_MASK,17730,-0.0007159660427534797,-0.0018605062487787594,0.005177825689315796,-0.2258286476135254,20,0.005034016072750091,0.0008667327676885509,0.0001438096165657047,-0.001437046128669356,MATCHED,"{""allocated_cells"": 8, ""allocation"": {""((0, 2), 3)"": 558, ""((0, 3), 0)"": 1800, ""((2, 2), 3)"": 462, ""((2, 3), 0)"": 2709, ""((2, 3), 1)"": 916, ""((3, 3), 1)"": 3534, ""((3, 3), 2)"": 4386, ""((3, 3), 3)"": 3365}, ""degree_pair_exact"": true, ""matched_edge_count_per_control"": 17730, ""matching_method"": ""integral max-flow with exact endpoint-degree-quantile-pair and base normalized edge-weight quantile marginals"", ""shortages"": {}, ""status"": ""MATCHED"", ""target_degree_pair_marginal"": ""{(3, 3): 11285, (2, 3): 3625, (0, 3): 1800, (0, 2): 558, (2, 2): 462}"", ""target_edge_count"": 17730, ""target_weight_quantile_marginal"": ""{0: 4509, 2: 4386, 3: 4385, 1: 4450}"", ""verified_exact_marginals"": true, ""weight_quantile_exact"": true}",frozen graph intervention; FIXED_NORM_MASK is not retrained valid-operator performance
ele-fashion,42,visual_uniform,joint_high_similarity_low_novelty,RENORMALIZED_DELETE,17730,-0.000818246906003961,-0.0020358927974097885,0.0026246309280395508,0.009524106979370117,20,0.005328920483589172,0.0011704044389320037,-0.0027042895555496214,-0.0010944052367802327,MATCHED,"{""allocated_cells"": 8, ""allocation"": {""((0, 2), 3)"": 558, ""((0, 3), 0)"": 1800, ""((2, 2), 3)"": 462, ""((2, 3), 0)"": 2709, ""((2, 3), 1)"": 916, ""((3, 3), 1)"": 3534, ""((3, 3), 2)"": 4386, ""((3, 3), 3)"": 3365}, ""degree_pair_exact"": true, ""matched_edge_count_per_control"": 17730, ""matching_method"": ""integral max-flow with exact endpoint-degree-quantile-pair and base normalized edge-weight quantile marginals"", ""shortages"": {}, ""status"": ""MATCHED"", ""target_degree_pair_marginal"": ""{(3, 3): 11285, (2, 3): 3625, (0, 3): 1800, (0, 2): 558, (2, 2): 462}"", ""target_edge_count"": 17730, ""target_weight_quantile_marginal"": ""{0: 4509, 2: 4386, 3: 4385, 1: 4450}"", ""verified_exact_marginals"": true, ""weight_quantile_exact"": true}",frozen graph intervention; FIXED_NORM_MASK is not retrained valid-operator performance
ele-fashion,43,text_uniform,text_semantic_q0,FIXED_NORM_MASK,50176,-0.0014319320855067375,0.0015763054941135834,0.01063886284828186,-0.3549997806549072,20,0.010470572113990783,0.0012061421858464139,0.00016829073429107735,-0.0012120282295182082,MATCHED,"{""allocated_cells"": 13, ""allocation"": {""((0, 0), 3)"": 206, ""((0, 2), 3)"": 624, ""((0, 3), 1)"": 4836, ""((0, 3), 2)"": 3441, ""((0, 3), 3)"": 1889, ""((2, 2), 3)"": 473, ""((2, 3), 0)"": 6185, ""((2, 3), 1)"": 9075, ""((2, 3), 3)"": 76, ""((3, 3), 0)"": 8883, ""((3, 3), 1)"": 3, ""((3, 3), 2)"": 8482, ""((3, 3), 3)"": 6003}, ""degree_pair_exact"": true, ""matched_edge_count_per_control"": 50176, ""matching_method"": ""integral max-flow with exact endpoint-degree-quantile-pair and base normalized edge-weight quantile marginals"", ""shortages"": {}, ""status"": ""MATCHED"", ""target_degree_pair_marginal"": ""{(3, 3): 23371, (2, 3): 15336, (0, 3): 10166, (0, 2): 624, (0, 0): 206, (2, 2): 473}"", ""target_edge_count"": 50176, ""target_weight_quantile_marginal"": ""{0: 15068, 1: 13914, 2: 11923, 3: 9271}"", ""verified_exact_marginals"": true, ""weight_quantile_exact"": true}",frozen graph intervention; FIXED_NORM_MASK is not retrained valid-operator performance
ele-fashion,43,text_uniform,text_semantic_q0,RENORMALIZED_DELETE,50176,-0.0023524598547611797,-0.001278190044807448,0.022580742835998535,0.5389432907104492,20,0.011784061789512634,0.0014229122289706757,0.010796681046485901,-0.002045617265009686,MATCHED,"{""allocated_cells"": 13, ""allocation"": {""((0, 0), 3)"": 206, ""((0, 2), 3)"": 624, ""((0, 3), 1)"": 4836, ""((0, 3), 2)"": 3441, ""((0, 3), 3)"": 1889, ""((2, 2), 3)"": 473, ""((2, 3), 0)"": 6185, ""((2, 3), 1)"": 9075, ""((2, 3), 3)"": 76, ""((3, 3), 0)"": 8883, ""((3, 3), 1)"": 3, ""((3, 3), 2)"": 8482, ""((3, 3), 3)"": 6003}, ""degree_pair_exact"": true, ""matched_edge_count_per_control"": 50176, ""matching_method"": ""integral max-flow with exact endpoint-degree-quantile-pair and base normalized edge-weight quantile marginals"", ""shortages"": {}, ""status"": ""MATCHED"", ""target_degree_pair_marginal"": ""{(3, 3): 23371, (2, 3): 15336, (0, 3): 10166, (0, 2): 624, (0, 0): 206, (2, 2): 473}"", ""target_edge_count"": 50176, ""target_weight_quantile_marginal"": ""{0: 15068, 1: 13914, 2: 11923, 3: 9271}"", ""verified_exact_marginals"": true, ""weight_quantile_exact"": true}",frozen graph intervention; FIXED_NORM_MASK is not retrained valid-operator performance
ele-fashion,43,text_uniform,text_semantic_q3,FIXED_NORM_MASK,0,0.0,0.0,0.0,-4.76837158203125e-07,0,nan,nan,nan,nan,EMPTY_TARGET_GROUP,"{""allocated_cells"": 0, ""allocation"": {}, ""degree_pair_exact"": false, ""matched_edge_count_per_control"": 0, ""matching_method"": ""integral max-flow with exact endpoint-degree-quantile-pair and base normalized edge-weight quantile marginals"", ""shortages"": {}, ""status"": ""EMPTY_TARGET_GROUP"", ""target_degree_pair_marginal"": ""{}"", ""target_edge_count"": 0, ""target_weight_quantile_marginal"": ""{}"", ""weight_quantile_exact"": false}",frozen graph intervention; FIXED_NORM_MASK is not retrained valid-operator performance
ele-fashion,43,text_uniform,text_semantic_q3,RENORMALIZED_DELETE,0,0.0,0.0,0.0,0.0,0,nan,nan,nan,nan,EMPTY_TARGET_GROUP,"{""allocated_cells"": 0, ""allocation"": {}, ""degree_pair_exact"": false, ""matched_edge_count_per_control"": 0, ""matching_method"": ""integral max-flow with exact endpoint-degree-quantile-pair and base normalized edge-weight quantile marginals"", ""shortages"": {}, ""status"": ""EMPTY_TARGET_GROUP"", ""target_degree_pair_marginal"": ""{}"", ""target_edge_count"": 0, ""target_weight_quantile_marginal"": ""{}"", ""weight_quantile_exact"": false}",frozen graph intervention; FIXED_NORM_MASK is not retrained valid-operator performance
ele-fashion,43,text_uniform,text_low_similarity_high_novelty,FIXED_NORM_MASK,23103,-0.000409123453001925,-0.0007687891149039672,0.0008877217769622803,-0.08343124389648438,20,0.0037025585770606995,0.0008822693128642708,-0.002814836800098419,0.00012785107906312376,MATCHED,"{""allocated_cells"": 9, ""allocation"": {""((0, 2), 3)"": 327, ""((0, 3), 0)"": 2574, ""((0, 3), 1)"": 1904, ""((2, 2), 3)"": 263, ""((2, 3), 0)"": 4151, ""((2, 3), 1)"": 4459, ""((2, 3), 2)"": 111, ""((3, 3), 2)"": 5573, ""((3, 3), 3)"": 3741}, ""degree_pair_exact"": true, ""matched_edge_count_per_control"": 23103, ""matching_method"": ""integral max-flow with exact endpoint-degree-quantile-pair and base normalized edge-weight quantile marginals"", ""shortages"": {}, ""status"": ""MATCHED"", ""target_degree_pair_marginal"": ""{(3, 3): 9314, (2, 3): 8721, (0, 3): 4478, (0, 2): 327, (2, 2): 263}"", ""target_edge_count"": 23103, ""target_weight_quantile_marginal"": ""{0: 6725, 1: 6363, 2: 5684, 3: 4331}"", ""verified_exact_marginals"": true, ""weight_quantile_exact"": true}",frozen graph intervention; FIXED_NORM_MASK is not retrained valid-operator performance
ele-fashion,43,text_uniform,text_low_similarity_high_novelty,RENORMALIZED_DELETE,23103,0.0,-0.0015309773972785878,0.012712210416793823,0.3285856246948242,20,0.004655003547668457,0.0010456404202232967,0.008057206869125366,0.00017387746752585144,MATCHED,"{""allocated_cells"": 9, ""allocation"": {""((0, 2), 3)"": 327, ""((0, 3), 0)"": 2574, ""((0, 3), 1)"": 1904, ""((2, 2), 3)"": 263, ""((2, 3), 0)"": 4151, ""((2, 3), 1)"": 4459, ""((2, 3), 2)"": 111, ""((3, 3), 2)"": 5573, ""((3, 3), 3)"": 3741}, ""degree_pair_exact"": true, ""matched_edge_count_per_control"": 23103, ""matching_method"": ""integral max-flow with exact endpoint-degree-quantile-pair and base normalized edge-weight quantile marginals"", ""shortages"": {}, ""status"": ""MATCHED"", ""target_degree_pair_marginal"": ""{(3, 3): 9314, (2, 3): 8721, (0, 3): 4478, (0, 2): 327, (2, 2): 263}"", ""target_edge_count"": 23103, ""target_weight_quantile_marginal"": ""{0: 6725, 1: 6363, 2: 5684, 3: 4331}"", ""verified_exact_marginals"": true, ""weight_quantile_exact"": true}",frozen graph intervention; FIXED_NORM_MASK is not retrained valid-operator performance
ele-fashion,43,text_uniform,text_high_similarity_low_novelty,FIXED_NORM_MASK,35275,-0.0011250894957552937,0.0006411777798746021,0.00784251093864441,-0.4665341377258301,20,0.005056111514568329,0.0015643186160974967,0.00278639942407608,-0.0006239132658279412,MATCHED,"{""allocated_cells"": 11, ""allocation"": {""((0, 2), 3)"": 995, ""((0, 3), 0)"": 2132, ""((0, 3), 1)"": 558, ""((0, 3), 3)"": 912, ""((2, 2), 3)"": 743, ""((2, 3), 0)"": 6708, ""((2, 3), 1)"": 430, ""((3, 3), 0)"": 912, ""((3, 3), 1)"": 7571, ""((3, 3), 2)"": 8593, ""((3, 3), 3)"": 5721}, ""degree_pair_exact"": true, ""matched_edge_count_per_control"": 35275, ""matching_method"": ""integral max-flow with exact endpoint-degree-quantile-pair and base normalized edge-weight quantile marginals"", ""shortages"": {}, ""status"": ""MATCHED"", ""target_degree_pair_marginal"": ""{(3, 3): 22797, (2, 3): 7138, (0, 3): 3602, (0, 2): 995, (2, 2): 743}"", ""target_edge_count"": 35275, ""target_weight_quantile_marginal"": ""{0: 9752, 2: 8593, 1: 8559, 3: 8371}"", ""verified_exact_marginals"": true, ""weight_quantile_exact"": true}",frozen graph intervention; FIXED_NORM_MASK is not retrained valid-operator performance
ele-fashion,43,text_uniform,text_high_similarity_low_novelty,RENORMALIZED_DELETE,35275,-0.00081824690600385,0.0013996652290785283,0.0035864710807800293,0.04360365867614746,20,0.00836515873670578,0.0017857142457614187,-0.004778687655925751,-0.0015290989055947225,MATCHED,"{""allocated_cells"": 11, ""allocation"": {""((0, 2), 3)"": 995, ""((0, 3), 0)"": 2132, ""((0, 3), 1)"": 558, ""((0, 3), 3)"": 912, ""((2, 2), 3)"": 743, ""((2, 3), 0)"": 6708, ""((2, 3), 1)"": 430, ""((3, 3), 0)"": 912, ""((3, 3), 1)"": 7571, ""((3, 3), 2)"": 8593, ""((3, 3), 3)"": 5721}, ""degree_pair_exact"": true, ""matched_edge_count_per_control"": 35275, ""matching_method"": ""integral max-flow with exact endpoint-degree-quantile-pair and base normalized edge-weight quantile marginals"", ""shortages"": {}, ""status"": ""MATCHED"", ""target_degree_pair_marginal"": ""{(3, 3): 22797, (2, 3): 7138, (0, 3): 3602, (0, 2): 995, (2, 2): 743}"", ""target_edge_count"": 35275, ""target_weight_quantile_marginal"": ""{0: 9752, 2: 8593, 1: 8559, 3: 8371}"", ""verified_exact_marginals"": true, ""weight_quantile_exact"": true}",frozen graph intervention; FIXED_NORM_MASK is not retrained valid-operator performance
ele-fashion,43,text_uniform,joint_low_similarity_high_novelty,FIXED_NORM_MASK,22373,0.0005114043162525173,0.0012790718633599596,-0.000232011079788208,-0.10231447219848633,20,0.0035905376076698302,0.0007383245492953223,-0.0038225486874580382,3.068425897516658e-05,MATCHED,"{""allocated_cells"": 9, ""allocation"": {""((0, 2), 3)"": 398, ""((0, 3), 0)"": 2618, ""((0, 3), 1)"": 2051, ""((2, 2), 3)"": 327, ""((2, 3), 0)"": 3414, ""((2, 3), 1)"": 3801, ""((2, 3), 2)"": 998, ""((3, 3), 2)"": 4557, ""((3, 3), 3)"": 4209}, ""degree_pair_exact"": true, ""matched_edge_count_per_control"": 22373, ""matching_method"": ""integral max-flow with exact endpoint-degree-quantile-pair and base normalized edge-weight quantile marginals"", ""shortages"": {}, ""status"": ""MATCHED"", ""target_degree_pair_marginal"": ""{(3, 3): 8766, (2, 3): 8213, (0, 3): 4669, (0, 2): 398, (2, 2): 327}"", ""target_edge_count"": 22373, ""target_weight_quantile_marginal"": ""{0: 6032, 1: 5852, 2: 5555, 3: 4934}"", ""verified_exact_marginals"": true, ""weight_quantile_exact"": true}",frozen graph intervention; FIXED_NORM_MASK is not retrained valid-operator performance
ele-fashion,43,text_uniform,joint_low_similarity_high_novelty,RENORMALIZED_DELETE,22373,0.00010228086325048125,0.0009844825281319913,0.008434683084487915,0.31379222869873047,20,0.006447842717170716,0.0011290964346924275,0.0019868403673171994,-0.0002505881149636735,MATCHED,"{""allocated_cells"": 9, ""allocation"": {""((0, 2), 3)"": 398, ""((0, 3), 0)"": 2618, ""((0, 3), 1)"": 2051, ""((2, 2), 3)"": 327, ""((2, 3), 0)"": 3414, ""((2, 3), 1)"": 3801, ""((2, 3), 2)"": 998, ""((3, 3), 2)"": 4557, ""((3, 3), 3)"": 4209}, ""degree_pair_exact"": true, ""matched_edge_count_per_control"": 22373, ""matching_method"": ""integral max-flow with exact endpoint-degree-quantile-pair and base normalized edge-weight quantile marginals"", ""shortages"": {}, ""status"": ""MATCHED"", ""target_degree_pair_marginal"": ""{(3, 3): 8766, (2, 3): 8213, (0, 3): 4669, (0, 2): 398, (2, 2): 327}"", ""target_edge_count"": 22373, ""target_weight_quantile_marginal"": ""{0: 6032, 1: 5852, 2: 5555, 3: 4934}"", ""verified_exact_marginals"": true, ""weight_quantile_exact"": true}",frozen graph intervention; FIXED_NORM_MASK is not retrained valid-operator performance
ele-fashion,43,text_uniform,joint_high_similarity_low_novelty,FIXED_NORM_MASK,17614,-0.00030684258975144374,0.00023123999248886307,0.001841515302658081,-0.2507059574127197,20,0.0004337936639785767,0.000795369111752351,0.0014077216386795045,0.000603457093177906,MATCHED,"{""allocated_cells"": 8, ""allocation"": {""((0, 2), 3)"": 529, ""((0, 3), 0)"": 1693, ""((2, 2), 3)"": 448, ""((2, 3), 0)"": 2916, ""((2, 3), 1)"": 675, ""((3, 3), 1)"": 3609, ""((3, 3), 2)"": 4290, ""((3, 3), 3)"": 3454}, ""degree_pair_exact"": true, ""matched_edge_count_per_control"": 17614, ""matching_method"": ""integral max-flow with exact endpoint-degree-quantile-pair and base normalized edge-weight quantile marginals"", ""shortages"": {}, ""status"": ""MATCHED"", ""target_degree_pair_marginal"": ""{(3, 3): 11353, (2, 3): 3591, (0, 3): 1693, (0, 2): 529, (2, 2): 448}"", ""target_edge_count"": 17614, ""target_weight_quantile_marginal"": ""{0: 4609, 2: 4290, 3: 4431, 1: 4284}"", ""verified_exact_marginals"": true, ""weight_quantile_exact"": true}",frozen graph intervention; FIXED_NORM_MASK is not retrained valid-operator performance
ele-fashion,43,text_uniform,joint_high_similarity_low_novelty,RENORMALIZED_DELETE,17614,-0.0006136851795028875,-0.0006581474827368483,-8.034706115722656e-05,0.012687206268310547,20,0.003662779927253723,0.001208451346293019,-0.0037431269884109497,-0.00032218471923901594,MATCHED,"{""allocated_cells"": 8, ""allocation"": {""((0, 2), 3)"": 529, ""((0, 3), 0)"": 1693, ""((2, 2), 3)"": 448, ""((2, 3), 0)"": 2916, ""((2, 3), 1)"": 675, ""((3, 3), 1)"": 3609, ""((3, 3), 2)"": 4290, ""((3, 3), 3)"": 3454}, ""degree_pair_exact"": true, ""matched_edge_count_per_control"": 17614, ""matching_method"": ""integral max-flow with exact endpoint-degree-quantile-pair and base normalized edge-weight quantile marginals"", ""shortages"": {}, ""status"": ""MATCHED"", ""target_degree_pair_marginal"": ""{(3, 3): 11353, (2, 3): 3591, (0, 3): 1693, (0, 2): 529, (2, 2): 448}"", ""target_edge_count"": 17614, ""target_weight_quantile_marginal"": ""{0: 4609, 2: 4290, 3: 4431, 1: 4284}"", ""verified_exact_marginals"": true, ""weight_quantile_exact"": true}",frozen graph intervention; FIXED_NORM_MASK is not retrained valid-operator performance
ele-fashion,43,visual_uniform,visual_semantic_q0,FIXED_NORM_MASK,49950,-0.009307558555794238,-0.008957878916139306,0.034301966428756714,-0.34972167015075684,20,0.02622005045413971,0.0010394373092793307,0.008081915974617004,-0.005129385292011901,MATCHED,"{""allocated_cells"": 13, ""allocation"": {""((0, 0), 3)"": 307, ""((0, 2), 3)"": 792, ""((0, 3), 1)"": 5467, ""((0, 3), 2)"": 2259, ""((0, 3), 3)"": 2020, ""((2, 2), 3)"": 699, ""((2, 3), 0)"": 5451, ""((2, 3), 1)"": 7730, ""((2, 3), 2)"": 457, ""((2, 3), 3)"": 1294, ""((3, 3), 0)"": 7950, ""((3, 3), 2)"": 9744, ""((3, 3), 3)"": 5780}, ""degree_pair_exact"": true, ""matched_edge_count_per_control"": 49950, ""matching_method"": ""integral max-flow with exact endpoint-degree-quantile-pair and base normalized edge-weight quantile marginals"", ""shortages"": {}, ""status"": ""MATCHED"", ""target_degree_pair_marginal"": ""{(2, 3): 14932, (3, 3): 23474, (0, 3): 9746, (0, 2): 792, (0, 0): 307, (2, 2): 699}"", ""target_edge_count"": 49950, ""target_weight_quantile_marginal"": ""{0: 13401, 1: 13197, 2: 12460, 3: 10892}"", ""verified_exact_marginals"": true, ""weight_quantile_exact"": true}",frozen graph intervention; FIXED_NORM_MASK is not retrained valid-operator performance
ele-fashion,43,visual_uniform,visual_semantic_q0,RENORMALIZED_DELETE,49950,-0.007364222154034983,-0.004480325035305488,0.05109086632728577,0.38329172134399414,20,0.020689916610717774,0.0013021048714888872,0.030400949716567992,-0.005441341924925874,MATCHED,"{""allocated_cells"": 13, ""allocation"": {""((0, 0), 3)"": 307, ""((0, 2), 3)"": 792, ""((0, 3), 1)"": 5467, ""((0, 3), 2)"": 2259, ""((0, 3), 3)"": 2020, ""((2, 2), 3)"": 699, ""((2, 3), 0)"": 5451, ""((2, 3), 1)"": 7730, ""((2, 3), 2)"": 457, ""((2, 3), 3)"": 1294, ""((3, 3), 0)"": 7950, ""((3, 3), 2)"": 9744, ""((3, 3), 3)"": 5780}, ""degree_pair_exact"": true, ""matched_edge_count_per_control"": 49950, ""matching_method"": ""integral max-flow with exact endpoint-degree-quantile-pair and base normalized edge-weight quantile marginals"", ""shortages"": {}, ""status"": ""MATCHED"", ""target_degree_pair_marginal"": ""{(2, 3): 14932, (3, 3): 23474, (0, 3): 9746, (0, 2): 792, (0, 0): 307, (2, 2): 699}"", ""target_edge_count"": 49950, ""target_weight_quantile_marginal"": ""{0: 13401, 1: 13197, 2: 12460, 3: 10892}"", ""verified_exact_marginals"": true, ""weight_quantile_exact"": true}",frozen graph intervention; FIXED_NORM_MASK is not retrained valid-operator performance
ele-fashion,43,visual_uniform,visual_semantic_q3,FIXED_NORM_MASK,0,0.0,0.0,0.0,0.0,0,nan,nan,nan,nan,EMPTY_TARGET_GROUP,"{""allocated_cells"": 0, ""allocation"": {}, ""degree_pair_exact"": false, ""matched_edge_count_per_control"": 0, ""matching_method"": ""integral max-flow with exact endpoint-degree-quantile-pair and base normalized edge-weight quantile marginals"", ""shortages"": {}, ""status"": ""EMPTY_TARGET_GROUP"", ""target_degree_pair_marginal"": ""{}"", ""target_edge_count"": 0, ""target_weight_quantile_marginal"": ""{}"", ""weight_quantile_exact"": false}",frozen graph intervention; FIXED_NORM_MASK is not retrained valid-operator performance
ele-fashion,43,visual_uniform,visual_semantic_q3,RENORMALIZED_DELETE,0,0.0,0.0,0.0,0.0,0,nan,nan,nan,nan,EMPTY_TARGET_GROUP,"{""allocated_cells"": 0, ""allocation"": {}, ""degree_pair_exact"": false, ""matched_edge_count_per_control"": 0, ""matching_method"": ""integral max-flow with exact endpoint-degree-quantile-pair and base normalized edge-weight quantile marginals"", ""shortages"": {}, ""status"": ""EMPTY_TARGET_GROUP"", ""target_degree_pair_marginal"": ""{}"", ""target_edge_count"": 0, ""target_weight_quantile_marginal"": ""{}"", ""weight_quantile_exact"": false}",frozen graph intervention; FIXED_NORM_MASK is not retrained valid-operator performance
ele-fashion,43,visual_uniform,visual_low_similarity_high_novelty,FIXED_NORM_MASK,20891,-0.003988953666768991,-0.00312042964201642,0.014318257570266724,-0.09366369247436523,20,0.009085933864116668,0.0008249593336856615,0.005232323706150056,-0.0029047765163138285,MATCHED,"{""allocated_cells"": 9, ""allocation"": {""((0, 2), 3)"": 445, ""((0, 3), 0)"": 2663, ""((0, 3), 1)"": 2351, ""((2, 2), 3)"": 396, ""((2, 3), 0)"": 2369, ""((2, 3), 1)"": 2989, ""((2, 3), 2)"": 2079, ""((3, 3), 2)"": 3196, ""((3, 3), 3)"": 4403}, ""degree_pair_exact"": true, ""matched_edge_count_per_control"": 20891, ""matching_method"": ""integral max-flow with exact endpoint-degree-quantile-pair and base normalized edge-weight quantile marginals"", ""shortages"": {}, ""status"": ""MATCHED"", ""target_degree_pair_marginal"": ""{(3, 3): 7599, (0, 3): 5014, (2, 3): 7437, (0, 2): 445, (2, 2): 396}"", ""target_edge_count"": 20891, ""target_weight_quantile_marginal"": ""{0: 5032, 1: 5340, 2: 5275, 3: 5244}"", ""verified_exact_marginals"": true, ""weight_quantile_exact"": true}",frozen graph intervention; FIXED_NORM_MASK is not retrained valid-operator performance
ele-fashion,43,visual_uniform,visual_low_similarity_high_novelty,RENORMALIZED_DELETE,20891,-0.004193515393269953,-0.005364770085759973,0.027331382036209106,0.2325732707977295,20,0.010064361989498139,0.0014337180498070038,0.01726702004671097,-0.002347345811598678,MATCHED,"{""allocated_cells"": 9, ""allocation"": {""((0, 2), 3)"": 445, ""((0, 3), 0)"": 2663, ""((0, 3), 1)"": 2351, ""((2, 2), 3)"": 396, ""((2, 3), 0)"": 2369, ""((2, 3), 1)"": 2989, ""((2, 3), 2)"": 2079, ""((3, 3), 2)"": 3196, ""((3, 3), 3)"": 4403}, ""degree_pair_exact"": true, ""matched_edge_count_per_control"": 20891, ""matching_method"": ""integral max-flow with exact endpoint-degree-quantile-pair and base normalized edge-weight quantile marginals"", ""shortages"": {}, ""status"": ""MATCHED"", ""target_degree_pair_marginal"": ""{(3, 3): 7599, (0, 3): 5014, (2, 3): 7437, (0, 2): 445, (2, 2): 396}"", ""target_edge_count"": 20891, ""target_weight_quantile_marginal"": ""{0: 5032, 1: 5340, 2: 5275, 3: 5244}"", ""verified_exact_marginals"": true, ""weight_quantile_exact"": true}",frozen graph intervention; FIXED_NORM_MASK is not retrained valid-operator performance
ele-fashion,43,visual_uniform,visual_high_similarity_low_novelty,FIXED_NORM_MASK,21304,-0.0010228086325049235,-0.003025948055680572,0.00603899359703064,-0.2507035732269287,20,0.005600777268409729,0.0009449530251820396,0.0004382163286209108,-0.002664416487675181,MATCHED,"{""allocated_cells"": 8, ""allocation"": {""((0, 2), 3)"": 511, ""((0, 3), 0)"": 1654, ""((2, 2), 3)"": 462, ""((2, 3), 0)"": 4245, ""((3, 3), 0)"": 789, ""((3, 3), 1)"": 5307, ""((3, 3), 2)"": 4807, ""((3, 3), 3)"": 3529}, ""degree_pair_exact"": true, ""matched_edge_count_per_control"": 21304, ""matching_method"": ""integral max-flow with exact endpoint-degree-quantile-pair and base normalized edge-weight quantile marginals"", ""shortages"": {}, ""status"": ""MATCHED"", ""target_degree_pair_marginal"": ""{(3, 3): 14432, (2, 3): 4245, (0, 3): 1654, (2, 2): 462, (0, 2): 511}"", ""target_edge_count"": 21304, ""target_weight_quantile_marginal"": ""{0: 6688, 2: 4807, 3: 4502, 1: 5307}"", ""verified_exact_marginals"": true, ""weight_quantile_exact"": true}",frozen graph intervention; FIXED_NORM_MASK is not retrained valid-operator performance
ele-fashion,43,visual_uniform,visual_high_similarity_low_novelty,RENORMALIZED_DELETE,21304,-0.0007159660427534797,-0.0033202899248465645,0.001681208610534668,0.012495994567871094,20,0.005293838679790497,0.0012566511151208908,-0.003612630069255829,-0.0013040810064437359,MATCHED,"{""allocated_cells"": 8, ""allocation"": {""((0, 2), 3)"": 511, ""((0, 3), 0)"": 1654, ""((2, 2), 3)"": 462, ""((2, 3), 0)"": 4245, ""((3, 3), 0)"": 789, ""((3, 3), 1)"": 5307, ""((3, 3), 2)"": 4807, ""((3, 3), 3)"": 3529}, ""degree_pair_exact"": true, ""matched_edge_count_per_control"": 21304, ""matching_method"": ""integral max-flow with exact endpoint-degree-quantile-pair and base normalized edge-weight quantile marginals"", ""shortages"": {}, ""status"": ""MATCHED"", ""target_degree_pair_marginal"": ""{(3, 3): 14432, (2, 3): 4245, (0, 3): 1654, (2, 2): 462, (0, 2): 511}"", ""target_edge_count"": 21304, ""target_weight_quantile_marginal"": ""{0: 6688, 2: 4807, 3: 4502, 1: 5307}"", ""verified_exact_marginals"": true, ""weight_quantile_exact"": true}",frozen graph intervention; FIXED_NORM_MASK is not retrained valid-operator performance
ele-fashion,43,visual_uniform,joint_low_similarity_high_novelty,FIXED_NORM_MASK,22373,-0.0026593024445126234,-0.001298844255073539,0.00986906886100769,-0.09072995185852051,20,0.010490980744361878,0.0008236086222823843,-0.0006219118833541877,-0.0030581978111895725,MATCHED,"{""allocated_cells"": 9, ""allocation"": {""((0, 2), 3)"": 398, ""((0, 3), 0)"": 2618, ""((0, 3), 1)"": 2051, ""((2, 2), 3)"": 327, ""((2, 3), 0)"": 3414, ""((2, 3), 1)"": 3801, ""((2, 3), 2)"": 998, ""((3, 3), 2)"": 4557, ""((3, 3), 3)"": 4209}, ""degree_pair_exact"": true, ""matched_edge_count_per_control"": 22373, ""matching_method"": ""integral max-flow with exact endpoint-degree-quantile-pair and base normalized edge-weight quantile marginals"", ""shortages"": {}, ""status"": ""MATCHED"", ""target_degree_pair_marginal"": ""{(3, 3): 8766, (2, 3): 8213, (0, 3): 4669, (0, 2): 398, (2, 2): 327}"", ""target_edge_count"": 22373, ""target_weight_quantile_marginal"": ""{0: 6032, 1: 5852, 2: 5555, 3: 4934}"", ""verified_exact_marginals"": true, ""weight_quantile_exact"": true}",frozen graph intervention; FIXED_NORM_MASK is not retrained valid-operator performance
ele-fashion,43,visual_uniform,joint_low_similarity_high_novelty,RENORMALIZED_DELETE,22373,-0.002045617265009736,-0.0021464112490109377,0.01713833212852478,0.25016117095947266,20,0.010189126431941985,0.0014732554650086897,0.006949205696582795,-0.00208141556714741,MATCHED,"{""allocated_cells"": 9, ""allocation"": {""((0, 2), 3)"": 398, ""((0, 3), 0)"": 2618, ""((0, 3), 1)"": 2051, ""((2, 2), 3)"": 327, ""((2, 3), 0)"": 3414, ""((2, 3), 1)"": 3801, ""((2, 3), 2)"": 998, ""((3, 3), 2)"": 4557, ""((3, 3), 3)"": 4209}, ""degree_pair_exact"": true, ""matched_edge_count_per_control"": 22373, ""matching_method"": ""integral max-flow with exact endpoint-degree-quantile-pair and base normalized edge-weight quantile marginals"", ""shortages"": {}, ""status"": ""MATCHED"", ""target_degree_pair_marginal"": ""{(3, 3): 8766, (2, 3): 8213, (0, 3): 4669, (0, 2): 398, (2, 2): 327}"", ""target_edge_count"": 22373, ""target_weight_quantile_marginal"": ""{0: 6032, 1: 5852, 2: 5555, 3: 4934}"", ""verified_exact_marginals"": true, ""weight_quantile_exact"": true}",frozen graph intervention; FIXED_NORM_MASK is not retrained valid-operator performance
ele-fashion,43,visual_uniform,joint_high_similarity_low_novelty,FIXED_NORM_MASK,17614,-0.001227370359005886,-0.0034260310259390803,0.005822032690048218,-0.22750544548034668,20,0.004894177615642548,0.0011489997963582024,0.00092785507440567,-0.002122327912447608,MATCHED,"{""allocated_cells"": 8, ""allocation"": {""((0, 2), 3)"": 529, ""((0, 3), 0)"": 1693, ""((2, 2), 3)"": 448, ""((2, 3), 0)"": 2916, ""((2, 3), 1)"": 675, ""((3, 3), 1)"": 3609, ""((3, 3), 2)"": 4290, ""((3, 3), 3)"": 3454}, ""degree_pair_exact"": true, ""matched_edge_count_per_control"": 17614, ""matching_method"": ""integral max-flow with exact endpoint-degree-quantile-pair and base normalized edge-weight quantile marginals"", ""shortages"": {}, ""status"": ""MATCHED"", ""target_degree_pair_marginal"": ""{(3, 3): 11353, (2, 3): 3591, (0, 3): 1693, (0, 2): 529, (2, 2): 448}"", ""target_edge_count"": 17614, ""target_weight_quantile_marginal"": ""{0: 4609, 2: 4290, 3: 4431, 1: 4284}"", ""verified_exact_marginals"": true, ""weight_quantile_exact"": true}",frozen graph intervention; FIXED_NORM_MASK is not retrained valid-operator performance
ele-fashion,43,visual_uniform,joint_high_similarity_low_novelty,RENORMALIZED_DELETE,17614,-0.0011250894957554047,-0.0038105911739509946,0.0008490681648254395,0.009003162384033203,20,0.005098257958889007,0.0010873059900820662,-0.004249189794063568,-0.0011966861000307304,MATCHED,"{""allocated_cells"": 8, ""allocation"": {""((0, 2), 3)"": 529, ""((0, 3), 0)"": 1693, ""((2, 2), 3)"": 448, ""((2, 3), 0)"": 2916, ""((2, 3), 1)"": 675, ""((3, 3), 1)"": 3609, ""((3, 3), 2)"": 4290, ""((3, 3), 3)"": 3454}, ""degree_pair_exact"": true, ""matched_edge_count_per_control"": 17614, ""matching_method"": ""integral max-flow with exact endpoint-degree-quantile-pair and base normalized edge-weight quantile marginals"", ""shortages"": {}, ""status"": ""MATCHED"", ""target_degree_pair_marginal"": ""{(3, 3): 11353, (2, 3): 3591, (0, 3): 1693, (0, 2): 529, (2, 2): 448}"", ""target_edge_count"": 17614, ""target_weight_quantile_marginal"": ""{0: 4609, 2: 4290, 3: 4431, 1: 4284}"", ""verified_exact_marginals"": true, ""weight_quantile_exact"": true}",frozen graph intervention; FIXED_NORM_MASK is not retrained valid-operator performance
ele-fashion,44,text_uniform,text_semantic_q0,FIXED_NORM_MASK,57332,-0.000409123453001925,-0.00040255295175728456,0.008538514375686646,-0.45441746711730957,20,0.01054859459400177,0.0012827042127134907,-0.002010080218315124,-0.0014421601718318244,MATCHED,"{""allocated_cells"": 14, ""allocation"": {""((0, 0), 3)"": 251, ""((0, 2), 3)"": 699, ""((0, 3), 1)"": 4722, ""((0, 3), 2)"": 4697, ""((0, 3), 3)"": 1790, ""((2, 2), 3)"": 556, ""((2, 3), 0)"": 4322, ""((2, 3), 1)"": 8935, ""((2, 3), 2)"": 2270, ""((2, 3), 3)"": 1557, ""((3, 3), 0)"": 13080, ""((3, 3), 1)"": 2110, ""((3, 3), 2)"": 6534, ""((3, 3), 3)"": 5809}, ""degree_pair_exact"": true, ""matched_edge_count_per_control"": 57332, ""matching_method"": ""integral max-flow with exact endpoint-degree-quantile-pair and base normalized edge-weight quantile marginals"", ""shortages"": {}, ""status"": ""MATCHED"", ""target_degree_pair_marginal"": ""{(3, 3): 27533, (2, 3): 17084, (0, 3): 11209, (0, 2): 699, (0, 0): 251, (2, 2): 556}"", ""target_edge_count"": 57332, ""target_weight_quantile_marginal"": ""{0: 17402, 1: 15767, 2: 13501, 3: 10662}"", ""verified_exact_marginals"": true, ""weight_quantile_exact"": true}",frozen graph intervention; FIXED_NORM_MASK is not retrained valid-operator performance
ele-fashion,44,text_uniform,text_semantic_q0,RENORMALIZED_DELETE,57332,0.000818246906003961,0.0027570637592055913,0.017480790615081787,0.539351224899292,20,0.017154885828495024,0.0011424455915265228,0.00032590478658676286,-0.0034673212641914476,MATCHED,"{""allocated_cells"": 14, ""allocation"": {""((0, 0), 3)"": 251, ""((0, 2), 3)"": 699, ""((0, 3), 1)"": 4722, ""((0, 3), 2)"": 4697, ""((0, 3), 3)"": 1790, ""((2, 2), 3)"": 556, ""((2, 3), 0)"": 4322, ""((2, 3), 1)"": 8935, ""((2, 3), 2)"": 2270, ""((2, 3), 3)"": 1557, ""((3, 3), 0)"": 13080, ""((3, 3), 1)"": 2110, ""((3, 3), 2)"": 6534, ""((3, 3), 3)"": 5809}, ""degree_pair_exact"": true, ""matched_edge_count_per_control"": 57332, ""matching_method"": ""integral max-flow with exact endpoint-degree-quantile-pair and base normalized edge-weight quantile marginals"", ""shortages"": {}, ""status"": ""MATCHED"", ""target_degree_pair_marginal"": ""{(3, 3): 27533, (2, 3): 17084, (0, 3): 11209, (0, 2): 699, (0, 0): 251, (2, 2): 556}"", ""target_edge_count"": 57332, ""target_weight_quantile_marginal"": ""{0: 17402, 1: 15767, 2: 13501, 3: 10662}"", ""verified_exact_marginals"": true, ""weight_quantile_exact"": true}",frozen graph intervention; FIXED_NORM_MASK is not retrained valid-operator performance
ele-fashion,44,text_uniform,text_semantic_q3,FIXED_NORM_MASK,0,0.0,0.0,5.960464477539063e-08,0.0,0,nan,nan,nan,nan,EMPTY_TARGET_GROUP,"{""allocated_cells"": 0, ""allocation"": {}, ""degree_pair_exact"": false, ""matched_edge_count_per_control"": 0, ""matching_method"": ""integral max-flow with exact endpoint-degree-quantile-pair and base normalized edge-weight quantile marginals"", ""shortages"": {}, ""status"": ""EMPTY_TARGET_GROUP"", ""target_degree_pair_marginal"": ""{}"", ""target_edge_count"": 0, ""target_weight_quantile_marginal"": ""{}"", ""weight_quantile_exact"": false}",frozen graph intervention; FIXED_NORM_MASK is not retrained valid-operator performance
ele-fashion,44,text_uniform,text_semantic_q3,RENORMALIZED_DELETE,0,0.0,0.0,0.0,-7.152557373046875e-07,0,nan,nan,nan,nan,EMPTY_TARGET_GROUP,"{""allocated_cells"": 0, ""allocation"": {}, ""degree_pair_exact"": false, ""matched_edge_count_per_control"": 0, ""matching_method"": ""integral max-flow with exact endpoint-degree-quantile-pair and base normalized edge-weight quantile marginals"", ""shortages"": {}, ""status"": ""EMPTY_TARGET_GROUP"", ""target_degree_pair_marginal"": ""{}"", ""target_edge_count"": 0, ""target_weight_quantile_marginal"": ""{}"", ""weight_quantile_exact"": false}",frozen graph intervention; FIXED_NORM_MASK is not retrained valid-operator performance
ele-fashion,44,text_uniform,text_low_similarity_high_novelty,FIXED_NORM_MASK,24501,0.00030684258975144374,-0.0021636386873997715,1.7195940017700195e-05,-0.11160659790039062,20,0.0025023922324180605,0.0006912347688551427,-0.0024851962924003603,0.0004909481436023378,MATCHED,"{""allocated_cells"": 9, ""allocation"": {""((0, 2), 3)"": 368, ""((0, 3), 0)"": 2608, ""((0, 3), 1)"": 1889, ""((2, 2), 3)"": 282, ""((2, 3), 0)"": 4467, ""((2, 3), 1)"": 4865, ""((2, 3), 2)"": 35, ""((3, 3), 2)"": 5933, ""((3, 3), 3)"": 4054}, ""degree_pair_exact"": true, ""matched_edge_count_per_control"": 24501, ""matching_method"": ""integral max-flow with exact endpoint-degree-quantile-pair and base normalized edge-weight quantile marginals"", ""shortages"": {}, ""status"": ""MATCHED"", ""target_degree_pair_marginal"": ""{(3, 3): 9987, (2, 3): 9367, (0, 3): 4497, (0, 2): 368, (2, 2): 282}"", ""target_edge_count"": 24501, ""target_weight_quantile_marginal"": ""{0: 7075, 1: 6754, 2: 5968, 3: 4704}"", ""verified_exact_marginals"": true, ""weight_quantile_exact"": true}",frozen graph intervention; FIXED_NORM_MASK is not retrained valid-operator performance
ele-fashion,44,text_uniform,text_low_similarity_high_novelty,RENORMALIZED_DELETE,24501,0.001636493812007811,0.00026858724653255894,0.011313021183013916,0.3166844844818115,20,0.0034592211246490478,0.0010919985187446482,0.007853800058364868,-4.0912345300186946e-05,MATCHED,"{""allocated_cells"": 9, ""allocation"": {""((0, 2), 3)"": 368, ""((0, 3), 0)"": 2608, ""((0, 3), 1)"": 1889, ""((2, 2), 3)"": 282, ""((2, 3), 0)"": 4467, ""((2, 3), 1)"": 4865, ""((2, 3), 2)"": 35, ""((3, 3), 2)"": 5933, ""((3, 3), 3)"": 4054}, ""degree_pair_exact"": true, ""matched_edge_count_per_control"": 24501, ""matching_method"": ""integral max-flow with exact endpoint-degree-quantile-pair and base normalized edge-weight quantile marginals"", ""shortages"": {}, ""status"": ""MATCHED"", ""target_degree_pair_marginal"": ""{(3, 3): 9987, (2, 3): 9367, (0, 3): 4497, (0, 2): 368, (2, 2): 282}"", ""target_edge_count"": 24501, ""target_weight_quantile_marginal"": ""{0: 7075, 1: 6754, 2: 5968, 3: 4704}"", ""verified_exact_marginals"": true, ""weight_quantile_exact"": true}",frozen graph intervention; FIXED_NORM_MASK is not retrained valid-operator performance
ele-fashion,44,text_uniform,text_high_similarity_low_novelty,FIXED_NORM_MASK,35006,-0.00010228086325048125,0.0031846571096484366,0.006597071886062622,-0.46034765243530273,20,0.0036822929978370667,0.0010416605023078039,0.0029147788882255554,0.0006903958269407984,MATCHED,"{""allocated_cells"": 11, ""allocation"": {""((0, 2), 3)"": 976, ""((0, 3), 0)"": 2219, ""((0, 3), 1)"": 538, ""((0, 3), 3)"": 819, ""((2, 2), 3)"": 727, ""((2, 3), 0)"": 6706, ""((2, 3), 1)"": 458, ""((3, 3), 0)"": 819, ""((3, 3), 1)"": 7491, ""((3, 3), 2)"": 8499, ""((3, 3), 3)"": 5754}, ""degree_pair_exact"": true, ""matched_edge_count_per_control"": 35006, ""matching_method"": ""integral max-flow with exact endpoint-degree-quantile-pair and base normalized edge-weight quantile marginals"", ""shortages"": {}, ""status"": ""MATCHED"", ""target_degree_pair_marginal"": ""{(3, 3): 22563, (2, 3): 7164, (0, 3): 3576, (0, 2): 976, (2, 2): 727}"", ""target_edge_count"": 35006, ""target_weight_quantile_marginal"": ""{0: 9744, 1: 8487, 2: 8499, 3: 8276}"", ""verified_exact_marginals"": true, ""weight_quantile_exact"": true}",frozen graph intervention; FIXED_NORM_MASK is not retrained valid-operator performance
ele-fashion,44,text_uniform,text_high_similarity_low_novelty,RENORMALIZED_DELETE,35006,-0.00030684258975144374,0.0009945190237584667,0.003276228904724121,0.04459261894226074,20,0.007076779007911682,0.0013972356876404174,-0.0038005501031875607,-2.0456172650096248e-05,MATCHED,"{""allocated_cells"": 11, ""allocation"": {""((0, 2), 3)"": 976, ""((0, 3), 0)"": 2219, ""((0, 3), 1)"": 538, ""((0, 3), 3)"": 819, ""((2, 2), 3)"": 727, ""((2, 3), 0)"": 6706, ""((2, 3), 1)"": 458, ""((3, 3), 0)"": 819, ""((3, 3), 1)"": 7491, ""((3, 3), 2)"": 8499, ""((3, 3), 3)"": 5754}, ""degree_pair_exact"": true, ""matched_edge_count_per_control"": 35006, ""matching_method"": ""integral max-flow with exact endpoint-degree-quantile-pair and base normalized edge-weight quantile marginals"", ""shortages"": {}, ""status"": ""MATCHED"", ""target_degree_pair_marginal"": ""{(3, 3): 22563, (2, 3): 7164, (0, 3): 3576, (0, 2): 976, (2, 2): 727}"", ""target_edge_count"": 35006, ""target_weight_quantile_marginal"": ""{0: 9744, 1: 8487, 2: 8499, 3: 8276}"", ""verified_exact_marginals"": true, ""weight_quantile_exact"": true}",frozen graph intervention; FIXED_NORM_MASK is not retrained valid-operator performance
ele-fashion,44,text_uniform,joint_low_similarity_high_novelty,FIXED_NORM_MASK,22297,0.0011250894957554047,-0.0008974401233913243,-0.0009629726409912109,-0.10814642906188965,20,0.002264383435249329,0.000903299008702098,-0.0032273560762405397,0.0005420885752275894,MATCHED,"{""allocated_cells"": 9, ""allocation"": {""((0, 2), 3)"": 409, ""((0, 3), 0)"": 2673, ""((0, 3), 1)"": 1914, ""((2, 2), 3)"": 356, ""((2, 3), 0)"": 3237, ""((2, 3), 1)"": 3954, ""((2, 3), 2)"": 908, ""((3, 3), 2)"": 4603, ""((3, 3), 3)"": 4243}, ""degree_pair_exact"": true, ""matched_edge_count_per_control"": 22297, ""matching_method"": ""integral max-flow with exact endpoint-degree-quantile-pair and base normalized edge-weight quantile marginals"", ""shortages"": {}, ""status"": ""MATCHED"", ""target_degree_pair_marginal"": ""{(3, 3): 8846, (2, 3): 8099, (0, 3): 4587, (0, 2): 409, (2, 2): 356}"", ""target_edge_count"": 22297, ""target_weight_quantile_marginal"": ""{0: 5910, 1: 5868, 2: 5511, 3: 5008}"", ""verified_exact_marginals"": true, ""weight_quantile_exact"": true}",frozen graph intervention; FIXED_NORM_MASK is not retrained valid-operator performance
ele-fashion,44,text_uniform,joint_low_similarity_high_novelty,RENORMALIZED_DELETE,22297,0.0018410555385087735,-0.000684223098916692,0.007666826248168945,0.29754090309143066,20,0.005412688851356507,0.0016074109568762018,0.0022541373968124386,0.00013296512222564228,MATCHED,"{""allocated_cells"": 9, ""allocation"": {""((0, 2), 3)"": 409, ""((0, 3), 0)"": 2673, ""((0, 3), 1)"": 1914, ""((2, 2), 3)"": 356, ""((2, 3), 0)"": 3237, ""((2, 3), 1)"": 3954, ""((2, 3), 2)"": 908, ""((3, 3), 2)"": 4603, ""((3, 3), 3)"": 4243}, ""degree_pair_exact"": true, ""matched_edge_count_per_control"": 22297, ""matching_method"": ""integral max-flow with exact endpoint-degree-quantile-pair and base normalized edge-weight quantile marginals"", ""shortages"": {}, ""status"": ""MATCHED"", ""target_degree_pair_marginal"": ""{(3, 3): 8846, (2, 3): 8099, (0, 3): 4587, (0, 2): 409, (2, 2): 356}"", ""target_edge_count"": 22297, ""target_weight_quantile_marginal"": ""{0: 5910, 1: 5868, 2: 5511, 3: 5008}"", ""verified_exact_marginals"": true, ""weight_quantile_exact"": true}",frozen graph intervention; FIXED_NORM_MASK is not retrained valid-operator performance
ele-fashion,44,text_uniform,joint_high_similarity_low_novelty,FIXED_NORM_MASK,17581,-0.00010228086325048125,0.0005434347236932258,0.001427292823791504,-0.2473011016845703,20,-0.0003863617777824402,0.0006746814887253104,0.0018136546015739441,0.0005676587910402098,MATCHED,"{""allocated_cells"": 8, ""allocation"": {""((0, 2), 3)"": 530, ""((0, 3), 0)"": 1798, ""((2, 2), 3)"": 455, ""((2, 3), 0)"": 2855, ""((2, 3), 1)"": 804, ""((3, 3), 1)"": 3447, ""((3, 3), 2)"": 4292, ""((3, 3), 3)"": 3400}, ""degree_pair_exact"": true, ""matched_edge_count_per_control"": 17581, ""matching_method"": ""integral max-flow with exact endpoint-degree-quantile-pair and base normalized edge-weight quantile marginals"", ""shortages"": {}, ""status"": ""MATCHED"", ""target_degree_pair_marginal"": ""{(3, 3): 11139, (2, 3): 3659, (0, 3): 1798, (0, 2): 530, (2, 2): 455}"", ""target_edge_count"": 17581, ""target_weight_quantile_marginal"": ""{0: 4653, 1: 4251, 2: 4292, 3: 4385}"", ""verified_exact_marginals"": true, ""weight_quantile_exact"": true}",frozen graph intervention; FIXED_NORM_MASK is not retrained valid-operator performance
ele-fashion,44,text_uniform,joint_high_similarity_low_novelty,RENORMALIZED_DELETE,17581,-0.0002045617265009625,-0.00019463985114243076,0.0009744763374328613,0.01457834243774414,20,0.003542928397655487,0.0008751214551824495,-0.0025684520602226256,0.00026593024445126234,MATCHED,"{""allocated_cells"": 8, ""allocation"": {""((0, 2), 3)"": 530, ""((0, 3), 0)"": 1798, ""((2, 2), 3)"": 455, ""((2, 3), 0)"": 2855, ""((2, 3), 1)"": 804, ""((3, 3), 1)"": 3447, ""((3, 3), 2)"": 4292, ""((3, 3), 3)"": 3400}, ""degree_pair_exact"": true, ""matched_edge_count_per_control"": 17581, ""matching_method"": ""integral max-flow with exact endpoint-degree-quantile-pair and base normalized edge-weight quantile marginals"", ""shortages"": {}, ""status"": ""MATCHED"", ""target_degree_pair_marginal"": ""{(3, 3): 11139, (2, 3): 3659, (0, 3): 1798, (0, 2): 530, (2, 2): 455}"", ""target_edge_count"": 17581, ""target_weight_quantile_marginal"": ""{0: 4653, 1: 4251, 2: 4292, 3: 4385}"", ""verified_exact_marginals"": true, ""weight_quantile_exact"": true}",frozen graph intervention; FIXED_NORM_MASK is not retrained valid-operator performance
ele-fashion,44,visual_uniform,visual_semantic_q0,FIXED_NORM_MASK,53953,-0.0076710647437864266,-0.0034269513435102317,0.03673487901687622,-0.41819143295288086,20,0.025432863831520082,0.0010594300454489735,0.011302015185356139,-0.0035184616958166713,MATCHED,"{""allocated_cells"": 13, ""allocation"": {""((0, 0), 3)"": 334, ""((0, 2), 3)"": 886, ""((0, 3), 1)"": 5273, ""((0, 3), 2)"": 3196, ""((0, 3), 3)"": 2000, ""((2, 2), 3)"": 731, ""((2, 3), 0)"": 4070, ""((2, 3), 1)"": 8927, ""((2, 3), 2)"": 611, ""((2, 3), 3)"": 2457, ""((3, 3), 0)"": 10350, ""((3, 3), 2)"": 9510, ""((3, 3), 3)"": 5608}, ""degree_pair_exact"": true, ""matched_edge_count_per_control"": 53953, ""matching_method"": ""integral max-flow with exact endpoint-degree-quantile-pair and base normalized edge-weight quantile marginals"", ""shortages"": {}, ""status"": ""MATCHED"", ""target_degree_pair_marginal"": ""{(2, 3): 16065, (3, 3): 25468, (0, 3): 10469, (0, 2): 886, (0, 0): 334, (2, 2): 731}"", ""target_edge_count"": 53953, ""target_weight_quantile_marginal"": ""{0: 14420, 1: 14200, 2: 13317, 3: 12016}"", ""verified_exact_marginals"": true, ""weight_quantile_exact"": true}",frozen graph intervention; FIXED_NORM_MASK is not retrained valid-operator performance
ele-fashion,44,visual_uniform,visual_semantic_q0,RENORMALIZED_DELETE,53953,-0.006136851795029097,-0.002058697692513989,0.056288182735443115,0.389049768447876,20,0.020393836498260497,0.0011592962605545575,0.035894346237182614,-0.0033343561419657995,MATCHED,"{""allocated_cells"": 13, ""allocation"": {""((0, 0), 3)"": 334, ""((0, 2), 3)"": 886, ""((0, 3), 1)"": 5273, ""((0, 3), 2)"": 3196, ""((0, 3), 3)"": 2000, ""((2, 2), 3)"": 731, ""((2, 3), 0)"": 4070, ""((2, 3), 1)"": 8927, ""((2, 3), 2)"": 611, ""((2, 3), 3)"": 2457, ""((3, 3), 0)"": 10350, ""((3, 3), 2)"": 9510, ""((3, 3), 3)"": 5608}, ""degree_pair_exact"": true, ""matched_edge_count_per_control"": 53953, ""matching_method"": ""integral max-flow with exact endpoint-degree-quantile-pair and base normalized edge-weight quantile marginals"", ""shortages"": {}, ""status"": ""MATCHED"", ""target_degree_pair_marginal"": ""{(2, 3): 16065, (3, 3): 25468, (0, 3): 10469, (0, 2): 886, (0, 0): 334, (2, 2): 731}"", ""target_edge_count"": 53953, ""target_weight_quantile_marginal"": ""{0: 14420, 1: 14200, 2: 13317, 3: 12016}"", ""verified_exact_marginals"": true, ""weight_quantile_exact"": true}",frozen graph intervention; FIXED_NORM_MASK is not retrained valid-operator performance
ele-fashion,44,visual_uniform,visual_semantic_q3,FIXED_NORM_MASK,0,0.0,0.0,0.0,0.0,0,nan,nan,nan,nan,EMPTY_TARGET_GROUP,"{""allocated_cells"": 0, ""allocation"": {}, ""degree_pair_exact"": false, ""matched_edge_count_per_control"": 0, ""matching_method"": ""integral max-flow with exact endpoint-degree-quantile-pair and base normalized edge-weight quantile marginals"", ""shortages"": {}, ""status"": ""EMPTY_TARGET_GROUP"", ""target_degree_pair_marginal"": ""{}"", ""target_edge_count"": 0, ""target_weight_quantile_marginal"": ""{}"", ""weight_quantile_exact"": false}",frozen graph intervention; FIXED_NORM_MASK is not retrained valid-operator performance
ele-fashion,44,visual_uniform,visual_semantic_q3,RENORMALIZED_DELETE,0,0.0,0.0,0.0,0.0,0,nan,nan,nan,nan,EMPTY_TARGET_GROUP,"{""allocated_cells"": 0, ""allocation"": {}, ""degree_pair_exact"": false, ""matched_edge_count_per_control"": 0, ""matching_method"": ""integral max-flow with exact endpoint-degree-quantile-pair and base normalized edge-weight quantile marginals"", ""shortages"": {}, ""status"": ""EMPTY_TARGET_GROUP"", ""target_degree_pair_marginal"": ""{}"", ""target_edge_count"": 0, ""target_weight_quantile_marginal"": ""{}"", ""weight_quantile_exact"": false}",frozen graph intervention; FIXED_NORM_MASK is not retrained valid-operator performance
ele-fashion,44,visual_uniform,visual_low_similarity_high_novelty,FIXED_NORM_MASK,22514,-0.00398895366676888,-0.0007508599913448322,0.016366302967071533,-0.11291670799255371,20,0.007910072803497314,0.0008716170517513919,0.008456230163574219,-0.0012324844021683046,MATCHED,"{""allocated_cells"": 9, ""allocation"": {""((0, 2), 3)"": 480, ""((0, 3), 0)"": 2663, ""((0, 3), 1)"": 2608, ""((2, 2), 3)"": 412, ""((2, 3), 0)"": 2779, ""((2, 3), 1)"": 3084, ""((2, 3), 2)"": 2125, ""((3, 3), 2)"": 3524, ""((3, 3), 3)"": 4839}, ""degree_pair_exact"": true, ""matched_edge_count_per_control"": 22514, ""matching_method"": ""integral max-flow with exact endpoint-degree-quantile-pair and base normalized edge-weight quantile marginals"", ""shortages"": {}, ""status"": ""MATCHED"", ""target_degree_pair_marginal"": ""{(3, 3): 8363, (2, 3): 7988, (0, 3): 5271, (0, 2): 480, (2, 2): 412}"", ""target_edge_count"": 22514, ""target_weight_quantile_marginal"": ""{0: 5442, 1: 5692, 2: 5649, 3: 5731}"", ""verified_exact_marginals"": true, ""weight_quantile_exact"": true}",frozen graph intervention; FIXED_NORM_MASK is not retrained valid-operator performance
ele-fashion,44,visual_uniform,visual_low_similarity_high_novelty,RENORMALIZED_DELETE,22514,-0.0031707067607650297,0.0006045981923715749,0.029279053211212158,0.24272608757019043,20,0.00987168848514557,0.0017965915910764163,0.01940736472606659,-0.0006750536974531651,MATCHED,"{""allocated_cells"": 9, ""allocation"": {""((0, 2), 3)"": 480, ""((0, 3), 0)"": 2663, ""((0, 3), 1)"": 2608, ""((2, 2), 3)"": 412, ""((2, 3), 0)"": 2779, ""((2, 3), 1)"": 3084, ""((2, 3), 2)"": 2125, ""((3, 3), 2)"": 3524, ""((3, 3), 3)"": 4839}, ""degree_pair_exact"": true, ""matched_edge_count_per_control"": 22514, ""matching_method"": ""integral max-flow with exact endpoint-degree-quantile-pair and base normalized edge-weight quantile marginals"", ""shortages"": {}, ""status"": ""MATCHED"", ""target_degree_pair_marginal"": ""{(3, 3): 8363, (2, 3): 7988, (0, 3): 5271, (0, 2): 480, (2, 2): 412}"", ""target_edge_count"": 22514, ""target_weight_quantile_marginal"": ""{0: 5442, 1: 5692, 2: 5649, 3: 5731}"", ""verified_exact_marginals"": true, ""weight_quantile_exact"": true}",frozen graph intervention; FIXED_NORM_MASK is not retrained valid-operator performance
ele-fashion,44,visual_uniform,visual_high_similarity_low_novelty,FIXED_NORM_MASK,20833,-0.0014319320855067375,-0.003634434815116605,0.005375862121582031,-0.250133752822876,20,0.005198431015014648,0.000708778895765866,0.00017743110656738299,-0.001079063107292577,MATCHED,"{""allocated_cells"": 8, ""allocation"": {""((0, 2), 3)"": 515, ""((0, 3), 0)"": 2241, ""((2, 2), 3)"": 452, ""((2, 3), 0)"": 3891, ""((2, 3), 1)"": 429, ""((3, 3), 1)"": 4773, ""((3, 3), 2)"": 4822, ""((3, 3), 3)"": 3710}, ""degree_pair_exact"": true, ""matched_edge_count_per_control"": 20833, ""matching_method"": ""integral max-flow with exact endpoint-degree-quantile-pair and base normalized edge-weight quantile marginals"", ""shortages"": {}, ""status"": ""MATCHED"", ""target_degree_pair_marginal"": ""{(3, 3): 13305, (2, 3): 4320, (0, 3): 2241, (0, 2): 515, (2, 2): 452}"", ""target_edge_count"": 20833, ""target_weight_quantile_marginal"": ""{0: 6132, 2: 4822, 1: 5202, 3: 4677}"", ""verified_exact_marginals"": true, ""weight_quantile_exact"": true}",frozen graph intervention; FIXED_NORM_MASK is not retrained valid-operator performance
ele-fashion,44,visual_uniform,visual_high_similarity_low_novelty,RENORMALIZED_DELETE,20833,-0.0007159660427533687,-0.0026969187885863555,0.0023152828216552734,0.016135215759277344,20,0.006207495927810669,0.0009797014551911746,-0.0038922131061553955,-0.0005523166615525821,MATCHED,"{""allocated_cells"": 8, ""allocation"": {""((0, 2), 3)"": 515, ""((0, 3), 0)"": 2241, ""((2, 2), 3)"": 452, ""((2, 3), 0)"": 3891, ""((2, 3), 1)"": 429, ""((3, 3), 1)"": 4773, ""((3, 3), 2)"": 4822, ""((3, 3), 3)"": 3710}, ""degree_pair_exact"": true, ""matched_edge_count_per_control"": 20833, ""matching_method"": ""integral max-flow with exact endpoint-degree-quantile-pair and base normalized edge-weight quantile marginals"", ""shortages"": {}, ""status"": ""MATCHED"", ""target_degree_pair_marginal"": ""{(3, 3): 13305, (2, 3): 4320, (0, 3): 2241, (0, 2): 515, (2, 2): 452}"", ""target_edge_count"": 20833, ""target_weight_quantile_marginal"": ""{0: 6132, 2: 4822, 1: 5202, 3: 4677}"", ""verified_exact_marginals"": true, ""weight_quantile_exact"": true}",frozen graph intervention; FIXED_NORM_MASK is not retrained valid-operator performance
ele-fashion,44,visual_uniform,joint_low_similarity_high_novelty,FIXED_NORM_MASK,22297,-0.0007159660427533687,0.0017186718946331503,0.009906411170959473,-0.10111141204833984,20,0.008410140872001648,0.0008435532159272326,0.0014962702989578247,-0.0012836248337935396,MATCHED,"{""allocated_cells"": 9, ""allocation"": {""((0, 2), 3)"": 409, ""((0, 3), 0)"": 2673, ""((0, 3), 1)"": 1914, ""((2, 2), 3)"": 356, ""((2, 3), 0)"": 3237, ""((2, 3), 1)"": 3954, ""((2, 3), 2)"": 908, ""((3, 3), 2)"": 4603, ""((3, 3), 3)"": 4243}, ""degree_pair_exact"": true, ""matched_edge_count_per_control"": 22297, ""matching_method"": ""integral max-flow with exact endpoint-degree-quantile-pair and base normalized edge-weight quantile marginals"", ""shortages"": {}, ""status"": ""MATCHED"", ""target_degree_pair_marginal"": ""{(3, 3): 8846, (2, 3): 8099, (0, 3): 4587, (0, 2): 409, (2, 2): 356}"", ""target_edge_count"": 22297, ""target_weight_quantile_marginal"": ""{0: 5910, 1: 5868, 2: 5511, 3: 5008}"", ""verified_exact_marginals"": true, ""weight_quantile_exact"": true}",frozen graph intervention; FIXED_NORM_MASK is not retrained valid-operator performance
ele-fashion,44,visual_uniform,joint_low_similarity_high_novelty,RENORMALIZED_DELETE,22297,-0.00030684258975144374,0.0019534204084865614,0.018995702266693115,0.23923969268798828,20,0.009158292412757873,0.0011670359381289273,0.009837409853935242,-0.0007210800859158928,MATCHED,"{""allocated_cells"": 9, ""allocation"": {""((0, 2), 3)"": 409, ""((0, 3), 0)"": 2673, ""((0, 3), 1)"": 1914, ""((2, 2), 3)"": 356, ""((2, 3), 0)"": 3237, ""((2, 3), 1)"": 3954, ""((2, 3), 2)"": 908, ""((3, 3), 2)"": 4603, ""((3, 3), 3)"": 4243}, ""degree_pair_exact"": true, ""matched_edge_count_per_control"": 22297, ""matching_method"": ""integral max-flow with exact endpoint-degree-quantile-pair and base normalized edge-weight quantile marginals"", ""shortages"": {}, ""status"": ""MATCHED"", ""target_degree_pair_marginal"": ""{(3, 3): 8846, (2, 3): 8099, (0, 3): 4587, (0, 2): 409, (2, 2): 356}"", ""target_edge_count"": 22297, ""target_weight_quantile_marginal"": ""{0: 5910, 1: 5868, 2: 5511, 3: 5008}"", ""verified_exact_marginals"": true, ""weight_quantile_exact"": true}",frozen graph intervention; FIXED_NORM_MASK is not retrained valid-operator performance
ele-fashion,44,visual_uniform,joint_high_similarity_low_novelty,FIXED_NORM_MASK,17581,-0.0014319320855067375,-0.002956617472557599,0.005306124687194824,-0.22247028350830078,20,0.003650161623954773,0.0007339289914071463,0.001655963063240051,-0.0007415362585659835,MATCHED,"{""allocated_cells"": 8, ""allocation"": {""((0, 2), 3)"": 530, ""((0, 3), 0)"": 1798, ""((2, 2), 3)"": 455, ""((2, 3), 0)"": 2855, ""((2, 3), 1)"": 804, ""((3, 3), 1)"": 3447, ""((3, 3), 2)"": 4292, ""((3, 3), 3)"": 3400}, ""degree_pair_exact"": true, ""matched_edge_count_per_control"": 17581, ""matching_method"": ""integral max-flow with exact endpoint-degree-quantile-pair and base normalized edge-weight quantile marginals"", ""shortages"": {}, ""status"": ""MATCHED"", ""target_degree_pair_marginal"": ""{(3, 3): 11139, (2, 3): 3659, (0, 3): 1798, (0, 2): 530, (2, 2): 455}"", ""target_edge_count"": 17581, ""target_weight_quantile_marginal"": ""{0: 4653, 1: 4251, 2: 4292, 3: 4385}"", ""verified_exact_marginals"": true, ""weight_quantile_exact"": true}",frozen graph intervention; FIXED_NORM_MASK is not retrained valid-operator performance
ele-fashion,44,visual_uniform,joint_high_similarity_low_novelty,RENORMALIZED_DELETE,17581,-0.0009205277692543312,-0.0024661961786879294,0.0027801990509033203,0.013913154602050781,20,0.004990416765213013,0.0012835041492189048,-0.0022102177143096926,-0.00036309706453919175,MATCHED,"{""allocated_cells"": 8, ""allocation"": {""((0, 2), 3)"": 530, ""((0, 3), 0)"": 1798, ""((2, 2), 3)"": 455, ""((2, 3), 0)"": 2855, ""((2, 3), 1)"": 804, ""((3, 3), 1)"": 3447, ""((3, 3), 2)"": 4292, ""((3, 3), 3)"": 3400}, ""degree_pair_exact"": true, ""matched_edge_count_per_control"": 17581, ""matching_method"": ""integral max-flow with exact endpoint-degree-quantile-pair and base normalized edge-weight quantile marginals"", ""shortages"": {}, ""status"": ""MATCHED"", ""target_degree_pair_marginal"": ""{(3, 3): 11139, (2, 3): 3659, (0, 3): 1798, (0, 2): 530, (2, 2): 455}"", ""target_edge_count"": 17581, ""target_weight_quantile_marginal"": ""{0: 4653, 1: 4251, 2: 4292, 3: 4385}"", ""verified_exact_marginals"": true, ""weight_quantile_exact"": true}",frozen graph intervention; FIXED_NORM_MASK is not retrained valid-operator performance
Reddit-S,42,text_uniform,text_semantic_q0,FIXED_NORM_MASK,38603,-0.1034916640452973,-0.10942907752854103,0.3149004280567169,-1.0215539932250977,20,0.10788942277431487,0.004339373996159992,0.20701100528240204,-0.015492293173954124,MATCHED,"{""allocated_cells"": 7, ""allocation"": {""((0, 0), 3)"": 736, ""((1, 1), 3)"": 1341, ""((2, 2), 3)"": 3524, ""((3, 3), 0)"": 5767, ""((3, 3), 1)"": 12210, ""((3, 3), 2)"": 9248, ""((3, 3), 3)"": 5777}, ""degree_pair_exact"": true, ""matched_edge_count_per_control"": 38603, ""matching_method"": ""integral max-flow with exact endpoint-degree-quantile-pair and base normalized edge-weight quantile marginals"", ""shortages"": {}, ""status"": ""MATCHED"", ""target_degree_pair_marginal"": ""{(0, 0): 736, (1, 1): 1341, (3, 3): 33002, (2, 2): 3524}"", ""target_edge_count"": 38603, ""target_weight_quantile_marginal"": ""{3: 11378, 0: 5767, 2: 9248, 1: 12210}"", ""verified_exact_marginals"": true, ""weight_quantile_exact"": true}",frozen graph intervention; FIXED_NORM_MASK is not retrained valid-operator performance
Reddit-S,42,text_uniform,text_semantic_q0,RENORMALIZED_DELETE,38603,-0.0843032400125826,-0.08954094662404422,0.3855498731136322,0.12578392028808594,20,0.036986525356769565,0.0056077171777510005,0.34856334775686265,-0.010412079270210806,MATCHED,"{""allocated_cells"": 7, ""allocation"": {""((0, 0), 3)"": 736, ""((1, 1), 3)"": 1341, ""((2, 2), 3)"": 3524, ""((3, 3), 0)"": 5767, ""((3, 3), 1)"": 12210, ""((3, 3), 2)"": 9248, ""((3, 3), 3)"": 5777}, ""degree_pair_exact"": true, ""matched_edge_count_per_control"": 38603, ""matching_method"": ""integral max-flow with exact endpoint-degree-quantile-pair and base normalized edge-weight quantile marginals"", ""shortages"": {}, ""status"": ""MATCHED"", ""target_degree_pair_marginal"": ""{(0, 0): 736, (1, 1): 1341, (3, 3): 33002, (2, 2): 3524}"", ""target_edge_count"": 38603, ""target_weight_quantile_marginal"": ""{3: 11378, 0: 5767, 2: 9248, 1: 12210}"", ""verified_exact_marginals"": true, ""weight_quantile_exact"": true}",frozen graph intervention; FIXED_NORM_MASK is not retrained valid-operator performance
Reddit-S,42,text_uniform,text_semantic_q3,FIXED_NORM_MASK,0,0.0,0.0,0.0,0.0,0,nan,nan,nan,nan,EMPTY_TARGET_GROUP,"{""allocated_cells"": 0, ""allocation"": {}, ""degree_pair_exact"": false, ""matched_edge_count_per_control"": 0, ""matching_method"": ""integral max-flow with exact endpoint-degree-quantile-pair and base normalized edge-weight quantile marginals"", ""shortages"": {}, ""status"": ""EMPTY_TARGET_GROUP"", ""target_degree_pair_marginal"": ""{}"", ""target_edge_count"": 0, ""target_weight_quantile_marginal"": ""{}"", ""weight_quantile_exact"": false}",frozen graph intervention; FIXED_NORM_MASK is not retrained valid-operator performance
Reddit-S,42,text_uniform,text_semantic_q3,RENORMALIZED_DELETE,0,0.0,0.0,0.0,0.0,0,nan,nan,nan,nan,EMPTY_TARGET_GROUP,"{""allocated_cells"": 0, ""allocation"": {}, ""degree_pair_exact"": false, ""matched_edge_count_per_control"": 0, ""matching_method"": ""integral max-flow with exact endpoint-degree-quantile-pair and base normalized edge-weight quantile marginals"", ""shortages"": {}, ""status"": ""EMPTY_TARGET_GROUP"", ""target_degree_pair_marginal"": ""{}"", ""target_edge_count"": 0, ""target_weight_quantile_marginal"": ""{}"", ""weight_quantile_exact"": false}",frozen graph intervention; FIXED_NORM_MASK is not retrained valid-operator performance
Reddit-S,42,text_uniform,text_low_similarity_high_novelty,FIXED_NORM_MASK,8955,-0.022648631645171502,-0.02250358727813173,0.0759384036064148,-0.2959585189819336,20,0.02150481045246124,0.0017264463134017214,0.054433593153953554,-0.003350110097514997,MATCHED,"{""allocated_cells"": 6, ""allocation"": {""((1, 1), 3)"": 456, ""((2, 2), 3)"": 1284, ""((3, 3), 0)"": 706, ""((3, 3), 1)"": 1099, ""((3, 3), 2)"": 3370, ""((3, 3), 3)"": 2040}, ""degree_pair_exact"": true, ""matched_edge_count_per_control"": 8955, ""matching_method"": ""integral max-flow with exact endpoint-degree-quantile-pair and base normalized edge-weight quantile marginals"", ""shortages"": {}, ""status"": ""MATCHED"", ""target_degree_pair_marginal"": ""{(1, 1): 456, (3, 3): 7215, (2, 2): 1284}"", ""target_edge_count"": 8955, ""target_weight_quantile_marginal"": ""{3: 3780, 0: 706, 1: 1099, 2: 3370}"", ""verified_exact_marginals"": true, ""weight_quantile_exact"": true}",frozen graph intervention; FIXED_NORM_MASK is not retrained valid-operator performance
Reddit-S,42,text_uniform,text_low_similarity_high_novelty,RENORMALIZED_DELETE,8955,-0.01730103806228378,-0.017363967505401035,0.07445329427719116,0.00177001953125,20,0.004911577701568604,0.0018349237178381277,0.06954171657562255,-0.0011324315822586416,MATCHED,"{""allocated_cells"": 6, ""allocation"": {""((1, 1), 3)"": 456, ""((2, 2), 3)"": 1284, ""((3, 3), 0)"": 706, ""((3, 3), 1)"": 1099, ""((3, 3), 2)"": 3370, ""((3, 3), 3)"": 2040}, ""degree_pair_exact"": true, ""matched_edge_count_per_control"": 8955, ""matching_method"": ""integral max-flow with exact endpoint-degree-quantile-pair and base normalized edge-weight quantile marginals"", ""shortages"": {}, ""status"": ""MATCHED"", ""target_degree_pair_marginal"": ""{(1, 1): 456, (3, 3): 7215, (2, 2): 1284}"", ""target_edge_count"": 8955, ""target_weight_quantile_marginal"": ""{3: 3780, 0: 706, 1: 1099, 2: 3370}"", ""verified_exact_marginals"": true, ""weight_quantile_exact"": true}",frozen graph intervention; FIXED_NORM_MASK is not retrained valid-operator performance
Reddit-S,42,text_uniform,text_high_similarity_low_novelty,FIXED_NORM_MASK,8094,-0.0009436929852155718,-0.0014036520501603533,0.009311765432357788,-0.2535243034362793,20,0.008794306218624115,0.0016308384285473117,0.0005174592137336727,-0.0018244731047500017,MATCHED,"{""allocated_cells"": 6, ""allocation"": {""((1, 1), 3)"": 227, ""((2, 2), 3)"": 412, ""((3, 3), 0)"": 149, ""((3, 3), 1)"": 4261, ""((3, 3), 2)"": 1980, ""((3, 3), 3)"": 1065}, ""degree_pair_exact"": true, ""matched_edge_count_per_control"": 8094, ""matching_method"": ""integral max-flow with exact endpoint-degree-quantile-pair and base normalized edge-weight quantile marginals"", ""shortages"": {}, ""status"": ""MATCHED"", ""target_degree_pair_marginal"": ""{(1, 1): 227, (2, 2): 412, (3, 3): 7455}"", ""target_edge_count"": 8094, ""target_weight_quantile_marginal"": ""{3: 1704, 1: 4261, 2: 1980, 0: 149}"", ""verified_exact_marginals"": true, ""weight_quantile_exact"": true}",frozen graph intervention; FIXED_NORM_MASK is not retrained valid-operator performance
Reddit-S,42,text_uniform,text_high_similarity_low_novelty,RENORMALIZED_DELETE,8094,-0.0006291286568104182,-0.0011437351319038003,0.000488966703414917,-0.02210235595703125,20,0.002621544897556305,0.0013519216041337906,-0.002132578194141388,-0.0009122365523750453,MATCHED,"{""allocated_cells"": 6, ""allocation"": {""((1, 1), 3)"": 227, ""((2, 2), 3)"": 412, ""((3, 3), 0)"": 149, ""((3, 3), 1)"": 4261, ""((3, 3), 2)"": 1980, ""((3, 3), 3)"": 1065}, ""degree_pair_exact"": true, ""matched_edge_count_per_control"": 8094, ""matching_method"": ""integral max-flow with exact endpoint-degree-quantile-pair and base normalized edge-weight quantile marginals"", ""shortages"": {}, ""status"": ""MATCHED"", ""target_degree_pair_marginal"": ""{(1, 1): 227, (2, 2): 412, (3, 3): 7455}"", ""target_edge_count"": 8094, ""target_weight_quantile_marginal"": ""{3: 1704, 1: 4261, 2: 1980, 0: 149}"", ""verified_exact_marginals"": true, ""weight_quantile_exact"": true}",frozen graph intervention; FIXED_NORM_MASK is not retrained valid-operator performance
Reddit-S,42,text_uniform,joint_low_similarity_high_novelty,FIXED_NORM_MASK,9643,-0.015728216420258012,-0.014728688109116539,0.06804341077804565,-0.38946104049682617,20,0.029731397330760957,0.002744122306977792,0.0383120134472847,-0.006369927650204521,MATCHED,"{""allocated_cells"": 6, ""allocation"": {""((1, 1), 3)"": 646, ""((2, 2), 3)"": 1442, ""((3, 3), 0)"": 791, ""((3, 3), 1)"": 1876, ""((3, 3), 2)"": 2664, ""((3, 3), 3)"": 2224}, ""degree_pair_exact"": true, ""matched_edge_count_per_control"": 9643, ""matching_method"": ""integral max-flow with exact endpoint-degree-quantile-pair and base normalized edge-weight quantile marginals"", ""shortages"": {}, ""status"": ""MATCHED"", ""target_degree_pair_marginal"": ""{(1, 1): 646, (3, 3): 7555, (2, 2): 1442}"", ""target_edge_count"": 9643, ""target_weight_quantile_marginal"": ""{3: 4312, 0: 791, 1: 1876, 2: 2664}"", ""verified_exact_marginals"": true, ""weight_quantile_exact"": true}",frozen graph intervention; FIXED_NORM_MASK is not retrained valid-operator performance
Reddit-S,42,text_uniform,joint_low_similarity_high_novelty,RENORMALIZED_DELETE,9643,-0.011638880150990905,-0.010496317650127374,0.04759284853935242,0.0010461807250976562,20,0.00934806913137436,0.0028120072474815427,0.03824477940797806,-0.0032242843661529352,MATCHED,"{""allocated_cells"": 6, ""allocation"": {""((1, 1), 3)"": 646, ""((2, 2), 3)"": 1442, ""((3, 3), 0)"": 791, ""((3, 3), 1)"": 1876, ""((3, 3), 2)"": 2664, ""((3, 3), 3)"": 2224}, ""degree_pair_exact"": true, ""matched_edge_count_per_control"": 9643, ""matching_method"": ""integral max-flow with exact endpoint-degree-quantile-pair and base normalized edge-weight quantile marginals"", ""shortages"": {}, ""status"": ""MATCHED"", ""target_degree_pair_marginal"": ""{(1, 1): 646, (3, 3): 7555, (2, 2): 1442}"", ""target_edge_count"": 9643, ""target_weight_quantile_marginal"": ""{3: 4312, 0: 791, 1: 1876, 2: 2664}"", ""verified_exact_marginals"": true, ""weight_quantile_exact"": true}",frozen graph intervention; FIXED_NORM_MASK is not retrained valid-operator performance
Reddit-S,42,text_uniform,joint_high_similarity_low_novelty,FIXED_NORM_MASK,15149,-0.003145643284051647,-0.003242076856977527,0.024589329957962036,-0.40179443359375,20,0.015319131314754486,0.001606081127232261,0.00927019864320755,-0.0030040893362693276,MATCHED,"{""allocated_cells"": 6, ""allocation"": {""((1, 1), 3)"": 348, ""((2, 2), 3)"": 904, ""((3, 3), 0)"": 7283, ""((3, 3), 1)"": 2311, ""((3, 3), 2)"": 2693, ""((3, 3), 3)"": 1610}, ""degree_pair_exact"": true, ""matched_edge_count_per_control"": 15149, ""matching_method"": ""integral max-flow with exact endpoint-degree-quantile-pair and base normalized edge-weight quantile marginals"", ""shortages"": {}, ""status"": ""MATCHED"", ""target_degree_pair_marginal"": ""{(1, 1): 348, (2, 2): 904, (3, 3): 13897}"", ""target_edge_count"": 15149, ""target_weight_quantile_marginal"": ""{3: 2862, 0: 7283, 1: 2311, 2: 2693}"", ""verified_exact_marginals"": true, ""weight_quantile_exact"": true}",frozen graph intervention; FIXED_NORM_MASK is not retrained valid-operator performance
Reddit-S,42,text_uniform,joint_high_similarity_low_novelty,RENORMALIZED_DELETE,15149,-0.0009436929852155718,-0.0006718606415896389,0.007806241512298584,-0.028824329376220703,20,0.003445020318031311,0.0009968743468211766,0.004361221194267273,-0.0014627241270840751,MATCHED,"{""allocated_cells"": 6, ""allocation"": {""((1, 1), 3)"": 348, ""((2, 2), 3)"": 904, ""((3, 3), 0)"": 7283, ""((3, 3), 1)"": 2311, ""((3, 3), 2)"": 2693, ""((3, 3), 3)"": 1610}, ""degree_pair_exact"": true, ""matched_edge_count_per_control"": 15149, ""matching_method"": ""integral max-flow with exact endpoint-degree-quantile-pair and base normalized edge-weight quantile marginals"", ""shortages"": {}, ""status"": ""MATCHED"", ""target_degree_pair_marginal"": ""{(1, 1): 348, (2, 2): 904, (3, 3): 13897}"", ""target_edge_count"": 15149, ""target_weight_quantile_marginal"": ""{3: 2862, 0: 7283, 1: 2311, 2: 2693}"", ""verified_exact_marginals"": true, ""weight_quantile_exact"": true}",frozen graph intervention; FIXED_NORM_MASK is not retrained valid-operator performance
Reddit-S,42,visual_uniform,visual_semantic_q0,FIXED_NORM_MASK,51631,-0.02610883925762819,-0.02823777467426558,0.202445849776268,-1.609666347503662,20,0.1343534156680107,0.0020042297932560435,0.0680924341082573,-0.004828562441019218,MATCHED,"{""allocated_cells"": 7, ""allocation"": {""((0, 0), 3)"": 899, ""((1, 1), 3)"": 1762, ""((2, 2), 3)"": 4207, ""((3, 3), 0)"": 10745, ""((3, 3), 1)"": 11563, ""((3, 3), 2)"": 15422, ""((3, 3), 3)"": 7033}, ""degree_pair_exact"": true, ""matched_edge_count_per_control"": 51631, ""matching_method"": ""integral max-flow with exact endpoint-degree-quantile-pair and base normalized edge-weight quantile marginals"", ""shortages"": {}, ""status"": ""MATCHED"", ""target_degree_pair_marginal"": ""{(0, 0): 899, (1, 1): 1762, (3, 3): 44763, (2, 2): 4207}"", ""target_edge_count"": 51631, ""target_weight_quantile_marginal"": ""{3: 13901, 0: 10745, 2: 15422, 1: 11563}"", ""verified_exact_marginals"": true, ""weight_quantile_exact"": true}",frozen graph intervention; FIXED_NORM_MASK is not retrained valid-operator performance
Reddit-S,42,visual_uniform,visual_semantic_q0,RENORMALIZED_DELETE,51631,-0.02327776030198181,-0.02509356979298316,0.08377210795879364,0.11551761627197266,20,0.015291859209537507,0.001572701763467065,0.06848024874925614,-0.0034287511796162852,MATCHED,"{""allocated_cells"": 7, ""allocation"": {""((0, 0), 3)"": 899, ""((1, 1), 3)"": 1762, ""((2, 2), 3)"": 4207, ""((3, 3), 0)"": 10745, ""((3, 3), 1)"": 11563, ""((3, 3), 2)"": 15422, ""((3, 3), 3)"": 7033}, ""degree_pair_exact"": true, ""matched_edge_count_per_control"": 51631, ""matching_method"": ""integral max-flow with exact endpoint-degree-quantile-pair and base normalized edge-weight quantile marginals"", ""shortages"": {}, ""status"": ""MATCHED"", ""target_degree_pair_marginal"": ""{(0, 0): 899, (1, 1): 1762, (3, 3): 44763, (2, 2): 4207}"", ""target_edge_count"": 51631, ""target_weight_quantile_marginal"": ""{3: 13901, 0: 10745, 2: 15422, 1: 11563}"", ""verified_exact_marginals"": true, ""weight_quantile_exact"": true}",frozen graph intervention; FIXED_NORM_MASK is not retrained valid-operator performance
Reddit-S,42,visual_uniform,visual_semantic_q3,FIXED_NORM_MASK,0,0.0,0.0,0.0,0.0,0,nan,nan,nan,nan,EMPTY_TARGET_GROUP,"{""allocated_cells"": 0, ""allocation"": {}, ""degree_pair_exact"": false, ""matched_edge_count_per_control"": 0, ""matching_method"": ""integral max-flow with exact endpoint-degree-quantile-pair and base normalized edge-weight quantile marginals"", ""shortages"": {}, ""status"": ""EMPTY_TARGET_GROUP"", ""target_degree_pair_marginal"": ""{}"", ""target_edge_count"": 0, ""target_weight_quantile_marginal"": ""{}"", ""weight_quantile_exact"": false}",frozen graph intervention; FIXED_NORM_MASK is not retrained valid-operator performance
Reddit-S,42,visual_uniform,visual_semantic_q3,RENORMALIZED_DELETE,0,0.0,0.0,0.0,0.0,0,nan,nan,nan,nan,EMPTY_TARGET_GROUP,"{""allocated_cells"": 0, ""allocation"": {}, ""degree_pair_exact"": false, ""matched_edge_count_per_control"": 0, ""matching_method"": ""integral max-flow with exact endpoint-degree-quantile-pair and base normalized edge-weight quantile marginals"", ""shortages"": {}, ""status"": ""EMPTY_TARGET_GROUP"", ""target_degree_pair_marginal"": ""{}"", ""target_edge_count"": 0, ""target_weight_quantile_marginal"": ""{}"", ""weight_quantile_exact"": false}",frozen graph intervention; FIXED_NORM_MASK is not retrained valid-operator performance
Reddit-S,42,visual_uniform,visual_low_similarity_high_novelty,FIXED_NORM_MASK,14314,-0.007864108210129062,-0.007106047557094097,0.05301760137081146,-0.45264339447021484,20,0.014053832739591599,0.0011337613237567214,0.038963768631219864,-0.0006291286568103904,MATCHED,"{""allocated_cells"": 6, ""allocation"": {""((1, 1), 3)"": 598, ""((2, 2), 3)"": 1450, ""((3, 3), 0)"": 3145, ""((3, 3), 1)"": 2314, ""((3, 3), 2)"": 4506, ""((3, 3), 3)"": 2301}, ""degree_pair_exact"": true, ""matched_edge_count_per_control"": 14314, ""matching_method"": ""integral max-flow with exact endpoint-degree-quantile-pair and base normalized edge-weight quantile marginals"", ""shortages"": {}, ""status"": ""MATCHED"", ""target_degree_pair_marginal"": ""{(1, 1): 598, (2, 2): 1450, (3, 3): 12266}"", ""target_edge_count"": 14314, ""target_weight_quantile_marginal"": ""{3: 4349, 0: 3145, 2: 4506, 1: 2314}"", ""verified_exact_marginals"": true, ""weight_quantile_exact"": true}",frozen graph intervention; FIXED_NORM_MASK is not retrained valid-operator performance
Reddit-S,42,visual_uniform,visual_low_similarity_high_novelty,RENORMALIZED_DELETE,14314,-0.006920415224913601,-0.005987568756792849,0.021950051188468933,0.02502727508544922,20,0.0010612532496452332,0.0011625438217562948,0.0208887979388237,-0.0004246618433470295,MATCHED,"{""allocated_cells"": 6, ""allocation"": {""((1, 1), 3)"": 598, ""((2, 2), 3)"": 1450, ""((3, 3), 0)"": 3145, ""((3, 3), 1)"": 2314, ""((3, 3), 2)"": 4506, ""((3, 3), 3)"": 2301}, ""degree_pair_exact"": true, ""matched_edge_count_per_control"": 14314, ""matching_method"": ""integral max-flow with exact endpoint-degree-quantile-pair and base normalized edge-weight quantile marginals"", ""shortages"": {}, ""status"": ""MATCHED"", ""target_degree_pair_marginal"": ""{(1, 1): 598, (2, 2): 1450, (3, 3): 12266}"", ""target_edge_count"": 14314, ""target_weight_quantile_marginal"": ""{3: 4349, 0: 3145, 2: 4506, 1: 2314}"", ""verified_exact_marginals"": true, ""weight_quantile_exact"": true}",frozen graph intervention; FIXED_NORM_MASK is not retrained valid-operator performance
Reddit-S,42,visual_uniform,visual_high_similarity_low_novelty,FIXED_NORM_MASK,32467,-0.0025165146272413397,-0.004486148452277905,0.06253497302532196,-0.9903354644775391,20,0.04592202603816986,0.0025864407313357335,0.0166129469871521,-0.002060396351053856,MATCHED,"{""allocated_cells"": 6, ""allocation"": {""((1, 1), 3)"": 1136, ""((2, 2), 3)"": 2578, ""((3, 3), 0)"": 11106, ""((3, 3), 1)"": 8468, ""((3, 3), 2)"": 5046, ""((3, 3), 3)"": 4133}, ""degree_pair_exact"": true, ""matched_edge_count_per_control"": 32467, ""matching_method"": ""integral max-flow with exact endpoint-degree-quantile-pair and base normalized edge-weight quantile marginals"", ""shortages"": {}, ""status"": ""MATCHED"", ""target_degree_pair_marginal"": ""{(1, 1): 1136, (3, 3): 28753, (2, 2): 2578}"", ""target_edge_count"": 32467, ""target_weight_quantile_marginal"": ""{3: 7847, 0: 11106, 2: 5046, 1: 8468}"", ""verified_exact_marginals"": true, ""weight_quantile_exact"": true}",frozen graph intervention; FIXED_NORM_MASK is not retrained valid-operator performance
Reddit-S,42,visual_uniform,visual_high_similarity_low_novelty,RENORMALIZED_DELETE,32467,-0.0003145643284052646,-0.0007040109629286029,0.006798937916755676,-0.06539249420166016,20,0.0030032530426979064,0.0020286373808848417,0.00379568487405777,-0.0016671909405474139,MATCHED,"{""allocated_cells"": 6, ""allocation"": {""((1, 1), 3)"": 1136, ""((2, 2), 3)"": 2578, ""((3, 3), 0)"": 11106, ""((3, 3), 1)"": 8468, ""((3, 3), 2)"": 5046, ""((3, 3), 3)"": 4133}, ""degree_pair_exact"": true, ""matched_edge_count_per_control"": 32467, ""matching_method"": ""integral max-flow with exact endpoint-degree-quantile-pair and base normalized edge-weight quantile marginals"", ""shortages"": {}, ""status"": ""MATCHED"", ""target_degree_pair_marginal"": ""{(1, 1): 1136, (3, 3): 28753, (2, 2): 2578}"", ""target_edge_count"": 32467, ""target_weight_quantile_marginal"": ""{3: 7847, 0: 11106, 2: 5046, 1: 8468}"", ""verified_exact_marginals"": true, ""weight_quantile_exact"": true}",frozen graph intervention; FIXED_NORM_MASK is not retrained valid-operator performance
Reddit-S,42,visual_uniform,joint_low_similarity_high_novelty,FIXED_NORM_MASK,9643,-0.0028310789556464933,-0.00148103081486739,0.035000190138816833,-0.4289522171020508,20,0.015988658368587493,0.0015802869712596658,0.01901153177022934,-0.0008493236866940091,MATCHED,"{""allocated_cells"": 6, ""allocation"": {""((1, 1), 3)"": 646, ""((2, 2), 3)"": 1442, ""((3, 3), 0)"": 791, ""((3, 3), 1)"": 1876, ""((3, 3), 2)"": 2664, ""((3, 3), 3)"": 2224}, ""degree_pair_exact"": true, ""matched_edge_count_per_control"": 9643, ""matching_method"": ""integral max-flow with exact endpoint-degree-quantile-pair and base normalized edge-weight quantile marginals"", ""shortages"": {}, ""status"": ""MATCHED"", ""target_degree_pair_marginal"": ""{(1, 1): 646, (3, 3): 7555, (2, 2): 1442}"", ""target_edge_count"": 9643, ""target_weight_quantile_marginal"": ""{3: 4312, 0: 791, 1: 1876, 2: 2664}"", ""verified_exact_marginals"": true, ""weight_quantile_exact"": true}",frozen graph intervention; FIXED_NORM_MASK is not retrained valid-operator performance
Reddit-S,42,visual_uniform,joint_low_similarity_high_novelty,RENORMALIZED_DELETE,9643,-0.0025165146272413397,-0.0013757313791524783,0.008163049817085266,0.023604869842529297,20,0.0012988388538360597,0.0009033301425110605,0.006864210963249207,-0.0004403900597673038,MATCHED,"{""allocated_cells"": 6, ""allocation"": {""((1, 1), 3)"": 646, ""((2, 2), 3)"": 1442, ""((3, 3), 0)"": 791, ""((3, 3), 1)"": 1876, ""((3, 3), 2)"": 2664, ""((3, 3), 3)"": 2224}, ""degree_pair_exact"": true, ""matched_edge_count_per_control"": 9643, ""matching_method"": ""integral max-flow with exact endpoint-degree-quantile-pair and base normalized edge-weight quantile marginals"", ""shortages"": {}, ""status"": ""MATCHED"", ""target_degree_pair_marginal"": ""{(1, 1): 646, (3, 3): 7555, (2, 2): 1442}"", ""target_edge_count"": 9643, ""target_weight_quantile_marginal"": ""{3: 4312, 0: 791, 1: 1876, 2: 2664}"", ""verified_exact_marginals"": true, ""weight_quantile_exact"": true}",frozen graph intervention; FIXED_NORM_MASK is not retrained valid-operator performance
Reddit-S,42,visual_uniform,joint_high_similarity_low_novelty,FIXED_NORM_MASK,15149,-0.0006291286568104182,-0.0019680853743727633,0.020787492394447327,-0.3716163635253906,20,0.008032284677028656,0.0010211272183583548,0.01275520771741867,-0.00025165146272418393,MATCHED,"{""allocated_cells"": 6, ""allocation"": {""((1, 1), 3)"": 348, ""((2, 2), 3)"": 904, ""((3, 3), 0)"": 7283, ""((3, 3), 1)"": 2311, ""((3, 3), 2)"": 2693, ""((3, 3), 3)"": 1610}, ""degree_pair_exact"": true, ""matched_edge_count_per_control"": 15149, ""matching_method"": ""integral max-flow with exact endpoint-degree-quantile-pair and base normalized edge-weight quantile marginals"", ""shortages"": {}, ""status"": ""MATCHED"", ""target_degree_pair_marginal"": ""{(1, 1): 348, (2, 2): 904, (3, 3): 13897}"", ""target_edge_count"": 15149, ""target_weight_quantile_marginal"": ""{3: 2862, 0: 7283, 1: 2311, 2: 2693}"", ""verified_exact_marginals"": true, ""weight_quantile_exact"": true}",frozen graph intervention; FIXED_NORM_MASK is not retrained valid-operator performance
Reddit-S,42,visual_uniform,joint_high_similarity_low_novelty,RENORMALIZED_DELETE,15149,-0.0009436929852155718,-0.0023738636958654524,0.003103598952293396,-0.018853187561035156,20,9.910240769386291e-05,0.0006124877789276199,0.003004496544599533,-0.00012582573136210584,MATCHED,"{""allocated_cells"": 6, ""allocation"": {""((1, 1), 3)"": 348, ""((2, 2), 3)"": 904, ""((3, 3), 0)"": 7283, ""((3, 3), 1)"": 2311, ""((3, 3), 2)"": 2693, ""((3, 3), 3)"": 1610}, ""degree_pair_exact"": true, ""matched_edge_count_per_control"": 15149, ""matching_method"": ""integral max-flow with exact endpoint-degree-quantile-pair and base normalized edge-weight quantile marginals"", ""shortages"": {}, ""status"": ""MATCHED"", ""target_degree_pair_marginal"": ""{(1, 1): 348, (2, 2): 904, (3, 3): 13897}"", ""target_edge_count"": 15149, ""target_weight_quantile_marginal"": ""{3: 2862, 0: 7283, 1: 2311, 2: 2693}"", ""verified_exact_marginals"": true, ""weight_quantile_exact"": true}",frozen graph intervention; FIXED_NORM_MASK is not retrained valid-operator performance
Reddit-S,43,text_uniform,text_semantic_q0,FIXED_NORM_MASK,35239,-0.06605850896508336,-0.06394520274842597,0.2376883402466774,-0.9773526191711426,20,0.09675521701574326,0.0030122231406282435,0.14093312323093415,-0.007455174583202301,MATCHED,"{""allocated_cells"": 7, ""allocation"": {""((0, 0), 3)"": 686, ""((1, 1), 3)"": 1217, ""((2, 2), 3)"": 3224, ""((3, 3), 0)"": 5104, ""((3, 3), 1)"": 11151, ""((3, 3), 2)"": 8572, ""((3, 3), 3)"": 5285}, ""degree_pair_exact"": true, ""matched_edge_count_per_control"": 35239, ""matching_method"": ""integral max-flow with exact endpoint-degree-quantile-pair and base normalized edge-weight quantile marginals"", ""shortages"": {}, ""status"": ""MATCHED"", ""target_degree_pair_marginal"": ""{(0, 0): 686, (1, 1): 1217, (3, 3): 30112, (2, 2): 3224}"", ""target_edge_count"": 35239, ""target_weight_quantile_marginal"": ""{3: 10412, 0: 5104, 2: 8572, 1: 11151}"", ""verified_exact_marginals"": true, ""weight_quantile_exact"": true}",frozen graph intervention; FIXED_NORM_MASK is not retrained valid-operator performance
Reddit-S,43,text_uniform,text_semantic_q0,RENORMALIZED_DELETE,35239,-0.053475935828877,-0.05256125878401763,0.21368099004030228,0.06765937805175781,20,0.02769170105457306,0.003044056092835916,0.18598928898572922,-0.008493236866939351,MATCHED,"{""allocated_cells"": 7, ""allocation"": {""((0, 0), 3)"": 686, ""((1, 1), 3)"": 1217, ""((2, 2), 3)"": 3224, ""((3, 3), 0)"": 5104, ""((3, 3), 1)"": 11151, ""((3, 3), 2)"": 8572, ""((3, 3), 3)"": 5285}, ""degree_pair_exact"": true, ""matched_edge_count_per_control"": 35239, ""matching_method"": ""integral max-flow with exact endpoint-degree-quantile-pair and base normalized edge-weight quantile marginals"", ""shortages"": {}, ""status"": ""MATCHED"", ""target_degree_pair_marginal"": ""{(0, 0): 686, (1, 1): 1217, (3, 3): 30112, (2, 2): 3224}"", ""target_edge_count"": 35239, ""target_weight_quantile_marginal"": ""{3: 10412, 0: 5104, 2: 8572, 1: 11151}"", ""verified_exact_marginals"": true, ""weight_quantile_exact"": true}",frozen graph intervention; FIXED_NORM_MASK is not retrained valid-operator performance
Reddit-S,43,text_uniform,text_semantic_q3,FIXED_NORM_MASK,0,0.0,0.0,0.0,0.0,0,nan,nan,nan,nan,EMPTY_TARGET_GROUP,"{""allocated_cells"": 0, ""allocation"": {}, ""degree_pair_exact"": false, ""matched_edge_count_per_control"": 0, ""matching_method"": ""integral max-flow with exact endpoint-degree-quantile-pair and base normalized edge-weight quantile marginals"", ""shortages"": {}, ""status"": ""EMPTY_TARGET_GROUP"", ""target_degree_pair_marginal"": ""{}"", ""target_edge_count"": 0, ""target_weight_quantile_marginal"": ""{}"", ""weight_quantile_exact"": false}",frozen graph intervention; FIXED_NORM_MASK is not retrained valid-operator performance
Reddit-S,43,text_uniform,text_semantic_q3,RENORMALIZED_DELETE,0,0.0,0.0,0.0,0.0,0,nan,nan,nan,nan,EMPTY_TARGET_GROUP,"{""allocated_cells"": 0, ""allocation"": {}, ""degree_pair_exact"": false, ""matched_edge_count_per_control"": 0, ""matching_method"": ""integral max-flow with exact endpoint-degree-quantile-pair and base normalized edge-weight quantile marginals"", ""shortages"": {}, ""status"": ""EMPTY_TARGET_GROUP"", ""target_degree_pair_marginal"": ""{}"", ""target_edge_count"": 0, ""target_weight_quantile_marginal"": ""{}"", ""weight_quantile_exact"": false}",frozen graph intervention; FIXED_NORM_MASK is not retrained valid-operator performance
Reddit-S,43,text_uniform,text_low_similarity_high_novelty,FIXED_NORM_MASK,11736,-0.01384083044982709,-0.011425088927868199,0.059349291026592255,-0.3068270683288574,20,0.016889646649360657,0.001570758195961793,0.0424596443772316,-0.0005347593582888166,MATCHED,"{""allocated_cells"": 6, ""allocation"": {""((1, 1), 3)"": 426, ""((2, 2), 3)"": 1183, ""((3, 3), 0)"": 453, ""((3, 3), 1)"": 6582, ""((3, 3), 2)"": 1262, ""((3, 3), 3)"": 1830}, ""degree_pair_exact"": true, ""matched_edge_count_per_control"": 11736, ""matching_method"": ""integral max-flow with exact endpoint-degree-quantile-pair and base normalized edge-weight quantile marginals"", ""shortages"": {}, ""status"": ""MATCHED"", ""target_degree_pair_marginal"": ""{(1, 1): 426, (2, 2): 1183, (3, 3): 10127}"", ""target_edge_count"": 11736, ""target_weight_quantile_marginal"": ""{3: 3439, 0: 453, 2: 1262, 1: 6582}"", ""verified_exact_marginals"": true, ""weight_quantile_exact"": true}",frozen graph intervention; FIXED_NORM_MASK is not retrained valid-operator performance
Reddit-S,43,text_uniform,text_low_similarity_high_novelty,RENORMALIZED_DELETE,11736,-0.010066058508965137,-0.008122070530746428,0.05266343802213669,0.016237735748291016,20,0.0028334520757198334,0.0013278653808861452,0.049829985946416855,-0.0007392261717521942,MATCHED,"{""allocated_cells"": 6, ""allocation"": {""((1, 1), 3)"": 426, ""((2, 2), 3)"": 1183, ""((3, 3), 0)"": 453, ""((3, 3), 1)"": 6582, ""((3, 3), 2)"": 1262, ""((3, 3), 3)"": 1830}, ""degree_pair_exact"": true, ""matched_edge_count_per_control"": 11736, ""matching_method"": ""integral max-flow with exact endpoint-degree-quantile-pair and base normalized edge-weight quantile marginals"", ""shortages"": {}, ""status"": ""MATCHED"", ""target_degree_pair_marginal"": ""{(1, 1): 426, (2, 2): 1183, (3, 3): 10127}"", ""target_edge_count"": 11736, ""target_weight_quantile_marginal"": ""{3: 3439, 0: 453, 2: 1262, 1: 6582}"", ""verified_exact_marginals"": true, ""weight_quantile_exact"": true}",frozen graph intervention; FIXED_NORM_MASK is not retrained valid-operator performance
Reddit-S,43,text_uniform,text_high_similarity_low_novelty,FIXED_NORM_MASK,30600,0.0,0.0005370833401732167,0.033758409321308136,-0.8192753791809082,20,0.042268098890781404,0.0020868257219223453,-0.008509689569473268,-0.002658068575023659,MATCHED,"{""allocated_cells"": 6, ""allocation"": {""((1, 1), 3)"": 677, ""((2, 2), 3)"": 1721, ""((3, 3), 0)"": 15000, ""((3, 3), 1)"": 3452, ""((3, 3), 2)"": 7140, ""((3, 3), 3)"": 2610}, ""degree_pair_exact"": true, ""matched_edge_count_per_control"": 30600, ""matching_method"": ""integral max-flow with exact endpoint-degree-quantile-pair and base normalized edge-weight quantile marginals"", ""shortages"": {}, ""status"": ""MATCHED"", ""target_degree_pair_marginal"": ""{(1, 1): 677, (3, 3): 28202, (2, 2): 1721}"", ""target_edge_count"": 30600, ""target_weight_quantile_marginal"": ""{3: 5008, 0: 15000, 2: 7140, 1: 3452}"", ""verified_exact_marginals"": true, ""weight_quantile_exact"": true}",frozen graph intervention; FIXED_NORM_MASK is not retrained valid-operator performance
Reddit-S,43,text_uniform,text_high_similarity_low_novelty,RENORMALIZED_DELETE,30600,-0.0009436929852155718,-0.0010739931779041312,0.003057621419429779,-0.09084701538085938,20,0.008224040269851685,0.0021912379714818676,-0.0051664188504219055,-0.0017930166719094865,MATCHED,"{""allocated_cells"": 6, ""allocation"": {""((1, 1), 3)"": 677, ""((2, 2), 3)"": 1721, ""((3, 3), 0)"": 15000, ""((3, 3), 1)"": 3452, ""((3, 3), 2)"": 7140, ""((3, 3), 3)"": 2610}, ""degree_pair_exact"": true, ""matched_edge_count_per_control"": 30600, ""matching_method"": ""integral max-flow with exact endpoint-degree-quantile-pair and base normalized edge-weight quantile marginals"", ""shortages"": {}, ""status"": ""MATCHED"", ""target_degree_pair_marginal"": ""{(1, 1): 677, (3, 3): 28202, (2, 2): 1721}"", ""target_edge_count"": 30600, ""target_weight_quantile_marginal"": ""{3: 5008, 0: 15000, 2: 7140, 1: 3452}"", ""verified_exact_marginals"": true, ""weight_quantile_exact"": true}",frozen graph intervention; FIXED_NORM_MASK is not retrained valid-operator performance
Reddit-S,43,text_uniform,joint_low_similarity_high_novelty,FIXED_NORM_MASK,11934,-0.011638880150990905,-0.008967381721456835,0.06422623246908188,-0.3950958251953125,20,0.02581605315208435,0.001832509796755106,0.03841017931699753,-0.0015728216420258622,MATCHED,"{""allocated_cells"": 6, ""allocation"": {""((1, 1), 3)"": 568, ""((2, 2), 3)"": 1327, ""((3, 3), 0)"": 862, ""((3, 3), 1)"": 985, ""((3, 3), 2)"": 5369, ""((3, 3), 3)"": 2823}, ""degree_pair_exact"": true, ""matched_edge_count_per_control"": 11934, ""matching_method"": ""integral max-flow with exact endpoint-degree-quantile-pair and base normalized edge-weight quantile marginals"", ""shortages"": {}, ""status"": ""MATCHED"", ""target_degree_pair_marginal"": ""{(1, 1): 568, (3, 3): 10039, (2, 2): 1327}"", ""target_edge_count"": 11934, ""target_weight_quantile_marginal"": ""{3: 4718, 0: 862, 2: 5369, 1: 985}"", ""verified_exact_marginals"": true, ""weight_quantile_exact"": true}",frozen graph intervention; FIXED_NORM_MASK is not retrained valid-operator performance
Reddit-S,43,text_uniform,joint_low_similarity_high_novelty,RENORMALIZED_DELETE,11934,-0.008178672538534215,-0.005760734502732512,0.03874000161886215,0.01664447784423828,20,0.006130237877368927,0.0020664812539104302,0.03260976374149323,-0.0014469959106638008,MATCHED,"{""allocated_cells"": 6, ""allocation"": {""((1, 1), 3)"": 568, ""((2, 2), 3)"": 1327, ""((3, 3), 0)"": 862, ""((3, 3), 1)"": 985, ""((3, 3), 2)"": 5369, ""((3, 3), 3)"": 2823}, ""degree_pair_exact"": true, ""matched_edge_count_per_control"": 11934, ""matching_method"": ""integral max-flow with exact endpoint-degree-quantile-pair and base normalized edge-weight quantile marginals"", ""shortages"": {}, ""status"": ""MATCHED"", ""target_degree_pair_marginal"": ""{(1, 1): 568, (3, 3): 10039, (2, 2): 1327}"", ""target_edge_count"": 11934, ""target_weight_quantile_marginal"": ""{3: 4718, 0: 862, 2: 5369, 1: 985}"", ""verified_exact_marginals"": true, ""weight_quantile_exact"": true}",frozen graph intervention; FIXED_NORM_MASK is not retrained valid-operator performance
Reddit-S,43,text_uniform,joint_high_similarity_low_novelty,FIXED_NORM_MASK,12135,-0.0006291286568104182,-0.0015396557099738306,0.01828361302614212,-0.3896665573120117,20,0.014017832279205323,0.0010976058643399783,0.004265780746936797,-0.0006291286568103627,MATCHED,"{""allocated_cells"": 6, ""allocation"": {""((1, 1), 3)"": 381, ""((2, 2), 3)"": 945, ""((3, 3), 0)"": 5788, ""((3, 3), 1)"": 1572, ""((3, 3), 2)"": 2288, ""((3, 3), 3)"": 1161}, ""degree_pair_exact"": true, ""matched_edge_count_per_control"": 12135, ""matching_method"": ""integral max-flow with exact endpoint-degree-quantile-pair and base normalized edge-weight quantile marginals"", ""shortages"": {}, ""status"": ""MATCHED"", ""target_degree_pair_marginal"": ""{(1, 1): 381, (2, 2): 945, (3, 3): 10809}"", ""target_edge_count"": 12135, ""target_weight_quantile_marginal"": ""{3: 2487, 0: 5788, 2: 2288, 1: 1572}"", ""verified_exact_marginals"": true, ""weight_quantile_exact"": true}",frozen graph intervention; FIXED_NORM_MASK is not retrained valid-operator performance
Reddit-S,43,text_uniform,joint_high_similarity_low_novelty,RENORMALIZED_DELETE,12135,-0.0003145643284051536,-0.0004502467999811799,0.0018446296453475952,-0.03351449966430664,20,0.002759566530585289,0.0010919330991233482,-0.0009149368852376938,-0.0005190311418685645,MATCHED,"{""allocated_cells"": 6, ""allocation"": {""((1, 1), 3)"": 381, ""((2, 2), 3)"": 945, ""((3, 3), 0)"": 5788, ""((3, 3), 1)"": 1572, ""((3, 3), 2)"": 2288, ""((3, 3), 3)"": 1161}, ""degree_pair_exact"": true, ""matched_edge_count_per_control"": 12135, ""matching_method"": ""integral max-flow with exact endpoint-degree-quantile-pair and base normalized edge-weight quantile marginals"", ""shortages"": {}, ""status"": ""MATCHED"", ""target_degree_pair_marginal"": ""{(1, 1): 381, (2, 2): 945, (3, 3): 10809}"", ""target_edge_count"": 12135, ""target_weight_quantile_marginal"": ""{3: 2487, 0: 5788, 2: 2288, 1: 1572}"", ""verified_exact_marginals"": true, ""weight_quantile_exact"": true}",frozen graph intervention; FIXED_NORM_MASK is not retrained valid-operator performance
Reddit-S,43,visual_uniform,visual_semantic_q0,FIXED_NORM_MASK,52270,-0.027996225228059113,-0.02758548773077152,0.22052958607673645,-1.6343889236450195,20,0.14682966321706772,0.002865498772233113,0.07369992285966873,-7.86410821012884e-05,MATCHED,"{""allocated_cells"": 7, ""allocation"": {""((0, 0), 3)"": 928, ""((1, 1), 3)"": 1775, ""((2, 2), 3)"": 4254, ""((3, 3), 0)"": 10839, ""((3, 3), 1)"": 11919, ""((3, 3), 2)"": 15390, ""((3, 3), 3)"": 7165}, ""degree_pair_exact"": true, ""matched_edge_count_per_control"": 52270, ""matching_method"": ""integral max-flow with exact endpoint-degree-quantile-pair and base normalized edge-weight quantile marginals"", ""shortages"": {}, ""status"": ""MATCHED"", ""target_degree_pair_marginal"": ""{(0, 0): 928, (1, 1): 1775, (3, 3): 45313, (2, 2): 4254}"", ""target_edge_count"": 52270, ""target_weight_quantile_marginal"": ""{3: 14122, 0: 10839, 2: 15390, 1: 11919}"", ""verified_exact_marginals"": true, ""weight_quantile_exact"": true}",frozen graph intervention; FIXED_NORM_MASK is not retrained valid-operator performance
Reddit-S,43,visual_uniform,visual_semantic_q0,RENORMALIZED_DELETE,52270,-0.02610883925762819,-0.026682572331930055,0.08063900470733643,0.11487817764282227,20,0.008710579574108123,0.0007740845677124378,0.07192842513322831,-0.0026737967914438054,MATCHED,"{""allocated_cells"": 7, ""allocation"": {""((0, 0), 3)"": 928, ""((1, 1), 3)"": 1775, ""((2, 2), 3)"": 4254, ""((3, 3), 0)"": 10839, ""((3, 3), 1)"": 11919, ""((3, 3), 2)"": 15390, ""((3, 3), 3)"": 7165}, ""degree_pair_exact"": true, ""matched_edge_count_per_control"": 52270, ""matching_method"": ""integral max-flow with exact endpoint-degree-quantile-pair and base normalized edge-weight quantile marginals"", ""shortages"": {}, ""status"": ""MATCHED"", ""target_degree_pair_marginal"": ""{(0, 0): 928, (1, 1): 1775, (3, 3): 45313, (2, 2): 4254}"", ""target_edge_count"": 52270, ""target_weight_quantile_marginal"": ""{3: 14122, 0: 10839, 2: 15390, 1: 11919}"", ""verified_exact_marginals"": true, ""weight_quantile_exact"": true}",frozen graph intervention; FIXED_NORM_MASK is not retrained valid-operator performance
Reddit-S,43,visual_uniform,visual_semantic_q3,FIXED_NORM_MASK,0,0.0,0.0,0.0,-4.76837158203125e-07,0,nan,nan,nan,nan,EMPTY_TARGET_GROUP,"{""allocated_cells"": 0, ""allocation"": {}, ""degree_pair_exact"": false, ""matched_edge_count_per_control"": 0, ""matching_method"": ""integral max-flow with exact endpoint-degree-quantile-pair and base normalized edge-weight quantile marginals"", ""shortages"": {}, ""status"": ""EMPTY_TARGET_GROUP"", ""target_degree_pair_marginal"": ""{}"", ""target_edge_count"": 0, ""target_weight_quantile_marginal"": ""{}"", ""weight_quantile_exact"": false}",frozen graph intervention; FIXED_NORM_MASK is not retrained valid-operator performance
Reddit-S,43,visual_uniform,visual_semantic_q3,RENORMALIZED_DELETE,0,0.0,0.0,0.0,-4.76837158203125e-07,0,nan,nan,nan,nan,EMPTY_TARGET_GROUP,"{""allocated_cells"": 0, ""allocation"": {}, ""degree_pair_exact"": false, ""matched_edge_count_per_control"": 0, ""matching_method"": ""integral max-flow with exact endpoint-degree-quantile-pair and base normalized edge-weight quantile marginals"", ""shortages"": {}, ""status"": ""EMPTY_TARGET_GROUP"", ""target_degree_pair_marginal"": ""{}"", ""target_edge_count"": 0, ""target_weight_quantile_marginal"": ""{}"", ""weight_quantile_exact"": false}",frozen graph intervention; FIXED_NORM_MASK is not retrained valid-operator performance
Reddit-S,43,visual_uniform,visual_low_similarity_high_novelty,FIXED_NORM_MASK,24791,-0.00440390059767215,-0.00495750005576201,0.05104947090148926,-0.4575028419494629,20,0.020708761364221572,0.0012003876438141136,0.030340709537267686,0.0003774771940861843,MATCHED,"{""allocated_cells"": 6, ""allocation"": {""((1, 1), 3)"": 578, ""((2, 2), 3)"": 1342, ""((3, 3), 0)"": 9346, ""((3, 3), 1)"": 5154, ""((3, 3), 2)"": 6259, ""((3, 3), 3)"": 2112}, ""degree_pair_exact"": true, ""matched_edge_count_per_control"": 24791, ""matching_method"": ""integral max-flow with exact endpoint-degree-quantile-pair and base normalized edge-weight quantile marginals"", ""shortages"": {}, ""status"": ""MATCHED"", ""target_degree_pair_marginal"": ""{(1, 1): 578, (2, 2): 1342, (3, 3): 22871}"", ""target_edge_count"": 24791, ""target_weight_quantile_marginal"": ""{3: 4032, 0: 9346, 2: 6259, 1: 5154}"", ""verified_exact_marginals"": true, ""weight_quantile_exact"": true}",frozen graph intervention; FIXED_NORM_MASK is not retrained valid-operator performance
Reddit-S,43,visual_uniform,visual_low_similarity_high_novelty,RENORMALIZED_DELETE,24791,-0.003774771940861843,-0.004429670319379797,0.007608368992805481,0.028685569763183594,20,0.0011008642613887787,0.0008518705432527347,0.006507504731416702,-0.0004089336269266997,MATCHED,"{""allocated_cells"": 6, ""allocation"": {""((1, 1), 3)"": 578, ""((2, 2), 3)"": 1342, ""((3, 3), 0)"": 9346, ""((3, 3), 1)"": 5154, ""((3, 3), 2)"": 6259, ""((3, 3), 3)"": 2112}, ""degree_pair_exact"": true, ""matched_edge_count_per_control"": 24791, ""matching_method"": ""integral max-flow with exact endpoint-degree-quantile-pair and base normalized edge-weight quantile marginals"", ""shortages"": {}, ""status"": ""MATCHED"", ""target_degree_pair_marginal"": ""{(1, 1): 578, (2, 2): 1342, (3, 3): 22871}"", ""target_edge_count"": 24791, ""target_weight_quantile_marginal"": ""{3: 4032, 0: 9346, 2: 6259, 1: 5154}"", ""verified_exact_marginals"": true, ""weight_quantile_exact"": true}",frozen graph intervention; FIXED_NORM_MASK is not retrained valid-operator performance
Reddit-S,43,visual_uniform,visual_high_similarity_low_novelty,FIXED_NORM_MASK,35652,0.0018873859704309215,0.00233136765595654,0.0718902051448822,-0.9476370811462402,20,0.05526924878358841,0.0020268153176575023,0.016620956361293793,-0.0003460207612456634,MATCHED,"{""allocated_cells"": 6, ""allocation"": {""((1, 1), 3)"": 1109, ""((2, 2), 3)"": 2634, ""((3, 3), 0)"": 11527, ""((3, 3), 1)"": 8171, ""((3, 3), 2)"": 7884, ""((3, 3), 3)"": 4327}, ""degree_pair_exact"": true, ""matched_edge_count_per_control"": 35652, ""matching_method"": ""integral max-flow with exact endpoint-degree-quantile-pair and base normalized edge-weight quantile marginals"", ""shortages"": {}, ""status"": ""MATCHED"", ""target_degree_pair_marginal"": ""{(1, 1): 1109, (3, 3): 31909, (2, 2): 2634}"", ""target_edge_count"": 35652, ""target_weight_quantile_marginal"": ""{3: 8070, 0: 11527, 1: 8171, 2: 7884}"", ""verified_exact_marginals"": true, ""weight_quantile_exact"": true}",frozen graph intervention; FIXED_NORM_MASK is not retrained valid-operator performance
Reddit-S,43,visual_uniform,visual_high_similarity_low_novelty,RENORMALIZED_DELETE,35652,0.0006291286568103072,0.0011766301664575263,0.0028416216373443604,-0.07227611541748047,20,0.003102508932352066,0.0013880569447715671,-0.0002608872950077058,-0.0011009751494180375,MATCHED,"{""allocated_cells"": 6, ""allocation"": {""((1, 1), 3)"": 1109, ""((2, 2), 3)"": 2634, ""((3, 3), 0)"": 11527, ""((3, 3), 1)"": 8171, ""((3, 3), 2)"": 7884, ""((3, 3), 3)"": 4327}, ""degree_pair_exact"": true, ""matched_edge_count_per_control"": 35652, ""matching_method"": ""integral max-flow with exact endpoint-degree-quantile-pair and base normalized edge-weight quantile marginals"", ""shortages"": {}, ""status"": ""MATCHED"", ""target_degree_pair_marginal"": ""{(1, 1): 1109, (3, 3): 31909, (2, 2): 2634}"", ""target_edge_count"": 35652, ""target_weight_quantile_marginal"": ""{3: 8070, 0: 11527, 1: 8171, 2: 7884}"", ""verified_exact_marginals"": true, ""weight_quantile_exact"": true}",frozen graph intervention; FIXED_NORM_MASK is not retrained valid-operator performance
Reddit-S,43,visual_uniform,joint_low_similarity_high_novelty,FIXED_NORM_MASK,11934,-0.006605850896508336,-0.004728516454847176,0.04341079294681549,-0.41127443313598633,20,0.017855268716812134,0.0013766080837150528,0.025555524230003356,0.0005190311418685034,MATCHED,"{""allocated_cells"": 6, ""allocation"": {""((1, 1), 3)"": 568, ""((2, 2), 3)"": 1327, ""((3, 3), 0)"": 862, ""((3, 3), 1)"": 985, ""((3, 3), 2)"": 5369, ""((3, 3), 3)"": 2823}, ""degree_pair_exact"": true, ""matched_edge_count_per_control"": 11934, ""matching_method"": ""integral max-flow with exact endpoint-degree-quantile-pair and base normalized edge-weight quantile marginals"", ""shortages"": {}, ""status"": ""MATCHED"", ""target_degree_pair_marginal"": ""{(1, 1): 568, (3, 3): 10039, (2, 2): 1327}"", ""target_edge_count"": 11934, ""target_weight_quantile_marginal"": ""{3: 4718, 0: 862, 2: 5369, 1: 985}"", ""verified_exact_marginals"": true, ""weight_quantile_exact"": true}",frozen graph intervention; FIXED_NORM_MASK is not retrained valid-operator performance
Reddit-S,43,visual_uniform,joint_low_similarity_high_novelty,RENORMALIZED_DELETE,11934,-0.00440390059767215,-0.0032727965597297848,0.009585782885551453,0.03389739990234375,20,0.0012301847338676453,0.0008663337139036365,0.008355598151683807,-0.0002201950298836075,MATCHED,"{""allocated_cells"": 6, ""allocation"": {""((1, 1), 3)"": 568, ""((2, 2), 3)"": 1327, ""((3, 3), 0)"": 862, ""((3, 3), 1)"": 985, ""((3, 3), 2)"": 5369, ""((3, 3), 3)"": 2823}, ""degree_pair_exact"": true, ""matched_edge_count_per_control"": 11934, ""matching_method"": ""integral max-flow with exact endpoint-degree-quantile-pair and base normalized edge-weight quantile marginals"", ""shortages"": {}, ""status"": ""MATCHED"", ""target_degree_pair_marginal"": ""{(1, 1): 568, (3, 3): 10039, (2, 2): 1327}"", ""target_edge_count"": 11934, ""target_weight_quantile_marginal"": ""{3: 4718, 0: 862, 2: 5369, 1: 985}"", ""verified_exact_marginals"": true, ""weight_quantile_exact"": true}",frozen graph intervention; FIXED_NORM_MASK is not retrained valid-operator performance
Reddit-S,43,visual_uniform,joint_high_similarity_low_novelty,FIXED_NORM_MASK,12135,-0.0006291286568103072,-0.0004216581373361894,0.0202416330575943,-0.3277435302734375,20,0.009541818499565124,0.0008853017034522662,0.010699814558029175,0.0003774771940861843,MATCHED,"{""allocated_cells"": 6, ""allocation"": {""((1, 1), 3)"": 381, ""((2, 2), 3)"": 945, ""((3, 3), 0)"": 5788, ""((3, 3), 1)"": 1572, ""((3, 3), 2)"": 2288, ""((3, 3), 3)"": 1161}, ""degree_pair_exact"": true, ""matched_edge_count_per_control"": 12135, ""matching_method"": ""integral max-flow with exact endpoint-degree-quantile-pair and base normalized edge-weight quantile marginals"", ""shortages"": {}, ""status"": ""MATCHED"", ""target_degree_pair_marginal"": ""{(1, 1): 381, (2, 2): 945, (3, 3): 10809}"", ""target_edge_count"": 12135, ""target_weight_quantile_marginal"": ""{3: 2487, 0: 5788, 2: 2288, 1: 1572}"", ""verified_exact_marginals"": true, ""weight_quantile_exact"": true}",frozen graph intervention; FIXED_NORM_MASK is not retrained valid-operator performance
Reddit-S,43,visual_uniform,joint_high_similarity_low_novelty,RENORMALIZED_DELETE,12135,-0.0009436929852154607,-0.0007629091761185425,0.000756189227104187,-0.017951011657714844,20,0.0004290364682674408,0.0005140937132177651,0.0003271527588367462,-0.0002516514627241229,MATCHED,"{""allocated_cells"": 6, ""allocation"": {""((1, 1), 3)"": 381, ""((2, 2), 3)"": 945, ""((3, 3), 0)"": 5788, ""((3, 3), 1)"": 1572, ""((3, 3), 2)"": 2288, ""((3, 3), 3)"": 1161}, ""degree_pair_exact"": true, ""matched_edge_count_per_control"": 12135, ""matching_method"": ""integral max-flow with exact endpoint-degree-quantile-pair and base normalized edge-weight quantile marginals"", ""shortages"": {}, ""status"": ""MATCHED"", ""target_degree_pair_marginal"": ""{(1, 1): 381, (2, 2): 945, (3, 3): 10809}"", ""target_edge_count"": 12135, ""target_weight_quantile_marginal"": ""{3: 2487, 0: 5788, 2: 2288, 1: 1572}"", ""verified_exact_marginals"": true, ""weight_quantile_exact"": true}",frozen graph intervention; FIXED_NORM_MASK is not retrained valid-operator performance
Reddit-S,44,text_uniform,text_semantic_q0,FIXED_NORM_MASK,35592,-0.0644856873230576,-0.06841983385896722,0.2282353639602661,-1.1050729751586914,20,0.07837837263941765,0.0033791313939863345,0.14985699132084845,-0.008288770053475985,MATCHED,"{""allocated_cells"": 7, ""allocation"": {""((0, 0), 3)"": 675, ""((1, 1), 3)"": 1227, ""((2, 2), 3)"": 3313, ""((3, 3), 0)"": 5382, ""((3, 3), 1)"": 11079, ""((3, 3), 2)"": 8489, ""((3, 3), 3)"": 5427}, ""degree_pair_exact"": true, ""matched_edge_count_per_control"": 35592, ""matching_method"": ""integral max-flow with exact endpoint-degree-quantile-pair and base normalized edge-weight quantile marginals"", ""shortages"": {}, ""status"": ""MATCHED"", ""target_degree_pair_marginal"": ""{(0, 0): 675, (1, 1): 1227, (3, 3): 30377, (2, 2): 3313}"", ""target_edge_count"": 35592, ""target_weight_quantile_marginal"": ""{3: 10642, 0: 5382, 2: 8489, 1: 11079}"", ""verified_exact_marginals"": true, ""weight_quantile_exact"": true}",frozen graph intervention; FIXED_NORM_MASK is not retrained valid-operator performance
Reddit-S,44,text_uniform,text_semantic_q0,RENORMALIZED_DELETE,35592,-0.05284680717206669,-0.05937366607779604,0.24084562063217163,0.08942317962646484,20,0.02446422800421715,0.004158452739793915,0.21638139262795447,-0.006873230575652756,MATCHED,"{""allocated_cells"": 7, ""allocation"": {""((0, 0), 3)"": 675, ""((1, 1), 3)"": 1227, ""((2, 2), 3)"": 3313, ""((3, 3), 0)"": 5382, ""((3, 3), 1)"": 11079, ""((3, 3), 2)"": 8489, ""((3, 3), 3)"": 5427}, ""degree_pair_exact"": true, ""matched_edge_count_per_control"": 35592, ""matching_method"": ""integral max-flow with exact endpoint-degree-quantile-pair and base normalized edge-weight quantile marginals"", ""shortages"": {}, ""status"": ""MATCHED"", ""target_degree_pair_marginal"": ""{(0, 0): 675, (1, 1): 1227, (3, 3): 30377, (2, 2): 3313}"", ""target_edge_count"": 35592, ""target_weight_quantile_marginal"": ""{3: 10642, 0: 5382, 2: 8489, 1: 11079}"", ""verified_exact_marginals"": true, ""weight_quantile_exact"": true}",frozen graph intervention; FIXED_NORM_MASK is not retrained valid-operator performance
Reddit-S,44,text_uniform,text_semantic_q3,FIXED_NORM_MASK,0,0.0,0.0,0.0,0.0,0,nan,nan,nan,nan,EMPTY_TARGET_GROUP,"{""allocated_cells"": 0, ""allocation"": {}, ""degree_pair_exact"": false, ""matched_edge_count_per_control"": 0, ""matching_method"": ""integral max-flow with exact endpoint-degree-quantile-pair and base normalized edge-weight quantile marginals"", ""shortages"": {}, ""status"": ""EMPTY_TARGET_GROUP"", ""target_degree_pair_marginal"": ""{}"", ""target_edge_count"": 0, ""target_weight_quantile_marginal"": ""{}"", ""weight_quantile_exact"": false}",frozen graph intervention; FIXED_NORM_MASK is not retrained valid-operator performance
Reddit-S,44,text_uniform,text_semantic_q3,RENORMALIZED_DELETE,0,0.0,0.0,0.0,0.0,0,nan,nan,nan,nan,EMPTY_TARGET_GROUP,"{""allocated_cells"": 0, ""allocation"": {}, ""degree_pair_exact"": false, ""matched_edge_count_per_control"": 0, ""matching_method"": ""integral max-flow with exact endpoint-degree-quantile-pair and base normalized edge-weight quantile marginals"", ""shortages"": {}, ""status"": ""EMPTY_TARGET_GROUP"", ""target_degree_pair_marginal"": ""{}"", ""target_edge_count"": 0, ""target_weight_quantile_marginal"": ""{}"", ""weight_quantile_exact"": false}",frozen graph intervention; FIXED_NORM_MASK is not retrained valid-operator performance
Reddit-S,44,text_uniform,text_low_similarity_high_novelty,FIXED_NORM_MASK,7468,-0.014155394778232244,-0.013463852865883807,0.05139414966106415,-0.34178972244262695,20,0.012852111458778381,0.0014676784802444428,0.038542038202285765,-0.001855929537590506,MATCHED,"{""allocated_cells"": 6, ""allocation"": {""((1, 1), 3)"": 397, ""((2, 2), 3)"": 1179, ""((3, 3), 0)"": 186, ""((3, 3), 1)"": 1661, ""((3, 3), 2)"": 1708, ""((3, 3), 3)"": 2337}, ""degree_pair_exact"": true, ""matched_edge_count_per_control"": 7468, ""matching_method"": ""integral max-flow with exact endpoint-degree-quantile-pair and base normalized edge-weight quantile marginals"", ""shortages"": {}, ""status"": ""MATCHED"", ""target_degree_pair_marginal"": ""{(3, 3): 5892, (1, 1): 397, (2, 2): 1179}"", ""target_edge_count"": 7468, ""target_weight_quantile_marginal"": ""{3: 3913, 0: 186, 2: 1708, 1: 1661}"", ""verified_exact_marginals"": true, ""weight_quantile_exact"": true}",frozen graph intervention; FIXED_NORM_MASK is not retrained valid-operator performance
Reddit-S,44,text_uniform,text_low_similarity_high_novelty,RENORMALIZED_DELETE,7468,-0.01038062283737029,-0.010195444432000711,0.043040186166763306,-0.0048980712890625,20,0.0026966169476509093,0.0015291675566740726,0.0403435692191124,-0.000912236552375012,MATCHED,"{""allocated_cells"": 6, ""allocation"": {""((1, 1), 3)"": 397, ""((2, 2), 3)"": 1179, ""((3, 3), 0)"": 186, ""((3, 3), 1)"": 1661, ""((3, 3), 2)"": 1708, ""((3, 3), 3)"": 2337}, ""degree_pair_exact"": true, ""matched_edge_count_per_control"": 7468, ""matching_method"": ""integral max-flow with exact endpoint-degree-quantile-pair and base normalized edge-weight quantile marginals"", ""shortages"": {}, ""status"": ""MATCHED"", ""target_degree_pair_marginal"": ""{(3, 3): 5892, (1, 1): 397, (2, 2): 1179}"", ""target_edge_count"": 7468, ""target_weight_quantile_marginal"": ""{3: 3913, 0: 186, 2: 1708, 1: 1661}"", ""verified_exact_marginals"": true, ""weight_quantile_exact"": true}",frozen graph intervention; FIXED_NORM_MASK is not retrained valid-operator performance
Reddit-S,44,text_uniform,text_high_similarity_low_novelty,FIXED_NORM_MASK,5037,-0.0003145643284051536,-0.0003589436511229893,0.008215740323066711,-0.25130796432495117,20,0.005217979848384857,0.0013231753987047407,0.002997760474681854,-0.000912236552375012,MATCHED,"{""allocated_cells"": 6, ""allocation"": {""((1, 1), 3)"": 233, ""((2, 2), 3)"": 505, ""((3, 3), 0)"": 238, ""((3, 3), 1)"": 1942, ""((3, 3), 2)"": 1578, ""((3, 3), 3)"": 541}, ""degree_pair_exact"": true, ""matched_edge_count_per_control"": 5037, ""matching_method"": ""integral max-flow with exact endpoint-degree-quantile-pair and base normalized edge-weight quantile marginals"", ""shortages"": {}, ""status"": ""MATCHED"", ""target_degree_pair_marginal"": ""{(1, 1): 233, (3, 3): 4299, (2, 2): 505}"", ""target_edge_count"": 5037, ""target_weight_quantile_marginal"": ""{3: 1279, 0: 238, 1: 1942, 2: 1578}"", ""verified_exact_marginals"": true, ""weight_quantile_exact"": true}",frozen graph intervention; FIXED_NORM_MASK is not retrained valid-operator performance
Reddit-S,44,text_uniform,text_high_similarity_low_novelty,RENORMALIZED_DELETE,5037,0.0003145643284051536,0.0006496430532912933,0.0011076033115386963,-0.0161285400390625,20,0.0010835453867912292,0.0007204733576510669,2.405792474746704e-05,-0.0005190311418685368,MATCHED,"{""allocated_cells"": 6, ""allocation"": {""((1, 1), 3)"": 233, ""((2, 2), 3)"": 505, ""((3, 3), 0)"": 238, ""((3, 3), 1)"": 1942, ""((3, 3), 2)"": 1578, ""((3, 3), 3)"": 541}, ""degree_pair_exact"": true, ""matched_edge_count_per_control"": 5037, ""matching_method"": ""integral max-flow with exact endpoint-degree-quantile-pair and base normalized edge-weight quantile marginals"", ""shortages"": {}, ""status"": ""MATCHED"", ""target_degree_pair_marginal"": ""{(1, 1): 233, (3, 3): 4299, (2, 2): 505}"", ""target_edge_count"": 5037, ""target_weight_quantile_marginal"": ""{3: 1279, 0: 238, 1: 1942, 2: 1578}"", ""verified_exact_marginals"": true, ""weight_quantile_exact"": true}",frozen graph intervention; FIXED_NORM_MASK is not retrained valid-operator performance
Reddit-S,44,text_uniform,joint_low_similarity_high_novelty,FIXED_NORM_MASK,12237,-0.016671909405473473,-0.0156376023894903,0.06407445669174194,-0.4399375915527344,20,0.017751017957925795,0.0019129803926581411,0.04632343873381615,-0.0022491349480969537,MATCHED,"{""allocated_cells"": 6, ""allocation"": {""((1, 1), 3)"": 558, ""((2, 2), 3)"": 1471, ""((3, 3), 0)"": 788, ""((3, 3), 1)"": 5327, ""((3, 3), 2)"": 1858, ""((3, 3), 3)"": 2235}, ""degree_pair_exact"": true, ""matched_edge_count_per_control"": 12237, ""matching_method"": ""integral max-flow with exact endpoint-degree-quantile-pair and base normalized edge-weight quantile marginals"", ""shortages"": {}, ""status"": ""MATCHED"", ""target_degree_pair_marginal"": ""{(1, 1): 558, (2, 2): 1471, (3, 3): 10208}"", ""target_edge_count"": 12237, ""target_weight_quantile_marginal"": ""{3: 4264, 0: 788, 2: 1858, 1: 5327}"", ""verified_exact_marginals"": true, ""weight_quantile_exact"": true}",frozen graph intervention; FIXED_NORM_MASK is not retrained valid-operator performance
Reddit-S,44,text_uniform,joint_low_similarity_high_novelty,RENORMALIZED_DELETE,12237,-0.011638880150990905,-0.011209221363851718,0.04602658748626709,-0.005782127380371094,20,0.004643000662326813,0.0016677665487683608,0.04138358682394028,-0.001431267694243532,MATCHED,"{""allocated_cells"": 6, ""allocation"": {""((1, 1), 3)"": 558, ""((2, 2), 3)"": 1471, ""((3, 3), 0)"": 788, ""((3, 3), 1)"": 5327, ""((3, 3), 2)"": 1858, ""((3, 3), 3)"": 2235}, ""degree_pair_exact"": true, ""matched_edge_count_per_control"": 12237, ""matching_method"": ""integral max-flow with exact endpoint-degree-quantile-pair and base normalized edge-weight quantile marginals"", ""shortages"": {}, ""status"": ""MATCHED"", ""target_degree_pair_marginal"": ""{(1, 1): 558, (2, 2): 1471, (3, 3): 10208}"", ""target_edge_count"": 12237, ""target_weight_quantile_marginal"": ""{3: 4264, 0: 788, 2: 1858, 1: 5327}"", ""verified_exact_marginals"": true, ""weight_quantile_exact"": true}",frozen graph intervention; FIXED_NORM_MASK is not retrained valid-operator performance
Reddit-S,44,text_uniform,joint_high_similarity_low_novelty,FIXED_NORM_MASK,13325,-0.0018873859704310325,-0.003114666253739906,0.01593269407749176,-0.45279359817504883,20,0.010535533726215362,0.0013983638847884063,0.005397160351276398,-0.002233406731676696,MATCHED,"{""allocated_cells"": 6, ""allocation"": {""((1, 1), 3)"": 479, ""((2, 2), 3)"": 926, ""((3, 3), 0)"": 6869, ""((3, 3), 1)"": 1368, ""((3, 3), 2)"": 2101, ""((3, 3), 3)"": 1582}, ""degree_pair_exact"": true, ""matched_edge_count_per_control"": 13325, ""matching_method"": ""integral max-flow with exact endpoint-degree-quantile-pair and base normalized edge-weight quantile marginals"", ""shortages"": {}, ""status"": ""MATCHED"", ""target_degree_pair_marginal"": ""{(1, 1): 479, (3, 3): 11920, (2, 2): 926}"", ""target_edge_count"": 13325, ""target_weight_quantile_marginal"": ""{3: 2987, 0: 6869, 1: 1368, 2: 2101}"", ""verified_exact_marginals"": true, ""weight_quantile_exact"": true}",frozen graph intervention; FIXED_NORM_MASK is not retrained valid-operator performance
Reddit-S,44,text_uniform,joint_high_similarity_low_novelty,RENORMALIZED_DELETE,13325,-0.001572821642025879,-0.0023693522510145337,0.0038214027881622314,-0.040827274322509766,20,0.003204946219921112,0.0018220842644008262,0.0006164565682411196,-0.0013054419628814762,MATCHED,"{""allocated_cells"": 6, ""allocation"": {""((1, 1), 3)"": 479, ""((2, 2), 3)"": 926, ""((3, 3), 0)"": 6869, ""((3, 3), 1)"": 1368, ""((3, 3), 2)"": 2101, ""((3, 3), 3)"": 1582}, ""degree_pair_exact"": true, ""matched_edge_count_per_control"": 13325, ""matching_method"": ""integral max-flow with exact endpoint-degree-quantile-pair and base normalized edge-weight quantile marginals"", ""shortages"": {}, ""status"": ""MATCHED"", ""target_degree_pair_marginal"": ""{(1, 1): 479, (3, 3): 11920, (2, 2): 926}"", ""target_edge_count"": 13325, ""target_weight_quantile_marginal"": ""{3: 2987, 0: 6869, 1: 1368, 2: 2101}"", ""verified_exact_marginals"": true, ""weight_quantile_exact"": true}",frozen graph intervention; FIXED_NORM_MASK is not retrained valid-operator performance
Reddit-S,44,visual_uniform,visual_semantic_q0,FIXED_NORM_MASK,52133,-0.028310789556464266,-0.02952406267173513,0.21352259814739227,-1.6354622840881348,20,0.14945382326841355,0.002049204322700663,0.06406877487897872,-0.0005504875747090188,MATCHED,"{""allocated_cells"": 7, ""allocation"": {""((0, 0), 3)"": 924, ""((1, 1), 3)"": 1825, ""((2, 2), 3)"": 4321, ""((3, 3), 0)"": 11020, ""((3, 3), 1)"": 11528, ""((3, 3), 2)"": 15389, ""((3, 3), 3)"": 7126}, ""degree_pair_exact"": true, ""matched_edge_count_per_control"": 52133, ""matching_method"": ""integral max-flow with exact endpoint-degree-quantile-pair and base normalized edge-weight quantile marginals"", ""shortages"": {}, ""status"": ""MATCHED"", ""target_degree_pair_marginal"": ""{(0, 0): 924, (1, 1): 1825, (2, 2): 4321, (3, 3): 45063}"", ""target_edge_count"": 52133, ""target_weight_quantile_marginal"": ""{3: 14196, 0: 11020, 2: 15389, 1: 11528}"", ""verified_exact_marginals"": true, ""weight_quantile_exact"": true}",frozen graph intervention; FIXED_NORM_MASK is not retrained valid-operator performance
Reddit-S,44,visual_uniform,visual_semantic_q0,RENORMALIZED_DELETE,52133,-0.026423403586033345,-0.026865919135332206,0.07571567595005035,0.11763429641723633,20,0.009419169276952744,0.0008017258127449084,0.06629650667309761,-0.0019660270525322264,MATCHED,"{""allocated_cells"": 7, ""allocation"": {""((0, 0), 3)"": 924, ""((1, 1), 3)"": 1825, ""((2, 2), 3)"": 4321, ""((3, 3), 0)"": 11020, ""((3, 3), 1)"": 11528, ""((3, 3), 2)"": 15389, ""((3, 3), 3)"": 7126}, ""degree_pair_exact"": true, ""matched_edge_count_per_control"": 52133, ""matching_method"": ""integral max-flow with exact endpoint-degree-quantile-pair and base normalized edge-weight quantile marginals"", ""shortages"": {}, ""status"": ""MATCHED"", ""target_degree_pair_marginal"": ""{(0, 0): 924, (1, 1): 1825, (2, 2): 4321, (3, 3): 45063}"", ""target_edge_count"": 52133, ""target_weight_quantile_marginal"": ""{3: 14196, 0: 11020, 2: 15389, 1: 11528}"", ""verified_exact_marginals"": true, ""weight_quantile_exact"": true}",frozen graph intervention; FIXED_NORM_MASK is not retrained valid-operator performance
Reddit-S,44,visual_uniform,visual_semantic_q3,FIXED_NORM_MASK,0,0.0,0.0,0.0,0.0,0,nan,nan,nan,nan,EMPTY_TARGET_GROUP,"{""allocated_cells"": 0, ""allocation"": {}, ""degree_pair_exact"": false, ""matched_edge_count_per_control"": 0, ""matching_method"": ""integral max-flow with exact endpoint-degree-quantile-pair and base normalized edge-weight quantile marginals"", ""shortages"": {}, ""status"": ""EMPTY_TARGET_GROUP"", ""target_degree_pair_marginal"": ""{}"", ""target_edge_count"": 0, ""target_weight_quantile_marginal"": ""{}"", ""weight_quantile_exact"": false}",frozen graph intervention; FIXED_NORM_MASK is not retrained valid-operator performance
Reddit-S,44,visual_uniform,visual_semantic_q3,RENORMALIZED_DELETE,0,0.0,0.0,0.0,0.0,0,nan,nan,nan,nan,EMPTY_TARGET_GROUP,"{""allocated_cells"": 0, ""allocation"": {}, ""degree_pair_exact"": false, ""matched_edge_count_per_control"": 0, ""matching_method"": ""integral max-flow with exact endpoint-degree-quantile-pair and base normalized edge-weight quantile marginals"", ""shortages"": {}, ""status"": ""EMPTY_TARGET_GROUP"", ""target_degree_pair_marginal"": ""{}"", ""target_edge_count"": 0, ""target_weight_quantile_marginal"": ""{}"", ""weight_quantile_exact"": false}",frozen graph intervention; FIXED_NORM_MASK is not retrained valid-operator performance
Reddit-S,44,visual_uniform,visual_low_similarity_high_novelty,FIXED_NORM_MASK,19184,-0.004403900597672261,-0.0016348911667224408,0.04547955095767975,-0.4764113426208496,20,0.0171296626329422,0.001122317726912039,0.02834988832473755,-0.00026737967914438053,MATCHED,"{""allocated_cells"": 6, ""allocation"": {""((1, 1), 3)"": 631, ""((2, 2), 3)"": 1464, ""((3, 3), 0)"": 9075, ""((3, 3), 1)"": 1496, ""((3, 3), 2)"": 4259, ""((3, 3), 3)"": 2259}, ""degree_pair_exact"": true, ""matched_edge_count_per_control"": 19184, ""matching_method"": ""integral max-flow with exact endpoint-degree-quantile-pair and base normalized edge-weight quantile marginals"", ""shortages"": {}, ""status"": ""MATCHED"", ""target_degree_pair_marginal"": ""{(1, 1): 631, (2, 2): 1464, (3, 3): 17089}"", ""target_edge_count"": 19184, ""target_weight_quantile_marginal"": ""{3: 4354, 0: 9075, 1: 1496, 2: 4259}"", ""verified_exact_marginals"": true, ""weight_quantile_exact"": true}",frozen graph intervention; FIXED_NORM_MASK is not retrained valid-operator performance
Reddit-S,44,visual_uniform,visual_low_similarity_high_novelty,RENORMALIZED_DELETE,19184,-0.003774771940861954,-0.0007510492841807936,0.008844375610351562,0.04582071304321289,20,0.0012250959873199463,0.0011625237304272017,0.007619279623031616,-0.0008178672538533994,MATCHED,"{""allocated_cells"": 6, ""allocation"": {""((1, 1), 3)"": 631, ""((2, 2), 3)"": 1464, ""((3, 3), 0)"": 9075, ""((3, 3), 1)"": 1496, ""((3, 3), 2)"": 4259, ""((3, 3), 3)"": 2259}, ""degree_pair_exact"": true, ""matched_edge_count_per_control"": 19184, ""matching_method"": ""integral max-flow with exact endpoint-degree-quantile-pair and base normalized edge-weight quantile marginals"", ""shortages"": {}, ""status"": ""MATCHED"", ""target_degree_pair_marginal"": ""{(1, 1): 631, (2, 2): 1464, (3, 3): 17089}"", ""target_edge_count"": 19184, ""target_weight_quantile_marginal"": ""{3: 4354, 0: 9075, 1: 1496, 2: 4259}"", ""verified_exact_marginals"": true, ""weight_quantile_exact"": true}",frozen graph intervention; FIXED_NORM_MASK is not retrained valid-operator performance
Reddit-S,44,visual_uniform,visual_high_similarity_low_novelty,FIXED_NORM_MASK,16231,0.0,0.0,0.022504404187202454,-0.35567760467529297,20,0.009649517387151718,0.0011271414341311695,0.012854886800050735,0.00012582573136206144,MATCHED,"{""allocated_cells"": 6, ""allocation"": {""((1, 1), 3)"": 411, ""((2, 2), 3)"": 856, ""((3, 3), 0)"": 3872, ""((3, 3), 1)"": 7559, ""((3, 3), 2)"": 2059, ""((3, 3), 3)"": 1474}, ""degree_pair_exact"": true, ""matched_edge_count_per_control"": 16231, ""matching_method"": ""integral max-flow with exact endpoint-degree-quantile-pair and base normalized edge-weight quantile marginals"", ""shortages"": {}, ""status"": ""MATCHED"", ""target_degree_pair_marginal"": ""{(1, 1): 411, (2, 2): 856, (3, 3): 14964}"", ""target_edge_count"": 16231, ""target_weight_quantile_marginal"": ""{3: 2741, 0: 3872, 2: 2059, 1: 7559}"", ""verified_exact_marginals"": true, ""weight_quantile_exact"": true}",frozen graph intervention; FIXED_NORM_MASK is not retrained valid-operator performance
Reddit-S,44,visual_uniform,visual_high_similarity_low_novelty,RENORMALIZED_DELETE,16231,0.0,0.0,0.0018482804298400879,-0.026073455810546875,20,0.0002697877585887909,0.0007812906169615619,0.001578492671251297,-0.00026737967914438053,MATCHED,"{""allocated_cells"": 6, ""allocation"": {""((1, 1), 3)"": 411, ""((2, 2), 3)"": 856, ""((3, 3), 0)"": 3872, ""((3, 3), 1)"": 7559, ""((3, 3), 2)"": 2059, ""((3, 3), 3)"": 1474}, ""degree_pair_exact"": true, ""matched_edge_count_per_control"": 16231, ""matching_method"": ""integral max-flow with exact endpoint-degree-quantile-pair and base normalized edge-weight quantile marginals"", ""shortages"": {}, ""status"": ""MATCHED"", ""target_degree_pair_marginal"": ""{(1, 1): 411, (2, 2): 856, (3, 3): 14964}"", ""target_edge_count"": 16231, ""target_weight_quantile_marginal"": ""{3: 2741, 0: 3872, 2: 2059, 1: 7559}"", ""verified_exact_marginals"": true, ""weight_quantile_exact"": true}",frozen graph intervention; FIXED_NORM_MASK is not retrained valid-operator performance
Reddit-S,44,visual_uniform,joint_low_similarity_high_novelty,FIXED_NORM_MASK,12237,-0.0018873859704309215,-5.399202074252152e-05,0.0354936420917511,-0.4448885917663574,20,0.015229884535074234,0.0011698462920967517,0.020263757556676865,-0.000393205410506442,MATCHED,"{""allocated_cells"": 6, ""allocation"": {""((1, 1), 3)"": 558, ""((2, 2), 3)"": 1471, ""((3, 3), 0)"": 788, ""((3, 3), 1)"": 5327, ""((3, 3), 2)"": 1858, ""((3, 3), 3)"": 2235}, ""degree_pair_exact"": true, ""matched_edge_count_per_control"": 12237, ""matching_method"": ""integral max-flow with exact endpoint-degree-quantile-pair and base normalized edge-weight quantile marginals"", ""shortages"": {}, ""status"": ""MATCHED"", ""target_degree_pair_marginal"": ""{(1, 1): 558, (2, 2): 1471, (3, 3): 10208}"", ""target_edge_count"": 12237, ""target_weight_quantile_marginal"": ""{3: 4264, 0: 788, 2: 1858, 1: 5327}"", ""verified_exact_marginals"": true, ""weight_quantile_exact"": true}",frozen graph intervention; FIXED_NORM_MASK is not retrained valid-operator performance
Reddit-S,44,visual_uniform,joint_low_similarity_high_novelty,RENORMALIZED_DELETE,12237,-0.001572821642025768,0.00039523799782903435,0.004547670483589172,0.016514301300048828,20,0.0008794158697128296,0.0008863723087165503,0.0036682546138763427,-0.000786410821012884,MATCHED,"{""allocated_cells"": 6, ""allocation"": {""((1, 1), 3)"": 558, ""((2, 2), 3)"": 1471, ""((3, 3), 0)"": 788, ""((3, 3), 1)"": 5327, ""((3, 3), 2)"": 1858, ""((3, 3), 3)"": 2235}, ""degree_pair_exact"": true, ""matched_edge_count_per_control"": 12237, ""matching_method"": ""integral max-flow with exact endpoint-degree-quantile-pair and base normalized edge-weight quantile marginals"", ""shortages"": {}, ""status"": ""MATCHED"", ""target_degree_pair_marginal"": ""{(1, 1): 558, (2, 2): 1471, (3, 3): 10208}"", ""target_edge_count"": 12237, ""target_weight_quantile_marginal"": ""{3: 4264, 0: 788, 2: 1858, 1: 5327}"", ""verified_exact_marginals"": true, ""weight_quantile_exact"": true}",frozen graph intervention; FIXED_NORM_MASK is not retrained valid-operator performance
Reddit-S,44,visual_uniform,joint_high_similarity_low_novelty,FIXED_NORM_MASK,13325,0.0,0.0,0.020406216382980347,-0.360414981842041,20,0.008821560442447663,0.001063943259792569,0.011584655940532684,0.0,MATCHED,"{""allocated_cells"": 6, ""allocation"": {""((1, 1), 3)"": 479, ""((2, 2), 3)"": 926, ""((3, 3), 0)"": 6869, ""((3, 3), 1)"": 1368, ""((3, 3), 2)"": 2101, ""((3, 3), 3)"": 1582}, ""degree_pair_exact"": true, ""matched_edge_count_per_control"": 13325, ""matching_method"": ""integral max-flow with exact endpoint-degree-quantile-pair and base normalized edge-weight quantile marginals"", ""shortages"": {}, ""status"": ""MATCHED"", ""target_degree_pair_marginal"": ""{(1, 1): 479, (3, 3): 11920, (2, 2): 926}"", ""target_edge_count"": 13325, ""target_weight_quantile_marginal"": ""{3: 2987, 0: 6869, 1: 1368, 2: 2101}"", ""verified_exact_marginals"": true, ""weight_quantile_exact"": true}",frozen graph intervention; FIXED_NORM_MASK is not retrained valid-operator performance
Reddit-S,44,visual_uniform,joint_high_similarity_low_novelty,RENORMALIZED_DELETE,13325,0.0,0.0,0.0017673224210739136,-0.020081043243408203,20,-0.00016042888164520265,0.0008314383346706069,0.0019277513027191162,-0.00047184649260773037,MATCHED,"{""allocated_cells"": 6, ""allocation"": {""((1, 1), 3)"": 479, ""((2, 2), 3)"": 926, ""((3, 3), 0)"": 6869, ""((3, 3), 1)"": 1368, ""((3, 3), 2)"": 2101, ""((3, 3), 3)"": 1582}, ""degree_pair_exact"": true, ""matched_edge_count_per_control"": 13325, ""matching_method"": ""integral max-flow with exact endpoint-degree-quantile-pair and base normalized edge-weight quantile marginals"", ""shortages"": {}, ""status"": ""MATCHED"", ""target_degree_pair_marginal"": ""{(1, 1): 479, (3, 3): 11920, (2, 2): 926}"", ""target_edge_count"": 13325, ""target_weight_quantile_marginal"": ""{3: 2987, 0: 6869, 1: 1368, 2: 2101}"", ""verified_exact_marginals"": true, ""weight_quantile_exact"": true}",frozen graph intervention; FIXED_NORM_MASK is not retrained valid-operator performance
