dataset,seed,readout,group,mode,target_edge_count,val_accuracy_delta,val_macro_f1_delta,edge_utility_val_loss_increase,val_margin_delta,matched_control_count,matched_control_edge_utility_mean,matched_control_edge_utility_population_std,target_minus_matched_utility,matched_control_accuracy_delta_mean,matching_status,matching_diagnostics_json,interpretation_boundary
Movies,42,uniform,semantic_q0,FIXED_NORM_MASK,20664,-0.011097780443911187,-0.007594448456258451,0.01719057559967041,-0.1555156707763672,20,-0.001306551694869995,0.004928466029582985,0.018497127294540405,-0.010932813437312495,MATCHED,"{""allocated_cells"": 17, ""allocation"": {""((0, 0), 3)"": 84, ""((0, 1), 3)"": 157, ""((0, 2), 3)"": 207, ""((0, 3), 2)"": 69, ""((0, 3), 3)"": 274, ""((1, 1), 3)"": 287, ""((1, 2), 3)"": 962, ""((1, 3), 2)"": 857, ""((1, 3), 3)"": 893, ""((2, 2), 2)"": 116, ""((2, 2), 3)"": 1384, ""((2, 3), 1)"": 2526, ""((2, 3), 2)"": 3374, ""((2, 3), 3)"": 1390, ""((3, 3), 0)"": 3941, ""((3, 3), 1)"": 2570, ""((3, 3), 2)"": 1573}, ""degree_pair_exact"": true, ""matched_edge_count_per_control"": 20664, ""matching_method"": ""integral max-flow with exact endpoint-degree-quantile-pair and base normalized edge-weight quantile marginals"", ""shortages"": {}, ""status"": ""MATCHED"", ""target_degree_pair_marginal"": ""{(1, 2): 962, (1, 3): 1750, (2, 2): 1500, (2, 3): 7290, (0, 2): 207, (1, 1): 287, (3, 3): 8084, (0, 3): 343, (0, 0): 84, (0, 1): 157}"", ""target_edge_count"": 20664, ""target_weight_quantile_marginal"": ""{3: 5638, 2: 5989, 1: 5096, 0: 3941}"", ""verified_exact_marginals"": true, ""weight_quantile_exact"": true}",frozen graph intervention; FIXED_NORM_MASK is not retrained valid-operator performance
Movies,42,uniform,semantic_q0,RENORMALIZED_DELETE,20664,-0.005398920215956782,-0.0009507717737564092,0.12192749977111816,0.21858930587768555,20,0.05890179872512817,0.004937572668023561,0.06302570104598999,-0.00986802639472103,MATCHED,"{""allocated_cells"": 17, ""allocation"": {""((0, 0), 3)"": 84, ""((0, 1), 3)"": 157, ""((0, 2), 3)"": 207, ""((0, 3), 2)"": 69, ""((0, 3), 3)"": 274, ""((1, 1), 3)"": 287, ""((1, 2), 3)"": 962, ""((1, 3), 2)"": 857, ""((1, 3), 3)"": 893, ""((2, 2), 2)"": 116, ""((2, 2), 3)"": 1384, ""((2, 3), 1)"": 2526, ""((2, 3), 2)"": 3374, ""((2, 3), 3)"": 1390, ""((3, 3), 0)"": 3941, ""((3, 3), 1)"": 2570, ""((3, 3), 2)"": 1573}, ""degree_pair_exact"": true, ""matched_edge_count_per_control"": 20664, ""matching_method"": ""integral max-flow with exact endpoint-degree-quantile-pair and base normalized edge-weight quantile marginals"", ""shortages"": {}, ""status"": ""MATCHED"", ""target_degree_pair_marginal"": ""{(1, 2): 962, (1, 3): 1750, (2, 2): 1500, (2, 3): 7290, (0, 2): 207, (1, 1): 287, (3, 3): 8084, (0, 3): 343, (0, 0): 84, (0, 1): 157}"", ""target_edge_count"": 20664, ""target_weight_quantile_marginal"": ""{3: 5638, 2: 5989, 1: 5096, 0: 3941}"", ""verified_exact_marginals"": true, ""weight_quantile_exact"": true}",frozen graph intervention; FIXED_NORM_MASK is not retrained valid-operator performance
Movies,42,uniform,semantic_q1,FIXED_NORM_MASK,20152,-0.010197960407918427,-0.009961697016638682,-0.009418725967407227,-0.24566972255706787,20,-0.002519834041595459,0.0038700145485014103,-0.006898891925811767,-0.00854829034193159,MATCHED,"{""allocated_cells"": 17, ""allocation"": {""((0, 0), 3)"": 89, ""((0, 1), 3)"": 159, ""((0, 2), 3)"": 180, ""((0, 3), 2)"": 86, ""((0, 3), 3)"": 161, ""((1, 1), 3)"": 368, ""((1, 2), 3)"": 915, ""((1, 3), 2)"": 999, ""((1, 3), 3)"": 287, ""((2, 2), 2)"": 112, ""((2, 2), 3)"": 1252, ""((2, 3), 1)"": 3036, ""((2, 3), 2)"": 1103, ""((2, 3), 3)"": 1511, ""((3, 3), 0)"": 4804, ""((3, 3), 1)"": 2185, ""((3, 3), 2)"": 2905}, ""degree_pair_exact"": true, ""matched_edge_count_per_control"": 20152, ""matching_method"": ""integral max-flow with exact endpoint-degree-quantile-pair and base normalized edge-weight quantile marginals"", ""shortages"": {}, ""status"": ""MATCHED"", ""target_degree_pair_marginal"": ""{(3, 3): 9894, (2, 3): 5650, (2, 2): 1364, (1, 3): 1286, (1, 2): 915, (0, 2): 180, (0, 3): 247, (0, 1): 159, (0, 0): 89, (1, 1): 368}"", ""target_edge_count"": 20152, ""target_weight_quantile_marginal"": ""{1: 5221, 2: 5205, 3: 4922, 0: 4804}"", ""verified_exact_marginals"": true, ""weight_quantile_exact"": true}",frozen graph intervention; FIXED_NORM_MASK is not retrained valid-operator performance
Movies,42,uniform,semantic_q1,RENORMALIZED_DELETE,20152,-0.005998800239952029,-0.011802935774170131,0.05769765377044678,0.07767653465270996,20,0.05563128590583801,0.006166715910950826,0.002066367864608766,-0.008053389322135552,MATCHED,"{""allocated_cells"": 17, ""allocation"": {""((0, 0), 3)"": 89, ""((0, 1), 3)"": 159, ""((0, 2), 3)"": 180, ""((0, 3), 2)"": 86, ""((0, 3), 3)"": 161, ""((1, 1), 3)"": 368, ""((1, 2), 3)"": 915, ""((1, 3), 2)"": 999, ""((1, 3), 3)"": 287, ""((2, 2), 2)"": 112, ""((2, 2), 3)"": 1252, ""((2, 3), 1)"": 3036, ""((2, 3), 2)"": 1103, ""((2, 3), 3)"": 1511, ""((3, 3), 0)"": 4804, ""((3, 3), 1)"": 2185, ""((3, 3), 2)"": 2905}, ""degree_pair_exact"": true, ""matched_edge_count_per_control"": 20152, ""matching_method"": ""integral max-flow with exact endpoint-degree-quantile-pair and base normalized edge-weight quantile marginals"", ""shortages"": {}, ""status"": ""MATCHED"", ""target_degree_pair_marginal"": ""{(3, 3): 9894, (2, 3): 5650, (2, 2): 1364, (1, 3): 1286, (1, 2): 915, (0, 2): 180, (0, 3): 247, (0, 1): 159, (0, 0): 89, (1, 1): 368}"", ""target_edge_count"": 20152, ""target_weight_quantile_marginal"": ""{1: 5221, 2: 5205, 3: 4922, 0: 4804}"", ""verified_exact_marginals"": true, ""weight_quantile_exact"": true}",frozen graph intervention; FIXED_NORM_MASK is not retrained valid-operator performance
Movies,42,uniform,semantic_q2,FIXED_NORM_MASK,21784,-0.01139772045590881,-0.015467183231265613,-0.009714722633361816,-0.35169661045074463,20,-0.004425048828125,0.004249102052958519,-0.005289673805236816,-0.009058188362327501,MATCHED,"{""allocated_cells"": 17, ""allocation"": {""((0, 0), 3)"": 104, ""((0, 1), 3)"": 236, ""((0, 2), 3)"": 148, ""((0, 3), 2)"": 78, ""((0, 3), 3)"": 155, ""((1, 1), 3)"": 412, ""((1, 2), 3)"": 843, ""((1, 3), 2)"": 967, ""((1, 3), 3)"": 251, ""((2, 2), 2)"": 111, ""((2, 2), 3)"": 1131, ""((2, 3), 1)"": 3279, ""((2, 3), 2)"": 579, ""((2, 3), 3)"": 1363, ""((3, 3), 0)"": 6921, ""((3, 3), 1)"": 2061, ""((3, 3), 2)"": 3145}, ""degree_pair_exact"": true, ""matched_edge_count_per_control"": 21784, ""matching_method"": ""integral max-flow with exact endpoint-degree-quantile-pair and base normalized edge-weight quantile marginals"", ""shortages"": {}, ""status"": ""MATCHED"", ""target_degree_pair_marginal"": ""{(0, 0): 104, (3, 3): 12127, (0, 1): 236, (2, 2): 1242, (2, 3): 5221, (1, 3): 1218, (1, 2): 843, (0, 3): 233, (1, 1): 412, (0, 2): 148}"", ""target_edge_count"": 21784, ""target_weight_quantile_marginal"": ""{3: 4643, 1: 5340, 2: 4880, 0: 6921}"", ""verified_exact_marginals"": true, ""weight_quantile_exact"": true}",frozen graph intervention; FIXED_NORM_MASK is not retrained valid-operator performance
Movies,42,uniform,semantic_q2,RENORMALIZED_DELETE,21784,-0.008098380323935173,-0.002551699633827842,0.04767894744873047,0.03852725028991699,20,0.060899597406387326,0.006804684283168443,-0.013220649957656858,-0.007708458308338312,MATCHED,"{""allocated_cells"": 17, ""allocation"": {""((0, 0), 3)"": 104, ""((0, 1), 3)"": 236, ""((0, 2), 3)"": 148, ""((0, 3), 2)"": 78, ""((0, 3), 3)"": 155, ""((1, 1), 3)"": 412, ""((1, 2), 3)"": 843, ""((1, 3), 2)"": 967, ""((1, 3), 3)"": 251, ""((2, 2), 2)"": 111, ""((2, 2), 3)"": 1131, ""((2, 3), 1)"": 3279, ""((2, 3), 2)"": 579, ""((2, 3), 3)"": 1363, ""((3, 3), 0)"": 6921, ""((3, 3), 1)"": 2061, ""((3, 3), 2)"": 3145}, ""degree_pair_exact"": true, ""matched_edge_count_per_control"": 21784, ""matching_method"": ""integral max-flow with exact endpoint-degree-quantile-pair and base normalized edge-weight quantile marginals"", ""shortages"": {}, ""status"": ""MATCHED"", ""target_degree_pair_marginal"": ""{(0, 0): 104, (3, 3): 12127, (0, 1): 236, (2, 2): 1242, (2, 3): 5221, (1, 3): 1218, (1, 2): 843, (0, 3): 233, (1, 1): 412, (0, 2): 148}"", ""target_edge_count"": 21784, ""target_weight_quantile_marginal"": ""{3: 4643, 1: 5340, 2: 4880, 0: 6921}"", ""verified_exact_marginals"": true, ""weight_quantile_exact"": true}",frozen graph intervention; FIXED_NORM_MASK is not retrained valid-operator performance
Movies,42,uniform,semantic_q3,FIXED_NORM_MASK,17801,-0.010197960407918427,-0.01527927195634321,0.010152935981750488,-0.4115884304046631,20,-0.019302064180374147,0.004461284838261011,0.029455000162124635,-0.007588482303539268,MATCHED,"{""allocated_cells"": 17, ""allocation"": {""((0, 0), 3)"": 193, ""((0, 1), 3)"": 258, ""((0, 2), 3)"": 152, ""((0, 3), 2)"": 100, ""((0, 3), 3)"": 45, ""((1, 1), 3)"": 617, ""((1, 2), 3)"": 873, ""((1, 3), 1)"": 165, ""((1, 3), 2)"": 464, ""((1, 3), 3)"": 133, ""((2, 2), 2)"": 57, ""((2, 2), 3)"": 1483, ""((2, 3), 1)"": 2391, ""((2, 3), 3)"": 1088, ""((3, 3), 0)"": 4463, ""((3, 3), 1)"": 1907, ""((3, 3), 2)"": 3412}, ""degree_pair_exact"": true, ""matched_edge_count_per_control"": 17801, ""matching_method"": ""integral max-flow with exact endpoint-degree-quantile-pair and base normalized edge-weight quantile marginals"", ""shortages"": {}, ""status"": ""MATCHED"", ""target_degree_pair_marginal"": ""{(0, 1): 258, (0, 0): 193, (3, 3): 9782, (2, 3): 3479, (1, 2): 873, (2, 2): 1540, (0, 3): 145, (1, 1): 617, (1, 3): 762, (0, 2): 152}"", ""target_edge_count"": 17801, ""target_weight_quantile_marginal"": ""{3: 4842, 1: 4463, 2: 4033, 0: 4463}"", ""verified_exact_marginals"": true, ""weight_quantile_exact"": true}",frozen graph intervention; FIXED_NORM_MASK is not retrained valid-operator performance
Movies,42,uniform,semantic_q3,RENORMALIZED_DELETE,17801,-0.01139772045590881,-0.007773762555885577,0.054268598556518555,-0.032073140144348145,20,0.05436078906059265,0.007820103074063934,-9.21905040740939e-05,-0.005878824235152941,MATCHED,"{""allocated_cells"": 17, ""allocation"": {""((0, 0), 3)"": 193, ""((0, 1), 3)"": 258, ""((0, 2), 3)"": 152, ""((0, 3), 2)"": 100, ""((0, 3), 3)"": 45, ""((1, 1), 3)"": 617, ""((1, 2), 3)"": 873, ""((1, 3), 1)"": 165, ""((1, 3), 2)"": 464, ""((1, 3), 3)"": 133, ""((2, 2), 2)"": 57, ""((2, 2), 3)"": 1483, ""((2, 3), 1)"": 2391, ""((2, 3), 3)"": 1088, ""((3, 3), 0)"": 4463, ""((3, 3), 1)"": 1907, ""((3, 3), 2)"": 3412}, ""degree_pair_exact"": true, ""matched_edge_count_per_control"": 17801, ""matching_method"": ""integral max-flow with exact endpoint-degree-quantile-pair and base normalized edge-weight quantile marginals"", ""shortages"": {}, ""status"": ""MATCHED"", ""target_degree_pair_marginal"": ""{(0, 1): 258, (0, 0): 193, (3, 3): 9782, (2, 3): 3479, (1, 2): 873, (2, 2): 1540, (0, 3): 145, (1, 1): 617, (1, 3): 762, (0, 2): 152}"", ""target_edge_count"": 17801, ""target_weight_quantile_marginal"": ""{3: 4842, 1: 4463, 2: 4033, 0: 4463}"", ""verified_exact_marginals"": true, ""weight_quantile_exact"": true}",frozen graph intervention; FIXED_NORM_MASK is not retrained valid-operator performance
Movies,42,gpr,semantic_q0,FIXED_NORM_MASK,20520,-0.009898020395920804,-0.01157863197424891,-0.00035130977630615234,-0.15640652179718018,20,-0.014898234605789184,0.004211382695124259,0.014546924829483032,-0.014067186562687434,MATCHED,"{""allocated_cells"": 17, ""allocation"": {""((0, 0), 3)"": 81, ""((0, 1), 3)"": 157, ""((0, 2), 3)"": 206, ""((0, 3), 2)"": 70, ""((0, 3), 3)"": 269, ""((1, 1), 3)"": 281, ""((1, 2), 3)"": 957, ""((1, 3), 2)"": 860, ""((1, 3), 3)"": 875, ""((2, 2), 2)"": 116, ""((2, 2), 3)"": 1374, ""((2, 3), 1)"": 2539, ""((2, 3), 2)"": 3288, ""((2, 3), 3)"": 1395, ""((3, 3), 0)"": 3925, ""((3, 3), 1)"": 2528, ""((3, 3), 2)"": 1599}, ""degree_pair_exact"": true, ""matched_edge_count_per_control"": 20520, ""matching_method"": ""integral max-flow with exact endpoint-degree-quantile-pair and base normalized edge-weight quantile marginals"", ""shortages"": {}, ""status"": ""MATCHED"", ""target_degree_pair_marginal"": ""{(2, 2): 1490, (1, 2): 957, (1, 3): 1735, (2, 3): 7222, (0, 2): 206, (1, 1): 281, (3, 3): 8052, (0, 3): 339, (0, 0): 81, (0, 1): 157}"", ""target_edge_count"": 20520, ""target_weight_quantile_marginal"": ""{3: 5595, 2: 5933, 1: 5067, 0: 3925}"", ""verified_exact_marginals"": true, ""weight_quantile_exact"": true}",frozen graph intervention; FIXED_NORM_MASK is not retrained valid-operator performance
Movies,42,gpr,semantic_q0,RENORMALIZED_DELETE,20520,-0.002399520095980767,0.00010685292647266698,0.11832046508789062,0.19967615604400635,20,0.059419828653335574,0.005281434698825267,0.05890063643455505,-0.011532693461307702,MATCHED,"{""allocated_cells"": 17, ""allocation"": {""((0, 0), 3)"": 81, ""((0, 1), 3)"": 157, ""((0, 2), 3)"": 206, ""((0, 3), 2)"": 70, ""((0, 3), 3)"": 269, ""((1, 1), 3)"": 281, ""((1, 2), 3)"": 957, ""((1, 3), 2)"": 860, ""((1, 3), 3)"": 875, ""((2, 2), 2)"": 116, ""((2, 2), 3)"": 1374, ""((2, 3), 1)"": 2539, ""((2, 3), 2)"": 3288, ""((2, 3), 3)"": 1395, ""((3, 3), 0)"": 3925, ""((3, 3), 1)"": 2528, ""((3, 3), 2)"": 1599}, ""degree_pair_exact"": true, ""matched_edge_count_per_control"": 20520, ""matching_method"": ""integral max-flow with exact endpoint-degree-quantile-pair and base normalized edge-weight quantile marginals"", ""shortages"": {}, ""status"": ""MATCHED"", ""target_degree_pair_marginal"": ""{(2, 2): 1490, (1, 2): 957, (1, 3): 1735, (2, 3): 7222, (0, 2): 206, (1, 1): 281, (3, 3): 8052, (0, 3): 339, (0, 0): 81, (0, 1): 157}"", ""target_edge_count"": 20520, ""target_weight_quantile_marginal"": ""{3: 5595, 2: 5933, 1: 5067, 0: 3925}"", ""verified_exact_marginals"": true, ""weight_quantile_exact"": true}",frozen graph intervention; FIXED_NORM_MASK is not retrained valid-operator performance
Movies,42,gpr,semantic_q1,FIXED_NORM_MASK,21924,-0.01139772045590881,-0.01614743024355031,-0.02140676975250244,-0.26123225688934326,20,-0.012971937656402588,0.004353734779073129,-0.008434832096099854,-0.011412717456508653,MATCHED,"{""allocated_cells"": 17, ""allocation"": {""((0, 0), 3)"": 98, ""((0, 1), 3)"": 175, ""((0, 2), 3)"": 191, ""((0, 3), 2)"": 85, ""((0, 3), 3)"": 187, ""((1, 1), 3)"": 407, ""((1, 2), 3)"": 1003, ""((1, 3), 2)"": 970, ""((1, 3), 3)"": 435, ""((2, 2), 2)"": 108, ""((2, 2), 3)"": 1363, ""((2, 3), 1)"": 2903, ""((2, 3), 2)"": 1745, ""((2, 3), 3)"": 1491, ""((3, 3), 0)"": 5275, ""((3, 3), 1)"": 2766, ""((3, 3), 2)"": 2722}, ""degree_pair_exact"": true, ""matched_edge_count_per_control"": 21924, ""matching_method"": ""integral max-flow with exact endpoint-degree-quantile-pair and base normalized edge-weight quantile marginals"", ""shortages"": {}, ""status"": ""MATCHED"", ""target_degree_pair_marginal"": ""{(3, 3): 10763, (2, 3): 6139, (2, 2): 1471, (1, 3): 1405, (1, 2): 1003, (0, 2): 191, (0, 3): 272, (0, 1): 175, (1, 1): 407, (0, 0): 98}"", ""target_edge_count"": 21924, ""target_weight_quantile_marginal"": ""{1: 5669, 2: 5630, 3: 5350, 0: 5275}"", ""verified_exact_marginals"": true, ""weight_quantile_exact"": true}",frozen graph intervention; FIXED_NORM_MASK is not retrained valid-operator performance
Movies,42,gpr,semantic_q1,RENORMALIZED_DELETE,21924,-0.005998800239952029,-0.012975720684533953,0.06595897674560547,0.07740843296051025,20,0.06387442946434022,0.004529955728033621,0.0020845472812652532,-0.007963407318536264,MATCHED,"{""allocated_cells"": 17, ""allocation"": {""((0, 0), 3)"": 98, ""((0, 1), 3)"": 175, ""((0, 2), 3)"": 191, ""((0, 3), 2)"": 85, ""((0, 3), 3)"": 187, ""((1, 1), 3)"": 407, ""((1, 2), 3)"": 1003, ""((1, 3), 2)"": 970, ""((1, 3), 3)"": 435, ""((2, 2), 2)"": 108, ""((2, 2), 3)"": 1363, ""((2, 3), 1)"": 2903, ""((2, 3), 2)"": 1745, ""((2, 3), 3)"": 1491, ""((3, 3), 0)"": 5275, ""((3, 3), 1)"": 2766, ""((3, 3), 2)"": 2722}, ""degree_pair_exact"": true, ""matched_edge_count_per_control"": 21924, ""matching_method"": ""integral max-flow with exact endpoint-degree-quantile-pair and base normalized edge-weight quantile marginals"", ""shortages"": {}, ""status"": ""MATCHED"", ""target_degree_pair_marginal"": ""{(3, 3): 10763, (2, 3): 6139, (2, 2): 1471, (1, 3): 1405, (1, 2): 1003, (0, 2): 191, (0, 3): 272, (0, 1): 175, (1, 1): 407, (0, 0): 98}"", ""target_edge_count"": 21924, ""target_weight_quantile_marginal"": ""{1: 5669, 2: 5630, 3: 5350, 0: 5275}"", ""verified_exact_marginals"": true, ""weight_quantile_exact"": true}",frozen graph intervention; FIXED_NORM_MASK is not retrained valid-operator performance
Movies,42,gpr,semantic_q2,FIXED_NORM_MASK,20060,-0.01229754049190157,-0.011773101681307241,-0.02020096778869629,-0.31044673919677734,20,-0.019465810060501097,0.004721242268306505,-0.0007351577281951918,-0.0110077984403119,MATCHED,"{""allocated_cells"": 16, ""allocation"": {""((0, 0), 3)"": 101, ""((0, 1), 3)"": 218, ""((0, 2), 3)"": 134, ""((0, 3), 2)"": 79, ""((0, 3), 3)"": 135, ""((1, 1), 3)"": 375, ""((1, 2), 3)"": 767, ""((1, 3), 2)"": 870, ""((1, 3), 3)"": 256, ""((2, 2), 2)"": 111, ""((2, 2), 3)"": 1054, ""((2, 3), 1)"": 3506, ""((2, 3), 3)"": 1244, ""((3, 3), 0)"": 6423, ""((3, 3), 1)"": 1378, ""((3, 3), 2)"": 3409}, ""degree_pair_exact"": true, ""matched_edge_count_per_control"": 20060, ""matching_method"": ""integral max-flow with exact endpoint-degree-quantile-pair and base normalized edge-weight quantile marginals"", ""shortages"": {}, ""status"": ""MATCHED"", ""target_degree_pair_marginal"": ""{(0, 0): 101, (3, 3): 11210, (0, 1): 218, (2, 2): 1165, (2, 3): 4750, (1, 3): 1126, (1, 2): 767, (0, 3): 214, (1, 1): 375, (0, 2): 134}"", ""target_edge_count"": 20060, ""target_weight_quantile_marginal"": ""{3: 4284, 1: 4884, 2: 4469, 0: 6423}"", ""verified_exact_marginals"": true, ""weight_quantile_exact"": true}",frozen graph intervention; FIXED_NORM_MASK is not retrained valid-operator performance
Movies,42,gpr,semantic_q2,RENORMALIZED_DELETE,20060,-0.01229754049190157,-0.008237397258085977,0.04358780384063721,0.039505720138549805,20,0.05385251641273499,0.0051715284567017995,-0.010264712572097781,-0.007033593281343692,MATCHED,"{""allocated_cells"": 16, ""allocation"": {""((0, 0), 3)"": 101, ""((0, 1), 3)"": 218, ""((0, 2), 3)"": 134, ""((0, 3), 2)"": 79, ""((0, 3), 3)"": 135, ""((1, 1), 3)"": 375, ""((1, 2), 3)"": 767, ""((1, 3), 2)"": 870, ""((1, 3), 3)"": 256, ""((2, 2), 2)"": 111, ""((2, 2), 3)"": 1054, ""((2, 3), 1)"": 3506, ""((2, 3), 3)"": 1244, ""((3, 3), 0)"": 6423, ""((3, 3), 1)"": 1378, ""((3, 3), 2)"": 3409}, ""degree_pair_exact"": true, ""matched_edge_count_per_control"": 20060, ""matching_method"": ""integral max-flow with exact endpoint-degree-quantile-pair and base normalized edge-weight quantile marginals"", ""shortages"": {}, ""status"": ""MATCHED"", ""target_degree_pair_marginal"": ""{(0, 0): 101, (3, 3): 11210, (0, 1): 218, (2, 2): 1165, (2, 3): 4750, (1, 3): 1126, (1, 2): 767, (0, 3): 214, (1, 1): 375, (0, 2): 134}"", ""target_edge_count"": 20060, ""target_weight_quantile_marginal"": ""{3: 4284, 1: 4884, 2: 4469, 0: 6423}"", ""verified_exact_marginals"": true, ""weight_quantile_exact"": true}",frozen graph intervention; FIXED_NORM_MASK is not retrained valid-operator performance
Movies,42,gpr,semantic_q3,FIXED_NORM_MASK,17897,-0.010197960407918427,-0.020075583436468925,-0.0014224052429199219,-0.38519418239593506,20,-0.030191725492477416,0.005245531925284842,0.028769320249557494,-0.010812837432513461,MATCHED,"{""allocated_cells"": 17, ""allocation"": {""((0, 0), 3)"": 190, ""((0, 1), 3)"": 260, ""((0, 2), 3)"": 156, ""((0, 3), 2)"": 99, ""((0, 3), 3)"": 44, ""((1, 1), 3)"": 621, ""((1, 2), 3)"": 866, ""((1, 3), 1)"": 161, ""((1, 3), 2)"": 450, ""((1, 3), 3)"": 139, ""((2, 2), 2)"": 61, ""((2, 2), 3)"": 1459, ""((2, 3), 1)"": 2448, ""((2, 3), 3)"": 1081, ""((3, 3), 0)"": 4506, ""((3, 3), 1)"": 1891, ""((3, 3), 2)"": 3465}, ""degree_pair_exact"": true, ""matched_edge_count_per_control"": 17897, ""matching_method"": ""integral max-flow with exact endpoint-degree-quantile-pair and base normalized edge-weight quantile marginals"", ""shortages"": {}, ""status"": ""MATCHED"", ""target_degree_pair_marginal"": ""{(0, 1): 260, (0, 0): 190, (3, 3): 9862, (2, 3): 3529, (1, 2): 866, (2, 2): 1520, (0, 3): 143, (1, 1): 621, (1, 3): 750, (0, 2): 156}"", ""target_edge_count"": 17897, ""target_weight_quantile_marginal"": ""{3: 4816, 1: 4500, 2: 4075, 0: 4506}"", ""verified_exact_marginals"": true, ""weight_quantile_exact"": true}",frozen graph intervention; FIXED_NORM_MASK is not retrained valid-operator performance
Movies,42,gpr,semantic_q3,RENORMALIZED_DELETE,17897,-0.014097180563887202,-0.018503809578184316,0.055327415466308594,-0.024825215339660645,20,0.05508250594139099,0.006833241821212727,0.0002449095249176039,-0.008233353329334092,MATCHED,"{""allocated_cells"": 17, ""allocation"": {""((0, 0), 3)"": 190, ""((0, 1), 3)"": 260, ""((0, 2), 3)"": 156, ""((0, 3), 2)"": 99, ""((0, 3), 3)"": 44, ""((1, 1), 3)"": 621, ""((1, 2), 3)"": 866, ""((1, 3), 1)"": 161, ""((1, 3), 2)"": 450, ""((1, 3), 3)"": 139, ""((2, 2), 2)"": 61, ""((2, 2), 3)"": 1459, ""((2, 3), 1)"": 2448, ""((2, 3), 3)"": 1081, ""((3, 3), 0)"": 4506, ""((3, 3), 1)"": 1891, ""((3, 3), 2)"": 3465}, ""degree_pair_exact"": true, ""matched_edge_count_per_control"": 17897, ""matching_method"": ""integral max-flow with exact endpoint-degree-quantile-pair and base normalized edge-weight quantile marginals"", ""shortages"": {}, ""status"": ""MATCHED"", ""target_degree_pair_marginal"": ""{(0, 1): 260, (0, 0): 190, (3, 3): 9862, (2, 3): 3529, (1, 2): 866, (2, 2): 1520, (0, 3): 143, (1, 1): 621, (1, 3): 750, (0, 2): 156}"", ""target_edge_count"": 17897, ""target_weight_quantile_marginal"": ""{3: 4816, 1: 4500, 2: 4075, 0: 4506}"", ""verified_exact_marginals"": true, ""weight_quantile_exact"": true}",frozen graph intervention; FIXED_NORM_MASK is not retrained valid-operator performance
Movies,43,uniform,semantic_q0,FIXED_NORM_MASK,20653,-0.005398920215956782,-0.011875918762597859,0.04548424482345581,-0.17108213901519775,20,0.04437268376350403,0.002195369131944703,0.0011115610599517836,-0.0038992201559687857,MATCHED,"{""allocated_cells"": 17, ""allocation"": {""((0, 0), 3)"": 66, ""((0, 1), 3)"": 147, ""((0, 2), 3)"": 200, ""((0, 3), 2)"": 66, ""((0, 3), 3)"": 286, ""((1, 1), 3)"": 264, ""((1, 2), 3)"": 937, ""((1, 3), 2)"": 849, ""((1, 3), 3)"": 943, ""((2, 2), 2)"": 112, ""((2, 2), 3)"": 1366, ""((2, 3), 1)"": 2554, ""((2, 3), 2)"": 3366, ""((2, 3), 3)"": 1353, ""((3, 3), 0)"": 3982, ""((3, 3), 1)"": 2540, ""((3, 3), 2)"": 1622}, ""degree_pair_exact"": true, ""matched_edge_count_per_control"": 20653, ""matching_method"": ""integral max-flow with exact endpoint-degree-quantile-pair and base normalized edge-weight quantile marginals"", ""shortages"": {}, ""status"": ""MATCHED"", ""target_degree_pair_marginal"": ""{(3, 3): 8144, (2, 3): 7273, (2, 2): 1478, (1, 2): 937, (1, 3): 1792, (0, 2): 200, (1, 1): 264, (0, 3): 352, (0, 0): 66, (0, 1): 147}"", ""target_edge_count"": 20653, ""target_weight_quantile_marginal"": ""{1: 5094, 2: 6015, 3: 5562, 0: 3982}"", ""verified_exact_marginals"": true, ""weight_quantile_exact"": true}",frozen graph intervention; FIXED_NORM_MASK is not retrained valid-operator performance
Movies,43,uniform,semantic_q0,RENORMALIZED_DELETE,20653,-0.004799040191961534,-0.008319699373188327,0.054343998432159424,0.1917862892150879,20,0.022263389825820924,0.0037384430541759607,0.032080608606338504,-0.009553089382123552,MATCHED,"{""allocated_cells"": 17, ""allocation"": {""((0, 0), 3)"": 66, ""((0, 1), 3)"": 147, ""((0, 2), 3)"": 200, ""((0, 3), 2)"": 66, ""((0, 3), 3)"": 286, ""((1, 1), 3)"": 264, ""((1, 2), 3)"": 937, ""((1, 3), 2)"": 849, ""((1, 3), 3)"": 943, ""((2, 2), 2)"": 112, ""((2, 2), 3)"": 1366, ""((2, 3), 1)"": 2554, ""((2, 3), 2)"": 3366, ""((2, 3), 3)"": 1353, ""((3, 3), 0)"": 3982, ""((3, 3), 1)"": 2540, ""((3, 3), 2)"": 1622}, ""degree_pair_exact"": true, ""matched_edge_count_per_control"": 20653, ""matching_method"": ""integral max-flow with exact endpoint-degree-quantile-pair and base normalized edge-weight quantile marginals"", ""shortages"": {}, ""status"": ""MATCHED"", ""target_degree_pair_marginal"": ""{(3, 3): 8144, (2, 3): 7273, (2, 2): 1478, (1, 2): 937, (1, 3): 1792, (0, 2): 200, (1, 1): 264, (0, 3): 352, (0, 0): 66, (0, 1): 147}"", ""target_edge_count"": 20653, ""target_weight_quantile_marginal"": ""{1: 5094, 2: 6015, 3: 5562, 0: 3982}"", ""verified_exact_marginals"": true, ""weight_quantile_exact"": true}",frozen graph intervention; FIXED_NORM_MASK is not retrained valid-operator performance
Movies,43,uniform,semantic_q1,FIXED_NORM_MASK,20463,-0.005698860227954405,-0.006838113786694411,0.02822977304458618,-0.23412001132965088,20,0.03680299520492554,0.0035834632655655885,-0.008573222160339358,0.0008248350329934318,MATCHED,"{""allocated_cells"": 17, ""allocation"": {""((0, 0), 3)"": 99, ""((0, 1), 3)"": 186, ""((0, 2), 3)"": 184, ""((0, 3), 2)"": 90, ""((0, 3), 3)"": 155, ""((1, 1), 3)"": 368, ""((1, 2), 3)"": 926, ""((1, 3), 2)"": 983, ""((1, 3), 3)"": 336, ""((2, 2), 2)"": 110, ""((2, 2), 3)"": 1302, ""((2, 3), 1)"": 2981, ""((2, 3), 2)"": 1333, ""((2, 3), 3)"": 1514, ""((3, 3), 0)"": 4833, ""((3, 3), 1)"": 2277, ""((3, 3), 2)"": 2786}, ""degree_pair_exact"": true, ""matched_edge_count_per_control"": 20463, ""matching_method"": ""integral max-flow with exact endpoint-degree-quantile-pair and base normalized edge-weight quantile marginals"", ""shortages"": {}, ""status"": ""MATCHED"", ""target_degree_pair_marginal"": ""{(3, 3): 9896, (2, 2): 1412, (1, 3): 1319, (2, 3): 5828, (1, 1): 368, (1, 2): 926, (0, 2): 184, (0, 3): 245, (0, 1): 186, (0, 0): 99}"", ""target_edge_count"": 20463, ""target_weight_quantile_marginal"": ""{1: 5258, 2: 5302, 3: 5070, 0: 4833}"", ""verified_exact_marginals"": true, ""weight_quantile_exact"": true}",frozen graph intervention; FIXED_NORM_MASK is not retrained valid-operator performance
Movies,43,uniform,semantic_q1,RENORMALIZED_DELETE,20463,-0.011697660467906434,-0.006989340327972382,0.019493520259857178,0.09053921699523926,20,0.024298122525215148,0.003949082385725396,-0.00480460226535797,-0.0059088182363526975,MATCHED,"{""allocated_cells"": 17, ""allocation"": {""((0, 0), 3)"": 99, ""((0, 1), 3)"": 186, ""((0, 2), 3)"": 184, ""((0, 3), 2)"": 90, ""((0, 3), 3)"": 155, ""((1, 1), 3)"": 368, ""((1, 2), 3)"": 926, ""((1, 3), 2)"": 983, ""((1, 3), 3)"": 336, ""((2, 2), 2)"": 110, ""((2, 2), 3)"": 1302, ""((2, 3), 1)"": 2981, ""((2, 3), 2)"": 1333, ""((2, 3), 3)"": 1514, ""((3, 3), 0)"": 4833, ""((3, 3), 1)"": 2277, ""((3, 3), 2)"": 2786}, ""degree_pair_exact"": true, ""matched_edge_count_per_control"": 20463, ""matching_method"": ""integral max-flow with exact endpoint-degree-quantile-pair and base normalized edge-weight quantile marginals"", ""shortages"": {}, ""status"": ""MATCHED"", ""target_degree_pair_marginal"": ""{(3, 3): 9896, (2, 2): 1412, (1, 3): 1319, (2, 3): 5828, (1, 1): 368, (1, 2): 926, (0, 2): 184, (0, 3): 245, (0, 1): 186, (0, 0): 99}"", ""target_edge_count"": 20463, ""target_weight_quantile_marginal"": ""{1: 5258, 2: 5302, 3: 5070, 0: 4833}"", ""verified_exact_marginals"": true, ""weight_quantile_exact"": true}",frozen graph intervention; FIXED_NORM_MASK is not retrained valid-operator performance
Movies,43,uniform,semantic_q2,FIXED_NORM_MASK,21822,-0.0029994001199760145,-0.0006505672364907067,0.043330252170562744,-0.33394551277160645,20,0.03219259977340698,0.0025808716889444802,0.011137652397155764,-0.001064787042591453,MATCHED,"{""allocated_cells"": 17, ""allocation"": {""((0, 0), 3)"": 114, ""((0, 1), 3)"": 222, ""((0, 2), 3)"": 157, ""((0, 3), 2)"": 78, ""((0, 3), 3)"": 161, ""((1, 1), 3)"": 418, ""((1, 2), 3)"": 854, ""((1, 3), 2)"": 884, ""((1, 3), 3)"": 256, ""((2, 2), 2)"": 119, ""((2, 2), 3)"": 1132, ""((2, 3), 1)"": 3367, ""((2, 3), 2)"": 425, ""((2, 3), 3)"": 1324, ""((3, 3), 0)"": 6961, ""((3, 3), 1)"": 2021, ""((3, 3), 2)"": 3329}, ""degree_pair_exact"": true, ""matched_edge_count_per_control"": 21822, ""matching_method"": ""integral max-flow with exact endpoint-degree-quantile-pair and base normalized edge-weight quantile marginals"", ""shortages"": {}, ""status"": ""MATCHED"", ""target_degree_pair_marginal"": ""{(0, 0): 114, (3, 3): 12311, (2, 3): 5116, (0, 1): 222, (1, 3): 1140, (1, 2): 854, (2, 2): 1251, (0, 2): 157, (0, 3): 239, (1, 1): 418}"", ""target_edge_count"": 21822, ""target_weight_quantile_marginal"": ""{3: 4638, 1: 5388, 2: 4835, 0: 6961}"", ""verified_exact_marginals"": true, ""weight_quantile_exact"": true}",frozen graph intervention; FIXED_NORM_MASK is not retrained valid-operator performance
Movies,43,uniform,semantic_q2,RENORMALIZED_DELETE,21822,-0.0038992201559687745,0.0019166872651136257,0.02425295114517212,0.04656839370727539,20,0.02343128025531769,0.004264168592788994,0.0008216708898544298,-0.006553689262147539,MATCHED,"{""allocated_cells"": 17, ""allocation"": {""((0, 0), 3)"": 114, ""((0, 1), 3)"": 222, ""((0, 2), 3)"": 157, ""((0, 3), 2)"": 78, ""((0, 3), 3)"": 161, ""((1, 1), 3)"": 418, ""((1, 2), 3)"": 854, ""((1, 3), 2)"": 884, ""((1, 3), 3)"": 256, ""((2, 2), 2)"": 119, ""((2, 2), 3)"": 1132, ""((2, 3), 1)"": 3367, ""((2, 3), 2)"": 425, ""((2, 3), 3)"": 1324, ""((3, 3), 0)"": 6961, ""((3, 3), 1)"": 2021, ""((3, 3), 2)"": 3329}, ""degree_pair_exact"": true, ""matched_edge_count_per_control"": 21822, ""matching_method"": ""integral max-flow with exact endpoint-degree-quantile-pair and base normalized edge-weight quantile marginals"", ""shortages"": {}, ""status"": ""MATCHED"", ""target_degree_pair_marginal"": ""{(0, 0): 114, (3, 3): 12311, (2, 3): 5116, (0, 1): 222, (1, 3): 1140, (1, 2): 854, (2, 2): 1251, (0, 2): 157, (0, 3): 239, (1, 1): 418}"", ""target_edge_count"": 21822, ""target_weight_quantile_marginal"": ""{3: 4638, 1: 5388, 2: 4835, 0: 6961}"", ""verified_exact_marginals"": true, ""weight_quantile_exact"": true}",frozen graph intervention; FIXED_NORM_MASK is not retrained valid-operator performance
Movies,43,uniform,semantic_q3,FIXED_NORM_MASK,17463,-0.0011997600479903836,-0.004264229209408388,0.05610376596450806,-0.3740276098251343,20,0.024681371450424195,0.0034242816276931817,0.031422394514083865,-0.0013497300539891844,MATCHED,"{""allocated_cells"": 17, ""allocation"": {""((0, 0), 3)"": 191, ""((0, 1), 3)"": 255, ""((0, 2), 3)"": 146, ""((0, 3), 2)"": 99, ""((0, 3), 3)"": 33, ""((1, 1), 3)"": 634, ""((1, 2), 3)"": 876, ""((1, 3), 1)"": 194, ""((1, 3), 2)"": 469, ""((1, 3), 3)"": 102, ""((2, 2), 2)"": 55, ""((2, 2), 3)"": 1450, ""((2, 3), 1)"": 2335, ""((2, 3), 3)"": 1088, ""((3, 3), 0)"": 4353, ""((3, 3), 1)"": 1851, ""((3, 3), 2)"": 3332}, ""degree_pair_exact"": true, ""matched_edge_count_per_control"": 17463, ""matching_method"": ""integral max-flow with exact endpoint-degree-quantile-pair and base normalized edge-weight quantile marginals"", ""shortages"": {}, ""status"": ""MATCHED"", ""target_degree_pair_marginal"": ""{(0, 1): 255, (0, 0): 191, (3, 3): 9536, (2, 2): 1505, (2, 3): 3423, (1, 2): 876, (0, 3): 132, (1, 1): 634, (1, 3): 765, (0, 2): 146}"", ""target_edge_count"": 17463, ""target_weight_quantile_marginal"": ""{3: 4775, 1: 4380, 2: 3955, 0: 4353}"", ""verified_exact_marginals"": true, ""weight_quantile_exact"": true}",frozen graph intervention; FIXED_NORM_MASK is not retrained valid-operator performance
Movies,43,uniform,semantic_q3,RENORMALIZED_DELETE,17463,-0.005998800239952029,-0.006821867690513628,0.019540131092071533,-0.012587308883666992,20,0.02482284903526306,0.0036354502578830336,-0.005282717943191528,-0.006448710257948376,MATCHED,"{""allocated_cells"": 17, ""allocation"": {""((0, 0), 3)"": 191, ""((0, 1), 3)"": 255, ""((0, 2), 3)"": 146, ""((0, 3), 2)"": 99, ""((0, 3), 3)"": 33, ""((1, 1), 3)"": 634, ""((1, 2), 3)"": 876, ""((1, 3), 1)"": 194, ""((1, 3), 2)"": 469, ""((1, 3), 3)"": 102, ""((2, 2), 2)"": 55, ""((2, 2), 3)"": 1450, ""((2, 3), 1)"": 2335, ""((2, 3), 3)"": 1088, ""((3, 3), 0)"": 4353, ""((3, 3), 1)"": 1851, ""((3, 3), 2)"": 3332}, ""degree_pair_exact"": true, ""matched_edge_count_per_control"": 17463, ""matching_method"": ""integral max-flow with exact endpoint-degree-quantile-pair and base normalized edge-weight quantile marginals"", ""shortages"": {}, ""status"": ""MATCHED"", ""target_degree_pair_marginal"": ""{(0, 1): 255, (0, 0): 191, (3, 3): 9536, (2, 2): 1505, (2, 3): 3423, (1, 2): 876, (0, 3): 132, (1, 1): 634, (1, 3): 765, (0, 2): 146}"", ""target_edge_count"": 17463, ""target_weight_quantile_marginal"": ""{3: 4775, 1: 4380, 2: 3955, 0: 4353}"", ""verified_exact_marginals"": true, ""weight_quantile_exact"": true}",frozen graph intervention; FIXED_NORM_MASK is not retrained valid-operator performance
Movies,43,gpr,semantic_q0,FIXED_NORM_MASK,20555,-0.010197960407918427,-0.006447681941636474,0.051890790462493896,-0.166235089302063,20,0.04318620562553406,0.0034893668909257553,0.008704584836959836,-0.004289142171565663,MATCHED,"{""allocated_cells"": 17, ""allocation"": {""((0, 0), 3)"": 63, ""((0, 1), 3)"": 144, ""((0, 2), 3)"": 201, ""((0, 3), 2)"": 68, ""((0, 3), 3)"": 276, ""((1, 1), 3)"": 261, ""((1, 2), 3)"": 919, ""((1, 3), 2)"": 849, ""((1, 3), 3)"": 919, ""((2, 2), 2)"": 112, ""((2, 2), 3)"": 1372, ""((2, 3), 1)"": 2550, ""((2, 3), 2)"": 3375, ""((2, 3), 3)"": 1349, ""((3, 3), 0)"": 3956, ""((3, 3), 1)"": 2527, ""((3, 3), 2)"": 1614}, ""degree_pair_exact"": true, ""matched_edge_count_per_control"": 20555, ""matching_method"": ""integral max-flow with exact endpoint-degree-quantile-pair and base normalized edge-weight quantile marginals"", ""shortages"": {}, ""status"": ""MATCHED"", ""target_degree_pair_marginal"": ""{(3, 3): 8097, (2, 3): 7274, (2, 2): 1484, (1, 2): 919, (1, 3): 1768, (0, 2): 201, (1, 1): 261, (0, 3): 344, (0, 0): 63, (0, 1): 144}"", ""target_edge_count"": 20555, ""target_weight_quantile_marginal"": ""{1: 5077, 2: 6018, 3: 5504, 0: 3956}"", ""verified_exact_marginals"": true, ""weight_quantile_exact"": true}",frozen graph intervention; FIXED_NORM_MASK is not retrained valid-operator performance
Movies,43,gpr,semantic_q0,RENORMALIZED_DELETE,20555,-0.006898620275944789,-0.0044911615992117015,0.05808967351913452,0.18474221229553223,20,0.021086421608924866,0.003825069252866722,0.03700325191020966,-0.003914217156568656,MATCHED,"{""allocated_cells"": 17, ""allocation"": {""((0, 0), 3)"": 63, ""((0, 1), 3)"": 144, ""((0, 2), 3)"": 201, ""((0, 3), 2)"": 68, ""((0, 3), 3)"": 276, ""((1, 1), 3)"": 261, ""((1, 2), 3)"": 919, ""((1, 3), 2)"": 849, ""((1, 3), 3)"": 919, ""((2, 2), 2)"": 112, ""((2, 2), 3)"": 1372, ""((2, 3), 1)"": 2550, ""((2, 3), 2)"": 3375, ""((2, 3), 3)"": 1349, ""((3, 3), 0)"": 3956, ""((3, 3), 1)"": 2527, ""((3, 3), 2)"": 1614}, ""degree_pair_exact"": true, ""matched_edge_count_per_control"": 20555, ""matching_method"": ""integral max-flow with exact endpoint-degree-quantile-pair and base normalized edge-weight quantile marginals"", ""shortages"": {}, ""status"": ""MATCHED"", ""target_degree_pair_marginal"": ""{(3, 3): 8097, (2, 3): 7274, (2, 2): 1484, (1, 2): 919, (1, 3): 1768, (0, 2): 201, (1, 1): 261, (0, 3): 344, (0, 0): 63, (0, 1): 144}"", ""target_edge_count"": 20555, ""target_weight_quantile_marginal"": ""{1: 5077, 2: 6018, 3: 5504, 0: 3956}"", ""verified_exact_marginals"": true, ""weight_quantile_exact"": true}",frozen graph intervention; FIXED_NORM_MASK is not retrained valid-operator performance
Movies,43,gpr,semantic_q1,FIXED_NORM_MASK,20396,-0.01139772045590881,-0.015563077764730315,0.034632742404937744,-0.23415148258209229,20,0.04049043357372284,0.0030279727338102264,-0.005857691168785095,-0.0043641271745650575,MATCHED,"{""allocated_cells"": 17, ""allocation"": {""((0, 0), 3)"": 99, ""((0, 1), 3)"": 178, ""((0, 2), 3)"": 176, ""((0, 3), 2)"": 88, ""((0, 3), 3)"": 172, ""((1, 1), 3)"": 362, ""((1, 2), 3)"": 936, ""((1, 3), 2)"": 984, ""((1, 3), 3)"": 339, ""((2, 2), 2)"": 111, ""((2, 2), 3)"": 1277, ""((2, 3), 1)"": 2998, ""((2, 3), 2)"": 1288, ""((2, 3), 3)"": 1516, ""((3, 3), 0)"": 4840, ""((3, 3), 1)"": 2230, ""((3, 3), 2)"": 2802}, ""degree_pair_exact"": true, ""matched_edge_count_per_control"": 20396, ""matching_method"": ""integral max-flow with exact endpoint-degree-quantile-pair and base normalized edge-weight quantile marginals"", ""shortages"": {}, ""status"": ""MATCHED"", ""target_degree_pair_marginal"": ""{(0, 0): 99, (3, 3): 9872, (2, 2): 1388, (1, 3): 1323, (2, 3): 5802, (1, 1): 362, (1, 2): 936, (0, 2): 176, (0, 1): 178, (0, 3): 260}"", ""target_edge_count"": 20396, ""target_weight_quantile_marginal"": ""{3: 5055, 1: 5228, 2: 5273, 0: 4840}"", ""verified_exact_marginals"": true, ""weight_quantile_exact"": true}",frozen graph intervention; FIXED_NORM_MASK is not retrained valid-operator performance
Movies,43,gpr,semantic_q1,RENORMALIZED_DELETE,20396,-0.0029994001199760145,-0.0017164769796467194,0.02282780408859253,0.08993208408355713,20,0.024952834844589232,0.0041636864002486075,-0.0021250307559967027,-0.004154169166166732,MATCHED,"{""allocated_cells"": 17, ""allocation"": {""((0, 0), 3)"": 99, ""((0, 1), 3)"": 178, ""((0, 2), 3)"": 176, ""((0, 3), 2)"": 88, ""((0, 3), 3)"": 172, ""((1, 1), 3)"": 362, ""((1, 2), 3)"": 936, ""((1, 3), 2)"": 984, ""((1, 3), 3)"": 339, ""((2, 2), 2)"": 111, ""((2, 2), 3)"": 1277, ""((2, 3), 1)"": 2998, ""((2, 3), 2)"": 1288, ""((2, 3), 3)"": 1516, ""((3, 3), 0)"": 4840, ""((3, 3), 1)"": 2230, ""((3, 3), 2)"": 2802}, ""degree_pair_exact"": true, ""matched_edge_count_per_control"": 20396, ""matching_method"": ""integral max-flow with exact endpoint-degree-quantile-pair and base normalized edge-weight quantile marginals"", ""shortages"": {}, ""status"": ""MATCHED"", ""target_degree_pair_marginal"": ""{(0, 0): 99, (3, 3): 9872, (2, 2): 1388, (1, 3): 1323, (2, 3): 5802, (1, 1): 362, (1, 2): 936, (0, 2): 176, (0, 1): 178, (0, 3): 260}"", ""target_edge_count"": 20396, ""target_weight_quantile_marginal"": ""{3: 5055, 1: 5228, 2: 5273, 0: 4840}"", ""verified_exact_marginals"": true, ""weight_quantile_exact"": true}",frozen graph intervention; FIXED_NORM_MASK is not retrained valid-operator performance
Movies,43,gpr,semantic_q2,FIXED_NORM_MASK,21961,-0.004499100179964022,-0.006179376134595849,0.04292869567871094,-0.3392690420150757,20,0.039911842346191405,0.0024717368799234115,0.0030168533325195326,-0.007138572285542849,MATCHED,"{""allocated_cells"": 17, ""allocation"": {""((0, 0), 3)"": 111, ""((0, 1), 3)"": 238, ""((0, 2), 3)"": 164, ""((0, 3), 2)"": 76, ""((0, 3), 3)"": 163, ""((1, 1), 3)"": 425, ""((1, 2), 3)"": 854, ""((1, 3), 2)"": 882, ""((1, 3), 3)"": 257, ""((2, 2), 2)"": 119, ""((2, 2), 3)"": 1148, ""((2, 3), 1)"": 3352, ""((2, 3), 2)"": 437, ""((2, 3), 3)"": 1335, ""((3, 3), 0)"": 7002, ""((3, 3), 1)"": 2072, ""((3, 3), 2)"": 3326}, ""degree_pair_exact"": true, ""matched_edge_count_per_control"": 21961, ""matching_method"": ""integral max-flow with exact endpoint-degree-quantile-pair and base normalized edge-weight quantile marginals"", ""shortages"": {}, ""status"": ""MATCHED"", ""target_degree_pair_marginal"": ""{(0, 0): 111, (3, 3): 12400, (2, 3): 5124, (0, 1): 238, (2, 2): 1267, (1, 3): 1139, (1, 2): 854, (0, 2): 164, (0, 3): 239, (1, 1): 425}"", ""target_edge_count"": 21961, ""target_weight_quantile_marginal"": ""{3: 4695, 1: 5424, 2: 4840, 0: 7002}"", ""verified_exact_marginals"": true, ""weight_quantile_exact"": true}",frozen graph intervention; FIXED_NORM_MASK is not retrained valid-operator performance
Movies,43,gpr,semantic_q2,RENORMALIZED_DELETE,21961,-0.004199160167966398,-0.00702503345039085,0.02106499671936035,0.04064786434173584,20,0.026932662725448607,0.0033047246253792,-0.0058676660060882554,-0.005593881223755209,MATCHED,"{""allocated_cells"": 17, ""allocation"": {""((0, 0), 3)"": 111, ""((0, 1), 3)"": 238, ""((0, 2), 3)"": 164, ""((0, 3), 2)"": 76, ""((0, 3), 3)"": 163, ""((1, 1), 3)"": 425, ""((1, 2), 3)"": 854, ""((1, 3), 2)"": 882, ""((1, 3), 3)"": 257, ""((2, 2), 2)"": 119, ""((2, 2), 3)"": 1148, ""((2, 3), 1)"": 3352, ""((2, 3), 2)"": 437, ""((2, 3), 3)"": 1335, ""((3, 3), 0)"": 7002, ""((3, 3), 1)"": 2072, ""((3, 3), 2)"": 3326}, ""degree_pair_exact"": true, ""matched_edge_count_per_control"": 21961, ""matching_method"": ""integral max-flow with exact endpoint-degree-quantile-pair and base normalized edge-weight quantile marginals"", ""shortages"": {}, ""status"": ""MATCHED"", ""target_degree_pair_marginal"": ""{(0, 0): 111, (3, 3): 12400, (2, 3): 5124, (0, 1): 238, (2, 2): 1267, (1, 3): 1139, (1, 2): 854, (0, 2): 164, (0, 3): 239, (1, 1): 425}"", ""target_edge_count"": 21961, ""target_weight_quantile_marginal"": ""{3: 4695, 1: 5424, 2: 4840, 0: 7002}"", ""verified_exact_marginals"": true, ""weight_quantile_exact"": true}",frozen graph intervention; FIXED_NORM_MASK is not retrained valid-operator performance
Movies,43,gpr,semantic_q3,FIXED_NORM_MASK,17489,-0.004499100179964022,-0.002368862711328079,0.05128961801528931,-0.3641021251678467,20,0.02996705174446106,0.0031489996596642355,0.021322566270828246,-0.003959208158368305,MATCHED,"{""allocated_cells"": 17, ""allocation"": {""((0, 0), 3)"": 197, ""((0, 1), 3)"": 250, ""((0, 2), 3)"": 146, ""((0, 3), 2)"": 101, ""((0, 3), 3)"": 24, ""((1, 1), 3)"": 636, ""((1, 2), 3)"": 884, ""((1, 3), 1)"": 174, ""((1, 3), 2)"": 493, ""((1, 3), 3)"": 119, ""((2, 2), 2)"": 54, ""((2, 2), 3)"": 1453, ""((2, 3), 1)"": 2358, ""((2, 3), 3)"": 1082, ""((3, 3), 0)"": 4331, ""((3, 3), 1)"": 1859, ""((3, 3), 2)"": 3328}, ""degree_pair_exact"": true, ""matched_edge_count_per_control"": 17489, ""matching_method"": ""integral max-flow with exact endpoint-degree-quantile-pair and base normalized edge-weight quantile marginals"", ""shortages"": {}, ""status"": ""MATCHED"", ""target_degree_pair_marginal"": ""{(0, 1): 250, (0, 0): 197, (3, 3): 9518, (2, 2): 1507, (2, 3): 3440, (1, 2): 884, (0, 3): 125, (1, 1): 636, (1, 3): 786, (0, 2): 146}"", ""target_edge_count"": 17489, ""target_weight_quantile_marginal"": ""{3: 4791, 1: 4391, 2: 3976, 0: 4331}"", ""verified_exact_marginals"": true, ""weight_quantile_exact"": true}",frozen graph intervention; FIXED_NORM_MASK is not retrained valid-operator performance
Movies,43,gpr,semantic_q3,RENORMALIZED_DELETE,17489,-0.0029994001199760145,-0.007023695456399692,0.02059316635131836,-0.016976356506347656,20,0.025149360299110413,0.0045921244380204085,-0.004556193947792053,-0.00340431913617274,MATCHED,"{""allocated_cells"": 17, ""allocation"": {""((0, 0), 3)"": 197, ""((0, 1), 3)"": 250, ""((0, 2), 3)"": 146, ""((0, 3), 2)"": 101, ""((0, 3), 3)"": 24, ""((1, 1), 3)"": 636, ""((1, 2), 3)"": 884, ""((1, 3), 1)"": 174, ""((1, 3), 2)"": 493, ""((1, 3), 3)"": 119, ""((2, 2), 2)"": 54, ""((2, 2), 3)"": 1453, ""((2, 3), 1)"": 2358, ""((2, 3), 3)"": 1082, ""((3, 3), 0)"": 4331, ""((3, 3), 1)"": 1859, ""((3, 3), 2)"": 3328}, ""degree_pair_exact"": true, ""matched_edge_count_per_control"": 17489, ""matching_method"": ""integral max-flow with exact endpoint-degree-quantile-pair and base normalized edge-weight quantile marginals"", ""shortages"": {}, ""status"": ""MATCHED"", ""target_degree_pair_marginal"": ""{(0, 1): 250, (0, 0): 197, (3, 3): 9518, (2, 2): 1507, (2, 3): 3440, (1, 2): 884, (0, 3): 125, (1, 1): 636, (1, 3): 786, (0, 2): 146}"", ""target_edge_count"": 17489, ""target_weight_quantile_marginal"": ""{3: 4791, 1: 4391, 2: 3976, 0: 4331}"", ""verified_exact_marginals"": true, ""weight_quantile_exact"": true}",frozen graph intervention; FIXED_NORM_MASK is not retrained valid-operator performance
Movies,44,uniform,semantic_q0,FIXED_NORM_MASK,19812,-0.004499100179963911,-0.005009024085901426,0.04005783796310425,-0.18724513053894043,20,0.01999397575855255,0.003037296589860483,0.020063862204551697,-0.003674265146970551,MATCHED,"{""allocated_cells"": 17, ""allocation"": {""((0, 0), 3)"": 62, ""((0, 1), 3)"": 139, ""((0, 2), 3)"": 195, ""((0, 3), 2)"": 71, ""((0, 3), 3)"": 250, ""((1, 1), 3)"": 244, ""((1, 2), 3)"": 900, ""((1, 3), 2)"": 875, ""((1, 3), 3)"": 825, ""((2, 2), 2)"": 116, ""((2, 2), 3)"": 1290, ""((2, 3), 1)"": 2602, ""((2, 3), 2)"": 3042, ""((2, 3), 3)"": 1383, ""((3, 3), 0)"": 3845, ""((3, 3), 1)"": 2310, ""((3, 3), 2)"": 1663}, ""degree_pair_exact"": true, ""matched_edge_count_per_control"": 19812, ""matching_method"": ""integral max-flow with exact endpoint-degree-quantile-pair and base normalized edge-weight quantile marginals"", ""shortages"": {}, ""status"": ""MATCHED"", ""target_degree_pair_marginal"": ""{(2, 2): 1406, (1, 2): 900, (1, 3): 1700, (2, 3): 7027, (0, 2): 195, (1, 1): 244, (3, 3): 7818, (0, 3): 321, (0, 0): 62, (0, 1): 139}"", ""target_edge_count"": 19812, ""target_weight_quantile_marginal"": ""{3: 5288, 2: 5767, 1: 4912, 0: 3845}"", ""verified_exact_marginals"": true, ""weight_quantile_exact"": true}",frozen graph intervention; FIXED_NORM_MASK is not retrained valid-operator performance
Movies,44,uniform,semantic_q0,RENORMALIZED_DELETE,19812,-0.010797840431913563,-0.014867359377045197,0.05931985378265381,0.24312186241149902,20,0.022237724065780638,0.003108646841074715,0.03708212971687317,-0.006013797240551849,MATCHED,"{""allocated_cells"": 17, ""allocation"": {""((0, 0), 3)"": 62, ""((0, 1), 3)"": 139, ""((0, 2), 3)"": 195, ""((0, 3), 2)"": 71, ""((0, 3), 3)"": 250, ""((1, 1), 3)"": 244, ""((1, 2), 3)"": 900, ""((1, 3), 2)"": 875, ""((1, 3), 3)"": 825, ""((2, 2), 2)"": 116, ""((2, 2), 3)"": 1290, ""((2, 3), 1)"": 2602, ""((2, 3), 2)"": 3042, ""((2, 3), 3)"": 1383, ""((3, 3), 0)"": 3845, ""((3, 3), 1)"": 2310, ""((3, 3), 2)"": 1663}, ""degree_pair_exact"": true, ""matched_edge_count_per_control"": 19812, ""matching_method"": ""integral max-flow with exact endpoint-degree-quantile-pair and base normalized edge-weight quantile marginals"", ""shortages"": {}, ""status"": ""MATCHED"", ""target_degree_pair_marginal"": ""{(2, 2): 1406, (1, 2): 900, (1, 3): 1700, (2, 3): 7027, (0, 2): 195, (1, 1): 244, (3, 3): 7818, (0, 3): 321, (0, 0): 62, (0, 1): 139}"", ""target_edge_count"": 19812, ""target_weight_quantile_marginal"": ""{3: 5288, 2: 5767, 1: 4912, 0: 3845}"", ""verified_exact_marginals"": true, ""weight_quantile_exact"": true}",frozen graph intervention; FIXED_NORM_MASK is not retrained valid-operator performance
Movies,44,uniform,semantic_q1,FIXED_NORM_MASK,21620,-0.005398920215956782,-0.012776457783493789,0.027912437915802002,-0.30918729305267334,20,0.019906726479530335,0.0036461677907964497,0.008005711436271667,-0.001484703059388076,MATCHED,"{""allocated_cells"": 17, ""allocation"": {""((0, 0), 3)"": 117, ""((0, 1), 3)"": 185, ""((0, 2), 3)"": 174, ""((0, 3), 2)"": 86, ""((0, 3), 3)"": 198, ""((1, 1), 3)"": 414, ""((1, 2), 3)"": 985, ""((1, 3), 2)"": 950, ""((1, 3), 3)"": 473, ""((2, 2), 2)"": 113, ""((2, 2), 3)"": 1380, ""((2, 3), 1)"": 2913, ""((2, 3), 2)"": 1706, ""((2, 3), 3)"": 1502, ""((3, 3), 0)"": 5141, ""((3, 3), 1)"": 2569, ""((3, 3), 2)"": 2714}, ""degree_pair_exact"": true, ""matched_edge_count_per_control"": 21620, ""matching_method"": ""integral max-flow with exact endpoint-degree-quantile-pair and base normalized edge-weight quantile marginals"", ""shortages"": {}, ""status"": ""MATCHED"", ""target_degree_pair_marginal"": ""{(0, 0): 117, (3, 3): 10424, (2, 3): 6121, (2, 2): 1493, (1, 1): 414, (1, 3): 1423, (1, 2): 985, (0, 2): 174, (0, 3): 284, (0, 1): 185}"", ""target_edge_count"": 21620, ""target_weight_quantile_marginal"": ""{3: 5428, 1: 5482, 2: 5569, 0: 5141}"", ""verified_exact_marginals"": true, ""weight_quantile_exact"": true}",frozen graph intervention; FIXED_NORM_MASK is not retrained valid-operator performance
Movies,44,uniform,semantic_q1,RENORMALIZED_DELETE,21620,-0.005098980203959158,-0.007722697709248716,0.025536060333251953,0.10264134407043457,20,0.02674945890903473,0.004784934351121805,-0.0012133985757827766,-0.007063587282543443,MATCHED,"{""allocated_cells"": 17, ""allocation"": {""((0, 0), 3)"": 117, ""((0, 1), 3)"": 185, ""((0, 2), 3)"": 174, ""((0, 3), 2)"": 86, ""((0, 3), 3)"": 198, ""((1, 1), 3)"": 414, ""((1, 2), 3)"": 985, ""((1, 3), 2)"": 950, ""((1, 3), 3)"": 473, ""((2, 2), 2)"": 113, ""((2, 2), 3)"": 1380, ""((2, 3), 1)"": 2913, ""((2, 3), 2)"": 1706, ""((2, 3), 3)"": 1502, ""((3, 3), 0)"": 5141, ""((3, 3), 1)"": 2569, ""((3, 3), 2)"": 2714}, ""degree_pair_exact"": true, ""matched_edge_count_per_control"": 21620, ""matching_method"": ""integral max-flow with exact endpoint-degree-quantile-pair and base normalized edge-weight quantile marginals"", ""shortages"": {}, ""status"": ""MATCHED"", ""target_degree_pair_marginal"": ""{(0, 0): 117, (3, 3): 10424, (2, 3): 6121, (2, 2): 1493, (1, 1): 414, (1, 3): 1423, (1, 2): 985, (0, 2): 174, (0, 3): 284, (0, 1): 185}"", ""target_edge_count"": 21620, ""target_weight_quantile_marginal"": ""{3: 5428, 1: 5482, 2: 5569, 0: 5141}"", ""verified_exact_marginals"": true, ""weight_quantile_exact"": true}",frozen graph intervention; FIXED_NORM_MASK is not retrained valid-operator performance
Movies,44,uniform,semantic_q2,FIXED_NORM_MASK,21514,-0.0038992201559687745,-0.009176110084264777,0.018900036811828613,-0.4224205017089844,20,0.01765630841255188,0.004017026831759922,0.0012437283992767327,-0.0017546490701859207,MATCHED,"{""allocated_cells"": 17, ""allocation"": {""((0, 0), 3)"": 106, ""((0, 1), 3)"": 234, ""((0, 2), 3)"": 174, ""((0, 3), 2)"": 79, ""((0, 3), 3)"": 148, ""((1, 1), 3)"": 422, ""((1, 2), 3)"": 849, ""((1, 3), 2)"": 910, ""((1, 3), 3)"": 251, ""((2, 2), 2)"": 112, ""((2, 2), 3)"": 1083, ""((2, 3), 1)"": 3409, ""((2, 3), 2)"": 283, ""((2, 3), 3)"": 1321, ""((3, 3), 0)"": 6738, ""((3, 3), 1)"": 2027, ""((3, 3), 2)"": 3368}, ""degree_pair_exact"": true, ""matched_edge_count_per_control"": 21514, ""matching_method"": ""integral max-flow with exact endpoint-degree-quantile-pair and base normalized edge-weight quantile marginals"", ""shortages"": {}, ""status"": ""MATCHED"", ""target_degree_pair_marginal"": ""{(0, 0): 106, (3, 3): 12133, (2, 3): 5013, (0, 1): 234, (1, 3): 1161, (1, 2): 849, (2, 2): 1195, (0, 2): 174, (0, 3): 227, (1, 1): 422}"", ""target_edge_count"": 21514, ""target_weight_quantile_marginal"": ""{3: 4588, 1: 5436, 2: 4752, 0: 6738}"", ""verified_exact_marginals"": true, ""weight_quantile_exact"": true}",frozen graph intervention; FIXED_NORM_MASK is not retrained valid-operator performance
Movies,44,uniform,semantic_q2,RENORMALIZED_DELETE,21514,-0.005998800239951918,-0.007246667688718733,0.018687963485717773,0.024881362915039062,20,0.024928361177444458,0.005002800699198789,-0.006240397691726685,-0.006313737252549445,MATCHED,"{""allocated_cells"": 17, ""allocation"": {""((0, 0), 3)"": 106, ""((0, 1), 3)"": 234, ""((0, 2), 3)"": 174, ""((0, 3), 2)"": 79, ""((0, 3), 3)"": 148, ""((1, 1), 3)"": 422, ""((1, 2), 3)"": 849, ""((1, 3), 2)"": 910, ""((1, 3), 3)"": 251, ""((2, 2), 2)"": 112, ""((2, 2), 3)"": 1083, ""((2, 3), 1)"": 3409, ""((2, 3), 2)"": 283, ""((2, 3), 3)"": 1321, ""((3, 3), 0)"": 6738, ""((3, 3), 1)"": 2027, ""((3, 3), 2)"": 3368}, ""degree_pair_exact"": true, ""matched_edge_count_per_control"": 21514, ""matching_method"": ""integral max-flow with exact endpoint-degree-quantile-pair and base normalized edge-weight quantile marginals"", ""shortages"": {}, ""status"": ""MATCHED"", ""target_degree_pair_marginal"": ""{(0, 0): 106, (3, 3): 12133, (2, 3): 5013, (0, 1): 234, (1, 3): 1161, (1, 2): 849, (2, 2): 1195, (0, 2): 174, (0, 3): 227, (1, 1): 422}"", ""target_edge_count"": 21514, ""target_weight_quantile_marginal"": ""{3: 4588, 1: 5436, 2: 4752, 0: 6738}"", ""verified_exact_marginals"": true, ""weight_quantile_exact"": true}",frozen graph intervention; FIXED_NORM_MASK is not retrained valid-operator performance
Movies,44,uniform,semantic_q3,FIXED_NORM_MASK,17455,-0.006898620275944789,-0.001598978813703189,0.026057302951812744,-0.4374810457229614,20,0.014120113849639893,0.002858454864109135,0.011937189102172851,-0.0037042591481703303,MATCHED,"{""allocated_cells"": 17, ""allocation"": {""((0, 0), 3)"": 185, ""((0, 1), 3)"": 252, ""((0, 2), 3)"": 144, ""((0, 3), 2)"": 97, ""((0, 3), 3)"": 39, ""((1, 1), 3)"": 604, ""((1, 2), 3)"": 859, ""((1, 3), 1)"": 214, ""((1, 3), 2)"": 436, ""((1, 3), 3)"": 82, ""((2, 2), 2)"": 55, ""((2, 2), 3)"": 1497, ""((2, 3), 1)"": 2400, ""((2, 3), 3)"": 1079, ""((3, 3), 0)"": 4405, ""((3, 3), 1)"": 1676, ""((3, 3), 2)"": 3431}, ""degree_pair_exact"": true, ""matched_edge_count_per_control"": 17455, ""matching_method"": ""integral max-flow with exact endpoint-degree-quantile-pair and base normalized edge-weight quantile marginals"", ""shortages"": {}, ""status"": ""MATCHED"", ""target_degree_pair_marginal"": ""{(0, 1): 252, (0, 0): 185, (3, 3): 9512, (2, 3): 3479, (2, 2): 1552, (1, 2): 859, (0, 3): 136, (1, 1): 604, (1, 3): 732, (0, 2): 144}"", ""target_edge_count"": 17455, ""target_weight_quantile_marginal"": ""{3: 4741, 1: 4290, 2: 4019, 0: 4405}"", ""verified_exact_marginals"": true, ""weight_quantile_exact"": true}",frozen graph intervention; FIXED_NORM_MASK is not retrained valid-operator performance
Movies,44,uniform,semantic_q3,RENORMALIZED_DELETE,17455,-0.00869826034793042,-0.011470063556937027,0.02483135461807251,-0.008905172348022461,20,0.02418442666530609,0.004329996577610109,0.0006469279527664198,-0.007453509298140338,MATCHED,"{""allocated_cells"": 17, ""allocation"": {""((0, 0), 3)"": 185, ""((0, 1), 3)"": 252, ""((0, 2), 3)"": 144, ""((0, 3), 2)"": 97, ""((0, 3), 3)"": 39, ""((1, 1), 3)"": 604, ""((1, 2), 3)"": 859, ""((1, 3), 1)"": 214, ""((1, 3), 2)"": 436, ""((1, 3), 3)"": 82, ""((2, 2), 2)"": 55, ""((2, 2), 3)"": 1497, ""((2, 3), 1)"": 2400, ""((2, 3), 3)"": 1079, ""((3, 3), 0)"": 4405, ""((3, 3), 1)"": 1676, ""((3, 3), 2)"": 3431}, ""degree_pair_exact"": true, ""matched_edge_count_per_control"": 17455, ""matching_method"": ""integral max-flow with exact endpoint-degree-quantile-pair and base normalized edge-weight quantile marginals"", ""shortages"": {}, ""status"": ""MATCHED"", ""target_degree_pair_marginal"": ""{(0, 1): 252, (0, 0): 185, (3, 3): 9512, (2, 3): 3479, (2, 2): 1552, (1, 2): 859, (0, 3): 136, (1, 1): 604, (1, 3): 732, (0, 2): 144}"", ""target_edge_count"": 17455, ""target_weight_quantile_marginal"": ""{3: 4741, 1: 4290, 2: 4019, 0: 4405}"", ""verified_exact_marginals"": true, ""weight_quantile_exact"": true}",frozen graph intervention; FIXED_NORM_MASK is not retrained valid-operator performance
Movies,44,gpr,semantic_q0,FIXED_NORM_MASK,19495,-0.01139772045590881,-0.014573103068608706,0.04385101795196533,-0.16614830493927002,20,0.030710718035697936,0.0029077049778389106,0.013140299916267396,-0.0023845230953809084,MATCHED,"{""allocated_cells"": 17, ""allocation"": {""((0, 0), 3)"": 63, ""((0, 1), 3)"": 142, ""((0, 2), 3)"": 194, ""((0, 3), 2)"": 69, ""((0, 3), 3)"": 247, ""((1, 1), 3)"": 246, ""((1, 2), 3)"": 893, ""((1, 3), 2)"": 870, ""((1, 3), 3)"": 822, ""((2, 2), 2)"": 117, ""((2, 2), 3)"": 1294, ""((2, 3), 1)"": 2654, ""((2, 3), 2)"": 2913, ""((2, 3), 3)"": 1356, ""((3, 3), 0)"": 3759, ""((3, 3), 1)"": 2131, ""((3, 3), 2)"": 1725}, ""degree_pair_exact"": true, ""matched_edge_count_per_control"": 19495, ""matching_method"": ""integral max-flow with exact endpoint-degree-quantile-pair and base normalized edge-weight quantile marginals"", ""shortages"": {}, ""status"": ""MATCHED"", ""target_degree_pair_marginal"": ""{(2, 2): 1411, (1, 2): 893, (1, 3): 1692, (2, 3): 6923, (0, 2): 194, (1, 1): 246, (3, 3): 7615, (0, 3): 316, (0, 0): 63, (0, 1): 142}"", ""target_edge_count"": 19495, ""target_weight_quantile_marginal"": ""{3: 5257, 2: 5694, 1: 4785, 0: 3759}"", ""verified_exact_marginals"": true, ""weight_quantile_exact"": true}",frozen graph intervention; FIXED_NORM_MASK is not retrained valid-operator performance
Movies,44,gpr,semantic_q0,RENORMALIZED_DELETE,19495,-0.01229754049190157,-0.011456608845695104,0.04243725538253784,0.18377232551574707,20,0.017477381229400634,0.003285462605969064,0.024959874153137208,-0.005383923215356912,MATCHED,"{""allocated_cells"": 17, ""allocation"": {""((0, 0), 3)"": 63, ""((0, 1), 3)"": 142, ""((0, 2), 3)"": 194, ""((0, 3), 2)"": 69, ""((0, 3), 3)"": 247, ""((1, 1), 3)"": 246, ""((1, 2), 3)"": 893, ""((1, 3), 2)"": 870, ""((1, 3), 3)"": 822, ""((2, 2), 2)"": 117, ""((2, 2), 3)"": 1294, ""((2, 3), 1)"": 2654, ""((2, 3), 2)"": 2913, ""((2, 3), 3)"": 1356, ""((3, 3), 0)"": 3759, ""((3, 3), 1)"": 2131, ""((3, 3), 2)"": 1725}, ""degree_pair_exact"": true, ""matched_edge_count_per_control"": 19495, ""matching_method"": ""integral max-flow with exact endpoint-degree-quantile-pair and base normalized edge-weight quantile marginals"", ""shortages"": {}, ""status"": ""MATCHED"", ""target_degree_pair_marginal"": ""{(2, 2): 1411, (1, 2): 893, (1, 3): 1692, (2, 3): 6923, (0, 2): 194, (1, 1): 246, (3, 3): 7615, (0, 3): 316, (0, 0): 63, (0, 1): 142}"", ""target_edge_count"": 19495, ""target_weight_quantile_marginal"": ""{3: 5257, 2: 5694, 1: 4785, 0: 3759}"", ""verified_exact_marginals"": true, ""weight_quantile_exact"": true}",frozen graph intervention; FIXED_NORM_MASK is not retrained valid-operator performance
Movies,44,gpr,semantic_q1,FIXED_NORM_MASK,21640,-0.004499100179964022,-0.012512411798244472,0.03909194469451904,-0.26709842681884766,20,0.033023297786712646,0.0036543380746302274,0.0060686469078063965,-0.004679064187162551,MATCHED,"{""allocated_cells"": 17, ""allocation"": {""((0, 0), 3)"": 118, ""((0, 1), 3)"": 188, ""((0, 2), 3)"": 178, ""((0, 3), 2)"": 89, ""((0, 3), 3)"": 200, ""((1, 1), 3)"": 419, ""((1, 2), 3)"": 1001, ""((1, 3), 2)"": 961, ""((1, 3), 3)"": 450, ""((2, 2), 2)"": 110, ""((2, 2), 3)"": 1389, ""((2, 3), 1)"": 2877, ""((2, 3), 2)"": 1711, ""((2, 3), 3)"": 1546, ""((3, 3), 0)"": 5101, ""((3, 3), 1)"": 2637, ""((3, 3), 2)"": 2665}, ""degree_pair_exact"": true, ""matched_edge_count_per_control"": 21640, ""matching_method"": ""integral max-flow with exact endpoint-degree-quantile-pair and base normalized edge-weight quantile marginals"", ""shortages"": {}, ""status"": ""MATCHED"", ""target_degree_pair_marginal"": ""{(0, 0): 118, (3, 3): 10403, (2, 3): 6134, (2, 2): 1499, (0, 1): 188, (1, 1): 419, (1, 3): 1411, (1, 2): 1001, (0, 2): 178, (0, 3): 289}"", ""target_edge_count"": 21640, ""target_weight_quantile_marginal"": ""{3: 5489, 2: 5536, 1: 5514, 0: 5101}"", ""verified_exact_marginals"": true, ""weight_quantile_exact"": true}",frozen graph intervention; FIXED_NORM_MASK is not retrained valid-operator performance
Movies,44,gpr,semantic_q1,RENORMALIZED_DELETE,21640,-0.00089982003599276,0.009293600954813908,0.02105039358139038,0.08578348159790039,20,0.022953099012374877,0.003468152769567999,-0.0019027054309844957,-0.009118176364727042,MATCHED,"{""allocated_cells"": 17, ""allocation"": {""((0, 0), 3)"": 118, ""((0, 1), 3)"": 188, ""((0, 2), 3)"": 178, ""((0, 3), 2)"": 89, ""((0, 3), 3)"": 200, ""((1, 1), 3)"": 419, ""((1, 2), 3)"": 1001, ""((1, 3), 2)"": 961, ""((1, 3), 3)"": 450, ""((2, 2), 2)"": 110, ""((2, 2), 3)"": 1389, ""((2, 3), 1)"": 2877, ""((2, 3), 2)"": 1711, ""((2, 3), 3)"": 1546, ""((3, 3), 0)"": 5101, ""((3, 3), 1)"": 2637, ""((3, 3), 2)"": 2665}, ""degree_pair_exact"": true, ""matched_edge_count_per_control"": 21640, ""matching_method"": ""integral max-flow with exact endpoint-degree-quantile-pair and base normalized edge-weight quantile marginals"", ""shortages"": {}, ""status"": ""MATCHED"", ""target_degree_pair_marginal"": ""{(0, 0): 118, (3, 3): 10403, (2, 3): 6134, (2, 2): 1499, (0, 1): 188, (1, 1): 419, (1, 3): 1411, (1, 2): 1001, (0, 2): 178, (0, 3): 289}"", ""target_edge_count"": 21640, ""target_weight_quantile_marginal"": ""{3: 5489, 2: 5536, 1: 5514, 0: 5101}"", ""verified_exact_marginals"": true, ""weight_quantile_exact"": true}",frozen graph intervention; FIXED_NORM_MASK is not retrained valid-operator performance
Movies,44,gpr,semantic_q2,FIXED_NORM_MASK,21851,-0.011097780443911187,-0.019114227941729678,0.03416907787322998,-0.3641906976699829,20,0.03034746050834656,0.0033482898204177337,0.0038216173648834215,-0.001829634073185349,MATCHED,"{""allocated_cells"": 17, ""allocation"": {""((0, 0), 3)"": 105, ""((0, 1), 3)"": 237, ""((0, 2), 3)"": 170, ""((0, 3), 2)"": 76, ""((0, 3), 3)"": 163, ""((1, 1), 3)"": 439, ""((1, 2), 3)"": 848, ""((1, 3), 2)"": 930, ""((1, 3), 3)"": 249, ""((2, 2), 2)"": 116, ""((2, 2), 3)"": 1080, ""((2, 3), 1)"": 3371, ""((2, 3), 2)"": 407, ""((2, 3), 3)"": 1338, ""((3, 3), 0)"": 6804, ""((3, 3), 1)"": 2135, ""((3, 3), 2)"": 3383}, ""degree_pair_exact"": true, ""matched_edge_count_per_control"": 21851, ""matching_method"": ""integral max-flow with exact endpoint-degree-quantile-pair and base normalized edge-weight quantile marginals"", ""shortages"": {}, ""status"": ""MATCHED"", ""target_degree_pair_marginal"": ""{(0, 0): 105, (3, 3): 12322, (2, 3): 5116, (1, 3): 1179, (1, 2): 848, (2, 2): 1196, (0, 1): 237, (0, 2): 170, (0, 3): 239, (1, 1): 439}"", ""target_edge_count"": 21851, ""target_weight_quantile_marginal"": ""{3: 4629, 1: 5506, 2: 4912, 0: 6804}"", ""verified_exact_marginals"": true, ""weight_quantile_exact"": true}",frozen graph intervention; FIXED_NORM_MASK is not retrained valid-operator performance
Movies,44,gpr,semantic_q2,RENORMALIZED_DELETE,21851,-0.005098980203959158,-0.008703118681960054,0.019363760948181152,0.021824121475219727,20,0.01942538321018219,0.003796356498553898,-6.162226200103621e-05,-0.007948410317936389,MATCHED,"{""allocated_cells"": 17, ""allocation"": {""((0, 0), 3)"": 105, ""((0, 1), 3)"": 237, ""((0, 2), 3)"": 170, ""((0, 3), 2)"": 76, ""((0, 3), 3)"": 163, ""((1, 1), 3)"": 439, ""((1, 2), 3)"": 848, ""((1, 3), 2)"": 930, ""((1, 3), 3)"": 249, ""((2, 2), 2)"": 116, ""((2, 2), 3)"": 1080, ""((2, 3), 1)"": 3371, ""((2, 3), 2)"": 407, ""((2, 3), 3)"": 1338, ""((3, 3), 0)"": 6804, ""((3, 3), 1)"": 2135, ""((3, 3), 2)"": 3383}, ""degree_pair_exact"": true, ""matched_edge_count_per_control"": 21851, ""matching_method"": ""integral max-flow with exact endpoint-degree-quantile-pair and base normalized edge-weight quantile marginals"", ""shortages"": {}, ""status"": ""MATCHED"", ""target_degree_pair_marginal"": ""{(0, 0): 105, (3, 3): 12322, (2, 3): 5116, (1, 3): 1179, (1, 2): 848, (2, 2): 1196, (0, 1): 237, (0, 2): 170, (0, 3): 239, (1, 1): 439}"", ""target_edge_count"": 21851, ""target_weight_quantile_marginal"": ""{3: 4629, 1: 5506, 2: 4912, 0: 6804}"", ""verified_exact_marginals"": true, ""weight_quantile_exact"": true}",frozen graph intervention; FIXED_NORM_MASK is not retrained valid-operator performance
Movies,44,gpr,semantic_q3,FIXED_NORM_MASK,17415,-0.0029994001199760145,-0.006879456495718639,0.03825938701629639,-0.3683891296386719,20,0.02312903106212616,0.0028692327853152818,0.015130355954170227,-0.004094181163767236,MATCHED,"{""allocated_cells"": 17, ""allocation"": {""((0, 0), 3)"": 184, ""((0, 1), 3)"": 243, ""((0, 2), 3)"": 145, ""((0, 3), 2)"": 99, ""((0, 3), 3)"": 25, ""((1, 1), 3)"": 580, ""((1, 2), 3)"": 851, ""((1, 3), 1)"": 212, ""((1, 3), 2)"": 437, ""((1, 3), 3)"": 85, ""((2, 2), 2)"": 53, ""((2, 2), 3)"": 1487, ""((2, 3), 1)"": 2397, ""((2, 3), 3)"": 1070, ""((3, 3), 0)"": 4465, ""((3, 3), 1)"": 1706, ""((3, 3), 2)"": 3376}, ""degree_pair_exact"": true, ""matched_edge_count_per_control"": 17415, ""matching_method"": ""integral max-flow with exact endpoint-degree-quantile-pair and base normalized edge-weight quantile marginals"", ""shortages"": {}, ""status"": ""MATCHED"", ""target_degree_pair_marginal"": ""{(0, 1): 243, (0, 0): 184, (3, 3): 9547, (2, 3): 3467, (2, 2): 1540, (1, 2): 851, (0, 3): 124, (1, 1): 580, (1, 3): 734, (0, 2): 145}"", ""target_edge_count"": 17415, ""target_weight_quantile_marginal"": ""{3: 4670, 1: 4315, 2: 3965, 0: 4465}"", ""verified_exact_marginals"": true, ""weight_quantile_exact"": true}",frozen graph intervention; FIXED_NORM_MASK is not retrained valid-operator performance
Movies,44,gpr,semantic_q3,RENORMALIZED_DELETE,17415,-0.005398920215956782,-0.009876872725457453,0.01904594898223877,-0.01448965072631836,20,0.01808077096939087,0.004049718921164818,0.0009651780128479004,-0.008698260347930397,MATCHED,"{""allocated_cells"": 17, ""allocation"": {""((0, 0), 3)"": 184, ""((0, 1), 3)"": 243, ""((0, 2), 3)"": 145, ""((0, 3), 2)"": 99, ""((0, 3), 3)"": 25, ""((1, 1), 3)"": 580, ""((1, 2), 3)"": 851, ""((1, 3), 1)"": 212, ""((1, 3), 2)"": 437, ""((1, 3), 3)"": 85, ""((2, 2), 2)"": 53, ""((2, 2), 3)"": 1487, ""((2, 3), 1)"": 2397, ""((2, 3), 3)"": 1070, ""((3, 3), 0)"": 4465, ""((3, 3), 1)"": 1706, ""((3, 3), 2)"": 3376}, ""degree_pair_exact"": true, ""matched_edge_count_per_control"": 17415, ""matching_method"": ""integral max-flow with exact endpoint-degree-quantile-pair and base normalized edge-weight quantile marginals"", ""shortages"": {}, ""status"": ""MATCHED"", ""target_degree_pair_marginal"": ""{(0, 1): 243, (0, 0): 184, (3, 3): 9547, (2, 3): 3467, (2, 2): 1540, (1, 2): 851, (0, 3): 124, (1, 1): 580, (1, 3): 734, (0, 2): 145}"", ""target_edge_count"": 17415, ""target_weight_quantile_marginal"": ""{3: 4670, 1: 4315, 2: 3965, 0: 4465}"", ""verified_exact_marginals"": true, ""weight_quantile_exact"": true}",frozen graph intervention; FIXED_NORM_MASK is not retrained valid-operator performance
Toys,42,uniform,semantic_q0,FIXED_NORM_MASK,14699,-0.022952403962309686,-0.021307344510362758,0.05966627597808838,-0.47452569007873535,20,0.016840994358062744,0.003274697188386297,0.042825281620025635,-0.01259966175404687,MATCHED,"{""allocated_cells"": 17, ""allocation"": {""((0, 0), 3)"": 80, ""((0, 1), 3)"": 108, ""((0, 2), 3)"": 317, ""((0, 3), 2)"": 444, ""((0, 3), 3)"": 177, ""((1, 1), 3)"": 61, ""((1, 2), 3)"": 410, ""((1, 3), 2)"": 604, ""((1, 3), 3)"": 285, ""((2, 2), 2)"": 176, ""((2, 2), 3)"": 652, ""((2, 3), 1)"": 2266, ""((2, 3), 2)"": 976, ""((2, 3), 3)"": 726, ""((3, 3), 0)"": 4451, ""((3, 3), 1)"": 1790, ""((3, 3), 2)"": 1176}, ""degree_pair_exact"": true, ""matched_edge_count_per_control"": 14699, ""matching_method"": ""integral max-flow with exact endpoint-degree-quantile-pair and base normalized edge-weight quantile marginals"", ""shortages"": {}, ""status"": ""MATCHED"", ""target_degree_pair_marginal"": ""{(1, 3): 889, (2, 2): 828, (2, 3): 3968, (3, 3): 7417, (0, 3): 621, (0, 1): 108, (1, 1): 61, (1, 2): 410, (0, 2): 317, (0, 0): 80}"", ""target_edge_count"": 14699, ""target_weight_quantile_marginal"": ""{2: 3376, 3: 2816, 1: 4056, 0: 4451}"", ""verified_exact_marginals"": true, ""weight_quantile_exact"": true}",frozen graph intervention; FIXED_NORM_MASK is not retrained valid-operator performance
Toys,42,uniform,semantic_q0,RENORMALIZED_DELETE,14699,-0.016187484899734206,-0.0159798448648506,0.10381627082824707,0.2038280963897705,20,0.021588918566703797,0.0027189200315703896,0.08222735226154328,-0.006595796086011113,MATCHED,"{""allocated_cells"": 17, ""allocation"": {""((0, 0), 3)"": 80, ""((0, 1), 3)"": 108, ""((0, 2), 3)"": 317, ""((0, 3), 2)"": 444, ""((0, 3), 3)"": 177, ""((1, 1), 3)"": 61, ""((1, 2), 3)"": 410, ""((1, 3), 2)"": 604, ""((1, 3), 3)"": 285, ""((2, 2), 2)"": 176, ""((2, 2), 3)"": 652, ""((2, 3), 1)"": 2266, ""((2, 3), 2)"": 976, ""((2, 3), 3)"": 726, ""((3, 3), 0)"": 4451, ""((3, 3), 1)"": 1790, ""((3, 3), 2)"": 1176}, ""degree_pair_exact"": true, ""matched_edge_count_per_control"": 14699, ""matching_method"": ""integral max-flow with exact endpoint-degree-quantile-pair and base normalized edge-weight quantile marginals"", ""shortages"": {}, ""status"": ""MATCHED"", ""target_degree_pair_marginal"": ""{(1, 3): 889, (2, 2): 828, (2, 3): 3968, (3, 3): 7417, (0, 3): 621, (0, 1): 108, (1, 1): 61, (1, 2): 410, (0, 2): 317, (0, 0): 80}"", ""target_edge_count"": 14699, ""target_weight_quantile_marginal"": ""{2: 3376, 3: 2816, 1: 4056, 0: 4451}"", ""verified_exact_marginals"": true, ""weight_quantile_exact"": true}",frozen graph intervention; FIXED_NORM_MASK is not retrained valid-operator performance
Toys,42,uniform,semantic_q1,FIXED_NORM_MASK,16752,-0.019569944431022,-0.01702154489822305,0.04024893045425415,-0.8929519653320312,20,0.027338963747024537,0.003161186821329224,0.012909966707229614,-0.015426431505194498,MATCHED,"{""allocated_cells"": 17, ""allocation"": {""((0, 0), 3)"": 110, ""((0, 1), 3)"": 170, ""((0, 2), 3)"": 399, ""((0, 3), 2)"": 433, ""((0, 3), 3)"": 249, ""((1, 1), 3)"": 119, ""((1, 2), 3)"": 593, ""((1, 3), 2)"": 579, ""((1, 3), 3)"": 367, ""((2, 2), 2)"": 166, ""((2, 2), 3)"": 920, ""((2, 3), 1)"": 2408, ""((2, 3), 2)"": 1235, ""((2, 3), 3)"": 751, ""((3, 3), 0)"": 4522, ""((3, 3), 1)"": 1951, ""((3, 3), 2)"": 1780}, ""degree_pair_exact"": true, ""matched_edge_count_per_control"": 16752, ""matching_method"": ""integral max-flow with exact endpoint-degree-quantile-pair and base normalized edge-weight quantile marginals"", ""shortages"": {}, ""status"": ""MATCHED"", ""target_degree_pair_marginal"": ""{(1, 3): 946, (2, 3): 4394, (2, 2): 1086, (1, 2): 593, (3, 3): 8253, (0, 2): 399, (0, 1): 170, (0, 3): 682, (0, 0): 110, (1, 1): 119}"", ""target_edge_count"": 16752, ""target_weight_quantile_marginal"": ""{2: 4193, 1: 4359, 3: 3678, 0: 4522}"", ""verified_exact_marginals"": true, ""weight_quantile_exact"": true}",frozen graph intervention; FIXED_NORM_MASK is not retrained valid-operator performance
Toys,42,uniform,semantic_q1,RENORMALIZED_DELETE,16752,-0.015704276395264505,-0.015913222881500655,0.0460965633392334,-0.0062160491943359375,20,0.037534669041633606,0.0031536829041744854,0.008561894297599792,-0.009458806474993964,MATCHED,"{""allocated_cells"": 17, ""allocation"": {""((0, 0), 3)"": 110, ""((0, 1), 3)"": 170, ""((0, 2), 3)"": 399, ""((0, 3), 2)"": 433, ""((0, 3), 3)"": 249, ""((1, 1), 3)"": 119, ""((1, 2), 3)"": 593, ""((1, 3), 2)"": 579, ""((1, 3), 3)"": 367, ""((2, 2), 2)"": 166, ""((2, 2), 3)"": 920, ""((2, 3), 1)"": 2408, ""((2, 3), 2)"": 1235, ""((2, 3), 3)"": 751, ""((3, 3), 0)"": 4522, ""((3, 3), 1)"": 1951, ""((3, 3), 2)"": 1780}, ""degree_pair_exact"": true, ""matched_edge_count_per_control"": 16752, ""matching_method"": ""integral max-flow with exact endpoint-degree-quantile-pair and base normalized edge-weight quantile marginals"", ""shortages"": {}, ""status"": ""MATCHED"", ""target_degree_pair_marginal"": ""{(1, 3): 946, (2, 3): 4394, (2, 2): 1086, (1, 2): 593, (3, 3): 8253, (0, 2): 399, (0, 1): 170, (0, 3): 682, (0, 0): 110, (1, 1): 119}"", ""target_edge_count"": 16752, ""target_weight_quantile_marginal"": ""{2: 4193, 1: 4359, 3: 3678, 0: 4522}"", ""verified_exact_marginals"": true, ""weight_quantile_exact"": true}",frozen graph intervention; FIXED_NORM_MASK is not retrained valid-operator performance
Toys,42,uniform,semantic_q2,FIXED_NORM_MASK,11658,-0.009905774341628426,-0.0073679695842002735,0.010091900825500488,-0.762052059173584,20,0.01486300230026245,0.003741371455200736,-0.004771101474761962,-0.012575501328823397,MATCHED,"{""allocated_cells"": 18, ""allocation"": {""((0, 0), 3)"": 124, ""((0, 1), 3)"": 154, ""((0, 2), 3)"": 336, ""((0, 3), 2)"": 360, ""((0, 3), 3)"": 95, ""((1, 1), 3)"": 75, ""((1, 2), 3)"": 481, ""((1, 3), 1)"": 12, ""((1, 3), 2)"": 225, ""((1, 3), 3)"": 402, ""((2, 2), 2)"": 176, ""((2, 2), 3)"": 690, ""((2, 3), 1)"": 2492, ""((2, 3), 2)"": 25, ""((2, 3), 3)"": 620, ""((3, 3), 0)"": 2695, ""((3, 3), 1)"": 454, ""((3, 3), 2)"": 2242}, ""degree_pair_exact"": true, ""matched_edge_count_per_control"": 11658, ""matching_method"": ""integral max-flow with exact endpoint-degree-quantile-pair and base normalized edge-weight quantile marginals"", ""shortages"": {}, ""status"": ""MATCHED"", ""target_degree_pair_marginal"": ""{(0, 2): 336, (1, 3): 639, (2, 2): 866, (3, 3): 5391, (1, 2): 481, (2, 3): 3137, (0, 1): 154, (0, 3): 455, (1, 1): 75, (0, 0): 124}"", ""target_edge_count"": 11658, ""target_weight_quantile_marginal"": ""{3: 2977, 2: 3028, 1: 2958, 0: 2695}"", ""verified_exact_marginals"": true, ""weight_quantile_exact"": true}",frozen graph intervention; FIXED_NORM_MASK is not retrained valid-operator performance
Toys,42,uniform,semantic_q2,RENORMALIZED_DELETE,11658,-0.005315293549166489,-0.002254167030151355,0.017804741859436035,-0.013874292373657227,20,0.031070727109909057,0.004022567112133395,-0.013265985250473022,-0.008782314568736422,MATCHED,"{""allocated_cells"": 18, ""allocation"": {""((0, 0), 3)"": 124, ""((0, 1), 3)"": 154, ""((0, 2), 3)"": 336, ""((0, 3), 2)"": 360, ""((0, 3), 3)"": 95, ""((1, 1), 3)"": 75, ""((1, 2), 3)"": 481, ""((1, 3), 1)"": 12, ""((1, 3), 2)"": 225, ""((1, 3), 3)"": 402, ""((2, 2), 2)"": 176, ""((2, 2), 3)"": 690, ""((2, 3), 1)"": 2492, ""((2, 3), 2)"": 25, ""((2, 3), 3)"": 620, ""((3, 3), 0)"": 2695, ""((3, 3), 1)"": 454, ""((3, 3), 2)"": 2242}, ""degree_pair_exact"": true, ""matched_edge_count_per_control"": 11658, ""matching_method"": ""integral max-flow with exact endpoint-degree-quantile-pair and base normalized edge-weight quantile marginals"", ""shortages"": {}, ""status"": ""MATCHED"", ""target_degree_pair_marginal"": ""{(0, 2): 336, (1, 3): 639, (2, 2): 866, (3, 3): 5391, (1, 2): 481, (2, 3): 3137, (0, 1): 154, (0, 3): 455, (1, 1): 75, (0, 0): 124}"", ""target_edge_count"": 11658, ""target_weight_quantile_marginal"": ""{3: 2977, 2: 3028, 1: 2958, 0: 2695}"", ""verified_exact_marginals"": true, ""weight_quantile_exact"": true}",frozen graph intervention; FIXED_NORM_MASK is not retrained valid-operator performance
Toys,42,uniform,semantic_q3,FIXED_NORM_MASK,13592,-0.011838608359507119,-0.010369188718144962,0.033926308155059814,-0.9397451877593994,20,0.03135863840579987,0.0037968167850357705,0.0025676697492599473,-0.019521623580575014,MATCHED,"{""allocated_cells"": 17, ""allocation"": {""((0, 0), 3)"": 246, ""((0, 1), 3)"": 274, ""((0, 2), 3)"": 549, ""((0, 3), 2)"": 440, ""((0, 3), 3)"": 87, ""((1, 1), 3)"": 152, ""((1, 2), 3)"": 708, ""((1, 3), 2)"": 428, ""((1, 3), 3)"": 340, ""((2, 2), 2)"": 169, ""((2, 2), 3)"": 1130, ""((2, 3), 1)"": 2265, ""((2, 3), 2)"": 254, ""((2, 3), 3)"": 884, ""((3, 3), 0)"": 2567, ""((3, 3), 1)"": 815, ""((3, 3), 2)"": 2284}, ""degree_pair_exact"": true, ""matched_edge_count_per_control"": 13592, ""matching_method"": ""integral max-flow with exact endpoint-degree-quantile-pair and base normalized edge-weight quantile marginals"", ""shortages"": {}, ""status"": ""MATCHED"", ""target_degree_pair_marginal"": ""{(2, 2): 1299, (1, 2): 708, (2, 3): 3403, (1, 1): 152, (0, 1): 274, (0, 2): 549, (3, 3): 5666, (1, 3): 768, (0, 0): 246, (0, 3): 527}"", ""target_edge_count"": 13592, ""target_weight_quantile_marginal"": ""{3: 4370, 2: 3575, 1: 3080, 0: 2567}"", ""verified_exact_marginals"": true, ""weight_quantile_exact"": true}",frozen graph intervention; FIXED_NORM_MASK is not retrained valid-operator performance
Toys,42,uniform,semantic_q3,RENORMALIZED_DELETE,13592,-0.008939357332689024,-0.008652205238711907,0.02138584852218628,-0.03783392906188965,20,0.05551041662693024,0.004155438770609728,-0.03412456810474396,-0.014737859386325191,MATCHED,"{""allocated_cells"": 17, ""allocation"": {""((0, 0), 3)"": 246, ""((0, 1), 3)"": 274, ""((0, 2), 3)"": 549, ""((0, 3), 2)"": 440, ""((0, 3), 3)"": 87, ""((1, 1), 3)"": 152, ""((1, 2), 3)"": 708, ""((1, 3), 2)"": 428, ""((1, 3), 3)"": 340, ""((2, 2), 2)"": 169, ""((2, 2), 3)"": 1130, ""((2, 3), 1)"": 2265, ""((2, 3), 2)"": 254, ""((2, 3), 3)"": 884, ""((3, 3), 0)"": 2567, ""((3, 3), 1)"": 815, ""((3, 3), 2)"": 2284}, ""degree_pair_exact"": true, ""matched_edge_count_per_control"": 13592, ""matching_method"": ""integral max-flow with exact endpoint-degree-quantile-pair and base normalized edge-weight quantile marginals"", ""shortages"": {}, ""status"": ""MATCHED"", ""target_degree_pair_marginal"": ""{(2, 2): 1299, (1, 2): 708, (2, 3): 3403, (1, 1): 152, (0, 1): 274, (0, 2): 549, (3, 3): 5666, (1, 3): 768, (0, 0): 246, (0, 3): 527}"", ""target_edge_count"": 13592, ""target_weight_quantile_marginal"": ""{3: 4370, 2: 3575, 1: 3080, 0: 2567}"", ""verified_exact_marginals"": true, ""weight_quantile_exact"": true}",frozen graph intervention; FIXED_NORM_MASK is not retrained valid-operator performance
Toys,42,gpr,semantic_q0,FIXED_NORM_MASK,14948,-0.020536361439961293,-0.0187630724787472,0.0664568543434143,-0.4605228900909424,20,0.026949772238731386,0.003236946291557502,0.03950708210468292,-0.008504469678666332,MATCHED,"{""allocated_cells"": 17, ""allocation"": {""((0, 0), 3)"": 72, ""((0, 1), 3)"": 111, ""((0, 2), 3)"": 330, ""((0, 3), 2)"": 439, ""((0, 3), 3)"": 193, ""((1, 1), 3)"": 62, ""((1, 2), 3)"": 411, ""((1, 3), 2)"": 626, ""((1, 3), 3)"": 283, ""((2, 2), 2)"": 175, ""((2, 2), 3)"": 693, ""((2, 3), 1)"": 2243, ""((2, 3), 2)"": 1051, ""((2, 3), 3)"": 737, ""((3, 3), 0)"": 4525, ""((3, 3), 1)"": 1868, ""((3, 3), 2)"": 1129}, ""degree_pair_exact"": true, ""matched_edge_count_per_control"": 14948, ""matching_method"": ""integral max-flow with exact endpoint-degree-quantile-pair and base normalized edge-weight quantile marginals"", ""shortages"": {}, ""status"": ""MATCHED"", ""target_degree_pair_marginal"": ""{(1, 3): 909, (2, 2): 868, (2, 3): 4031, (1, 2): 411, (3, 3): 7522, (0, 3): 632, (0, 1): 111, (1, 1): 62, (0, 2): 330, (0, 0): 72}"", ""target_edge_count"": 14948, ""target_weight_quantile_marginal"": ""{2: 3420, 3: 2892, 1: 4111, 0: 4525}"", ""verified_exact_marginals"": true, ""weight_quantile_exact"": true}",frozen graph intervention; FIXED_NORM_MASK is not retrained valid-operator performance
Toys,42,gpr,semantic_q0,RENORMALIZED_DELETE,14948,-0.016187484899734206,-0.014710693587978718,0.08992421627044678,0.1876370906829834,20,0.018607550859451295,0.0025438528700495637,0.07131666541099549,-0.005194491423049041,MATCHED,"{""allocated_cells"": 17, ""allocation"": {""((0, 0), 3)"": 72, ""((0, 1), 3)"": 111, ""((0, 2), 3)"": 330, ""((0, 3), 2)"": 439, ""((0, 3), 3)"": 193, ""((1, 1), 3)"": 62, ""((1, 2), 3)"": 411, ""((1, 3), 2)"": 626, ""((1, 3), 3)"": 283, ""((2, 2), 2)"": 175, ""((2, 2), 3)"": 693, ""((2, 3), 1)"": 2243, ""((2, 3), 2)"": 1051, ""((2, 3), 3)"": 737, ""((3, 3), 0)"": 4525, ""((3, 3), 1)"": 1868, ""((3, 3), 2)"": 1129}, ""degree_pair_exact"": true, ""matched_edge_count_per_control"": 14948, ""matching_method"": ""integral max-flow with exact endpoint-degree-quantile-pair and base normalized edge-weight quantile marginals"", ""shortages"": {}, ""status"": ""MATCHED"", ""target_degree_pair_marginal"": ""{(1, 3): 909, (2, 2): 868, (2, 3): 4031, (1, 2): 411, (3, 3): 7522, (0, 3): 632, (0, 1): 111, (1, 1): 62, (0, 2): 330, (0, 0): 72}"", ""target_edge_count"": 14948, ""target_weight_quantile_marginal"": ""{2: 3420, 3: 2892, 1: 4111, 0: 4525}"", ""verified_exact_marginals"": true, ""weight_quantile_exact"": true}",frozen graph intervention; FIXED_NORM_MASK is not retrained valid-operator performance
Toys,42,gpr,semantic_q1,FIXED_NORM_MASK,16899,-0.016670693404203907,-0.014956509480848368,0.049536287784576416,-0.8702411651611328,20,0.038965627551078796,0.0029211047502207647,0.01057066023349762,-0.01311911089635176,MATCHED,"{""allocated_cells"": 17, ""allocation"": {""((0, 0), 3)"": 130, ""((0, 1), 3)"": 177, ""((0, 2), 3)"": 400, ""((0, 3), 2)"": 432, ""((0, 3), 3)"": 258, ""((1, 1), 3)"": 122, ""((1, 2), 3)"": 615, ""((1, 3), 2)"": 566, ""((1, 3), 3)"": 372, ""((2, 2), 2)"": 163, ""((2, 2), 3)"": 909, ""((2, 3), 1)"": 2395, ""((2, 3), 2)"": 1298, ""((2, 3), 3)"": 750, ""((3, 3), 0)"": 4568, ""((3, 3), 1)"": 1955, ""((3, 3), 2)"": 1789}, ""degree_pair_exact"": true, ""matched_edge_count_per_control"": 16899, ""matching_method"": ""integral max-flow with exact endpoint-degree-quantile-pair and base normalized edge-weight quantile marginals"", ""shortages"": {}, ""status"": ""MATCHED"", ""target_degree_pair_marginal"": ""{(1, 3): 938, (2, 3): 4443, (2, 2): 1072, (3, 3): 8312, (1, 2): 615, (0, 1): 177, (0, 2): 400, (0, 3): 690, (0, 0): 130, (1, 1): 122}"", ""target_edge_count"": 16899, ""target_weight_quantile_marginal"": ""{2: 4248, 1: 4350, 3: 3733, 0: 4568}"", ""verified_exact_marginals"": true, ""weight_quantile_exact"": true}",frozen graph intervention; FIXED_NORM_MASK is not retrained valid-operator performance
Toys,42,gpr,semantic_q1,RENORMALIZED_DELETE,16899,-0.008456148828219323,-0.007874453511584667,0.03515613079071045,0.0009639263153076172,20,0.036980444192886354,0.0036924228753663687,-0.0018243134021759047,-0.008419908190384134,MATCHED,"{""allocated_cells"": 17, ""allocation"": {""((0, 0), 3)"": 130, ""((0, 1), 3)"": 177, ""((0, 2), 3)"": 400, ""((0, 3), 2)"": 432, ""((0, 3), 3)"": 258, ""((1, 1), 3)"": 122, ""((1, 2), 3)"": 615, ""((1, 3), 2)"": 566, ""((1, 3), 3)"": 372, ""((2, 2), 2)"": 163, ""((2, 2), 3)"": 909, ""((2, 3), 1)"": 2395, ""((2, 3), 2)"": 1298, ""((2, 3), 3)"": 750, ""((3, 3), 0)"": 4568, ""((3, 3), 1)"": 1955, ""((3, 3), 2)"": 1789}, ""degree_pair_exact"": true, ""matched_edge_count_per_control"": 16899, ""matching_method"": ""integral max-flow with exact endpoint-degree-quantile-pair and base normalized edge-weight quantile marginals"", ""shortages"": {}, ""status"": ""MATCHED"", ""target_degree_pair_marginal"": ""{(1, 3): 938, (2, 3): 4443, (2, 2): 1072, (3, 3): 8312, (1, 2): 615, (0, 1): 177, (0, 2): 400, (0, 3): 690, (0, 0): 130, (1, 1): 122}"", ""target_edge_count"": 16899, ""target_weight_quantile_marginal"": ""{2: 4248, 1: 4350, 3: 3733, 0: 4568}"", ""verified_exact_marginals"": true, ""weight_quantile_exact"": true}",frozen graph intervention; FIXED_NORM_MASK is not retrained valid-operator performance
Toys,42,gpr,semantic_q2,FIXED_NORM_MASK,11430,-0.00628171055810578,-0.0047373685885769845,0.016885995864868164,-0.7297592163085938,20,0.021685752272605895,0.002846072021236196,-0.004799756407737731,-0.010413143271321567,MATCHED,"{""allocated_cells"": 17, ""allocation"": {""((0, 0), 3)"": 114, ""((0, 1), 3)"": 144, ""((0, 2), 3)"": 342, ""((0, 3), 2)"": 370, ""((0, 3), 3)"": 94, ""((1, 1), 3)"": 77, ""((1, 2), 3)"": 471, ""((1, 3), 1)"": 27, ""((1, 3), 2)"": 228, ""((1, 3), 3)"": 380, ""((2, 2), 2)"": 182, ""((2, 2), 3)"": 686, ""((2, 3), 1)"": 2410, ""((2, 3), 3)"": 627, ""((3, 3), 0)"": 2583, ""((3, 3), 1)"": 517, ""((3, 3), 2)"": 2178}, ""degree_pair_exact"": true, ""matched_edge_count_per_control"": 11430, ""matching_method"": ""integral max-flow with exact endpoint-degree-quantile-pair and base normalized edge-weight quantile marginals"", ""shortages"": {}, ""status"": ""MATCHED"", ""target_degree_pair_marginal"": ""{(2, 2): 868, (2, 3): 3037, (0, 2): 342, (1, 3): 635, (3, 3): 5278, (1, 2): 471, (0, 1): 144, (0, 3): 464, (1, 1): 77, (0, 0): 114}"", ""target_edge_count"": 11430, ""target_weight_quantile_marginal"": ""{3: 2935, 2: 2958, 1: 2954, 0: 2583}"", ""verified_exact_marginals"": true, ""weight_quantile_exact"": true}",frozen graph intervention; FIXED_NORM_MASK is not retrained valid-operator performance
Toys,42,gpr,semantic_q2,RENORMALIZED_DELETE,11430,-0.005556897801401339,-0.005346664499424669,0.01507258415222168,-0.01304769515991211,20,0.02662322223186493,0.0023946339396882276,-0.011550638079643249,-0.0061971490698236095,MATCHED,"{""allocated_cells"": 17, ""allocation"": {""((0, 0), 3)"": 114, ""((0, 1), 3)"": 144, ""((0, 2), 3)"": 342, ""((0, 3), 2)"": 370, ""((0, 3), 3)"": 94, ""((1, 1), 3)"": 77, ""((1, 2), 3)"": 471, ""((1, 3), 1)"": 27, ""((1, 3), 2)"": 228, ""((1, 3), 3)"": 380, ""((2, 2), 2)"": 182, ""((2, 2), 3)"": 686, ""((2, 3), 1)"": 2410, ""((2, 3), 3)"": 627, ""((3, 3), 0)"": 2583, ""((3, 3), 1)"": 517, ""((3, 3), 2)"": 2178}, ""degree_pair_exact"": true, ""matched_edge_count_per_control"": 11430, ""matching_method"": ""integral max-flow with exact endpoint-degree-quantile-pair and base normalized edge-weight quantile marginals"", ""shortages"": {}, ""status"": ""MATCHED"", ""target_degree_pair_marginal"": ""{(2, 2): 868, (2, 3): 3037, (0, 2): 342, (1, 3): 635, (3, 3): 5278, (1, 2): 471, (0, 1): 144, (0, 3): 464, (1, 1): 77, (0, 0): 114}"", ""target_edge_count"": 11430, ""target_weight_quantile_marginal"": ""{3: 2935, 2: 2958, 1: 2954, 0: 2583}"", ""verified_exact_marginals"": true, ""weight_quantile_exact"": true}",frozen graph intervention; FIXED_NORM_MASK is not retrained valid-operator performance
Toys,42,gpr,semantic_q3,FIXED_NORM_MASK,13424,-0.008697753080454174,-0.008555930036104442,0.042675912380218506,-0.8831732273101807,20,0.04028652906417847,0.0029782885282305105,0.0023893833160400363,-0.01590964000966414,MATCHED,"{""allocated_cells"": 17, ""allocation"": {""((0, 0), 3)"": 244, ""((0, 1), 3)"": 274, ""((0, 2), 3)"": 529, ""((0, 3), 2)"": 413, ""((0, 3), 3)"": 86, ""((1, 1), 3)"": 146, ""((1, 2), 3)"": 695, ""((1, 3), 2)"": 416, ""((1, 3), 3)"": 344, ""((2, 2), 2)"": 167, ""((2, 2), 3)"": 1104, ""((2, 3), 1)"": 2272, ""((2, 3), 2)"": 260, ""((2, 3), 3)"": 859, ""((3, 3), 0)"": 2559, ""((3, 3), 1)"": 766, ""((3, 3), 2)"": 2290}, ""degree_pair_exact"": true, ""matched_edge_count_per_control"": 13424, ""matching_method"": ""integral max-flow with exact endpoint-degree-quantile-pair and base normalized edge-weight quantile marginals"", ""shortages"": {}, ""status"": ""MATCHED"", ""target_degree_pair_marginal"": ""{(2, 2): 1271, (1, 2): 695, (2, 3): 3391, (1, 1): 146, (0, 1): 274, (0, 2): 529, (3, 3): 5615, (1, 3): 760, (0, 0): 244, (0, 3): 499}"", ""target_edge_count"": 13424, ""target_weight_quantile_marginal"": ""{3: 4281, 2: 3546, 1: 3038, 0: 2559}"", ""verified_exact_marginals"": true, ""weight_quantile_exact"": true}",frozen graph intervention; FIXED_NORM_MASK is not retrained valid-operator performance
Toys,42,gpr,semantic_q3,RENORMALIZED_DELETE,13424,-0.007489731819280032,-0.006577675752285073,0.019404888153076172,-0.025154590606689453,20,0.04955873787403107,0.00430842979586915,-0.030153849720954896,-0.011125875815414332,MATCHED,"{""allocated_cells"": 17, ""allocation"": {""((0, 0), 3)"": 244, ""((0, 1), 3)"": 274, ""((0, 2), 3)"": 529, ""((0, 3), 2)"": 413, ""((0, 3), 3)"": 86, ""((1, 1), 3)"": 146, ""((1, 2), 3)"": 695, ""((1, 3), 2)"": 416, ""((1, 3), 3)"": 344, ""((2, 2), 2)"": 167, ""((2, 2), 3)"": 1104, ""((2, 3), 1)"": 2272, ""((2, 3), 2)"": 260, ""((2, 3), 3)"": 859, ""((3, 3), 0)"": 2559, ""((3, 3), 1)"": 766, ""((3, 3), 2)"": 2290}, ""degree_pair_exact"": true, ""matched_edge_count_per_control"": 13424, ""matching_method"": ""integral max-flow with exact endpoint-degree-quantile-pair and base normalized edge-weight quantile marginals"", ""shortages"": {}, ""status"": ""MATCHED"", ""target_degree_pair_marginal"": ""{(2, 2): 1271, (1, 2): 695, (2, 3): 3391, (1, 1): 146, (0, 1): 274, (0, 2): 529, (3, 3): 5615, (1, 3): 760, (0, 0): 244, (0, 3): 499}"", ""target_edge_count"": 13424, ""target_weight_quantile_marginal"": ""{3: 4281, 2: 3546, 1: 3038, 0: 2559}"", ""verified_exact_marginals"": true, ""weight_quantile_exact"": true}",frozen graph intervention; FIXED_NORM_MASK is not retrained valid-operator performance
Toys,43,uniform,semantic_q0,FIXED_NORM_MASK,14327,-0.015704276395264505,-0.019166247115108503,0.0661247968673706,-0.4527571201324463,20,0.03521397113800049,0.0023283835573699135,0.030910825729370116,-0.0049649673834259,MATCHED,"{""allocated_cells"": 17, ""allocation"": {""((0, 0), 3)"": 71, ""((0, 1), 3)"": 113, ""((0, 2), 3)"": 303, ""((0, 3), 2)"": 459, ""((0, 3), 3)"": 125, ""((1, 1), 3)"": 61, ""((1, 2), 3)"": 381, ""((1, 3), 2)"": 525, ""((1, 3), 3)"": 316, ""((2, 2), 2)"": 180, ""((2, 2), 3)"": 654, ""((2, 3), 1)"": 2310, ""((2, 3), 2)"": 866, ""((2, 3), 3)"": 730, ""((3, 3), 0)"": 4346, ""((3, 3), 1)"": 1603, ""((3, 3), 2)"": 1284}, ""degree_pair_exact"": true, ""matched_edge_count_per_control"": 14327, ""matching_method"": ""integral max-flow with exact endpoint-degree-quantile-pair and base normalized edge-weight quantile marginals"", ""shortages"": {}, ""status"": ""MATCHED"", ""target_degree_pair_marginal"": ""{(1, 3): 841, (2, 2): 834, (1, 2): 381, (2, 3): 3906, (3, 3): 7233, (0, 3): 584, (0, 1): 113, (0, 0): 71, (0, 2): 303, (1, 1): 61}"", ""target_edge_count"": 14327, ""target_weight_quantile_marginal"": ""{2: 3314, 3: 2754, 1: 3913, 0: 4346}"", ""verified_exact_marginals"": true, ""weight_quantile_exact"": true}",frozen graph intervention; FIXED_NORM_MASK is not retrained valid-operator performance
Toys,43,uniform,semantic_q0,RENORMALIZED_DELETE,14327,-0.014979463638559953,-0.01720661358995823,0.06343716382980347,0.19342780113220215,20,0.012514540553092956,0.002140866172517237,0.05092262327671051,-0.00479584440686151,MATCHED,"{""allocated_cells"": 17, ""allocation"": {""((0, 0), 3)"": 71, ""((0, 1), 3)"": 113, ""((0, 2), 3)"": 303, ""((0, 3), 2)"": 459, ""((0, 3), 3)"": 125, ""((1, 1), 3)"": 61, ""((1, 2), 3)"": 381, ""((1, 3), 2)"": 525, ""((1, 3), 3)"": 316, ""((2, 2), 2)"": 180, ""((2, 2), 3)"": 654, ""((2, 3), 1)"": 2310, ""((2, 3), 2)"": 866, ""((2, 3), 3)"": 730, ""((3, 3), 0)"": 4346, ""((3, 3), 1)"": 1603, ""((3, 3), 2)"": 1284}, ""degree_pair_exact"": true, ""matched_edge_count_per_control"": 14327, ""matching_method"": ""integral max-flow with exact endpoint-degree-quantile-pair and base normalized edge-weight quantile marginals"", ""shortages"": {}, ""status"": ""MATCHED"", ""target_degree_pair_marginal"": ""{(1, 3): 841, (2, 2): 834, (1, 2): 381, (2, 3): 3906, (3, 3): 7233, (0, 3): 584, (0, 1): 113, (0, 0): 71, (0, 2): 303, (1, 1): 61}"", ""target_edge_count"": 14327, ""target_weight_quantile_marginal"": ""{2: 3314, 3: 2754, 1: 3913, 0: 4346}"", ""verified_exact_marginals"": true, ""weight_quantile_exact"": true}",frozen graph intervention; FIXED_NORM_MASK is not retrained valid-operator performance
Toys,43,uniform,semantic_q1,FIXED_NORM_MASK,14278,-0.0036240637835225353,-0.0032877354931679648,0.04433798789978027,-0.7781870365142822,20,0.041103589534759524,0.002823984627610107,0.003234398365020749,-0.007501812031891713,MATCHED,"{""allocated_cells"": 17, ""allocation"": {""((0, 0), 3)"": 109, ""((0, 1), 3)"": 135, ""((0, 2), 3)"": 355, ""((0, 3), 2)"": 463, ""((0, 3), 3)"": 138, ""((1, 1), 3)"": 87, ""((1, 2), 3)"": 530, ""((1, 3), 2)"": 490, ""((1, 3), 3)"": 360, ""((2, 2), 2)"": 170, ""((2, 2), 3)"": 751, ""((2, 3), 1)"": 2602, ""((2, 3), 2)"": 451, ""((2, 3), 3)"": 728, ""((3, 3), 0)"": 3775, ""((3, 3), 1)"": 1099, ""((3, 3), 2)"": 2035}, ""degree_pair_exact"": true, ""matched_edge_count_per_control"": 14278, ""matching_method"": ""integral max-flow with exact endpoint-degree-quantile-pair and base normalized edge-weight quantile marginals"", ""shortages"": {}, ""status"": ""MATCHED"", ""target_degree_pair_marginal"": ""{(1, 3): 850, (2, 3): 3781, (2, 2): 921, (3, 3): 6909, (0, 2): 355, (0, 3): 601, (1, 1): 87, (1, 2): 530, (0, 1): 135, (0, 0): 109}"", ""target_edge_count"": 14278, ""target_weight_quantile_marginal"": ""{2: 3609, 3: 3193, 1: 3701, 0: 3775}"", ""verified_exact_marginals"": true, ""weight_quantile_exact"": true}",frozen graph intervention; FIXED_NORM_MASK is not retrained valid-operator performance
Toys,43,uniform,semantic_q1,RENORMALIZED_DELETE,14278,-0.005073689296931527,-0.00407529882299873,0.018560171127319336,-0.0021734237670898438,20,0.023015105724334718,0.0031456564806082903,-0.004454934597015382,-0.007743416284126547,MATCHED,"{""allocated_cells"": 17, ""allocation"": {""((0, 0), 3)"": 109, ""((0, 1), 3)"": 135, ""((0, 2), 3)"": 355, ""((0, 3), 2)"": 463, ""((0, 3), 3)"": 138, ""((1, 1), 3)"": 87, ""((1, 2), 3)"": 530, ""((1, 3), 2)"": 490, ""((1, 3), 3)"": 360, ""((2, 2), 2)"": 170, ""((2, 2), 3)"": 751, ""((2, 3), 1)"": 2602, ""((2, 3), 2)"": 451, ""((2, 3), 3)"": 728, ""((3, 3), 0)"": 3775, ""((3, 3), 1)"": 1099, ""((3, 3), 2)"": 2035}, ""degree_pair_exact"": true, ""matched_edge_count_per_control"": 14278, ""matching_method"": ""integral max-flow with exact endpoint-degree-quantile-pair and base normalized edge-weight quantile marginals"", ""shortages"": {}, ""status"": ""MATCHED"", ""target_degree_pair_marginal"": ""{(1, 3): 850, (2, 3): 3781, (2, 2): 921, (3, 3): 6909, (0, 2): 355, (0, 3): 601, (1, 1): 87, (1, 2): 530, (0, 1): 135, (0, 0): 109}"", ""target_edge_count"": 14278, ""target_weight_quantile_marginal"": ""{2: 3609, 3: 3193, 1: 3701, 0: 3775}"", ""verified_exact_marginals"": true, ""weight_quantile_exact"": true}",frozen graph intervention; FIXED_NORM_MASK is not retrained valid-operator performance
Toys,43,uniform,semantic_q2,FIXED_NORM_MASK,14863,-0.005315293549166378,-0.003598166518391288,0.04640012979507446,-0.9211888313293457,20,0.048485442996025085,0.0027202502652084602,-0.0020853132009506226,-0.009060159458806422,MATCHED,"{""allocated_cells"": 17, ""allocation"": {""((0, 0), 3)"": 124, ""((0, 1), 3)"": 192, ""((0, 2), 3)"": 401, ""((0, 3), 2)"": 494, ""((0, 3), 3)"": 103, ""((1, 1), 3)"": 105, ""((1, 2), 3)"": 604, ""((1, 3), 2)"": 464, ""((1, 3), 3)"": 371, ""((2, 2), 2)"": 167, ""((2, 2), 3)"": 882, ""((2, 3), 1)"": 2578, ""((2, 3), 2)"": 583, ""((2, 3), 3)"": 814, ""((3, 3), 0)"": 3573, ""((3, 3), 1)"": 1272, ""((3, 3), 2)"": 2136}, ""degree_pair_exact"": true, ""matched_edge_count_per_control"": 14863, ""matching_method"": ""integral max-flow with exact endpoint-degree-quantile-pair and base normalized edge-weight quantile marginals"", ""shortages"": {}, ""status"": ""MATCHED"", ""target_degree_pair_marginal"": ""{(2, 3): 3975, (0, 2): 401, (2, 2): 1049, (1, 2): 604, (1, 3): 835, (3, 3): 6981, (0, 1): 192, (0, 0): 124, (0, 3): 597, (1, 1): 105}"", ""target_edge_count"": 14863, ""target_weight_quantile_marginal"": ""{1: 3850, 3: 3596, 0: 3573, 2: 3844}"", ""verified_exact_marginals"": true, ""weight_quantile_exact"": true}",frozen graph intervention; FIXED_NORM_MASK is not retrained valid-operator performance
Toys,43,uniform,semantic_q2,RENORMALIZED_DELETE,14863,-0.004107272287992236,-0.0033628658103239673,0.017863154411315918,-0.005697727203369141,20,0.024459850788116456,0.002531702283800423,-0.006596696376800538,-0.00787629862285572,MATCHED,"{""allocated_cells"": 17, ""allocation"": {""((0, 0), 3)"": 124, ""((0, 1), 3)"": 192, ""((0, 2), 3)"": 401, ""((0, 3), 2)"": 494, ""((0, 3), 3)"": 103, ""((1, 1), 3)"": 105, ""((1, 2), 3)"": 604, ""((1, 3), 2)"": 464, ""((1, 3), 3)"": 371, ""((2, 2), 2)"": 167, ""((2, 2), 3)"": 882, ""((2, 3), 1)"": 2578, ""((2, 3), 2)"": 583, ""((2, 3), 3)"": 814, ""((3, 3), 0)"": 3573, ""((3, 3), 1)"": 1272, ""((3, 3), 2)"": 2136}, ""degree_pair_exact"": true, ""matched_edge_count_per_control"": 14863, ""matching_method"": ""integral max-flow with exact endpoint-degree-quantile-pair and base normalized edge-weight quantile marginals"", ""shortages"": {}, ""status"": ""MATCHED"", ""target_degree_pair_marginal"": ""{(2, 3): 3975, (0, 2): 401, (2, 2): 1049, (1, 2): 604, (1, 3): 835, (3, 3): 6981, (0, 1): 192, (0, 0): 124, (0, 3): 597, (1, 1): 105}"", ""target_edge_count"": 14863, ""target_weight_quantile_marginal"": ""{1: 3850, 3: 3596, 0: 3573, 2: 3844}"", ""verified_exact_marginals"": true, ""weight_quantile_exact"": true}",frozen graph intervention; FIXED_NORM_MASK is not retrained valid-operator performance
Toys,43,uniform,semantic_q3,FIXED_NORM_MASK,13233,-0.007248127567045182,-0.010826819933875242,0.05381357669830322,-0.9397878646850586,20,0.05586685836315155,0.0029217910694843653,-0.0020532816648483262,-0.0109809132640734,MATCHED,"{""allocated_cells"": 17, ""allocation"": {""((0, 0), 3)"": 256, ""((0, 1), 3)"": 266, ""((0, 2), 3)"": 542, ""((0, 3), 2)"": 413, ""((0, 3), 3)"": 90, ""((1, 1), 3)"": 154, ""((1, 2), 3)"": 677, ""((1, 3), 2)"": 358, ""((1, 3), 3)"": 358, ""((2, 2), 2)"": 170, ""((2, 2), 3)"": 1105, ""((2, 3), 1)"": 2233, ""((2, 3), 2)"": 157, ""((2, 3), 3)"": 850, ""((3, 3), 0)"": 2541, ""((3, 3), 1)"": 756, ""((3, 3), 2)"": 2307}, ""degree_pair_exact"": true, ""matched_edge_count_per_control"": 13233, ""matching_method"": ""integral max-flow with exact endpoint-degree-quantile-pair and base normalized edge-weight quantile marginals"", ""shortages"": {}, ""status"": ""MATCHED"", ""target_degree_pair_marginal"": ""{(2, 2): 1275, (1, 2): 677, (2, 3): 3240, (1, 1): 154, (0, 1): 266, (0, 2): 542, (3, 3): 5604, (1, 3): 716, (0, 0): 256, (0, 3): 503}"", ""target_edge_count"": 13233, ""target_weight_quantile_marginal"": ""{3: 4298, 2: 3405, 1: 2989, 0: 2541}"", ""verified_exact_marginals"": true, ""weight_quantile_exact"": true}",frozen graph intervention; FIXED_NORM_MASK is not retrained valid-operator performance
Toys,43,uniform,semantic_q3,RENORMALIZED_DELETE,13233,-0.00652331481034063,-0.00806460153574462,0.01601099967956543,-0.038579463958740234,20,0.03143190145492554,0.003856341010304797,-0.01542090177536011,-0.009978255617298825,MATCHED,"{""allocated_cells"": 17, ""allocation"": {""((0, 0), 3)"": 256, ""((0, 1), 3)"": 266, ""((0, 2), 3)"": 542, ""((0, 3), 2)"": 413, ""((0, 3), 3)"": 90, ""((1, 1), 3)"": 154, ""((1, 2), 3)"": 677, ""((1, 3), 2)"": 358, ""((1, 3), 3)"": 358, ""((2, 2), 2)"": 170, ""((2, 2), 3)"": 1105, ""((2, 3), 1)"": 2233, ""((2, 3), 2)"": 157, ""((2, 3), 3)"": 850, ""((3, 3), 0)"": 2541, ""((3, 3), 1)"": 756, ""((3, 3), 2)"": 2307}, ""degree_pair_exact"": true, ""matched_edge_count_per_control"": 13233, ""matching_method"": ""integral max-flow with exact endpoint-degree-quantile-pair and base normalized edge-weight quantile marginals"", ""shortages"": {}, ""status"": ""MATCHED"", ""target_degree_pair_marginal"": ""{(2, 2): 1275, (1, 2): 677, (2, 3): 3240, (1, 1): 154, (0, 1): 266, (0, 2): 542, (3, 3): 5604, (1, 3): 716, (0, 0): 256, (0, 3): 503}"", ""target_edge_count"": 13233, ""target_weight_quantile_marginal"": ""{3: 4298, 2: 3405, 1: 2989, 0: 2541}"", ""verified_exact_marginals"": true, ""weight_quantile_exact"": true}",frozen graph intervention; FIXED_NORM_MASK is not retrained valid-operator performance
Toys,43,gpr,semantic_q0,FIXED_NORM_MASK,14468,-0.016187484899734206,-0.01702287944485259,0.06569337844848633,-0.44678211212158203,20,0.040403741598129275,0.0020512406837054926,0.025289636850357053,-0.006064266731094487,MATCHED,"{""allocated_cells"": 17, ""allocation"": {""((0, 0), 3)"": 70, ""((0, 1), 3)"": 112, ""((0, 2), 3)"": 312, ""((0, 3), 2)"": 451, ""((0, 3), 3)"": 147, ""((1, 1), 3)"": 61, ""((1, 2), 3)"": 386, ""((1, 3), 2)"": 520, ""((1, 3), 3)"": 326, ""((2, 2), 2)"": 178, ""((2, 2), 3)"": 657, ""((2, 3), 1)"": 2310, ""((2, 3), 2)"": 918, ""((2, 3), 3)"": 724, ""((3, 3), 0)"": 4385, ""((3, 3), 1)"": 1623, ""((3, 3), 2)"": 1288}, ""degree_pair_exact"": true, ""matched_edge_count_per_control"": 14468, ""matching_method"": ""integral max-flow with exact endpoint-degree-quantile-pair and base normalized edge-weight quantile marginals"", ""shortages"": {}, ""status"": ""MATCHED"", ""target_degree_pair_marginal"": ""{(1, 3): 846, (2, 2): 835, (2, 3): 3952, (1, 2): 386, (3, 3): 7296, (0, 3): 598, (0, 1): 112, (0, 0): 70, (0, 2): 312, (1, 1): 61}"", ""target_edge_count"": 14468, ""target_weight_quantile_marginal"": ""{2: 3355, 3: 2795, 1: 3933, 0: 4385}"", ""verified_exact_marginals"": true, ""weight_quantile_exact"": true}",frozen graph intervention; FIXED_NORM_MASK is not retrained valid-operator performance
Toys,43,gpr,semantic_q0,RENORMALIZED_DELETE,14468,-0.014737859386325214,-0.015404148426586994,0.0632585883140564,0.18242859840393066,20,0.0131501704454422,0.002425656215634363,0.0501084178686142,-0.005303213336554735,MATCHED,"{""allocated_cells"": 17, ""allocation"": {""((0, 0), 3)"": 70, ""((0, 1), 3)"": 112, ""((0, 2), 3)"": 312, ""((0, 3), 2)"": 451, ""((0, 3), 3)"": 147, ""((1, 1), 3)"": 61, ""((1, 2), 3)"": 386, ""((1, 3), 2)"": 520, ""((1, 3), 3)"": 326, ""((2, 2), 2)"": 178, ""((2, 2), 3)"": 657, ""((2, 3), 1)"": 2310, ""((2, 3), 2)"": 918, ""((2, 3), 3)"": 724, ""((3, 3), 0)"": 4385, ""((3, 3), 1)"": 1623, ""((3, 3), 2)"": 1288}, ""degree_pair_exact"": true, ""matched_edge_count_per_control"": 14468, ""matching_method"": ""integral max-flow with exact endpoint-degree-quantile-pair and base normalized edge-weight quantile marginals"", ""shortages"": {}, ""status"": ""MATCHED"", ""target_degree_pair_marginal"": ""{(1, 3): 846, (2, 2): 835, (2, 3): 3952, (1, 2): 386, (3, 3): 7296, (0, 3): 598, (0, 1): 112, (0, 0): 70, (0, 2): 312, (1, 1): 61}"", ""target_edge_count"": 14468, ""target_weight_quantile_marginal"": ""{2: 3355, 3: 2795, 1: 3933, 0: 4385}"", ""verified_exact_marginals"": true, ""weight_quantile_exact"": true}",frozen graph intervention; FIXED_NORM_MASK is not retrained valid-operator performance
Toys,43,gpr,semantic_q1,FIXED_NORM_MASK,14265,-0.005556897801401339,-0.006171083455396187,0.04751622676849365,-0.7582361698150635,20,0.04440101981163025,0.0031306920102949346,0.0031152069568634033,-0.00713940565353951,MATCHED,"{""allocated_cells"": 17, ""allocation"": {""((0, 0), 3)"": 106, ""((0, 1), 3)"": 142, ""((0, 2), 3)"": 353, ""((0, 3), 2)"": 468, ""((0, 3), 3)"": 126, ""((1, 1), 3)"": 82, ""((1, 2), 3)"": 533, ""((1, 3), 2)"": 490, ""((1, 3), 3)"": 349, ""((2, 2), 2)"": 170, ""((2, 2), 3)"": 768, ""((2, 3), 1)"": 2609, ""((2, 3), 2)"": 432, ""((2, 3), 3)"": 727, ""((3, 3), 0)"": 3761, ""((3, 3), 1)"": 1112, ""((3, 3), 2)"": 2037}, ""degree_pair_exact"": true, ""matched_edge_count_per_control"": 14265, ""matching_method"": ""integral max-flow with exact endpoint-degree-quantile-pair and base normalized edge-weight quantile marginals"", ""shortages"": {}, ""status"": ""MATCHED"", ""target_degree_pair_marginal"": ""{(1, 3): 839, (2, 3): 3768, (2, 2): 938, (3, 3): 6910, (0, 2): 353, (1, 1): 82, (1, 2): 533, (0, 1): 142, (0, 3): 594, (0, 0): 106}"", ""target_edge_count"": 14265, ""target_weight_quantile_marginal"": ""{2: 3597, 3: 3186, 1: 3721, 0: 3761}"", ""verified_exact_marginals"": true, ""weight_quantile_exact"": true}",frozen graph intervention; FIXED_NORM_MASK is not retrained valid-operator performance
Toys,43,gpr,semantic_q1,RENORMALIZED_DELETE,14265,-0.008697753080454174,-0.008919999443949611,0.01722264289855957,-0.0014145374298095703,20,0.023228415846824647,0.003126591189246557,-0.006005772948265077,-0.0057260207779657015,MATCHED,"{""allocated_cells"": 17, ""allocation"": {""((0, 0), 3)"": 106, ""((0, 1), 3)"": 142, ""((0, 2), 3)"": 353, ""((0, 3), 2)"": 468, ""((0, 3), 3)"": 126, ""((1, 1), 3)"": 82, ""((1, 2), 3)"": 533, ""((1, 3), 2)"": 490, ""((1, 3), 3)"": 349, ""((2, 2), 2)"": 170, ""((2, 2), 3)"": 768, ""((2, 3), 1)"": 2609, ""((2, 3), 2)"": 432, ""((2, 3), 3)"": 727, ""((3, 3), 0)"": 3761, ""((3, 3), 1)"": 1112, ""((3, 3), 2)"": 2037}, ""degree_pair_exact"": true, ""matched_edge_count_per_control"": 14265, ""matching_method"": ""integral max-flow with exact endpoint-degree-quantile-pair and base normalized edge-weight quantile marginals"", ""shortages"": {}, ""status"": ""MATCHED"", ""target_degree_pair_marginal"": ""{(1, 3): 839, (2, 3): 3768, (2, 2): 938, (3, 3): 6910, (0, 2): 353, (1, 1): 82, (1, 2): 533, (0, 1): 142, (0, 3): 594, (0, 0): 106}"", ""target_edge_count"": 14265, ""target_weight_quantile_marginal"": ""{2: 3597, 3: 3186, 1: 3721, 0: 3761}"", ""verified_exact_marginals"": true, ""weight_quantile_exact"": true}",frozen graph intervention; FIXED_NORM_MASK is not retrained valid-operator performance
Toys,43,gpr,semantic_q2,FIXED_NORM_MASK,14835,-0.006764919062575481,-0.0036938104024968332,0.05211293697357178,-0.8949742317199707,20,0.05200299918651581,0.002661578886561651,0.00010993778705596646,-0.009060159458806482,MATCHED,"{""allocated_cells"": 17, ""allocation"": {""((0, 0), 3)"": 134, ""((0, 1), 3)"": 189, ""((0, 2), 3)"": 393, ""((0, 3), 2)"": 496, ""((0, 3), 3)"": 92, ""((1, 1), 3)"": 112, ""((1, 2), 3)"": 600, ""((1, 3), 2)"": 468, ""((1, 3), 3)"": 375, ""((2, 2), 2)"": 168, ""((2, 2), 3)"": 884, ""((2, 3), 1)"": 2583, ""((2, 3), 2)"": 539, ""((2, 3), 3)"": 818, ""((3, 3), 0)"": 3587, ""((3, 3), 1)"": 1241, ""((3, 3), 2)"": 2156}, ""degree_pair_exact"": true, ""matched_edge_count_per_control"": 14835, ""matching_method"": ""integral max-flow with exact endpoint-degree-quantile-pair and base normalized edge-weight quantile marginals"", ""shortages"": {}, ""status"": ""MATCHED"", ""target_degree_pair_marginal"": ""{(2, 3): 3940, (2, 2): 1052, (0, 2): 393, (1, 2): 600, (1, 3): 843, (3, 3): 6984, (0, 1): 189, (0, 3): 588, (0, 0): 134, (1, 1): 112}"", ""target_edge_count"": 14835, ""target_weight_quantile_marginal"": ""{1: 3824, 3: 3597, 2: 3827, 0: 3587}"", ""verified_exact_marginals"": true, ""weight_quantile_exact"": true}",frozen graph intervention; FIXED_NORM_MASK is not retrained valid-operator performance
Toys,43,gpr,semantic_q2,RENORMALIZED_DELETE,14835,-0.00579850205363619,-0.0033381398928938877,0.020817697048187256,-0.009778022766113281,20,0.026156967878341673,0.003520818724320124,-0.0053392708301544176,-0.008057501812031891,MATCHED,"{""allocated_cells"": 17, ""allocation"": {""((0, 0), 3)"": 134, ""((0, 1), 3)"": 189, ""((0, 2), 3)"": 393, ""((0, 3), 2)"": 496, ""((0, 3), 3)"": 92, ""((1, 1), 3)"": 112, ""((1, 2), 3)"": 600, ""((1, 3), 2)"": 468, ""((1, 3), 3)"": 375, ""((2, 2), 2)"": 168, ""((2, 2), 3)"": 884, ""((2, 3), 1)"": 2583, ""((2, 3), 2)"": 539, ""((2, 3), 3)"": 818, ""((3, 3), 0)"": 3587, ""((3, 3), 1)"": 1241, ""((3, 3), 2)"": 2156}, ""degree_pair_exact"": true, ""matched_edge_count_per_control"": 14835, ""matching_method"": ""integral max-flow with exact endpoint-degree-quantile-pair and base normalized edge-weight quantile marginals"", ""shortages"": {}, ""status"": ""MATCHED"", ""target_degree_pair_marginal"": ""{(2, 3): 3940, (2, 2): 1052, (0, 2): 393, (1, 2): 600, (1, 3): 843, (3, 3): 6984, (0, 1): 189, (0, 3): 588, (0, 0): 134, (1, 1): 112}"", ""target_edge_count"": 14835, ""target_weight_quantile_marginal"": ""{1: 3824, 3: 3597, 2: 3827, 0: 3587}"", ""verified_exact_marginals"": true, ""weight_quantile_exact"": true}",frozen graph intervention; FIXED_NORM_MASK is not retrained valid-operator performance
Toys,43,gpr,semantic_q3,FIXED_NORM_MASK,13133,-0.00579850205363619,-0.00768182455554467,0.060228586196899414,-0.9058825969696045,20,0.05885488092899323,0.0033644620423537008,0.0013737052679061862,-0.011101715390190881,MATCHED,"{""allocated_cells"": 17, ""allocation"": {""((0, 0), 3)"": 250, ""((0, 1), 3)"": 263, ""((0, 2), 3)"": 543, ""((0, 3), 2)"": 412, ""((0, 3), 3)"": 93, ""((1, 1), 3)"": 152, ""((1, 2), 3)"": 673, ""((1, 3), 2)"": 359, ""((1, 3), 3)"": 355, ""((2, 2), 2)"": 171, ""((2, 2), 3)"": 1083, ""((2, 3), 1)"": 2252, ""((2, 3), 2)"": 139, ""((2, 3), 3)"": 851, ""((3, 3), 0)"": 2502, ""((3, 3), 1)"": 723, ""((3, 3), 2)"": 2312}, ""degree_pair_exact"": true, ""matched_edge_count_per_control"": 13133, ""matching_method"": ""integral max-flow with exact endpoint-degree-quantile-pair and base normalized edge-weight quantile marginals"", ""shortages"": {}, ""status"": ""MATCHED"", ""target_degree_pair_marginal"": ""{(2, 2): 1254, (1, 2): 673, (2, 3): 3242, (1, 1): 152, (0, 1): 263, (0, 2): 543, (3, 3): 5537, (1, 3): 714, (0, 0): 250, (0, 3): 505}"", ""target_edge_count"": 13133, ""target_weight_quantile_marginal"": ""{3: 4263, 2: 3393, 1: 2975, 0: 2502}"", ""verified_exact_marginals"": true, ""weight_quantile_exact"": true}",frozen graph intervention; FIXED_NORM_MASK is not retrained valid-operator performance
Toys,43,gpr,semantic_q3,RENORMALIZED_DELETE,13133,-0.004832085044696788,-0.007067395234890972,0.01678413152694702,-0.03042125701904297,20,0.03083387315273285,0.003746787218624792,-0.014049741625785827,-0.011282918579367002,MATCHED,"{""allocated_cells"": 17, ""allocation"": {""((0, 0), 3)"": 250, ""((0, 1), 3)"": 263, ""((0, 2), 3)"": 543, ""((0, 3), 2)"": 412, ""((0, 3), 3)"": 93, ""((1, 1), 3)"": 152, ""((1, 2), 3)"": 673, ""((1, 3), 2)"": 359, ""((1, 3), 3)"": 355, ""((2, 2), 2)"": 171, ""((2, 2), 3)"": 1083, ""((2, 3), 1)"": 2252, ""((2, 3), 2)"": 139, ""((2, 3), 3)"": 851, ""((3, 3), 0)"": 2502, ""((3, 3), 1)"": 723, ""((3, 3), 2)"": 2312}, ""degree_pair_exact"": true, ""matched_edge_count_per_control"": 13133, ""matching_method"": ""integral max-flow with exact endpoint-degree-quantile-pair and base normalized edge-weight quantile marginals"", ""shortages"": {}, ""status"": ""MATCHED"", ""target_degree_pair_marginal"": ""{(2, 2): 1254, (1, 2): 673, (2, 3): 3242, (1, 1): 152, (0, 1): 263, (0, 2): 543, (3, 3): 5537, (1, 3): 714, (0, 0): 250, (0, 3): 505}"", ""target_edge_count"": 13133, ""target_weight_quantile_marginal"": ""{3: 4263, 2: 3393, 1: 2975, 0: 2502}"", ""verified_exact_marginals"": true, ""weight_quantile_exact"": true}",frozen graph intervention; FIXED_NORM_MASK is not retrained valid-operator performance
Toys,44,uniform,semantic_q0,FIXED_NORM_MASK,15072,-0.014254650881855513,-0.015678190365607247,0.06985807418823242,-0.50811767578125,20,0.039153681695461275,0.0020113135879906707,0.030704392492771147,-0.005411935250060396,MATCHED,"{""allocated_cells"": 17, ""allocation"": {""((0, 0), 3)"": 81, ""((0, 1), 3)"": 105, ""((0, 2), 3)"": 334, ""((0, 3), 2)"": 454, ""((0, 3), 3)"": 149, ""((1, 1), 3)"": 59, ""((1, 2), 3)"": 416, ""((1, 3), 2)"": 511, ""((1, 3), 3)"": 334, ""((2, 2), 2)"": 180, ""((2, 2), 3)"": 656, ""((2, 3), 1)"": 2257, ""((2, 3), 2)"": 1083, ""((2, 3), 3)"": 727, ""((3, 3), 0)"": 4634, ""((3, 3), 1)"": 1824, ""((3, 3), 2)"": 1268}, ""degree_pair_exact"": true, ""matched_edge_count_per_control"": 15072, ""matching_method"": ""integral max-flow with exact endpoint-degree-quantile-pair and base normalized edge-weight quantile marginals"", ""shortages"": {}, ""status"": ""MATCHED"", ""target_degree_pair_marginal"": ""{(1, 3): 845, (2, 2): 836, (2, 3): 4067, (1, 2): 416, (3, 3): 7726, (0, 3): 603, (0, 1): 105, (0, 2): 334, (0, 0): 81, (1, 1): 59}"", ""target_edge_count"": 15072, ""target_weight_quantile_marginal"": ""{2: 3496, 3: 2861, 1: 4081, 0: 4634}"", ""verified_exact_marginals"": true, ""weight_quantile_exact"": true}",frozen graph intervention; FIXED_NORM_MASK is not retrained valid-operator performance
Toys,44,uniform,semantic_q0,RENORMALIZED_DELETE,15072,-0.014496255134090363,-0.01443737823283786,0.05394244194030762,0.23097729682922363,20,0.01531623601913452,0.0017207201712850183,0.03862620592117309,-0.007864218410243994,MATCHED,"{""allocated_cells"": 17, ""allocation"": {""((0, 0), 3)"": 81, ""((0, 1), 3)"": 105, ""((0, 2), 3)"": 334, ""((0, 3), 2)"": 454, ""((0, 3), 3)"": 149, ""((1, 1), 3)"": 59, ""((1, 2), 3)"": 416, ""((1, 3), 2)"": 511, ""((1, 3), 3)"": 334, ""((2, 2), 2)"": 180, ""((2, 2), 3)"": 656, ""((2, 3), 1)"": 2257, ""((2, 3), 2)"": 1083, ""((2, 3), 3)"": 727, ""((3, 3), 0)"": 4634, ""((3, 3), 1)"": 1824, ""((3, 3), 2)"": 1268}, ""degree_pair_exact"": true, ""matched_edge_count_per_control"": 15072, ""matching_method"": ""integral max-flow with exact endpoint-degree-quantile-pair and base normalized edge-weight quantile marginals"", ""shortages"": {}, ""status"": ""MATCHED"", ""target_degree_pair_marginal"": ""{(1, 3): 845, (2, 2): 836, (2, 3): 4067, (1, 2): 416, (3, 3): 7726, (0, 3): 603, (0, 1): 105, (0, 2): 334, (0, 0): 81, (1, 1): 59}"", ""target_edge_count"": 15072, ""target_weight_quantile_marginal"": ""{2: 3496, 3: 2861, 1: 4081, 0: 4634}"", ""verified_exact_marginals"": true, ""weight_quantile_exact"": true}",frozen graph intervention; FIXED_NORM_MASK is not retrained valid-operator performance
Toys,44,uniform,semantic_q1,FIXED_NORM_MASK,13397,-0.010147378593863277,-0.008531991251656601,0.05046394467353821,-0.7519490718841553,20,0.03390113115310669,0.002155105560260572,0.01656281352043152,-0.007767576709350072,MATCHED,"{""allocated_cells"": 17, ""allocation"": {""((0, 0), 3)"": 87, ""((0, 1), 3)"": 153, ""((0, 2), 3)"": 302, ""((0, 3), 2)"": 466, ""((0, 3), 3)"": 87, ""((1, 1), 3)"": 85, ""((1, 2), 3)"": 481, ""((1, 3), 2)"": 460, ""((1, 3), 3)"": 344, ""((2, 2), 2)"": 173, ""((2, 2), 3)"": 708, ""((2, 3), 1)"": 2710, ""((2, 3), 2)"": 136, ""((2, 3), 3)"": 683, ""((3, 3), 0)"": 3587, ""((3, 3), 1)"": 833, ""((3, 3), 2)"": 2102}, ""degree_pair_exact"": true, ""matched_edge_count_per_control"": 13397, ""matching_method"": ""integral max-flow with exact endpoint-degree-quantile-pair and base normalized edge-weight quantile marginals"", ""shortages"": {}, ""status"": ""MATCHED"", ""target_degree_pair_marginal"": ""{(2, 3): 3529, (3, 3): 6522, (1, 2): 481, (1, 3): 804, (0, 1): 153, (2, 2): 881, (0, 3): 553, (1, 1): 85, (0, 2): 302, (0, 0): 87}"", ""target_edge_count"": 13397, ""target_weight_quantile_marginal"": ""{2: 3337, 3: 2930, 0: 3587, 1: 3543}"", ""verified_exact_marginals"": true, ""weight_quantile_exact"": true}",frozen graph intervention; FIXED_NORM_MASK is not retrained valid-operator performance
Toys,44,uniform,semantic_q1,RENORMALIZED_DELETE,13397,-0.008939357332689024,-0.00957585536144756,0.02294328808784485,0.01349639892578125,20,0.01648082733154297,0.0017016440406484878,0.0064624607563018785,-0.007912539260690982,MATCHED,"{""allocated_cells"": 17, ""allocation"": {""((0, 0), 3)"": 87, ""((0, 1), 3)"": 153, ""((0, 2), 3)"": 302, ""((0, 3), 2)"": 466, ""((0, 3), 3)"": 87, ""((1, 1), 3)"": 85, ""((1, 2), 3)"": 481, ""((1, 3), 2)"": 460, ""((1, 3), 3)"": 344, ""((2, 2), 2)"": 173, ""((2, 2), 3)"": 708, ""((2, 3), 1)"": 2710, ""((2, 3), 2)"": 136, ""((2, 3), 3)"": 683, ""((3, 3), 0)"": 3587, ""((3, 3), 1)"": 833, ""((3, 3), 2)"": 2102}, ""degree_pair_exact"": true, ""matched_edge_count_per_control"": 13397, ""matching_method"": ""integral max-flow with exact endpoint-degree-quantile-pair and base normalized edge-weight quantile marginals"", ""shortages"": {}, ""status"": ""MATCHED"", ""target_degree_pair_marginal"": ""{(2, 3): 3529, (3, 3): 6522, (1, 2): 481, (1, 3): 804, (0, 1): 153, (2, 2): 881, (0, 3): 553, (1, 1): 85, (0, 2): 302, (0, 0): 87}"", ""target_edge_count"": 13397, ""target_weight_quantile_marginal"": ""{2: 3337, 3: 2930, 0: 3587, 1: 3543}"", ""verified_exact_marginals"": true, ""weight_quantile_exact"": true}",frozen graph intervention; FIXED_NORM_MASK is not retrained valid-operator performance
Toys,44,uniform,semantic_q2,FIXED_NORM_MASK,14689,-0.008939357332689024,-0.008742936335246032,0.05162841081619263,-0.975318193435669,20,0.04972240030765533,0.0029335806254602403,0.0019060105085372953,-0.00924136264798257,MATCHED,"{""allocated_cells"": 17, ""allocation"": {""((0, 0), 3)"": 141, ""((0, 1), 3)"": 165, ""((0, 2), 3)"": 442, ""((0, 3), 2)"": 480, ""((0, 3), 3)"": 134, ""((1, 1), 3)"": 111, ""((1, 2), 3)"": 608, ""((1, 3), 2)"": 455, ""((1, 3), 3)"": 377, ""((2, 2), 2)"": 164, ""((2, 2), 3)"": 886, ""((2, 3), 1)"": 2581, ""((2, 3), 2)"": 503, ""((2, 3), 3)"": 820, ""((3, 3), 0)"": 3520, ""((3, 3), 1)"": 1117, ""((3, 3), 2)"": 2185}, ""degree_pair_exact"": true, ""matched_edge_count_per_control"": 14689, ""matching_method"": ""integral max-flow with exact endpoint-degree-quantile-pair and base normalized edge-weight quantile marginals"", ""shortages"": {}, ""status"": ""MATCHED"", ""target_degree_pair_marginal"": ""{(1, 3): 832, (2, 3): 3904, (2, 2): 1050, (0, 2): 442, (3, 3): 6822, (1, 2): 608, (0, 1): 165, (0, 0): 141, (1, 1): 111, (0, 3): 614}"", ""target_edge_count"": 14689, ""target_weight_quantile_marginal"": ""{2: 3787, 1: 3698, 3: 3684, 0: 3520}"", ""verified_exact_marginals"": true, ""weight_quantile_exact"": true}",frozen graph intervention; FIXED_NORM_MASK is not retrained valid-operator performance
Toys,44,uniform,semantic_q2,RENORMALIZED_DELETE,14689,-0.009180961584923875,-0.008077827664912274,0.020155221223831177,-0.02546525001525879,20,0.024632750451564787,0.0033163047587140967,-0.004477529227733611,-0.008069582024643623,MATCHED,"{""allocated_cells"": 17, ""allocation"": {""((0, 0), 3)"": 141, ""((0, 1), 3)"": 165, ""((0, 2), 3)"": 442, ""((0, 3), 2)"": 480, ""((0, 3), 3)"": 134, ""((1, 1), 3)"": 111, ""((1, 2), 3)"": 608, ""((1, 3), 2)"": 455, ""((1, 3), 3)"": 377, ""((2, 2), 2)"": 164, ""((2, 2), 3)"": 886, ""((2, 3), 1)"": 2581, ""((2, 3), 2)"": 503, ""((2, 3), 3)"": 820, ""((3, 3), 0)"": 3520, ""((3, 3), 1)"": 1117, ""((3, 3), 2)"": 2185}, ""degree_pair_exact"": true, ""matched_edge_count_per_control"": 14689, ""matching_method"": ""integral max-flow with exact endpoint-degree-quantile-pair and base normalized edge-weight quantile marginals"", ""shortages"": {}, ""status"": ""MATCHED"", ""target_degree_pair_marginal"": ""{(1, 3): 832, (2, 3): 3904, (2, 2): 1050, (0, 2): 442, (3, 3): 6822, (1, 2): 608, (0, 1): 165, (0, 0): 141, (1, 1): 111, (0, 3): 614}"", ""target_edge_count"": 14689, ""target_weight_quantile_marginal"": ""{2: 3787, 1: 3698, 3: 3684, 0: 3520}"", ""verified_exact_marginals"": true, ""weight_quantile_exact"": true}",frozen graph intervention; FIXED_NORM_MASK is not retrained valid-operator performance
Toys,44,uniform,semantic_q3,FIXED_NORM_MASK,13543,-0.001449625513408992,-0.0010964428668239767,0.05416703224182129,-0.9893434047698975,20,0.06251089870929719,0.0028484150690007938,-0.008343866467475897,-0.013904324716114979,MATCHED,"{""allocated_cells"": 17, ""allocation"": {""((0, 0), 3)"": 251, ""((0, 1), 3)"": 283, ""((0, 2), 3)"": 523, ""((0, 3), 2)"": 433, ""((0, 3), 3)"": 82, ""((1, 1), 3)"": 152, ""((1, 2), 3)"": 687, ""((1, 3), 2)"": 411, ""((1, 3), 3)"": 350, ""((2, 2), 2)"": 170, ""((2, 2), 3)"": 1142, ""((2, 3), 1)"": 2285, ""((2, 3), 2)"": 221, ""((2, 3), 3)"": 896, ""((3, 3), 0)"": 2494, ""((3, 3), 1)"": 846, ""((3, 3), 2)"": 2317}, ""degree_pair_exact"": true, ""matched_edge_count_per_control"": 13543, ""matching_method"": ""integral max-flow with exact endpoint-degree-quantile-pair and base normalized edge-weight quantile marginals"", ""shortages"": {}, ""status"": ""MATCHED"", ""target_degree_pair_marginal"": ""{(2, 2): 1312, (1, 2): 687, (2, 3): 3402, (1, 1): 152, (0, 1): 283, (3, 3): 5657, (1, 3): 761, (0, 0): 251, (0, 2): 523, (0, 3): 515}"", ""target_edge_count"": 13543, ""target_weight_quantile_marginal"": ""{3: 4366, 2: 3552, 1: 3131, 0: 2494}"", ""verified_exact_marginals"": true, ""weight_quantile_exact"": true}",frozen graph intervention; FIXED_NORM_MASK is not retrained valid-operator performance
Toys,44,uniform,semantic_q3,RENORMALIZED_DELETE,13543,-0.005315293549166489,-0.004887143848413045,0.013819575309753418,-0.03649163246154785,20,0.034476961195468905,0.0030589460981785143,-0.020657385885715487,-0.012454699202705966,MATCHED,"{""allocated_cells"": 17, ""allocation"": {""((0, 0), 3)"": 251, ""((0, 1), 3)"": 283, ""((0, 2), 3)"": 523, ""((0, 3), 2)"": 433, ""((0, 3), 3)"": 82, ""((1, 1), 3)"": 152, ""((1, 2), 3)"": 687, ""((1, 3), 2)"": 411, ""((1, 3), 3)"": 350, ""((2, 2), 2)"": 170, ""((2, 2), 3)"": 1142, ""((2, 3), 1)"": 2285, ""((2, 3), 2)"": 221, ""((2, 3), 3)"": 896, ""((3, 3), 0)"": 2494, ""((3, 3), 1)"": 846, ""((3, 3), 2)"": 2317}, ""degree_pair_exact"": true, ""matched_edge_count_per_control"": 13543, ""matching_method"": ""integral max-flow with exact endpoint-degree-quantile-pair and base normalized edge-weight quantile marginals"", ""shortages"": {}, ""status"": ""MATCHED"", ""target_degree_pair_marginal"": ""{(2, 2): 1312, (1, 2): 687, (2, 3): 3402, (1, 1): 152, (0, 1): 283, (3, 3): 5657, (1, 3): 761, (0, 0): 251, (0, 2): 523, (0, 3): 515}"", ""target_edge_count"": 13543, ""target_weight_quantile_marginal"": ""{3: 4366, 2: 3552, 1: 3131, 0: 2494}"", ""verified_exact_marginals"": true, ""weight_quantile_exact"": true}",frozen graph intervention; FIXED_NORM_MASK is not retrained valid-operator performance
Toys,44,gpr,semantic_q0,FIXED_NORM_MASK,14506,-0.015221067890794804,-0.01657672431613033,0.0648837685585022,-0.5143723487854004,20,0.028044596314430237,0.002396089658478869,0.03683917224407196,-0.003261657405170293,MATCHED,"{""allocated_cells"": 17, ""allocation"": {""((0, 0), 3)"": 78, ""((0, 1), 3)"": 104, ""((0, 2), 3)"": 322, ""((0, 3), 2)"": 461, ""((0, 3), 3)"": 119, ""((1, 1), 3)"": 55, ""((1, 2), 3)"": 390, ""((1, 3), 2)"": 478, ""((1, 3), 3)"": 339, ""((2, 2), 2)"": 182, ""((2, 2), 3)"": 599, ""((2, 3), 1)"": 2308, ""((2, 3), 2)"": 905, ""((2, 3), 3)"": 718, ""((3, 3), 0)"": 4491, ""((3, 3), 1)"": 1626, ""((3, 3), 2)"": 1331}, ""degree_pair_exact"": true, ""matched_edge_count_per_control"": 14506, ""matching_method"": ""integral max-flow with exact endpoint-degree-quantile-pair and base normalized edge-weight quantile marginals"", ""shortages"": {}, ""status"": ""MATCHED"", ""target_degree_pair_marginal"": ""{(1, 3): 817, (2, 2): 781, (2, 3): 3931, (1, 2): 390, (3, 3): 7448, (0, 3): 580, (0, 1): 104, (0, 2): 322, (0, 0): 78, (1, 1): 55}"", ""target_edge_count"": 14506, ""target_weight_quantile_marginal"": ""{2: 3357, 3: 2724, 1: 3934, 0: 4491}"", ""verified_exact_marginals"": true, ""weight_quantile_exact"": true}",frozen graph intervention; FIXED_NORM_MASK is not retrained valid-operator performance
Toys,44,gpr,semantic_q0,RENORMALIZED_DELETE,14506,-0.015704276395264505,-0.016250330266416868,0.06269916892051697,0.2219228744506836,20,0.01603378653526306,0.0021155338432265777,0.046665382385253903,-0.004373036965450572,MATCHED,"{""allocated_cells"": 17, ""allocation"": {""((0, 0), 3)"": 78, ""((0, 1), 3)"": 104, ""((0, 2), 3)"": 322, ""((0, 3), 2)"": 461, ""((0, 3), 3)"": 119, ""((1, 1), 3)"": 55, ""((1, 2), 3)"": 390, ""((1, 3), 2)"": 478, ""((1, 3), 3)"": 339, ""((2, 2), 2)"": 182, ""((2, 2), 3)"": 599, ""((2, 3), 1)"": 2308, ""((2, 3), 2)"": 905, ""((2, 3), 3)"": 718, ""((3, 3), 0)"": 4491, ""((3, 3), 1)"": 1626, ""((3, 3), 2)"": 1331}, ""degree_pair_exact"": true, ""matched_edge_count_per_control"": 14506, ""matching_method"": ""integral max-flow with exact endpoint-degree-quantile-pair and base normalized edge-weight quantile marginals"", ""shortages"": {}, ""status"": ""MATCHED"", ""target_degree_pair_marginal"": ""{(1, 3): 817, (2, 2): 781, (2, 3): 3931, (1, 2): 390, (3, 3): 7448, (0, 3): 580, (0, 1): 104, (0, 2): 322, (0, 0): 78, (1, 1): 55}"", ""target_edge_count"": 14506, ""target_weight_quantile_marginal"": ""{2: 3357, 3: 2724, 1: 3934, 0: 4491}"", ""verified_exact_marginals"": true, ""weight_quantile_exact"": true}",frozen graph intervention; FIXED_NORM_MASK is not retrained valid-operator performance
Toys,44,gpr,semantic_q1,FIXED_NORM_MASK,14110,-0.004590480792461937,-0.0011704005130174222,0.04274466633796692,-0.7967362403869629,20,0.031613290309906006,0.0025983405198837873,0.011131376028060913,-0.004179753563662692,MATCHED,"{""allocated_cells"": 17, ""allocation"": {""((0, 0), 3)"": 89, ""((0, 1), 3)"": 147, ""((0, 2), 3)"": 323, ""((0, 3), 2)"": 455, ""((0, 3), 3)"": 131, ""((1, 1), 3)"": 86, ""((1, 2), 3)"": 515, ""((1, 3), 2)"": 500, ""((1, 3), 3)"": 337, ""((2, 2), 2)"": 169, ""((2, 2), 3)"": 773, ""((2, 3), 1)"": 2637, ""((2, 3), 2)"": 372, ""((2, 3), 3)"": 696, ""((3, 3), 0)"": 3796, ""((3, 3), 1)"": 1093, ""((3, 3), 2)"": 1991}, ""degree_pair_exact"": true, ""matched_edge_count_per_control"": 14110, ""matching_method"": ""integral max-flow with exact endpoint-degree-quantile-pair and base normalized edge-weight quantile marginals"", ""shortages"": {}, ""status"": ""MATCHED"", ""target_degree_pair_marginal"": ""{(2, 3): 3705, (1, 3): 837, (3, 3): 6880, (1, 2): 515, (0, 1): 147, (2, 2): 942, (0, 3): 586, (1, 1): 86, (0, 2): 323, (0, 0): 89}"", ""target_edge_count"": 14110, ""target_weight_quantile_marginal"": ""{2: 3487, 3: 3097, 0: 3796, 1: 3730}"", ""verified_exact_marginals"": true, ""weight_quantile_exact"": true}",frozen graph intervention; FIXED_NORM_MASK is not retrained valid-operator performance
Toys,44,gpr,semantic_q1,RENORMALIZED_DELETE,14110,-0.005556897801401228,-0.0030274938813340535,0.02668270468711853,0.026891231536865234,20,0.019619497656822204,0.003640238161935311,0.007063207030296326,-0.006064266731094442,MATCHED,"{""allocated_cells"": 17, ""allocation"": {""((0, 0), 3)"": 89, ""((0, 1), 3)"": 147, ""((0, 2), 3)"": 323, ""((0, 3), 2)"": 455, ""((0, 3), 3)"": 131, ""((1, 1), 3)"": 86, ""((1, 2), 3)"": 515, ""((1, 3), 2)"": 500, ""((1, 3), 3)"": 337, ""((2, 2), 2)"": 169, ""((2, 2), 3)"": 773, ""((2, 3), 1)"": 2637, ""((2, 3), 2)"": 372, ""((2, 3), 3)"": 696, ""((3, 3), 0)"": 3796, ""((3, 3), 1)"": 1093, ""((3, 3), 2)"": 1991}, ""degree_pair_exact"": true, ""matched_edge_count_per_control"": 14110, ""matching_method"": ""integral max-flow with exact endpoint-degree-quantile-pair and base normalized edge-weight quantile marginals"", ""shortages"": {}, ""status"": ""MATCHED"", ""target_degree_pair_marginal"": ""{(2, 3): 3705, (1, 3): 837, (3, 3): 6880, (1, 2): 515, (0, 1): 147, (2, 2): 942, (0, 3): 586, (1, 1): 86, (0, 2): 323, (0, 0): 89}"", ""target_edge_count"": 14110, ""target_weight_quantile_marginal"": ""{2: 3487, 3: 3097, 0: 3796, 1: 3730}"", ""verified_exact_marginals"": true, ""weight_quantile_exact"": true}",frozen graph intervention; FIXED_NORM_MASK is not retrained valid-operator performance
Toys,44,gpr,semantic_q2,FIXED_NORM_MASK,14540,-0.007731336071514883,-0.005463160666338562,0.04162740707397461,-1.0142788887023926,20,0.03818480372428894,0.002764253765063278,0.0034426033496856717,-0.005146170572602038,MATCHED,"{""allocated_cells"": 17, ""allocation"": {""((0, 0), 3)"": 136, ""((0, 1), 3)"": 169, ""((0, 2), 3)"": 409, ""((0, 3), 2)"": 486, ""((0, 3), 3)"": 124, ""((1, 1), 3)"": 111, ""((1, 2), 3)"": 594, ""((1, 3), 2)"": 446, ""((1, 3), 3)"": 380, ""((2, 2), 2)"": 162, ""((2, 2), 3)"": 904, ""((2, 3), 1)"": 2625, ""((2, 3), 2)"": 414, ""((2, 3), 3)"": 807, ""((3, 3), 0)"": 3478, ""((3, 3), 1)"": 1040, ""((3, 3), 2)"": 2255}, ""degree_pair_exact"": true, ""matched_edge_count_per_control"": 14540, ""matching_method"": ""integral max-flow with exact endpoint-degree-quantile-pair and base normalized edge-weight quantile marginals"", ""shortages"": {}, ""status"": ""MATCHED"", ""target_degree_pair_marginal"": ""{(1, 3): 826, (2, 3): 3846, (2, 2): 1066, (0, 2): 409, (3, 3): 6773, (1, 2): 594, (0, 1): 169, (0, 0): 136, (0, 3): 610, (1, 1): 111}"", ""target_edge_count"": 14540, ""target_weight_quantile_marginal"": ""{2: 3763, 1: 3665, 3: 3634, 0: 3478}"", ""verified_exact_marginals"": true, ""weight_quantile_exact"": true}",frozen graph intervention; FIXED_NORM_MASK is not retrained valid-operator performance
Toys,44,gpr,semantic_q2,RENORMALIZED_DELETE,14540,-0.009664170089393576,-0.008671348460139394,0.01894444227218628,-0.0327610969543457,20,0.028224681317806245,0.0033710849576657352,-0.009280239045619965,-0.006088427156317922,MATCHED,"{""allocated_cells"": 17, ""allocation"": {""((0, 0), 3)"": 136, ""((0, 1), 3)"": 169, ""((0, 2), 3)"": 409, ""((0, 3), 2)"": 486, ""((0, 3), 3)"": 124, ""((1, 1), 3)"": 111, ""((1, 2), 3)"": 594, ""((1, 3), 2)"": 446, ""((1, 3), 3)"": 380, ""((2, 2), 2)"": 162, ""((2, 2), 3)"": 904, ""((2, 3), 1)"": 2625, ""((2, 3), 2)"": 414, ""((2, 3), 3)"": 807, ""((3, 3), 0)"": 3478, ""((3, 3), 1)"": 1040, ""((3, 3), 2)"": 2255}, ""degree_pair_exact"": true, ""matched_edge_count_per_control"": 14540, ""matching_method"": ""integral max-flow with exact endpoint-degree-quantile-pair and base normalized edge-weight quantile marginals"", ""shortages"": {}, ""status"": ""MATCHED"", ""target_degree_pair_marginal"": ""{(1, 3): 826, (2, 3): 3846, (2, 2): 1066, (0, 2): 409, (3, 3): 6773, (1, 2): 594, (0, 1): 169, (0, 0): 136, (0, 3): 610, (1, 1): 111}"", ""target_edge_count"": 14540, ""target_weight_quantile_marginal"": ""{2: 3763, 1: 3665, 3: 3634, 0: 3478}"", ""verified_exact_marginals"": true, ""weight_quantile_exact"": true}",frozen graph intervention; FIXED_NORM_MASK is not retrained valid-operator performance
Toys,44,gpr,semantic_q3,FIXED_NORM_MASK,13545,-0.0016912297656438424,-0.0025051538235456583,0.03944051265716553,-1.0210843086242676,20,0.05254953354597092,0.0025268847604867145,-0.01310902088880539,-0.009905774341628388,MATCHED,"{""allocated_cells"": 17, ""allocation"": {""((0, 0), 3)"": 257, ""((0, 1), 3)"": 286, ""((0, 2), 3)"": 547, ""((0, 3), 2)"": 424, ""((0, 3), 3)"": 85, ""((1, 1), 3)"": 155, ""((1, 2), 3)"": 693, ""((1, 3), 2)"": 413, ""((1, 3), 3)"": 349, ""((2, 2), 2)"": 174, ""((2, 2), 3)"": 1116, ""((2, 3), 1)"": 2274, ""((2, 3), 2)"": 248, ""((2, 3), 3)"": 898, ""((3, 3), 0)"": 2470, ""((3, 3), 1)"": 850, ""((3, 3), 2)"": 2306}, ""degree_pair_exact"": true, ""matched_edge_count_per_control"": 13545, ""matching_method"": ""integral max-flow with exact endpoint-degree-quantile-pair and base normalized edge-weight quantile marginals"", ""shortages"": {}, ""status"": ""MATCHED"", ""target_degree_pair_marginal"": ""{(2, 2): 1290, (1, 2): 693, (2, 3): 3420, (1, 1): 155, (0, 1): 286, (3, 3): 5626, (1, 3): 762, (0, 0): 257, (0, 2): 547, (0, 3): 509}"", ""target_edge_count"": 13545, ""target_weight_quantile_marginal"": ""{3: 4386, 2: 3565, 1: 3124, 0: 2470}"", ""verified_exact_marginals"": true, ""weight_quantile_exact"": true}",frozen graph intervention; FIXED_NORM_MASK is not retrained valid-operator performance
Toys,44,gpr,semantic_q3,RENORMALIZED_DELETE,13545,-0.0016912297656438424,-0.0014429728958592625,0.011312097311019897,-0.03145885467529297,20,0.04002979844808578,0.0030065517784218835,-0.028717701137065885,-0.011995651123459738,MATCHED,"{""allocated_cells"": 17, ""allocation"": {""((0, 0), 3)"": 257, ""((0, 1), 3)"": 286, ""((0, 2), 3)"": 547, ""((0, 3), 2)"": 424, ""((0, 3), 3)"": 85, ""((1, 1), 3)"": 155, ""((1, 2), 3)"": 693, ""((1, 3), 2)"": 413, ""((1, 3), 3)"": 349, ""((2, 2), 2)"": 174, ""((2, 2), 3)"": 1116, ""((2, 3), 1)"": 2274, ""((2, 3), 2)"": 248, ""((2, 3), 3)"": 898, ""((3, 3), 0)"": 2470, ""((3, 3), 1)"": 850, ""((3, 3), 2)"": 2306}, ""degree_pair_exact"": true, ""matched_edge_count_per_control"": 13545, ""matching_method"": ""integral max-flow with exact endpoint-degree-quantile-pair and base normalized edge-weight quantile marginals"", ""shortages"": {}, ""status"": ""MATCHED"", ""target_degree_pair_marginal"": ""{(2, 2): 1290, (1, 2): 693, (2, 3): 3420, (1, 1): 155, (0, 1): 286, (3, 3): 5626, (1, 3): 762, (0, 0): 257, (0, 2): 547, (0, 3): 509}"", ""target_edge_count"": 13545, ""target_weight_quantile_marginal"": ""{3: 4386, 2: 3565, 1: 3124, 0: 2470}"", ""verified_exact_marginals"": true, ""weight_quantile_exact"": true}",frozen graph intervention; FIXED_NORM_MASK is not retrained valid-operator performance
Grocery,42,uniform,semantic_q0,FIXED_NORM_MASK,17603,-0.014641288433382194,-0.009288644863282403,0.026250362396240234,-0.41231536865234375,20,0.009116077423095703,0.004226101277299236,0.01713428497314453,-0.011932650073206463,MATCHED,"{""allocated_cells"": 17, ""allocation"": {""((0, 0), 3)"": 34, ""((0, 1), 3)"": 76, ""((0, 2), 3)"": 177, ""((0, 3), 2)"": 240, ""((0, 3), 3)"": 422, ""((1, 1), 3)"": 81, ""((1, 2), 3)"": 364, ""((1, 3), 2)"": 1026, ""((1, 3), 3)"": 680, ""((2, 2), 3)"": 558, ""((2, 3), 1)"": 2030, ""((2, 3), 2)"": 1685, ""((2, 3), 3)"": 635, ""((3, 3), 0)"": 5147, ""((3, 3), 1)"": 2902, ""((3, 3), 2)"": 1409, ""((3, 3), 3)"": 137}, ""degree_pair_exact"": true, ""matched_edge_count_per_control"": 17603, ""matching_method"": ""integral max-flow with exact endpoint-degree-quantile-pair and base normalized edge-weight quantile marginals"", ""shortages"": {}, ""status"": ""MATCHED"", ""target_degree_pair_marginal"": ""{(0, 1): 76, (1, 3): 1706, (2, 3): 4350, (1, 2): 364, (0, 2): 177, (2, 2): 558, (3, 3): 9595, (0, 3): 662, (1, 1): 81, (0, 0): 34}"", ""target_edge_count"": 17603, ""target_weight_quantile_marginal"": ""{3: 3164, 1: 4932, 2: 4360, 0: 5147}"", ""verified_exact_marginals"": true, ""weight_quantile_exact"": true}",frozen graph intervention; FIXED_NORM_MASK is not retrained valid-operator performance
Grocery,42,uniform,semantic_q0,RENORMALIZED_DELETE,17603,-0.010541727672035206,-0.004254949953776177,0.08060693740844727,0.5074200630187988,20,0.04215795695781708,0.0030462956793199025,0.03844898045063019,-0.008945827232796504,MATCHED,"{""allocated_cells"": 17, ""allocation"": {""((0, 0), 3)"": 34, ""((0, 1), 3)"": 76, ""((0, 2), 3)"": 177, ""((0, 3), 2)"": 240, ""((0, 3), 3)"": 422, ""((1, 1), 3)"": 81, ""((1, 2), 3)"": 364, ""((1, 3), 2)"": 1026, ""((1, 3), 3)"": 680, ""((2, 2), 3)"": 558, ""((2, 3), 1)"": 2030, ""((2, 3), 2)"": 1685, ""((2, 3), 3)"": 635, ""((3, 3), 0)"": 5147, ""((3, 3), 1)"": 2902, ""((3, 3), 2)"": 1409, ""((3, 3), 3)"": 137}, ""degree_pair_exact"": true, ""matched_edge_count_per_control"": 17603, ""matching_method"": ""integral max-flow with exact endpoint-degree-quantile-pair and base normalized edge-weight quantile marginals"", ""shortages"": {}, ""status"": ""MATCHED"", ""target_degree_pair_marginal"": ""{(0, 1): 76, (1, 3): 1706, (2, 3): 4350, (1, 2): 364, (0, 2): 177, (2, 2): 558, (3, 3): 9595, (0, 3): 662, (1, 1): 81, (0, 0): 34}"", ""target_edge_count"": 17603, ""target_weight_quantile_marginal"": ""{3: 3164, 1: 4932, 2: 4360, 0: 5147}"", ""verified_exact_marginals"": true, ""weight_quantile_exact"": true}",frozen graph intervention; FIXED_NORM_MASK is not retrained valid-operator performance
Grocery,42,uniform,semantic_q1,FIXED_NORM_MASK,18228,-0.016105417276720324,-0.01685288095329418,0.029528558254241943,-0.8118038177490234,20,0.005627280473709107,0.0054279356895349466,0.02390127778053284,-0.010893118594436323,MATCHED,"{""allocated_cells"": 17, ""allocation"": {""((0, 0), 3)"": 45, ""((0, 1), 3)"": 127, ""((0, 2), 3)"": 226, ""((0, 3), 2)"": 291, ""((0, 3), 3)"": 227, ""((1, 1), 3)"": 149, ""((1, 2), 3)"": 516, ""((1, 3), 2)"": 630, ""((1, 3), 3)"": 765, ""((2, 2), 3)"": 717, ""((2, 3), 1)"": 1930, ""((2, 3), 2)"": 1094, ""((2, 3), 3)"": 1161, ""((3, 3), 0)"": 5032, ""((3, 3), 1)"": 2687, ""((3, 3), 2)"": 2502, ""((3, 3), 3)"": 129}, ""degree_pair_exact"": true, ""matched_edge_count_per_control"": 18228, ""matching_method"": ""integral max-flow with exact endpoint-degree-quantile-pair and base normalized edge-weight quantile marginals"", ""shortages"": {}, ""status"": ""MATCHED"", ""target_degree_pair_marginal"": ""{(2, 3): 4185, (1, 3): 1395, (1, 2): 516, (2, 2): 717, (0, 3): 518, (1, 1): 149, (3, 3): 10350, (0, 0): 45, (0, 2): 226, (0, 1): 127}"", ""target_edge_count"": 18228, ""target_weight_quantile_marginal"": ""{3: 4062, 2: 4517, 1: 4617, 0: 5032}"", ""verified_exact_marginals"": true, ""weight_quantile_exact"": true}",frozen graph intervention; FIXED_NORM_MASK is not retrained valid-operator performance
Grocery,42,uniform,semantic_q1,RENORMALIZED_DELETE,18228,-0.012884333821376326,-0.00975837130305146,0.06898170709609985,0.08139514923095703,20,0.039307451248168944,0.005595560741027124,0.02967425584793091,-0.008081991215226968,MATCHED,"{""allocated_cells"": 17, ""allocation"": {""((0, 0), 3)"": 45, ""((0, 1), 3)"": 127, ""((0, 2), 3)"": 226, ""((0, 3), 2)"": 291, ""((0, 3), 3)"": 227, ""((1, 1), 3)"": 149, ""((1, 2), 3)"": 516, ""((1, 3), 2)"": 630, ""((1, 3), 3)"": 765, ""((2, 2), 3)"": 717, ""((2, 3), 1)"": 1930, ""((2, 3), 2)"": 1094, ""((2, 3), 3)"": 1161, ""((3, 3), 0)"": 5032, ""((3, 3), 1)"": 2687, ""((3, 3), 2)"": 2502, ""((3, 3), 3)"": 129}, ""degree_pair_exact"": true, ""matched_edge_count_per_control"": 18228, ""matching_method"": ""integral max-flow with exact endpoint-degree-quantile-pair and base normalized edge-weight quantile marginals"", ""shortages"": {}, ""status"": ""MATCHED"", ""target_degree_pair_marginal"": ""{(2, 3): 4185, (1, 3): 1395, (1, 2): 516, (2, 2): 717, (0, 3): 518, (1, 1): 149, (3, 3): 10350, (0, 0): 45, (0, 2): 226, (0, 1): 127}"", ""target_edge_count"": 18228, ""target_weight_quantile_marginal"": ""{3: 4062, 2: 4517, 1: 4617, 0: 5032}"", ""verified_exact_marginals"": true, ""weight_quantile_exact"": true}",frozen graph intervention; FIXED_NORM_MASK is not retrained valid-operator performance
Grocery,42,uniform,semantic_q2,FIXED_NORM_MASK,20323,-0.012298682284040963,-0.006185158896120813,0.02195519208908081,-1.1886415481567383,20,0.018388715386390687,0.003230620458271019,0.003566476702690124,-0.016617862371888743,MATCHED,"{""allocated_cells"": 17, ""allocation"": {""((0, 0), 3)"": 72, ""((0, 1), 3)"": 190, ""((0, 2), 3)"": 271, ""((0, 3), 2)"": 283, ""((0, 3), 3)"": 259, ""((1, 1), 3)"": 204, ""((1, 2), 3)"": 775, ""((1, 3), 2)"": 547, ""((1, 3), 3)"": 818, ""((2, 2), 3)"": 1001, ""((2, 3), 1)"": 1528, ""((2, 3), 2)"": 1672, ""((2, 3), 3)"": 1606, ""((3, 3), 0)"": 4926, ""((3, 3), 1)"": 3441, ""((3, 3), 2)"": 2607, ""((3, 3), 3)"": 123}, ""degree_pair_exact"": true, ""matched_edge_count_per_control"": 20323, ""matching_method"": ""integral max-flow with exact endpoint-degree-quantile-pair and base normalized edge-weight quantile marginals"", ""shortages"": {}, ""status"": ""MATCHED"", ""target_degree_pair_marginal"": ""{(2, 2): 1001, (2, 3): 4806, (1, 2): 775, (1, 1): 204, (0, 1): 190, (0, 3): 542, (1, 3): 1365, (0, 2): 271, (3, 3): 11097, (0, 0): 72}"", ""target_edge_count"": 20323, ""target_weight_quantile_marginal"": ""{3: 5319, 2: 5109, 1: 4969, 0: 4926}"", ""verified_exact_marginals"": true, ""weight_quantile_exact"": true}",frozen graph intervention; FIXED_NORM_MASK is not retrained valid-operator performance
Grocery,42,uniform,semantic_q2,RENORMALIZED_DELETE,20323,-0.00937042459736459,-0.008468465459423036,0.0538487434387207,-0.03090047836303711,20,0.05775026977062225,0.0056789464653503804,-0.0039015263319015503,-0.011420204978038079,MATCHED,"{""allocated_cells"": 17, ""allocation"": {""((0, 0), 3)"": 72, ""((0, 1), 3)"": 190, ""((0, 2), 3)"": 271, ""((0, 3), 2)"": 283, ""((0, 3), 3)"": 259, ""((1, 1), 3)"": 204, ""((1, 2), 3)"": 775, ""((1, 3), 2)"": 547, ""((1, 3), 3)"": 818, ""((2, 2), 3)"": 1001, ""((2, 3), 1)"": 1528, ""((2, 3), 2)"": 1672, ""((2, 3), 3)"": 1606, ""((3, 3), 0)"": 4926, ""((3, 3), 1)"": 3441, ""((3, 3), 2)"": 2607, ""((3, 3), 3)"": 123}, ""degree_pair_exact"": true, ""matched_edge_count_per_control"": 20323, ""matching_method"": ""integral max-flow with exact endpoint-degree-quantile-pair and base normalized edge-weight quantile marginals"", ""shortages"": {}, ""status"": ""MATCHED"", ""target_degree_pair_marginal"": ""{(2, 2): 1001, (2, 3): 4806, (1, 2): 775, (1, 1): 204, (0, 1): 190, (0, 3): 542, (1, 3): 1365, (0, 2): 271, (3, 3): 11097, (0, 0): 72}"", ""target_edge_count"": 20323, ""target_weight_quantile_marginal"": ""{3: 5319, 2: 5109, 1: 4969, 0: 4926}"", ""verified_exact_marginals"": true, ""weight_quantile_exact"": true}",frozen graph intervention; FIXED_NORM_MASK is not retrained valid-operator performance
Grocery,42,uniform,semantic_q3,FIXED_NORM_MASK,14977,-0.01171303074670571,-0.014018346734595233,0.012194931507110596,-1.0575520992279053,20,0.021171754598617552,0.00265276604906972,-0.008976823091506957,-0.0182137628111274,MATCHED,"{""allocated_cells"": 18, ""allocation"": {""((0, 0), 3)"": 141, ""((0, 1), 3)"": 244, ""((0, 2), 3)"": 265, ""((0, 3), 2)"": 98, ""((0, 3), 3)"": 284, ""((1, 1), 3)"": 308, ""((1, 2), 3)"": 842, ""((1, 3), 1)"": 23, ""((1, 3), 2)"": 74, ""((1, 3), 3)"": 889, ""((2, 2), 3)"": 1060, ""((2, 3), 1)"": 2308, ""((2, 3), 2)"": 83, ""((2, 3), 3)"": 1000, ""((3, 3), 0)"": 2704, ""((3, 3), 1)"": 989, ""((3, 3), 2)"": 3541, ""((3, 3), 3)"": 124}, ""degree_pair_exact"": true, ""matched_edge_count_per_control"": 14977, ""matching_method"": ""integral max-flow with exact endpoint-degree-quantile-pair and base normalized edge-weight quantile marginals"", ""shortages"": {}, ""status"": ""MATCHED"", ""target_degree_pair_marginal"": ""{(2, 3): 3391, (0, 2): 265, (0, 0): 141, (2, 2): 1060, (1, 3): 986, (1, 1): 308, (1, 2): 842, (0, 3): 382, (3, 3): 7358, (0, 1): 244}"", ""target_edge_count"": 14977, ""target_weight_quantile_marginal"": ""{2: 3796, 3: 5157, 1: 3320, 0: 2704}"", ""verified_exact_marginals"": true, ""weight_quantile_exact"": true}",frozen graph intervention; FIXED_NORM_MASK is not retrained valid-operator performance
Grocery,42,uniform,semantic_q3,RENORMALIZED_DELETE,14977,-0.009663250366032217,-0.012790282777812023,0.0360945463180542,-0.06279754638671875,20,0.07073956429958343,0.00446298278616483,-0.03464501798152923,-0.013821376281112746,MATCHED,"{""allocated_cells"": 18, ""allocation"": {""((0, 0), 3)"": 141, ""((0, 1), 3)"": 244, ""((0, 2), 3)"": 265, ""((0, 3), 2)"": 98, ""((0, 3), 3)"": 284, ""((1, 1), 3)"": 308, ""((1, 2), 3)"": 842, ""((1, 3), 1)"": 23, ""((1, 3), 2)"": 74, ""((1, 3), 3)"": 889, ""((2, 2), 3)"": 1060, ""((2, 3), 1)"": 2308, ""((2, 3), 2)"": 83, ""((2, 3), 3)"": 1000, ""((3, 3), 0)"": 2704, ""((3, 3), 1)"": 989, ""((3, 3), 2)"": 3541, ""((3, 3), 3)"": 124}, ""degree_pair_exact"": true, ""matched_edge_count_per_control"": 14977, ""matching_method"": ""integral max-flow with exact endpoint-degree-quantile-pair and base normalized edge-weight quantile marginals"", ""shortages"": {}, ""status"": ""MATCHED"", ""target_degree_pair_marginal"": ""{(2, 3): 3391, (0, 2): 265, (0, 0): 141, (2, 2): 1060, (1, 3): 986, (1, 1): 308, (1, 2): 842, (0, 3): 382, (3, 3): 7358, (0, 1): 244}"", ""target_edge_count"": 14977, ""target_weight_quantile_marginal"": ""{2: 3796, 3: 5157, 1: 3320, 0: 2704}"", ""verified_exact_marginals"": true, ""weight_quantile_exact"": true}",frozen graph intervention; FIXED_NORM_MASK is not retrained valid-operator performance
Grocery,42,gpr,semantic_q0,FIXED_NORM_MASK,17122,-0.01171303074670571,-0.012150324355326592,0.006064891815185547,-0.4627823829650879,20,-0.010853719711303712,0.004784026932477443,0.01691861152648926,-0.00856515373352854,MATCHED,"{""allocated_cells"": 17, ""allocation"": {""((0, 0), 3)"": 35, ""((0, 1), 3)"": 74, ""((0, 2), 3)"": 163, ""((0, 3), 2)"": 240, ""((0, 3), 3)"": 414, ""((1, 1), 3)"": 88, ""((1, 2), 3)"": 344, ""((1, 3), 2)"": 1038, ""((1, 3), 3)"": 625, ""((2, 2), 3)"": 527, ""((2, 3), 1)"": 2088, ""((2, 3), 2)"": 1436, ""((2, 3), 3)"": 642, ""((3, 3), 0)"": 5054, ""((3, 3), 1)"": 2701, ""((3, 3), 2)"": 1516, ""((3, 3), 3)"": 137}, ""degree_pair_exact"": true, ""matched_edge_count_per_control"": 17122, ""matching_method"": ""integral max-flow with exact endpoint-degree-quantile-pair and base normalized edge-weight quantile marginals"", ""shortages"": {}, ""status"": ""MATCHED"", ""target_degree_pair_marginal"": ""{(0, 1): 74, (1, 3): 1663, (2, 3): 4166, (1, 2): 344, (0, 2): 163, (2, 2): 527, (3, 3): 9408, (0, 3): 654, (1, 1): 88, (0, 0): 35}"", ""target_edge_count"": 17122, ""target_weight_quantile_marginal"": ""{3: 3049, 1: 4789, 2: 4230, 0: 5054}"", ""verified_exact_marginals"": true, ""weight_quantile_exact"": true}",frozen graph intervention; FIXED_NORM_MASK is not retrained valid-operator performance
Grocery,42,gpr,semantic_q0,RENORMALIZED_DELETE,17122,-0.007320644216691097,-0.0075463567891977945,0.11209368705749512,0.6075716018676758,20,0.052955415844917295,0.005115944978373961,0.05913827121257782,-0.007642752562225463,MATCHED,"{""allocated_cells"": 17, ""allocation"": {""((0, 0), 3)"": 35, ""((0, 1), 3)"": 74, ""((0, 2), 3)"": 163, ""((0, 3), 2)"": 240, ""((0, 3), 3)"": 414, ""((1, 1), 3)"": 88, ""((1, 2), 3)"": 344, ""((1, 3), 2)"": 1038, ""((1, 3), 3)"": 625, ""((2, 2), 3)"": 527, ""((2, 3), 1)"": 2088, ""((2, 3), 2)"": 1436, ""((2, 3), 3)"": 642, ""((3, 3), 0)"": 5054, ""((3, 3), 1)"": 2701, ""((3, 3), 2)"": 1516, ""((3, 3), 3)"": 137}, ""degree_pair_exact"": true, ""matched_edge_count_per_control"": 17122, ""matching_method"": ""integral max-flow with exact endpoint-degree-quantile-pair and base normalized edge-weight quantile marginals"", ""shortages"": {}, ""status"": ""MATCHED"", ""target_degree_pair_marginal"": ""{(0, 1): 74, (1, 3): 1663, (2, 3): 4166, (1, 2): 344, (0, 2): 163, (2, 2): 527, (3, 3): 9408, (0, 3): 654, (1, 1): 88, (0, 0): 35}"", ""target_edge_count"": 17122, ""target_weight_quantile_marginal"": ""{3: 3049, 1: 4789, 2: 4230, 0: 5054}"", ""verified_exact_marginals"": true, ""weight_quantile_exact"": true}",frozen graph intervention; FIXED_NORM_MASK is not retrained valid-operator performance
Grocery,42,gpr,semantic_q1,FIXED_NORM_MASK,19064,-0.013762811127379204,-0.01867521468152744,-0.004472970962524414,-0.9569792747497559,20,-0.016387709975242616,0.0038583115481488697,0.011914739012718202,-0.008887262079062947,MATCHED,"{""allocated_cells"": 17, ""allocation"": {""((0, 0), 3)"": 47, ""((0, 1), 3)"": 121, ""((0, 2), 3)"": 234, ""((0, 3), 2)"": 315, ""((0, 3), 3)"": 225, ""((1, 1), 3)"": 135, ""((1, 2), 3)"": 527, ""((1, 3), 2)"": 727, ""((1, 3), 3)"": 732, ""((2, 2), 3)"": 734, ""((2, 3), 1)"": 1722, ""((2, 3), 2)"": 1455, ""((2, 3), 3)"": 1256, ""((3, 3), 0)"": 5361, ""((3, 3), 1)"": 3131, ""((3, 3), 2)"": 2213, ""((3, 3), 3)"": 129}, ""degree_pair_exact"": true, ""matched_edge_count_per_control"": 19064, ""matching_method"": ""integral max-flow with exact endpoint-degree-quantile-pair and base normalized edge-weight quantile marginals"", ""shortages"": {}, ""status"": ""MATCHED"", ""target_degree_pair_marginal"": ""{(2, 3): 4433, (1, 2): 527, (2, 2): 734, (0, 3): 540, (1, 1): 135, (1, 3): 1459, (3, 3): 10834, (0, 0): 47, (0, 2): 234, (0, 1): 121}"", ""target_edge_count"": 19064, ""target_weight_quantile_marginal"": ""{3: 4140, 2: 4710, 1: 4853, 0: 5361}"", ""verified_exact_marginals"": true, ""weight_quantile_exact"": true}",frozen graph intervention; FIXED_NORM_MASK is not retrained valid-operator performance
Grocery,42,gpr,semantic_q1,RENORMALIZED_DELETE,19064,-0.008491947291361601,-0.004324096970307223,0.09361106157302856,0.11478614807128906,20,0.05853644013404846,0.005271957622550673,0.0350746214389801,-0.00755490483162517,MATCHED,"{""allocated_cells"": 17, ""allocation"": {""((0, 0), 3)"": 47, ""((0, 1), 3)"": 121, ""((0, 2), 3)"": 234, ""((0, 3), 2)"": 315, ""((0, 3), 3)"": 225, ""((1, 1), 3)"": 135, ""((1, 2), 3)"": 527, ""((1, 3), 2)"": 727, ""((1, 3), 3)"": 732, ""((2, 2), 3)"": 734, ""((2, 3), 1)"": 1722, ""((2, 3), 2)"": 1455, ""((2, 3), 3)"": 1256, ""((3, 3), 0)"": 5361, ""((3, 3), 1)"": 3131, ""((3, 3), 2)"": 2213, ""((3, 3), 3)"": 129}, ""degree_pair_exact"": true, ""matched_edge_count_per_control"": 19064, ""matching_method"": ""integral max-flow with exact endpoint-degree-quantile-pair and base normalized edge-weight quantile marginals"", ""shortages"": {}, ""status"": ""MATCHED"", ""target_degree_pair_marginal"": ""{(2, 3): 4433, (1, 2): 527, (2, 2): 734, (0, 3): 540, (1, 1): 135, (1, 3): 1459, (3, 3): 10834, (0, 0): 47, (0, 2): 234, (0, 1): 121}"", ""target_edge_count"": 19064, ""target_weight_quantile_marginal"": ""{3: 4140, 2: 4710, 1: 4853, 0: 5361}"", ""verified_exact_marginals"": true, ""weight_quantile_exact"": true}",frozen graph intervention; FIXED_NORM_MASK is not retrained valid-operator performance
Grocery,42,gpr,semantic_q2,FIXED_NORM_MASK,19759,-0.01405563689604683,-0.013643541602419984,-0.004215538501739502,-1.3773019313812256,20,-0.011039674282073975,0.006355672348980548,0.006824135780334473,-0.013323572474377732,MATCHED,"{""allocated_cells"": 17, ""allocation"": {""((0, 0), 3)"": 67, ""((0, 1), 3)"": 198, ""((0, 2), 3)"": 274, ""((0, 3), 2)"": 268, ""((0, 3), 3)"": 254, ""((1, 1), 3)"": 198, ""((1, 2), 3)"": 775, ""((1, 3), 2)"": 496, ""((1, 3), 3)"": 827, ""((2, 2), 3)"": 994, ""((2, 3), 1)"": 1671, ""((2, 3), 2)"": 1439, ""((2, 3), 3)"": 1510, ""((3, 3), 0)"": 4753, ""((3, 3), 1)"": 3183, ""((3, 3), 2)"": 2726, ""((3, 3), 3)"": 126}, ""degree_pair_exact"": true, ""matched_edge_count_per_control"": 19759, ""matching_method"": ""integral max-flow with exact endpoint-degree-quantile-pair and base normalized edge-weight quantile marginals"", ""shortages"": {}, ""status"": ""MATCHED"", ""target_degree_pair_marginal"": ""{(1, 3): 1323, (2, 2): 994, (2, 3): 4620, (1, 2): 775, (1, 1): 198, (0, 1): 198, (0, 3): 522, (0, 2): 274, (3, 3): 10788, (0, 0): 67}"", ""target_edge_count"": 19759, ""target_weight_quantile_marginal"": ""{3: 5223, 2: 4929, 1: 4854, 0: 4753}"", ""verified_exact_marginals"": true, ""weight_quantile_exact"": true}",frozen graph intervention; FIXED_NORM_MASK is not retrained valid-operator performance
Grocery,42,gpr,semantic_q2,RENORMALIZED_DELETE,19759,-0.01171303074670571,-0.011967246111068697,0.0754241943359375,-0.07233095169067383,20,0.08424286544322968,0.008392100227236203,-0.008818671107292175,-0.008521229868228397,MATCHED,"{""allocated_cells"": 17, ""allocation"": {""((0, 0), 3)"": 67, ""((0, 1), 3)"": 198, ""((0, 2), 3)"": 274, ""((0, 3), 2)"": 268, ""((0, 3), 3)"": 254, ""((1, 1), 3)"": 198, ""((1, 2), 3)"": 775, ""((1, 3), 2)"": 496, ""((1, 3), 3)"": 827, ""((2, 2), 3)"": 994, ""((2, 3), 1)"": 1671, ""((2, 3), 2)"": 1439, ""((2, 3), 3)"": 1510, ""((3, 3), 0)"": 4753, ""((3, 3), 1)"": 3183, ""((3, 3), 2)"": 2726, ""((3, 3), 3)"": 126}, ""degree_pair_exact"": true, ""matched_edge_count_per_control"": 19759, ""matching_method"": ""integral max-flow with exact endpoint-degree-quantile-pair and base normalized edge-weight quantile marginals"", ""shortages"": {}, ""status"": ""MATCHED"", ""target_degree_pair_marginal"": ""{(1, 3): 1323, (2, 2): 994, (2, 3): 4620, (1, 2): 775, (1, 1): 198, (0, 1): 198, (0, 3): 522, (0, 2): 274, (3, 3): 10788, (0, 0): 67}"", ""target_edge_count"": 19759, ""target_weight_quantile_marginal"": ""{3: 5223, 2: 4929, 1: 4854, 0: 4753}"", ""verified_exact_marginals"": true, ""weight_quantile_exact"": true}",frozen graph intervention; FIXED_NORM_MASK is not retrained valid-operator performance
Grocery,42,gpr,semantic_q3,FIXED_NORM_MASK,15186,-0.008199121522693975,-0.0032736435392873853,-0.01745682954788208,-1.2745308876037598,20,-0.010635390877723694,0.0037659754152045777,-0.006821438670158386,-0.017218155197657375,MATCHED,"{""allocated_cells"": 17, ""allocation"": {""((0, 0), 3)"": 143, ""((0, 1), 3)"": 244, ""((0, 2), 3)"": 268, ""((0, 3), 2)"": 103, ""((0, 3), 3)"": 285, ""((1, 1), 3)"": 321, ""((1, 2), 3)"": 851, ""((1, 3), 2)"": 93, ""((1, 3), 3)"": 914, ""((2, 2), 3)"": 1081, ""((2, 3), 1)"": 2258, ""((2, 3), 2)"": 193, ""((2, 3), 3)"": 1062, ""((3, 3), 0)"": 2641, ""((3, 3), 1)"": 1084, ""((3, 3), 2)"": 3524, ""((3, 3), 3)"": 121}, ""degree_pair_exact"": true, ""matched_edge_count_per_control"": 15186, ""matching_method"": ""integral max-flow with exact endpoint-degree-quantile-pair and base normalized edge-weight quantile marginals"", ""shortages"": {}, ""status"": ""MATCHED"", ""target_degree_pair_marginal"": ""{(2, 3): 3513, (0, 2): 268, (0, 0): 143, (2, 2): 1081, (0, 3): 388, (1, 3): 1007, (1, 1): 321, (1, 2): 851, (0, 1): 244, (3, 3): 7370}"", ""target_edge_count"": 15186, ""target_weight_quantile_marginal"": ""{2: 3913, 3: 5290, 1: 3342, 0: 2641}"", ""verified_exact_marginals"": true, ""weight_quantile_exact"": true}",frozen graph intervention; FIXED_NORM_MASK is not retrained valid-operator performance
Grocery,42,gpr,semantic_q3,RENORMALIZED_DELETE,15186,-0.010541727672035095,-0.008649706495995502,0.048855602741241455,-0.08531570434570312,20,0.09282143115997314,0.008327663986367898,-0.04396582841873169,-0.012547584187408473,MATCHED,"{""allocated_cells"": 17, ""allocation"": {""((0, 0), 3)"": 143, ""((0, 1), 3)"": 244, ""((0, 2), 3)"": 268, ""((0, 3), 2)"": 103, ""((0, 3), 3)"": 285, ""((1, 1), 3)"": 321, ""((1, 2), 3)"": 851, ""((1, 3), 2)"": 93, ""((1, 3), 3)"": 914, ""((2, 2), 3)"": 1081, ""((2, 3), 1)"": 2258, ""((2, 3), 2)"": 193, ""((2, 3), 3)"": 1062, ""((3, 3), 0)"": 2641, ""((3, 3), 1)"": 1084, ""((3, 3), 2)"": 3524, ""((3, 3), 3)"": 121}, ""degree_pair_exact"": true, ""matched_edge_count_per_control"": 15186, ""matching_method"": ""integral max-flow with exact endpoint-degree-quantile-pair and base normalized edge-weight quantile marginals"", ""shortages"": {}, ""status"": ""MATCHED"", ""target_degree_pair_marginal"": ""{(2, 3): 3513, (0, 2): 268, (0, 0): 143, (2, 2): 1081, (0, 3): 388, (1, 3): 1007, (1, 1): 321, (1, 2): 851, (0, 1): 244, (3, 3): 7370}"", ""target_edge_count"": 15186, ""target_weight_quantile_marginal"": ""{2: 3913, 3: 5290, 1: 3342, 0: 2641}"", ""verified_exact_marginals"": true, ""weight_quantile_exact"": true}",frozen graph intervention; FIXED_NORM_MASK is not retrained valid-operator performance
Grocery,43,uniform,semantic_q0,FIXED_NORM_MASK,18029,-0.012298682284040963,-0.02572341161224001,0.039172589778900146,-0.47652244567871094,20,0.03006226718425751,0.0025390737848050324,0.009110322594642638,-0.005241581259150818,MATCHED,"{""allocated_cells"": 17, ""allocation"": {""((0, 0), 3)"": 32, ""((0, 1), 3)"": 83, ""((0, 2), 3)"": 184, ""((0, 3), 2)"": 233, ""((0, 3), 3)"": 448, ""((1, 1), 3)"": 97, ""((1, 2), 3)"": 388, ""((1, 3), 2)"": 1009, ""((1, 3), 3)"": 741, ""((2, 2), 3)"": 582, ""((2, 3), 1)"": 2023, ""((2, 3), 2)"": 1756, ""((2, 3), 3)"": 637, ""((3, 3), 0)"": 5175, ""((3, 3), 1)"": 3058, ""((3, 3), 2)"": 1448, ""((3, 3), 3)"": 135}, ""degree_pair_exact"": true, ""matched_edge_count_per_control"": 18029, ""matching_method"": ""integral max-flow with exact endpoint-degree-quantile-pair and base normalized edge-weight quantile marginals"", ""shortages"": {}, ""status"": ""MATCHED"", ""target_degree_pair_marginal"": ""{(0, 1): 83, (1, 3): 1750, (2, 3): 4416, (1, 2): 388, (0, 2): 184, (2, 2): 582, (3, 3): 9816, (0, 3): 681, (1, 1): 97, (0, 0): 32}"", ""target_edge_count"": 18029, ""target_weight_quantile_marginal"": ""{3: 3327, 1: 5081, 2: 4446, 0: 5175}"", ""verified_exact_marginals"": true, ""weight_quantile_exact"": true}",frozen graph intervention; FIXED_NORM_MASK is not retrained valid-operator performance
Grocery,43,uniform,semantic_q0,RENORMALIZED_DELETE,18029,-0.014348462664714567,-0.025591762094797188,0.05666050314903259,0.6072773933410645,20,0.026329296827316283,0.002917209796001849,0.03033120632171631,-0.007554904831625203,MATCHED,"{""allocated_cells"": 17, ""allocation"": {""((0, 0), 3)"": 32, ""((0, 1), 3)"": 83, ""((0, 2), 3)"": 184, ""((0, 3), 2)"": 233, ""((0, 3), 3)"": 448, ""((1, 1), 3)"": 97, ""((1, 2), 3)"": 388, ""((1, 3), 2)"": 1009, ""((1, 3), 3)"": 741, ""((2, 2), 3)"": 582, ""((2, 3), 1)"": 2023, ""((2, 3), 2)"": 1756, ""((2, 3), 3)"": 637, ""((3, 3), 0)"": 5175, ""((3, 3), 1)"": 3058, ""((3, 3), 2)"": 1448, ""((3, 3), 3)"": 135}, ""degree_pair_exact"": true, ""matched_edge_count_per_control"": 18029, ""matching_method"": ""integral max-flow with exact endpoint-degree-quantile-pair and base normalized edge-weight quantile marginals"", ""shortages"": {}, ""status"": ""MATCHED"", ""target_degree_pair_marginal"": ""{(0, 1): 83, (1, 3): 1750, (2, 3): 4416, (1, 2): 388, (0, 2): 184, (2, 2): 582, (3, 3): 9816, (0, 3): 681, (1, 1): 97, (0, 0): 32}"", ""target_edge_count"": 18029, ""target_weight_quantile_marginal"": ""{3: 3327, 1: 5081, 2: 4446, 0: 5175}"", ""verified_exact_marginals"": true, ""weight_quantile_exact"": true}",frozen graph intervention; FIXED_NORM_MASK is not retrained valid-operator performance
Grocery,43,uniform,semantic_q1,FIXED_NORM_MASK,18213,-0.007027818448023471,-0.002762009503259333,0.04395511746406555,-0.8885197639465332,20,0.020886357128620147,0.0032254412955737516,0.023068760335445405,-0.002342606149341159,MATCHED,"{""allocated_cells"": 17, ""allocation"": {""((0, 0), 3)"": 44, ""((0, 1), 3)"": 112, ""((0, 2), 3)"": 216, ""((0, 3), 2)"": 283, ""((0, 3), 3)"": 221, ""((1, 1), 3)"": 133, ""((1, 2), 3)"": 511, ""((1, 3), 2)"": 621, ""((1, 3), 3)"": 753, ""((2, 2), 3)"": 704, ""((2, 3), 1)"": 1997, ""((2, 3), 2)"": 1105, ""((2, 3), 3)"": 1097, ""((3, 3), 0)"": 5133, ""((3, 3), 1)"": 2607, ""((3, 3), 2)"": 2541, ""((3, 3), 3)"": 135}, ""degree_pair_exact"": true, ""matched_edge_count_per_control"": 18213, ""matching_method"": ""integral max-flow with exact endpoint-degree-quantile-pair and base normalized edge-weight quantile marginals"", ""shortages"": {}, ""status"": ""MATCHED"", ""target_degree_pair_marginal"": ""{(2, 3): 4199, (2, 2): 704, (0, 3): 504, (1, 1): 133, (1, 3): 1374, (0, 0): 44, (0, 2): 216, (3, 3): 10416, (0, 1): 112, (1, 2): 511}"", ""target_edge_count"": 18213, ""target_weight_quantile_marginal"": ""{3: 3926, 2: 4550, 1: 4604, 0: 5133}"", ""verified_exact_marginals"": true, ""weight_quantile_exact"": true}",frozen graph intervention; FIXED_NORM_MASK is not retrained valid-operator performance
Grocery,43,uniform,semantic_q1,RENORMALIZED_DELETE,18213,-0.007613469985358723,-0.006569709904124088,0.03138023614883423,0.09437799453735352,20,0.02065719962120056,0.0038486263218130835,0.010723036527633668,-0.004480234260614951,MATCHED,"{""allocated_cells"": 17, ""allocation"": {""((0, 0), 3)"": 44, ""((0, 1), 3)"": 112, ""((0, 2), 3)"": 216, ""((0, 3), 2)"": 283, ""((0, 3), 3)"": 221, ""((1, 1), 3)"": 133, ""((1, 2), 3)"": 511, ""((1, 3), 2)"": 621, ""((1, 3), 3)"": 753, ""((2, 2), 3)"": 704, ""((2, 3), 1)"": 1997, ""((2, 3), 2)"": 1105, ""((2, 3), 3)"": 1097, ""((3, 3), 0)"": 5133, ""((3, 3), 1)"": 2607, ""((3, 3), 2)"": 2541, ""((3, 3), 3)"": 135}, ""degree_pair_exact"": true, ""matched_edge_count_per_control"": 18213, ""matching_method"": ""integral max-flow with exact endpoint-degree-quantile-pair and base normalized edge-weight quantile marginals"", ""shortages"": {}, ""status"": ""MATCHED"", ""target_degree_pair_marginal"": ""{(2, 3): 4199, (2, 2): 704, (0, 3): 504, (1, 1): 133, (1, 3): 1374, (0, 0): 44, (0, 2): 216, (3, 3): 10416, (0, 1): 112, (1, 2): 511}"", ""target_edge_count"": 18213, ""target_weight_quantile_marginal"": ""{3: 3926, 2: 4550, 1: 4604, 0: 5133}"", ""verified_exact_marginals"": true, ""weight_quantile_exact"": true}",frozen graph intervention; FIXED_NORM_MASK is not retrained valid-operator performance
Grocery,43,uniform,semantic_q2,FIXED_NORM_MASK,19802,-0.01171303074670571,-0.009679571766352257,0.046317994594573975,-1.3179864883422852,20,0.036528632044792175,0.0028354191573624235,0.0097893625497818,-0.005300146412884355,MATCHED,"{""allocated_cells"": 17, ""allocation"": {""((0, 0), 3)"": 79, ""((0, 1), 3)"": 191, ""((0, 2), 3)"": 262, ""((0, 3), 2)"": 278, ""((0, 3), 3)"": 260, ""((1, 1), 3)"": 218, ""((1, 2), 3)"": 761, ""((1, 3), 2)"": 519, ""((1, 3), 3)"": 830, ""((2, 2), 3)"": 1021, ""((2, 3), 1)"": 1557, ""((2, 3), 2)"": 1484, ""((2, 3), 3)"": 1582, ""((3, 3), 0)"": 4820, ""((3, 3), 1)"": 3202, ""((3, 3), 2)"": 2617, ""((3, 3), 3)"": 121}, ""degree_pair_exact"": true, ""matched_edge_count_per_control"": 19802, ""matching_method"": ""integral max-flow with exact endpoint-degree-quantile-pair and base normalized edge-weight quantile marginals"", ""shortages"": {}, ""status"": ""MATCHED"", ""target_degree_pair_marginal"": ""{(1, 3): 1349, (2, 3): 4623, (1, 2): 761, (1, 1): 218, (0, 1): 191, (2, 2): 1021, (3, 3): 10760, (0, 3): 538, (0, 2): 262, (0, 0): 79}"", ""target_edge_count"": 19802, ""target_weight_quantile_marginal"": ""{3: 5325, 2: 4898, 1: 4759, 0: 4820}"", ""verified_exact_marginals"": true, ""weight_quantile_exact"": true}",frozen graph intervention; FIXED_NORM_MASK is not retrained valid-operator performance
Grocery,43,uniform,semantic_q2,RENORMALIZED_DELETE,19802,-0.009077598828696964,-0.006321315237289182,0.04279828071594238,-0.043482303619384766,20,0.030007654428482057,0.0051103547303888875,0.012790626287460326,-0.006588579795021987,MATCHED,"{""allocated_cells"": 17, ""allocation"": {""((0, 0), 3)"": 79, ""((0, 1), 3)"": 191, ""((0, 2), 3)"": 262, ""((0, 3), 2)"": 278, ""((0, 3), 3)"": 260, ""((1, 1), 3)"": 218, ""((1, 2), 3)"": 761, ""((1, 3), 2)"": 519, ""((1, 3), 3)"": 830, ""((2, 2), 3)"": 1021, ""((2, 3), 1)"": 1557, ""((2, 3), 2)"": 1484, ""((2, 3), 3)"": 1582, ""((3, 3), 0)"": 4820, ""((3, 3), 1)"": 3202, ""((3, 3), 2)"": 2617, ""((3, 3), 3)"": 121}, ""degree_pair_exact"": true, ""matched_edge_count_per_control"": 19802, ""matching_method"": ""integral max-flow with exact endpoint-degree-quantile-pair and base normalized edge-weight quantile marginals"", ""shortages"": {}, ""status"": ""MATCHED"", ""target_degree_pair_marginal"": ""{(1, 3): 1349, (2, 3): 4623, (1, 2): 761, (1, 1): 218, (0, 1): 191, (2, 2): 1021, (3, 3): 10760, (0, 3): 538, (0, 2): 262, (0, 0): 79}"", ""target_edge_count"": 19802, ""target_weight_quantile_marginal"": ""{3: 5325, 2: 4898, 1: 4759, 0: 4820}"", ""verified_exact_marginals"": true, ""weight_quantile_exact"": true}",frozen graph intervention; FIXED_NORM_MASK is not retrained valid-operator performance
Grocery,43,uniform,semantic_q3,FIXED_NORM_MASK,15087,-0.0017569546120058677,-0.0017190743624391214,0.028422176837921143,-1.1996972560882568,20,0.03807548880577087,0.0025101306681044014,-0.009653311967849729,-0.009868228404099583,MATCHED,"{""allocated_cells"": 17, ""allocation"": {""((0, 0), 3)"": 137, ""((0, 1), 3)"": 251, ""((0, 2), 3)"": 277, ""((0, 3), 2)"": 98, ""((0, 3), 3)"": 283, ""((1, 1), 3)"": 294, ""((1, 2), 3)"": 837, ""((1, 3), 2)"": 85, ""((1, 3), 3)"": 894, ""((2, 2), 3)"": 1029, ""((2, 3), 1)"": 2388, ""((2, 3), 2)"": 106, ""((2, 3), 3)"": 1000, ""((3, 3), 0)"": 2681, ""((3, 3), 1)"": 1006, ""((3, 3), 2)"": 3599, ""((3, 3), 3)"": 122}, ""degree_pair_exact"": true, ""matched_edge_count_per_control"": 15087, ""matching_method"": ""integral max-flow with exact endpoint-degree-quantile-pair and base normalized edge-weight quantile marginals"", ""shortages"": {}, ""status"": ""MATCHED"", ""target_degree_pair_marginal"": ""{(2, 2): 1029, (0, 2): 277, (0, 0): 137, (2, 3): 3494, (0, 3): 381, (1, 3): 979, (1, 1): 294, (1, 2): 837, (3, 3): 7408, (0, 1): 251}"", ""target_edge_count"": 15087, ""target_weight_quantile_marginal"": ""{3: 5124, 2: 3888, 1: 3394, 0: 2681}"", ""verified_exact_marginals"": true, ""weight_quantile_exact"": true}",frozen graph intervention; FIXED_NORM_MASK is not retrained valid-operator performance
Grocery,43,uniform,semantic_q3,RENORMALIZED_DELETE,15087,-0.0038067349926793614,-0.004597025083679984,0.018530160188674927,-0.06867027282714844,20,0.04137585014104843,0.0028522304725143123,-0.022845689952373502,-0.009692532942899002,MATCHED,"{""allocated_cells"": 17, ""allocation"": {""((0, 0), 3)"": 137, ""((0, 1), 3)"": 251, ""((0, 2), 3)"": 277, ""((0, 3), 2)"": 98, ""((0, 3), 3)"": 283, ""((1, 1), 3)"": 294, ""((1, 2), 3)"": 837, ""((1, 3), 2)"": 85, ""((1, 3), 3)"": 894, ""((2, 2), 3)"": 1029, ""((2, 3), 1)"": 2388, ""((2, 3), 2)"": 106, ""((2, 3), 3)"": 1000, ""((3, 3), 0)"": 2681, ""((3, 3), 1)"": 1006, ""((3, 3), 2)"": 3599, ""((3, 3), 3)"": 122}, ""degree_pair_exact"": true, ""matched_edge_count_per_control"": 15087, ""matching_method"": ""integral max-flow with exact endpoint-degree-quantile-pair and base normalized edge-weight quantile marginals"", ""shortages"": {}, ""status"": ""MATCHED"", ""target_degree_pair_marginal"": ""{(2, 2): 1029, (0, 2): 277, (0, 0): 137, (2, 3): 3494, (0, 3): 381, (1, 3): 979, (1, 1): 294, (1, 2): 837, (3, 3): 7408, (0, 1): 251}"", ""target_edge_count"": 15087, ""target_weight_quantile_marginal"": ""{3: 5124, 2: 3888, 1: 3394, 0: 2681}"", ""verified_exact_marginals"": true, ""weight_quantile_exact"": true}",frozen graph intervention; FIXED_NORM_MASK is not retrained valid-operator performance
Grocery,43,gpr,semantic_q0,FIXED_NORM_MASK,17875,-0.01405563689604683,-0.025653912673067936,0.042997121810913086,-0.4058060646057129,20,0.035748064517974854,0.0026815939539293577,0.007249057292938232,-0.004055636896046833,MATCHED,"{""allocated_cells"": 17, ""allocation"": {""((0, 0), 3)"": 33, ""((0, 1), 3)"": 82, ""((0, 2), 3)"": 183, ""((0, 3), 2)"": 234, ""((0, 3), 3)"": 435, ""((1, 1), 3)"": 90, ""((1, 2), 3)"": 374, ""((1, 3), 2)"": 1004, ""((1, 3), 3)"": 737, ""((2, 2), 3)"": 563, ""((2, 3), 1)"": 2033, ""((2, 3), 2)"": 1699, ""((2, 3), 3)"": 633, ""((3, 3), 0)"": 5171, ""((3, 3), 1)"": 2987, ""((3, 3), 2)"": 1486, ""((3, 3), 3)"": 131}, ""degree_pair_exact"": true, ""matched_edge_count_per_control"": 17875, ""matching_method"": ""integral max-flow with exact endpoint-degree-quantile-pair and base normalized edge-weight quantile marginals"", ""shortages"": {}, ""status"": ""MATCHED"", ""target_degree_pair_marginal"": ""{(0, 1): 82, (1, 3): 1741, (2, 3): 4365, (1, 2): 374, (0, 2): 183, (0, 3): 669, (2, 2): 563, (3, 3): 9775, (1, 1): 90, (0, 0): 33}"", ""target_edge_count"": 17875, ""target_weight_quantile_marginal"": ""{3: 3261, 1: 5020, 2: 4423, 0: 5171}"", ""verified_exact_marginals"": true, ""weight_quantile_exact"": true}",frozen graph intervention; FIXED_NORM_MASK is not retrained valid-operator performance
Grocery,43,gpr,semantic_q0,RENORMALIZED_DELETE,17875,-0.01405563689604683,-0.0205658351021486,0.04716134071350098,0.522036075592041,20,0.02617156207561493,0.003563227604032772,0.020989778637886047,-0.005724743777452401,MATCHED,"{""allocated_cells"": 17, ""allocation"": {""((0, 0), 3)"": 33, ""((0, 1), 3)"": 82, ""((0, 2), 3)"": 183, ""((0, 3), 2)"": 234, ""((0, 3), 3)"": 435, ""((1, 1), 3)"": 90, ""((1, 2), 3)"": 374, ""((1, 3), 2)"": 1004, ""((1, 3), 3)"": 737, ""((2, 2), 3)"": 563, ""((2, 3), 1)"": 2033, ""((2, 3), 2)"": 1699, ""((2, 3), 3)"": 633, ""((3, 3), 0)"": 5171, ""((3, 3), 1)"": 2987, ""((3, 3), 2)"": 1486, ""((3, 3), 3)"": 131}, ""degree_pair_exact"": true, ""matched_edge_count_per_control"": 17875, ""matching_method"": ""integral max-flow with exact endpoint-degree-quantile-pair and base normalized edge-weight quantile marginals"", ""shortages"": {}, ""status"": ""MATCHED"", ""target_degree_pair_marginal"": ""{(0, 1): 82, (1, 3): 1741, (2, 3): 4365, (1, 2): 374, (0, 2): 183, (0, 3): 669, (2, 2): 563, (3, 3): 9775, (1, 1): 90, (0, 0): 33}"", ""target_edge_count"": 17875, ""target_weight_quantile_marginal"": ""{3: 3261, 1: 5020, 2: 4423, 0: 5171}"", ""verified_exact_marginals"": true, ""weight_quantile_exact"": true}",frozen graph intervention; FIXED_NORM_MASK is not retrained valid-operator performance
Grocery,43,gpr,semantic_q1,FIXED_NORM_MASK,18562,-0.008491947291361601,-0.009635464946256445,0.05044868588447571,-0.7782204151153564,20,0.03163311630487442,0.0020009927960854394,0.018815569579601288,-0.003631039531478758,MATCHED,"{""allocated_cells"": 17, ""allocation"": {""((0, 0), 3)"": 49, ""((0, 1), 3)"": 106, ""((0, 2), 3)"": 206, ""((0, 3), 2)"": 313, ""((0, 3), 3)"": 214, ""((1, 1), 3)"": 151, ""((1, 2), 3)"": 526, ""((1, 3), 2)"": 650, ""((1, 3), 3)"": 727, ""((2, 2), 3)"": 721, ""((2, 3), 1)"": 1933, ""((2, 3), 2)"": 1166, ""((2, 3), 3)"": 1156, ""((3, 3), 0)"": 5211, ""((3, 3), 1)"": 2792, ""((3, 3), 2)"": 2504, ""((3, 3), 3)"": 137}, ""degree_pair_exact"": true, ""matched_edge_count_per_control"": 18562, ""matching_method"": ""integral max-flow with exact endpoint-degree-quantile-pair and base normalized edge-weight quantile marginals"", ""shortages"": {}, ""status"": ""MATCHED"", ""target_degree_pair_marginal"": ""{(2, 3): 4255, (1, 3): 1377, (2, 2): 721, (1, 1): 151, (0, 0): 49, (0, 2): 206, (3, 3): 10644, (0, 1): 106, (0, 3): 527, (1, 2): 526}"", ""target_edge_count"": 18562, ""target_weight_quantile_marginal"": ""{3: 3993, 2: 4633, 1: 4725, 0: 5211}"", ""verified_exact_marginals"": true, ""weight_quantile_exact"": true}",frozen graph intervention; FIXED_NORM_MASK is not retrained valid-operator performance
Grocery,43,gpr,semantic_q1,RENORMALIZED_DELETE,18562,-0.007906295754026349,-0.007272072293833087,0.030314326286315918,0.08574533462524414,20,0.02183920294046402,0.0032843372948593284,0.008475123345851897,-0.005534407027818433,MATCHED,"{""allocated_cells"": 17, ""allocation"": {""((0, 0), 3)"": 49, ""((0, 1), 3)"": 106, ""((0, 2), 3)"": 206, ""((0, 3), 2)"": 313, ""((0, 3), 3)"": 214, ""((1, 1), 3)"": 151, ""((1, 2), 3)"": 526, ""((1, 3), 2)"": 650, ""((1, 3), 3)"": 727, ""((2, 2), 3)"": 721, ""((2, 3), 1)"": 1933, ""((2, 3), 2)"": 1166, ""((2, 3), 3)"": 1156, ""((3, 3), 0)"": 5211, ""((3, 3), 1)"": 2792, ""((3, 3), 2)"": 2504, ""((3, 3), 3)"": 137}, ""degree_pair_exact"": true, ""matched_edge_count_per_control"": 18562, ""matching_method"": ""integral max-flow with exact endpoint-degree-quantile-pair and base normalized edge-weight quantile marginals"", ""shortages"": {}, ""status"": ""MATCHED"", ""target_degree_pair_marginal"": ""{(2, 3): 4255, (1, 3): 1377, (2, 2): 721, (1, 1): 151, (0, 0): 49, (0, 2): 206, (3, 3): 10644, (0, 1): 106, (0, 3): 527, (1, 2): 526}"", ""target_edge_count"": 18562, ""target_weight_quantile_marginal"": ""{3: 3993, 2: 4633, 1: 4725, 0: 5211}"", ""verified_exact_marginals"": true, ""weight_quantile_exact"": true}",frozen graph intervention; FIXED_NORM_MASK is not retrained valid-operator performance
Grocery,43,gpr,semantic_q2,FIXED_NORM_MASK,19804,-0.007613469985358723,-0.007656149844807003,0.05527406930923462,-1.1291732788085938,20,0.04510329961776734,0.003677524282093016,0.010170769691467282,-0.007891654465592974,MATCHED,"{""allocated_cells"": 17, ""allocation"": {""((0, 0), 3)"": 72, ""((0, 1), 3)"": 196, ""((0, 2), 3)"": 271, ""((0, 3), 2)"": 277, ""((0, 3), 3)"": 261, ""((1, 1), 3)"": 210, ""((1, 2), 3)"": 753, ""((1, 3), 2)"": 519, ""((1, 3), 3)"": 839, ""((2, 2), 3)"": 1005, ""((2, 3), 1)"": 1513, ""((2, 3), 2)"": 1558, ""((2, 3), 3)"": 1610, ""((3, 3), 0)"": 4790, ""((3, 3), 1)"": 3253, ""((3, 3), 2)"": 2556, ""((3, 3), 3)"": 121}, ""degree_pair_exact"": true, ""matched_edge_count_per_control"": 19804, ""matching_method"": ""integral max-flow with exact endpoint-degree-quantile-pair and base normalized edge-weight quantile marginals"", ""shortages"": {}, ""status"": ""MATCHED"", ""target_degree_pair_marginal"": ""{(1, 3): 1358, (2, 3): 4681, (1, 2): 753, (1, 1): 210, (0, 1): 196, (2, 2): 1005, (0, 3): 538, (3, 3): 10720, (0, 2): 271, (0, 0): 72}"", ""target_edge_count"": 19804, ""target_weight_quantile_marginal"": ""{2: 4910, 3: 5338, 1: 4766, 0: 4790}"", ""verified_exact_marginals"": true, ""weight_quantile_exact"": true}",frozen graph intervention; FIXED_NORM_MASK is not retrained valid-operator performance
Grocery,43,gpr,semantic_q2,RENORMALIZED_DELETE,19804,-0.008491947291361601,-0.007475310922293921,0.04513305425643921,-0.023987293243408203,20,0.028521767258644103,0.004218620040004789,0.016611286997795106,-0.0074816983894582635,MATCHED,"{""allocated_cells"": 17, ""allocation"": {""((0, 0), 3)"": 72, ""((0, 1), 3)"": 196, ""((0, 2), 3)"": 271, ""((0, 3), 2)"": 277, ""((0, 3), 3)"": 261, ""((1, 1), 3)"": 210, ""((1, 2), 3)"": 753, ""((1, 3), 2)"": 519, ""((1, 3), 3)"": 839, ""((2, 2), 3)"": 1005, ""((2, 3), 1)"": 1513, ""((2, 3), 2)"": 1558, ""((2, 3), 3)"": 1610, ""((3, 3), 0)"": 4790, ""((3, 3), 1)"": 3253, ""((3, 3), 2)"": 2556, ""((3, 3), 3)"": 121}, ""degree_pair_exact"": true, ""matched_edge_count_per_control"": 19804, ""matching_method"": ""integral max-flow with exact endpoint-degree-quantile-pair and base normalized edge-weight quantile marginals"", ""shortages"": {}, ""status"": ""MATCHED"", ""target_degree_pair_marginal"": ""{(1, 3): 1358, (2, 3): 4681, (1, 2): 753, (1, 1): 210, (0, 1): 196, (2, 2): 1005, (0, 3): 538, (3, 3): 10720, (0, 2): 271, (0, 0): 72}"", ""target_edge_count"": 19804, ""target_weight_quantile_marginal"": ""{2: 4910, 3: 5338, 1: 4766, 0: 4790}"", ""verified_exact_marginals"": true, ""weight_quantile_exact"": true}",frozen graph intervention; FIXED_NORM_MASK is not retrained valid-operator performance
Grocery,43,gpr,semantic_q3,FIXED_NORM_MASK,14890,-0.002928257686676372,-0.0021348984945683824,0.03945857286453247,-1.0424225330352783,20,0.04568284600973129,0.0036928785871108098,-0.006224273145198821,-0.011112737920937022,MATCHED,"{""allocated_cells"": 18, ""allocation"": {""((0, 0), 3)"": 138, ""((0, 1), 3)"": 253, ""((0, 2), 3)"": 279, ""((0, 3), 2)"": 88, ""((0, 3), 3)"": 282, ""((1, 1), 3)"": 291, ""((1, 2), 3)"": 844, ""((1, 3), 1)"": 33, ""((1, 3), 2)"": 82, ""((1, 3), 3)"": 861, ""((2, 2), 3)"": 1047, ""((2, 3), 1)"": 2331, ""((2, 3), 2)"": 109, ""((2, 3), 3)"": 991, ""((3, 3), 0)"": 2637, ""((3, 3), 1)"": 963, ""((3, 3), 2)"": 3537, ""((3, 3), 3)"": 124}, ""degree_pair_exact"": true, ""matched_edge_count_per_control"": 14890, ""matching_method"": ""integral max-flow with exact endpoint-degree-quantile-pair and base normalized edge-weight quantile marginals"", ""shortages"": {}, ""status"": ""MATCHED"", ""target_degree_pair_marginal"": ""{(2, 2): 1047, (0, 2): 279, (0, 0): 138, (2, 3): 3431, (1, 3): 976, (1, 1): 291, (1, 2): 844, (0, 3): 370, (3, 3): 7261, (0, 1): 253}"", ""target_edge_count"": 14890, ""target_weight_quantile_marginal"": ""{3: 5110, 2: 3816, 1: 3327, 0: 2637}"", ""verified_exact_marginals"": true, ""weight_quantile_exact"": true}",frozen graph intervention; FIXED_NORM_MASK is not retrained valid-operator performance
Grocery,43,gpr,semantic_q3,RENORMALIZED_DELETE,14890,-0.005856515373352855,-0.006486687278489001,0.017589062452316284,-0.049437522888183594,20,0.039454351365566256,0.004310354956896168,-0.021865288913249972,-0.01062957540263541,MATCHED,"{""allocated_cells"": 18, ""allocation"": {""((0, 0), 3)"": 138, ""((0, 1), 3)"": 253, ""((0, 2), 3)"": 279, ""((0, 3), 2)"": 88, ""((0, 3), 3)"": 282, ""((1, 1), 3)"": 291, ""((1, 2), 3)"": 844, ""((1, 3), 1)"": 33, ""((1, 3), 2)"": 82, ""((1, 3), 3)"": 861, ""((2, 2), 3)"": 1047, ""((2, 3), 1)"": 2331, ""((2, 3), 2)"": 109, ""((2, 3), 3)"": 991, ""((3, 3), 0)"": 2637, ""((3, 3), 1)"": 963, ""((3, 3), 2)"": 3537, ""((3, 3), 3)"": 124}, ""degree_pair_exact"": true, ""matched_edge_count_per_control"": 14890, ""matching_method"": ""integral max-flow with exact endpoint-degree-quantile-pair and base normalized edge-weight quantile marginals"", ""shortages"": {}, ""status"": ""MATCHED"", ""target_degree_pair_marginal"": ""{(2, 2): 1047, (0, 2): 279, (0, 0): 138, (2, 3): 3431, (1, 3): 976, (1, 1): 291, (1, 2): 844, (0, 3): 370, (3, 3): 7261, (0, 1): 253}"", ""target_edge_count"": 14890, ""target_weight_quantile_marginal"": ""{3: 5110, 2: 3816, 1: 3327, 0: 2637}"", ""verified_exact_marginals"": true, ""weight_quantile_exact"": true}",frozen graph intervention; FIXED_NORM_MASK is not retrained valid-operator performance
Grocery,44,uniform,semantic_q0,FIXED_NORM_MASK,18237,-0.016691068814055687,-0.018249607201605844,0.03498262166976929,-0.5278196334838867,20,0.009625773131847381,0.0020795287558524073,0.025356848537921906,-0.0014934114202050318,MATCHED,"{""allocated_cells"": 17, ""allocation"": {""((0, 0), 3)"": 30, ""((0, 1), 3)"": 85, ""((0, 2), 3)"": 190, ""((0, 3), 2)"": 228, ""((0, 3), 3)"": 478, ""((1, 1), 3)"": 97, ""((1, 2), 3)"": 360, ""((1, 3), 2)"": 1012, ""((1, 3), 3)"": 758, ""((2, 2), 3)"": 555, ""((2, 3), 1)"": 2082, ""((2, 3), 2)"": 1780, ""((2, 3), 3)"": 536, ""((3, 3), 0)"": 5395, ""((3, 3), 1)"": 3078, ""((3, 3), 2)"": 1437, ""((3, 3), 3)"": 136}, ""degree_pair_exact"": true, ""matched_edge_count_per_control"": 18237, ""matching_method"": ""integral max-flow with exact endpoint-degree-quantile-pair and base normalized edge-weight quantile marginals"", ""shortages"": {}, ""status"": ""MATCHED"", ""target_degree_pair_marginal"": ""{(0, 1): 85, (1, 3): 1770, (2, 3): 4398, (1, 2): 360, (0, 2): 190, (0, 3): 706, (2, 2): 555, (3, 3): 10046, (1, 1): 97, (0, 0): 30}"", ""target_edge_count"": 18237, ""target_weight_quantile_marginal"": ""{3: 3225, 1: 5160, 2: 4457, 0: 5395}"", ""verified_exact_marginals"": true, ""weight_quantile_exact"": true}",frozen graph intervention; FIXED_NORM_MASK is not retrained valid-operator performance
Grocery,44,uniform,semantic_q0,RENORMALIZED_DELETE,18237,-0.013762811127379315,-0.02046305640319257,0.07298016548156738,0.7458796501159668,20,0.01861792504787445,0.004021085355712847,0.054362240433692935,-0.003718887262079118,MATCHED,"{""allocated_cells"": 17, ""allocation"": {""((0, 0), 3)"": 30, ""((0, 1), 3)"": 85, ""((0, 2), 3)"": 190, ""((0, 3), 2)"": 228, ""((0, 3), 3)"": 478, ""((1, 1), 3)"": 97, ""((1, 2), 3)"": 360, ""((1, 3), 2)"": 1012, ""((1, 3), 3)"": 758, ""((2, 2), 3)"": 555, ""((2, 3), 1)"": 2082, ""((2, 3), 2)"": 1780, ""((2, 3), 3)"": 536, ""((3, 3), 0)"": 5395, ""((3, 3), 1)"": 3078, ""((3, 3), 2)"": 1437, ""((3, 3), 3)"": 136}, ""degree_pair_exact"": true, ""matched_edge_count_per_control"": 18237, ""matching_method"": ""integral max-flow with exact endpoint-degree-quantile-pair and base normalized edge-weight quantile marginals"", ""shortages"": {}, ""status"": ""MATCHED"", ""target_degree_pair_marginal"": ""{(0, 1): 85, (1, 3): 1770, (2, 3): 4398, (1, 2): 360, (0, 2): 190, (0, 3): 706, (2, 2): 555, (3, 3): 10046, (1, 1): 97, (0, 0): 30}"", ""target_edge_count"": 18237, ""target_weight_quantile_marginal"": ""{3: 3225, 1: 5160, 2: 4457, 0: 5395}"", ""verified_exact_marginals"": true, ""weight_quantile_exact"": true}",frozen graph intervention; FIXED_NORM_MASK is not retrained valid-operator performance
Grocery,44,uniform,semantic_q1,FIXED_NORM_MASK,18038,-0.007027818448023471,-0.003926032177827832,0.019944101572036743,-0.9240245819091797,20,0.01020287126302719,0.0028752806375774748,0.009741230309009552,-0.003133235724743849,MATCHED,"{""allocated_cells"": 17, ""allocation"": {""((0, 0), 3)"": 46, ""((0, 1), 3)"": 121, ""((0, 2), 3)"": 210, ""((0, 3), 2)"": 260, ""((0, 3), 3)"": 229, ""((1, 1), 3)"": 126, ""((1, 2), 3)"": 525, ""((1, 3), 2)"": 613, ""((1, 3), 3)"": 750, ""((2, 2), 3)"": 703, ""((2, 3), 1)"": 2004, ""((2, 3), 2)"": 1130, ""((2, 3), 3)"": 1077, ""((3, 3), 0)"": 5055, ""((3, 3), 1)"": 2558, ""((3, 3), 2)"": 2492, ""((3, 3), 3)"": 139}, ""degree_pair_exact"": true, ""matched_edge_count_per_control"": 18038, ""matching_method"": ""integral max-flow with exact endpoint-degree-quantile-pair and base normalized edge-weight quantile marginals"", ""shortages"": {}, ""status"": ""MATCHED"", ""target_degree_pair_marginal"": ""{(2, 2): 703, (1, 3): 1363, (1, 1): 126, (2, 3): 4211, (3, 3): 10244, (0, 0): 46, (0, 2): 210, (0, 1): 121, (0, 3): 489, (1, 2): 525}"", ""target_edge_count"": 18038, ""target_weight_quantile_marginal"": ""{3: 3926, 2: 4495, 1: 4562, 0: 5055}"", ""verified_exact_marginals"": true, ""weight_quantile_exact"": true}",frozen graph intervention; FIXED_NORM_MASK is not retrained valid-operator performance
Grocery,44,uniform,semantic_q1,RENORMALIZED_DELETE,18038,-0.005856515373352855,-0.009700040141639499,0.03858378529548645,0.15547704696655273,20,0.021851445734500884,0.0046652601123663385,0.016732339560985566,-0.005431918008784819,MATCHED,"{""allocated_cells"": 17, ""allocation"": {""((0, 0), 3)"": 46, ""((0, 1), 3)"": 121, ""((0, 2), 3)"": 210, ""((0, 3), 2)"": 260, ""((0, 3), 3)"": 229, ""((1, 1), 3)"": 126, ""((1, 2), 3)"": 525, ""((1, 3), 2)"": 613, ""((1, 3), 3)"": 750, ""((2, 2), 3)"": 703, ""((2, 3), 1)"": 2004, ""((2, 3), 2)"": 1130, ""((2, 3), 3)"": 1077, ""((3, 3), 0)"": 5055, ""((3, 3), 1)"": 2558, ""((3, 3), 2)"": 2492, ""((3, 3), 3)"": 139}, ""degree_pair_exact"": true, ""matched_edge_count_per_control"": 18038, ""matching_method"": ""integral max-flow with exact endpoint-degree-quantile-pair and base normalized edge-weight quantile marginals"", ""shortages"": {}, ""status"": ""MATCHED"", ""target_degree_pair_marginal"": ""{(2, 2): 703, (1, 3): 1363, (1, 1): 126, (2, 3): 4211, (3, 3): 10244, (0, 0): 46, (0, 2): 210, (0, 1): 121, (0, 3): 489, (1, 2): 525}"", ""target_edge_count"": 18038, ""target_weight_quantile_marginal"": ""{3: 3926, 2: 4495, 1: 4562, 0: 5055}"", ""verified_exact_marginals"": true, ""weight_quantile_exact"": true}",frozen graph intervention; FIXED_NORM_MASK is not retrained valid-operator performance
Grocery,44,uniform,semantic_q2,FIXED_NORM_MASK,19798,-0.0032210834553441092,0.001513762035597499,0.01869267225265503,-1.41217041015625,20,0.022795096039772034,0.0024640753903859823,-0.004102423787117004,-0.007364568081991279,MATCHED,"{""allocated_cells"": 17, ""allocation"": {""((0, 0), 3)"": 80, ""((0, 1), 3)"": 160, ""((0, 2), 3)"": 256, ""((0, 3), 2)"": 248, ""((0, 3), 3)"": 273, ""((1, 1), 3)"": 228, ""((1, 2), 3)"": 769, ""((1, 3), 2)"": 485, ""((1, 3), 3)"": 849, ""((2, 2), 3)"": 994, ""((2, 3), 1)"": 1698, ""((2, 3), 2)"": 1347, ""((2, 3), 3)"": 1512, ""((3, 3), 0)"": 4843, ""((3, 3), 1)"": 3093, ""((3, 3), 2)"": 2838, ""((3, 3), 3)"": 125}, ""degree_pair_exact"": true, ""matched_edge_count_per_control"": 19798, ""matching_method"": ""integral max-flow with exact endpoint-degree-quantile-pair and base normalized edge-weight quantile marginals"", ""shortages"": {}, ""status"": ""MATCHED"", ""target_degree_pair_marginal"": ""{(2, 3): 4557, (1, 3): 1334, (2, 2): 994, (1, 2): 769, (1, 1): 228, (0, 1): 160, (0, 3): 521, (3, 3): 10899, (0, 2): 256, (0, 0): 80}"", ""target_edge_count"": 19798, ""target_weight_quantile_marginal"": ""{3: 5246, 2: 4918, 1: 4791, 0: 4843}"", ""verified_exact_marginals"": true, ""weight_quantile_exact"": true}",frozen graph intervention; FIXED_NORM_MASK is not retrained valid-operator performance
Grocery,44,uniform,semantic_q2,RENORMALIZED_DELETE,19798,-0.007320644216691097,-0.008174471266931604,0.024726927280426025,-0.04376077651977539,20,0.038280433416366576,0.005728906033938409,-0.01355350613594055,-0.006954612005856569,MATCHED,"{""allocated_cells"": 17, ""allocation"": {""((0, 0), 3)"": 80, ""((0, 1), 3)"": 160, ""((0, 2), 3)"": 256, ""((0, 3), 2)"": 248, ""((0, 3), 3)"": 273, ""((1, 1), 3)"": 228, ""((1, 2), 3)"": 769, ""((1, 3), 2)"": 485, ""((1, 3), 3)"": 849, ""((2, 2), 3)"": 994, ""((2, 3), 1)"": 1698, ""((2, 3), 2)"": 1347, ""((2, 3), 3)"": 1512, ""((3, 3), 0)"": 4843, ""((3, 3), 1)"": 3093, ""((3, 3), 2)"": 2838, ""((3, 3), 3)"": 125}, ""degree_pair_exact"": true, ""matched_edge_count_per_control"": 19798, ""matching_method"": ""integral max-flow with exact endpoint-degree-quantile-pair and base normalized edge-weight quantile marginals"", ""shortages"": {}, ""status"": ""MATCHED"", ""target_degree_pair_marginal"": ""{(2, 3): 4557, (1, 3): 1334, (2, 2): 994, (1, 2): 769, (1, 1): 228, (0, 1): 160, (0, 3): 521, (3, 3): 10899, (0, 2): 256, (0, 0): 80}"", ""target_edge_count"": 19798, ""target_weight_quantile_marginal"": ""{3: 5246, 2: 4918, 1: 4791, 0: 4843}"", ""verified_exact_marginals"": true, ""weight_quantile_exact"": true}",frozen graph intervention; FIXED_NORM_MASK is not retrained valid-operator performance
Grocery,44,uniform,semantic_q3,FIXED_NORM_MASK,15058,-0.004978038067349977,-0.003680964073947246,0.019299358129501343,-1.381657600402832,20,0.021796755492687225,0.003047287173738603,-0.0024973973631858826,-0.007701317715959066,MATCHED,"{""allocated_cells"": 17, ""allocation"": {""((0, 0), 3)"": 136, ""((0, 1), 3)"": 271, ""((0, 2), 3)"": 283, ""((0, 3), 2)"": 105, ""((0, 3), 3)"": 283, ""((1, 1), 3)"": 291, ""((1, 2), 3)"": 843, ""((1, 3), 2)"": 74, ""((1, 3), 3)"": 911, ""((2, 2), 3)"": 1084, ""((2, 3), 1)"": 2223, ""((2, 3), 2)"": 253, ""((2, 3), 3)"": 1090, ""((3, 3), 0)"": 2516, ""((3, 3), 1)"": 1102, ""((3, 3), 2)"": 3480, ""((3, 3), 3)"": 113}, ""degree_pair_exact"": true, ""matched_edge_count_per_control"": 15058, ""matching_method"": ""integral max-flow with exact endpoint-degree-quantile-pair and base normalized edge-weight quantile marginals"", ""shortages"": {}, ""status"": ""MATCHED"", ""target_degree_pair_marginal"": ""{(2, 3): 3566, (0, 2): 283, (1, 2): 843, (0, 0): 136, (2, 2): 1084, (0, 3): 388, (1, 1): 291, (1, 3): 985, (0, 1): 271, (3, 3): 7211}"", ""target_edge_count"": 15058, ""target_weight_quantile_marginal"": ""{2: 3912, 3: 5305, 1: 3325, 0: 2516}"", ""verified_exact_marginals"": true, ""weight_quantile_exact"": true}",frozen graph intervention; FIXED_NORM_MASK is not retrained valid-operator performance
Grocery,44,uniform,semantic_q3,RENORMALIZED_DELETE,15058,-0.004685212298682351,-0.004815346892685479,0.017268240451812744,-0.09947967529296875,20,0.04691152125597,0.005418399197334458,-0.029643280804157256,-0.00901903367496345,MATCHED,"{""allocated_cells"": 17, ""allocation"": {""((0, 0), 3)"": 136, ""((0, 1), 3)"": 271, ""((0, 2), 3)"": 283, ""((0, 3), 2)"": 105, ""((0, 3), 3)"": 283, ""((1, 1), 3)"": 291, ""((1, 2), 3)"": 843, ""((1, 3), 2)"": 74, ""((1, 3), 3)"": 911, ""((2, 2), 3)"": 1084, ""((2, 3), 1)"": 2223, ""((2, 3), 2)"": 253, ""((2, 3), 3)"": 1090, ""((3, 3), 0)"": 2516, ""((3, 3), 1)"": 1102, ""((3, 3), 2)"": 3480, ""((3, 3), 3)"": 113}, ""degree_pair_exact"": true, ""matched_edge_count_per_control"": 15058, ""matching_method"": ""integral max-flow with exact endpoint-degree-quantile-pair and base normalized edge-weight quantile marginals"", ""shortages"": {}, ""status"": ""MATCHED"", ""target_degree_pair_marginal"": ""{(2, 3): 3566, (0, 2): 283, (1, 2): 843, (0, 0): 136, (2, 2): 1084, (0, 3): 388, (1, 1): 291, (1, 3): 985, (0, 1): 271, (3, 3): 7211}"", ""target_edge_count"": 15058, ""target_weight_quantile_marginal"": ""{2: 3912, 3: 5305, 1: 3325, 0: 2516}"", ""verified_exact_marginals"": true, ""weight_quantile_exact"": true}",frozen graph intervention; FIXED_NORM_MASK is not retrained valid-operator performance
Grocery,44,gpr,semantic_q0,FIXED_NORM_MASK,18494,-0.0125915080527087,-0.00705218023896137,0.03486189246177673,-0.519533634185791,20,0.012686115503311158,0.002658686095123957,0.022175776958465575,-0.0056076134699854,MATCHED,"{""allocated_cells"": 18, ""allocation"": {""((0, 0), 3)"": 33, ""((0, 1), 3)"": 83, ""((0, 2), 3)"": 200, ""((0, 3), 2)"": 224, ""((0, 3), 3)"": 499, ""((1, 1), 3)"": 93, ""((1, 2), 3)"": 383, ""((1, 3), 1)"": 11, ""((1, 3), 2)"": 1000, ""((1, 3), 3)"": 796, ""((2, 2), 3)"": 562, ""((2, 3), 1)"": 2082, ""((2, 3), 2)"": 1875, ""((2, 3), 3)"": 520, ""((3, 3), 0)"": 5424, ""((3, 3), 1)"": 3137, ""((3, 3), 2)"": 1439, ""((3, 3), 3)"": 133}, ""degree_pair_exact"": true, ""matched_edge_count_per_control"": 18494, ""matching_method"": ""integral max-flow with exact endpoint-degree-quantile-pair and base normalized edge-weight quantile marginals"", ""shortages"": {}, ""status"": ""MATCHED"", ""target_degree_pair_marginal"": ""{(0, 1): 83, (1, 3): 1807, (2, 3): 4477, (1, 2): 383, (0, 2): 200, (0, 3): 723, (2, 2): 562, (3, 3): 10133, (1, 1): 93, (0, 0): 33}"", ""target_edge_count"": 18494, ""target_weight_quantile_marginal"": ""{3: 3302, 1: 5230, 2: 4538, 0: 5424}"", ""verified_exact_marginals"": true, ""weight_quantile_exact"": true}",frozen graph intervention; FIXED_NORM_MASK is not retrained valid-operator performance
Grocery,44,gpr,semantic_q0,RENORMALIZED_DELETE,18494,-0.01024890190336758,-0.011626867962203802,0.06215962767601013,0.6554055213928223,20,0.017329877614974974,0.0025512892549197294,0.04482975006103516,-0.005270863836017608,MATCHED,"{""allocated_cells"": 18, ""allocation"": {""((0, 0), 3)"": 33, ""((0, 1), 3)"": 83, ""((0, 2), 3)"": 200, ""((0, 3), 2)"": 224, ""((0, 3), 3)"": 499, ""((1, 1), 3)"": 93, ""((1, 2), 3)"": 383, ""((1, 3), 1)"": 11, ""((1, 3), 2)"": 1000, ""((1, 3), 3)"": 796, ""((2, 2), 3)"": 562, ""((2, 3), 1)"": 2082, ""((2, 3), 2)"": 1875, ""((2, 3), 3)"": 520, ""((3, 3), 0)"": 5424, ""((3, 3), 1)"": 3137, ""((3, 3), 2)"": 1439, ""((3, 3), 3)"": 133}, ""degree_pair_exact"": true, ""matched_edge_count_per_control"": 18494, ""matching_method"": ""integral max-flow with exact endpoint-degree-quantile-pair and base normalized edge-weight quantile marginals"", ""shortages"": {}, ""status"": ""MATCHED"", ""target_degree_pair_marginal"": ""{(0, 1): 83, (1, 3): 1807, (2, 3): 4477, (1, 2): 383, (0, 2): 200, (0, 3): 723, (2, 2): 562, (3, 3): 10133, (1, 1): 93, (0, 0): 33}"", ""target_edge_count"": 18494, ""target_weight_quantile_marginal"": ""{3: 3302, 1: 5230, 2: 4538, 0: 5424}"", ""verified_exact_marginals"": true, ""weight_quantile_exact"": true}",frozen graph intervention; FIXED_NORM_MASK is not retrained valid-operator performance
Grocery,44,gpr,semantic_q1,FIXED_NORM_MASK,17711,-0.0125915080527087,-0.018782317647889846,0.023325175046920776,-0.8475146293640137,20,0.012831136584281921,0.0021658737897170956,0.010494038462638855,-0.004524158125915135,MATCHED,"{""allocated_cells"": 17, ""allocation"": {""((0, 0), 3)"": 46, ""((0, 1), 3)"": 116, ""((0, 2), 3)"": 203, ""((0, 3), 2)"": 234, ""((0, 3), 3)"": 238, ""((1, 1), 3)"": 132, ""((1, 2), 3)"": 508, ""((1, 3), 2)"": 579, ""((1, 3), 3)"": 761, ""((2, 2), 3)"": 702, ""((2, 3), 1)"": 2077, ""((2, 3), 2)"": 961, ""((2, 3), 3)"": 1038, ""((3, 3), 0)"": 5008, ""((3, 3), 1)"": 2370, ""((3, 3), 2)"": 2595, ""((3, 3), 3)"": 143}, ""degree_pair_exact"": true, ""matched_edge_count_per_control"": 17711, ""matching_method"": ""integral max-flow with exact endpoint-degree-quantile-pair and base normalized edge-weight quantile marginals"", ""shortages"": {}, ""status"": ""MATCHED"", ""target_degree_pair_marginal"": ""{(1, 2): 508, (2, 2): 702, (1, 1): 132, (2, 3): 4076, (1, 3): 1340, (3, 3): 10116, (0, 2): 203, (0, 3): 472, (0, 1): 116, (0, 0): 46}"", ""target_edge_count"": 17711, ""target_weight_quantile_marginal"": ""{3: 3887, 2: 4369, 1: 4447, 0: 5008}"", ""verified_exact_marginals"": true, ""weight_quantile_exact"": true}",frozen graph intervention; FIXED_NORM_MASK is not retrained valid-operator performance
Grocery,44,gpr,semantic_q1,RENORMALIZED_DELETE,17711,-0.009956076134699843,-0.023977659110401395,0.03230234980583191,0.12130069732666016,20,0.019262118637561797,0.004218956700274103,0.013040231168270112,-0.00455344070278188,MATCHED,"{""allocated_cells"": 17, ""allocation"": {""((0, 0), 3)"": 46, ""((0, 1), 3)"": 116, ""((0, 2), 3)"": 203, ""((0, 3), 2)"": 234, ""((0, 3), 3)"": 238, ""((1, 1), 3)"": 132, ""((1, 2), 3)"": 508, ""((1, 3), 2)"": 579, ""((1, 3), 3)"": 761, ""((2, 2), 3)"": 702, ""((2, 3), 1)"": 2077, ""((2, 3), 2)"": 961, ""((2, 3), 3)"": 1038, ""((3, 3), 0)"": 5008, ""((3, 3), 1)"": 2370, ""((3, 3), 2)"": 2595, ""((3, 3), 3)"": 143}, ""degree_pair_exact"": true, ""matched_edge_count_per_control"": 17711, ""matching_method"": ""integral max-flow with exact endpoint-degree-quantile-pair and base normalized edge-weight quantile marginals"", ""shortages"": {}, ""status"": ""MATCHED"", ""target_degree_pair_marginal"": ""{(1, 2): 508, (2, 2): 702, (1, 1): 132, (2, 3): 4076, (1, 3): 1340, (3, 3): 10116, (0, 2): 203, (0, 3): 472, (0, 1): 116, (0, 0): 46}"", ""target_edge_count"": 17711, ""target_weight_quantile_marginal"": ""{3: 3887, 2: 4369, 1: 4447, 0: 5008}"", ""verified_exact_marginals"": true, ""weight_quantile_exact"": true}",frozen graph intervention; FIXED_NORM_MASK is not retrained valid-operator performance
Grocery,44,gpr,semantic_q2,FIXED_NORM_MASK,19922,-0.007027818448023471,-0.0017180355186456886,0.020516246557235718,-1.3003613948822021,20,0.02672727555036545,0.0034665304810155267,-0.006211028993129732,-0.009180087847730639,MATCHED,"{""allocated_cells"": 17, ""allocation"": {""((0, 0), 3)"": 76, ""((0, 1), 3)"": 182, ""((0, 2), 3)"": 260, ""((0, 3), 2)"": 241, ""((0, 3), 3)"": 275, ""((1, 1), 3)"": 218, ""((1, 2), 3)"": 764, ""((1, 3), 2)"": 463, ""((1, 3), 3)"": 845, ""((2, 2), 3)"": 986, ""((2, 3), 1)"": 1667, ""((2, 3), 2)"": 1459, ""((2, 3), 3)"": 1516, ""((3, 3), 0)"": 4854, ""((3, 3), 1)"": 3192, ""((3, 3), 2)"": 2801, ""((3, 3), 3)"": 123}, ""degree_pair_exact"": true, ""matched_edge_count_per_control"": 19922, ""matching_method"": ""integral max-flow with exact endpoint-degree-quantile-pair and base normalized edge-weight quantile marginals"", ""shortages"": {}, ""status"": ""MATCHED"", ""target_degree_pair_marginal"": ""{(2, 3): 4642, (1, 3): 1308, (2, 2): 986, (1, 1): 218, (1, 2): 764, (0, 1): 182, (0, 3): 516, (3, 3): 10970, (0, 0): 76, (0, 2): 260}"", ""target_edge_count"": 19922, ""target_weight_quantile_marginal"": ""{3: 5245, 2: 4964, 1: 4859, 0: 4854}"", ""verified_exact_marginals"": true, ""weight_quantile_exact"": true}",frozen graph intervention; FIXED_NORM_MASK is not retrained valid-operator performance
Grocery,44,gpr,semantic_q2,RENORMALIZED_DELETE,19922,-0.008199121522694086,-0.0026264322106340776,0.023921847343444824,-0.029712200164794922,20,0.030373071134090424,0.0038933348729360794,-0.0064512237906456,-0.007232796486090825,MATCHED,"{""allocated_cells"": 17, ""allocation"": {""((0, 0), 3)"": 76, ""((0, 1), 3)"": 182, ""((0, 2), 3)"": 260, ""((0, 3), 2)"": 241, ""((0, 3), 3)"": 275, ""((1, 1), 3)"": 218, ""((1, 2), 3)"": 764, ""((1, 3), 2)"": 463, ""((1, 3), 3)"": 845, ""((2, 2), 3)"": 986, ""((2, 3), 1)"": 1667, ""((2, 3), 2)"": 1459, ""((2, 3), 3)"": 1516, ""((3, 3), 0)"": 4854, ""((3, 3), 1)"": 3192, ""((3, 3), 2)"": 2801, ""((3, 3), 3)"": 123}, ""degree_pair_exact"": true, ""matched_edge_count_per_control"": 19922, ""matching_method"": ""integral max-flow with exact endpoint-degree-quantile-pair and base normalized edge-weight quantile marginals"", ""shortages"": {}, ""status"": ""MATCHED"", ""target_degree_pair_marginal"": ""{(2, 3): 4642, (1, 3): 1308, (2, 2): 986, (1, 1): 218, (1, 2): 764, (0, 1): 182, (0, 3): 516, (3, 3): 10970, (0, 0): 76, (0, 2): 260}"", ""target_edge_count"": 19922, ""target_weight_quantile_marginal"": ""{3: 5245, 2: 4964, 1: 4859, 0: 4854}"", ""verified_exact_marginals"": true, ""weight_quantile_exact"": true}",frozen graph intervention; FIXED_NORM_MASK is not retrained valid-operator performance
Grocery,44,gpr,semantic_q3,FIXED_NORM_MASK,15004,-0.002342606149341231,-0.0010570613305960208,0.02319839596748352,-1.2468557357788086,20,0.024379414319992066,0.0027294282726226726,-0.0011810183525085456,-0.009267935578330938,MATCHED,"{""allocated_cells"": 17, ""allocation"": {""((0, 0), 3)"": 137, ""((0, 1), 3)"": 256, ""((0, 2), 3)"": 276, ""((0, 3), 2)"": 112, ""((0, 3), 3)"": 281, ""((1, 1), 3)"": 299, ""((1, 2), 3)"": 842, ""((1, 3), 2)"": 92, ""((1, 3), 3)"": 905, ""((2, 2), 3)"": 1086, ""((2, 3), 1)"": 2223, ""((2, 3), 2)"": 242, ""((2, 3), 3)"": 1072, ""((3, 3), 0)"": 2523, ""((3, 3), 1)"": 1079, ""((3, 3), 2)"": 3465, ""((3, 3), 3)"": 114}, ""degree_pair_exact"": true, ""matched_edge_count_per_control"": 15004, ""matching_method"": ""integral max-flow with exact endpoint-degree-quantile-pair and base normalized edge-weight quantile marginals"", ""shortages"": {}, ""status"": ""MATCHED"", ""target_degree_pair_marginal"": ""{(2, 3): 3537, (0, 2): 276, (1, 2): 842, (0, 1): 256, (0, 0): 137, (2, 2): 1086, (0, 3): 393, (1, 1): 299, (1, 3): 997, (3, 3): 7181}"", ""target_edge_count"": 15004, ""target_weight_quantile_marginal"": ""{2: 3911, 3: 5268, 1: 3302, 0: 2523}"", ""verified_exact_marginals"": true, ""weight_quantile_exact"": true}",frozen graph intervention; FIXED_NORM_MASK is not retrained valid-operator performance
Grocery,44,gpr,semantic_q3,RENORMALIZED_DELETE,15004,-0.0040995607613469875,-0.004982097093333748,0.014299392700195312,-0.0768733024597168,20,0.03978068083524704,0.006219624971958794,-0.025481288135051725,-0.008667642752562271,MATCHED,"{""allocated_cells"": 17, ""allocation"": {""((0, 0), 3)"": 137, ""((0, 1), 3)"": 256, ""((0, 2), 3)"": 276, ""((0, 3), 2)"": 112, ""((0, 3), 3)"": 281, ""((1, 1), 3)"": 299, ""((1, 2), 3)"": 842, ""((1, 3), 2)"": 92, ""((1, 3), 3)"": 905, ""((2, 2), 3)"": 1086, ""((2, 3), 1)"": 2223, ""((2, 3), 2)"": 242, ""((2, 3), 3)"": 1072, ""((3, 3), 0)"": 2523, ""((3, 3), 1)"": 1079, ""((3, 3), 2)"": 3465, ""((3, 3), 3)"": 114}, ""degree_pair_exact"": true, ""matched_edge_count_per_control"": 15004, ""matching_method"": ""integral max-flow with exact endpoint-degree-quantile-pair and base normalized edge-weight quantile marginals"", ""shortages"": {}, ""status"": ""MATCHED"", ""target_degree_pair_marginal"": ""{(2, 3): 3537, (0, 2): 276, (1, 2): 842, (0, 1): 256, (0, 0): 137, (2, 2): 1086, (0, 3): 393, (1, 1): 299, (1, 3): 997, (3, 3): 7181}"", ""target_edge_count"": 15004, ""target_weight_quantile_marginal"": ""{2: 3911, 3: 5268, 1: 3302, 0: 2523}"", ""verified_exact_marginals"": true, ""weight_quantile_exact"": true}",frozen graph intervention; FIXED_NORM_MASK is not retrained valid-operator performance
ele-fashion,42,uniform,semantic_q0,FIXED_NORM_MASK,49160,0.00030684258975144374,0.008193712960377741,-0.004347771406173706,-0.5362107753753662,20,0.00013339370489120483,0.00136295590452297,-0.004481165111064911,-0.0024496266748491426,MATCHED,"{""allocated_cells"": 13, ""allocation"": {""((0, 0), 3)"": 266, ""((0, 2), 3)"": 753, ""((0, 3), 1)"": 5293, ""((0, 3), 2)"": 2353, ""((0, 3), 3)"": 2053, ""((2, 2), 3)"": 620, ""((2, 3), 0)"": 5624, ""((2, 3), 1)"": 7914, ""((2, 3), 2)"": 325, ""((2, 3), 3)"": 1013, ""((3, 3), 0)"": 7567, ""((3, 3), 2)"": 9576, ""((3, 3), 3)"": 5803}, ""degree_pair_exact"": true, ""matched_edge_count_per_control"": 49160, ""matching_method"": ""integral max-flow with exact endpoint-degree-quantile-pair and base normalized edge-weight quantile marginals"", ""shortages"": {}, ""status"": ""MATCHED"", ""target_degree_pair_marginal"": ""{(3, 3): 22946, (2, 3): 14876, (0, 3): 9699, (0, 2): 753, (0, 0): 266, (2, 2): 620}"", ""target_edge_count"": 49160, ""target_weight_quantile_marginal"": ""{0: 13191, 1: 13207, 2: 12254, 3: 10508}"", ""verified_exact_marginals"": true, ""weight_quantile_exact"": true}",frozen graph intervention; FIXED_NORM_MASK is not retrained valid-operator performance
ele-fashion,42,uniform,semantic_q0,RENORMALIZED_DELETE,49160,-0.002863864171013586,0.0022292465781657,0.020824432373046875,0.3940281867980957,20,0.014319677650928498,0.0013917133563429438,0.006504754722118377,-0.004638437148409546,MATCHED,"{""allocated_cells"": 13, ""allocation"": {""((0, 0), 3)"": 266, ""((0, 2), 3)"": 753, ""((0, 3), 1)"": 5293, ""((0, 3), 2)"": 2353, ""((0, 3), 3)"": 2053, ""((2, 2), 3)"": 620, ""((2, 3), 0)"": 5624, ""((2, 3), 1)"": 7914, ""((2, 3), 2)"": 325, ""((2, 3), 3)"": 1013, ""((3, 3), 0)"": 7567, ""((3, 3), 2)"": 9576, ""((3, 3), 3)"": 5803}, ""degree_pair_exact"": true, ""matched_edge_count_per_control"": 49160, ""matching_method"": ""integral max-flow with exact endpoint-degree-quantile-pair and base normalized edge-weight quantile marginals"", ""shortages"": {}, ""status"": ""MATCHED"", ""target_degree_pair_marginal"": ""{(3, 3): 22946, (2, 3): 14876, (0, 3): 9699, (0, 2): 753, (0, 0): 266, (2, 2): 620}"", ""target_edge_count"": 49160, ""target_weight_quantile_marginal"": ""{0: 13191, 1: 13207, 2: 12254, 3: 10508}"", ""verified_exact_marginals"": true, ""weight_quantile_exact"": true}",frozen graph intervention; FIXED_NORM_MASK is not retrained valid-operator performance
ele-fashion,42,uniform,semantic_q1,FIXED_NORM_MASK,55980,-0.002147898128260217,-0.0003524454668191179,0.005456209182739258,-0.9136412143707275,20,-0.004358513653278351,0.001039392001136527,0.009814722836017609,-0.0017490027615833237,MATCHED,"{""allocated_cells"": 13, ""allocation"": {""((0, 0), 3)"": 417, ""((0, 2), 3)"": 916, ""((0, 3), 1)"": 5586, ""((0, 3), 2)"": 2254, ""((0, 3), 3)"": 2132, ""((2, 2), 3)"": 734, ""((2, 3), 0)"": 4774, ""((2, 3), 1)"": 7814, ""((2, 3), 3)"": 2407, ""((3, 3), 0)"": 11230, ""((3, 3), 1)"": 939, ""((3, 3), 2)"": 11283, ""((3, 3), 3)"": 5494}, ""degree_pair_exact"": true, ""matched_edge_count_per_control"": 55980, ""matching_method"": ""integral max-flow with exact endpoint-degree-quantile-pair and base normalized edge-weight quantile marginals"", ""shortages"": {}, ""status"": ""MATCHED"", ""target_degree_pair_marginal"": ""{(2, 3): 14995, (3, 3): 28946, (0, 3): 9972, (2, 2): 734, (0, 2): 916, (0, 0): 417}"", ""target_edge_count"": 55980, ""target_weight_quantile_marginal"": ""{0: 16004, 1: 14339, 3: 12100, 2: 13537}"", ""verified_exact_marginals"": true, ""weight_quantile_exact"": true}",frozen graph intervention; FIXED_NORM_MASK is not retrained valid-operator performance
ele-fashion,42,uniform,semantic_q1,RENORMALIZED_DELETE,55980,-0.003682111077017547,0.0001135821507662893,0.021065711975097656,0.13288211822509766,20,0.014310549199581146,0.0012948428768340013,0.006755162775516511,-0.003948041321468765,MATCHED,"{""allocated_cells"": 13, ""allocation"": {""((0, 0), 3)"": 417, ""((0, 2), 3)"": 916, ""((0, 3), 1)"": 5586, ""((0, 3), 2)"": 2254, ""((0, 3), 3)"": 2132, ""((2, 2), 3)"": 734, ""((2, 3), 0)"": 4774, ""((2, 3), 1)"": 7814, ""((2, 3), 3)"": 2407, ""((3, 3), 0)"": 11230, ""((3, 3), 1)"": 939, ""((3, 3), 2)"": 11283, ""((3, 3), 3)"": 5494}, ""degree_pair_exact"": true, ""matched_edge_count_per_control"": 55980, ""matching_method"": ""integral max-flow with exact endpoint-degree-quantile-pair and base normalized edge-weight quantile marginals"", ""shortages"": {}, ""status"": ""MATCHED"", ""target_degree_pair_marginal"": ""{(2, 3): 14995, (3, 3): 28946, (0, 3): 9972, (2, 2): 734, (0, 2): 916, (0, 0): 417}"", ""target_edge_count"": 55980, ""target_weight_quantile_marginal"": ""{0: 16004, 1: 14339, 3: 12100, 2: 13537}"", ""verified_exact_marginals"": true, ""weight_quantile_exact"": true}",frozen graph intervention; FIXED_NORM_MASK is not retrained valid-operator performance
ele-fashion,42,uniform,semantic_q2,FIXED_NORM_MASK,94446,-0.006034570931778616,-0.011604885092915573,0.016799330711364746,-1.390117883682251,0,nan,nan,nan,nan,MATCHING_FAILED,"{""allocated_cells"": 0, ""allocation"": {}, ""degree_pair_exact"": false, ""matched_edge_count_per_control"": 89771, ""matching_method"": ""integral max-flow with exact endpoint-degree-quantile-pair and base normalized edge-weight quantile marginals"", ""shortages"": {""degree_pair_shortfall_by_bin"": ""Counter({(3, 3): 44266, (2, 3): 26856, (0, 3): 17318, (0, 2): 2536, (2, 2): 2037, (0, 0): 1433})"", ""max_matched"": 89771, ""required"": 94446, ""weight_quantile_shortfall_by_bin"": ""Counter({3: 27283, 2: 23885, 1: 22243, 0: 21035})""}, ""status"": ""MATCHING_FAILED"", ""target_degree_pair_marginal"": ""{(2, 3): 26856, (3, 3): 44266, (0, 3): 17318, (0, 2): 2536, (0, 0): 1433, (2, 2): 2037}"", ""target_edge_count"": 94446, ""target_weight_quantile_marginal"": ""{1: 22243, 3: 27283, 0: 21035, 2: 23885}"", ""weight_quantile_exact"": false}",frozen graph intervention; FIXED_NORM_MASK is not retrained valid-operator performance
ele-fashion,42,uniform,semantic_q2,RENORMALIZED_DELETE,94446,-0.010228086325048569,-0.00952839903482361,0.037869423627853394,0.1727137565612793,0,nan,nan,nan,nan,MATCHING_FAILED,"{""allocated_cells"": 0, ""allocation"": {}, ""degree_pair_exact"": false, ""matched_edge_count_per_control"": 89771, ""matching_method"": ""integral max-flow with exact endpoint-degree-quantile-pair and base normalized edge-weight quantile marginals"", ""shortages"": {""degree_pair_shortfall_by_bin"": ""Counter({(3, 3): 44266, (2, 3): 26856, (0, 3): 17318, (0, 2): 2536, (2, 2): 2037, (0, 0): 1433})"", ""max_matched"": 89771, ""required"": 94446, ""weight_quantile_shortfall_by_bin"": ""Counter({3: 27283, 2: 23885, 1: 22243, 0: 21035})""}, ""status"": ""MATCHING_FAILED"", ""target_degree_pair_marginal"": ""{(2, 3): 26856, (3, 3): 44266, (0, 3): 17318, (0, 2): 2536, (0, 0): 1433, (2, 2): 2037}"", ""target_edge_count"": 94446, ""target_weight_quantile_marginal"": ""{1: 22243, 3: 27283, 0: 21035, 2: 23885}"", ""weight_quantile_exact"": false}",frozen graph intervention; FIXED_NORM_MASK is not retrained valid-operator performance
ele-fashion,42,uniform,semantic_q3,FIXED_NORM_MASK,0,0.0,0.0,0.0,-4.76837158203125e-07,0,nan,nan,nan,nan,EMPTY_TARGET_GROUP,"{""allocated_cells"": 0, ""allocation"": {}, ""degree_pair_exact"": false, ""matched_edge_count_per_control"": 0, ""matching_method"": ""integral max-flow with exact endpoint-degree-quantile-pair and base normalized edge-weight quantile marginals"", ""shortages"": {}, ""status"": ""EMPTY_TARGET_GROUP"", ""target_degree_pair_marginal"": ""{}"", ""target_edge_count"": 0, ""target_weight_quantile_marginal"": ""{}"", ""weight_quantile_exact"": false}",frozen graph intervention; FIXED_NORM_MASK is not retrained valid-operator performance
ele-fashion,42,uniform,semantic_q3,RENORMALIZED_DELETE,0,0.0,0.0,0.0,0.0,0,nan,nan,nan,nan,EMPTY_TARGET_GROUP,"{""allocated_cells"": 0, ""allocation"": {}, ""degree_pair_exact"": false, ""matched_edge_count_per_control"": 0, ""matching_method"": ""integral max-flow with exact endpoint-degree-quantile-pair and base normalized edge-weight quantile marginals"", ""shortages"": {}, ""status"": ""EMPTY_TARGET_GROUP"", ""target_degree_pair_marginal"": ""{}"", ""target_edge_count"": 0, ""target_weight_quantile_marginal"": ""{}"", ""weight_quantile_exact"": false}",frozen graph intervention; FIXED_NORM_MASK is not retrained valid-operator performance
ele-fashion,42,gpr,semantic_q0,FIXED_NORM_MASK,48910,-0.000818246906003961,0.004080459208969822,-0.01332545280456543,-0.5337862968444824,20,-0.014148329198360444,0.0012129374871751937,0.0008228763937950141,-0.004229313695407621,MATCHED,"{""allocated_cells"": 13, ""allocation"": {""((0, 0), 3)"": 269, ""((0, 2), 3)"": 756, ""((0, 3), 1)"": 5283, ""((0, 3), 2)"": 2398, ""((0, 3), 3)"": 2021, ""((2, 2), 3)"": 598, ""((2, 3), 0)"": 5662, ""((2, 3), 1)"": 7908, ""((2, 3), 2)"": 361, ""((2, 3), 3)"": 961, ""((3, 3), 0)"": 7475, ""((3, 3), 2)"": 9376, ""((3, 3), 3)"": 5842}, ""degree_pair_exact"": true, ""matched_edge_count_per_control"": 48910, ""matching_method"": ""integral max-flow with exact endpoint-degree-quantile-pair and base normalized edge-weight quantile marginals"", ""shortages"": {}, ""status"": ""MATCHED"", ""target_degree_pair_marginal"": ""{(3, 3): 22693, (2, 3): 14892, (0, 3): 9702, (0, 2): 756, (0, 0): 269, (2, 2): 598}"", ""target_edge_count"": 48910, ""target_weight_quantile_marginal"": ""{0: 13137, 1: 13191, 2: 12135, 3: 10447}"", ""verified_exact_marginals"": true, ""weight_quantile_exact"": true}",frozen graph intervention; FIXED_NORM_MASK is not retrained valid-operator performance
ele-fashion,42,gpr,semantic_q0,RENORMALIZED_DELETE,48910,-0.002454740718011661,0.0016659981064666152,0.026819080114364624,0.3687129020690918,20,0.014147193729877472,0.0010662985417038426,0.012671886384487152,-0.003994067709931504,MATCHED,"{""allocated_cells"": 13, ""allocation"": {""((0, 0), 3)"": 269, ""((0, 2), 3)"": 756, ""((0, 3), 1)"": 5283, ""((0, 3), 2)"": 2398, ""((0, 3), 3)"": 2021, ""((2, 2), 3)"": 598, ""((2, 3), 0)"": 5662, ""((2, 3), 1)"": 7908, ""((2, 3), 2)"": 361, ""((2, 3), 3)"": 961, ""((3, 3), 0)"": 7475, ""((3, 3), 2)"": 9376, ""((3, 3), 3)"": 5842}, ""degree_pair_exact"": true, ""matched_edge_count_per_control"": 48910, ""matching_method"": ""integral max-flow with exact endpoint-degree-quantile-pair and base normalized edge-weight quantile marginals"", ""shortages"": {}, ""status"": ""MATCHED"", ""target_degree_pair_marginal"": ""{(3, 3): 22693, (2, 3): 14892, (0, 3): 9702, (0, 2): 756, (0, 0): 269, (2, 2): 598}"", ""target_edge_count"": 48910, ""target_weight_quantile_marginal"": ""{0: 13137, 1: 13191, 2: 12135, 3: 10447}"", ""verified_exact_marginals"": true, ""weight_quantile_exact"": true}",frozen graph intervention; FIXED_NORM_MASK is not retrained valid-operator performance
ele-fashion,42,gpr,semantic_q1,FIXED_NORM_MASK,54586,-0.003375268487266103,-0.0036609001028797827,-0.011557042598724365,-0.8769998550415039,20,-0.016501371562480927,0.001663115360831608,0.004944328963756562,-0.0036872251201800653,MATCHED,"{""allocated_cells"": 13, ""allocation"": {""((0, 0), 3)"": 395, ""((0, 2), 3)"": 856, ""((0, 3), 1)"": 5645, ""((0, 3), 2)"": 1911, ""((0, 3), 3)"": 2152, ""((2, 2), 3)"": 700, ""((2, 3), 0)"": 5228, ""((2, 3), 1)"": 7510, ""((2, 3), 3)"": 1976, ""((3, 3), 0)"": 10453, ""((3, 3), 1)"": 871, ""((3, 3), 2)"": 11325, ""((3, 3), 3)"": 5564}, ""degree_pair_exact"": true, ""matched_edge_count_per_control"": 54586, ""matching_method"": ""integral max-flow with exact endpoint-degree-quantile-pair and base normalized edge-weight quantile marginals"", ""shortages"": {}, ""status"": ""MATCHED"", ""target_degree_pair_marginal"": ""{(2, 3): 14714, (3, 3): 28213, (0, 3): 9708, (2, 2): 700, (0, 2): 856, (0, 0): 395}"", ""target_edge_count"": 54586, ""target_weight_quantile_marginal"": ""{0: 15681, 1: 14026, 3: 11643, 2: 13236}"", ""verified_exact_marginals"": true, ""weight_quantile_exact"": true}",frozen graph intervention; FIXED_NORM_MASK is not retrained valid-operator performance
ele-fashion,42,gpr,semantic_q1,RENORMALIZED_DELETE,54586,-0.0030684258975145484,-0.004501387993432804,0.018604934215545654,0.11592245101928711,20,0.01618002653121948,0.0010623382282133485,0.0024249076843261726,-0.0036872251201800544,MATCHED,"{""allocated_cells"": 13, ""allocation"": {""((0, 0), 3)"": 395, ""((0, 2), 3)"": 856, ""((0, 3), 1)"": 5645, ""((0, 3), 2)"": 1911, ""((0, 3), 3)"": 2152, ""((2, 2), 3)"": 700, ""((2, 3), 0)"": 5228, ""((2, 3), 1)"": 7510, ""((2, 3), 3)"": 1976, ""((3, 3), 0)"": 10453, ""((3, 3), 1)"": 871, ""((3, 3), 2)"": 11325, ""((3, 3), 3)"": 5564}, ""degree_pair_exact"": true, ""matched_edge_count_per_control"": 54586, ""matching_method"": ""integral max-flow with exact endpoint-degree-quantile-pair and base normalized edge-weight quantile marginals"", ""shortages"": {}, ""status"": ""MATCHED"", ""target_degree_pair_marginal"": ""{(2, 3): 14714, (3, 3): 28213, (0, 3): 9708, (2, 2): 700, (0, 2): 856, (0, 0): 395}"", ""target_edge_count"": 54586, ""target_weight_quantile_marginal"": ""{0: 15681, 1: 14026, 3: 11643, 2: 13236}"", ""verified_exact_marginals"": true, ""weight_quantile_exact"": true}",frozen graph intervention; FIXED_NORM_MASK is not retrained valid-operator performance
ele-fashion,42,gpr,semantic_q2,FIXED_NORM_MASK,96090,-0.006955098701033058,-0.012524610332099395,-0.019879698753356934,-1.402656078338623,0,nan,nan,nan,nan,MATCHING_FAILED,"{""allocated_cells"": 0, ""allocation"": {}, ""degree_pair_exact"": false, ""matched_edge_count_per_control"": 90379, ""matching_method"": ""integral max-flow with exact endpoint-degree-quantile-pair and base normalized edge-weight quantile marginals"", ""shortages"": {""degree_pair_shortfall_by_bin"": ""Counter({(3, 3): 45252, (2, 3): 27121, (0, 3): 17579, (0, 2): 2593, (2, 2): 2093, (0, 0): 1452})"", ""max_matched"": 90379, ""required"": 96090, ""weight_quantile_shortfall_by_bin"": ""Counter({3: 27801, 2: 24305, 1: 22572, 0: 21412})""}, ""status"": ""MATCHING_FAILED"", ""target_degree_pair_marginal"": ""{(2, 3): 27121, (3, 3): 45252, (0, 3): 17579, (0, 2): 2593, (0, 0): 1452, (2, 2): 2093}"", ""target_edge_count"": 96090, ""target_weight_quantile_marginal"": ""{1: 22572, 3: 27801, 0: 21412, 2: 24305}"", ""weight_quantile_exact"": false}",frozen graph intervention; FIXED_NORM_MASK is not retrained valid-operator performance
ele-fashion,42,gpr,semantic_q2,RENORMALIZED_DELETE,96090,-0.008080188196788352,-0.011219427011377903,0.035957276821136475,0.16454792022705078,0,nan,nan,nan,nan,MATCHING_FAILED,"{""allocated_cells"": 0, ""allocation"": {}, ""degree_pair_exact"": false, ""matched_edge_count_per_control"": 90379, ""matching_method"": ""integral max-flow with exact endpoint-degree-quantile-pair and base normalized edge-weight quantile marginals"", ""shortages"": {""degree_pair_shortfall_by_bin"": ""Counter({(3, 3): 45252, (2, 3): 27121, (0, 3): 17579, (0, 2): 2593, (2, 2): 2093, (0, 0): 1452})"", ""max_matched"": 90379, ""required"": 96090, ""weight_quantile_shortfall_by_bin"": ""Counter({3: 27801, 2: 24305, 1: 22572, 0: 21412})""}, ""status"": ""MATCHING_FAILED"", ""target_degree_pair_marginal"": ""{(2, 3): 27121, (3, 3): 45252, (0, 3): 17579, (0, 2): 2593, (0, 0): 1452, (2, 2): 2093}"", ""target_edge_count"": 96090, ""target_weight_quantile_marginal"": ""{1: 22572, 3: 27801, 0: 21412, 2: 24305}"", ""weight_quantile_exact"": false}",frozen graph intervention; FIXED_NORM_MASK is not retrained valid-operator performance
ele-fashion,42,gpr,semantic_q3,FIXED_NORM_MASK,0,0.0,0.0,0.0,0.0,0,nan,nan,nan,nan,EMPTY_TARGET_GROUP,"{""allocated_cells"": 0, ""allocation"": {}, ""degree_pair_exact"": false, ""matched_edge_count_per_control"": 0, ""matching_method"": ""integral max-flow with exact endpoint-degree-quantile-pair and base normalized edge-weight quantile marginals"", ""shortages"": {}, ""status"": ""EMPTY_TARGET_GROUP"", ""target_degree_pair_marginal"": ""{}"", ""target_edge_count"": 0, ""target_weight_quantile_marginal"": ""{}"", ""weight_quantile_exact"": false}",frozen graph intervention; FIXED_NORM_MASK is not retrained valid-operator performance
ele-fashion,42,gpr,semantic_q3,RENORMALIZED_DELETE,0,0.0,0.0,5.960464477539063e-08,0.0,0,nan,nan,nan,nan,EMPTY_TARGET_GROUP,"{""allocated_cells"": 0, ""allocation"": {}, ""degree_pair_exact"": false, ""matched_edge_count_per_control"": 0, ""matching_method"": ""integral max-flow with exact endpoint-degree-quantile-pair and base normalized edge-weight quantile marginals"", ""shortages"": {}, ""status"": ""EMPTY_TARGET_GROUP"", ""target_degree_pair_marginal"": ""{}"", ""target_edge_count"": 0, ""target_weight_quantile_marginal"": ""{}"", ""weight_quantile_exact"": false}",frozen graph intervention; FIXED_NORM_MASK is not retrained valid-operator performance
ele-fashion,43,uniform,semantic_q0,FIXED_NORM_MASK,50135,0.0016364938120077,0.010154700154520024,-0.009560614824295044,-0.556859016418457,20,-0.00804285854101181,0.0011968853801046812,-0.001517756283283234,-0.0014319320855068485,MATCHED,"{""allocated_cells"": 13, ""allocation"": {""((0, 0), 3)"": 287, ""((0, 2), 3)"": 754, ""((0, 3), 1)"": 5264, ""((0, 3), 2)"": 2503, ""((0, 3), 3)"": 1993, ""((2, 2), 3)"": 620, ""((2, 3), 0)"": 5230, ""((2, 3), 1)"": 8115, ""((2, 3), 2)"": 714, ""((2, 3), 3)"": 1208, ""((3, 3), 0)"": 8655, ""((3, 3), 2)"": 9015, ""((3, 3), 3)"": 5777}, ""degree_pair_exact"": true, ""matched_edge_count_per_control"": 50135, ""matching_method"": ""integral max-flow with exact endpoint-degree-quantile-pair and base normalized edge-weight quantile marginals"", ""shortages"": {}, ""status"": ""MATCHED"", ""target_degree_pair_marginal"": ""{(3, 3): 23447, (2, 3): 15267, (0, 3): 9760, (0, 2): 754, (0, 0): 287, (2, 2): 620}"", ""target_edge_count"": 50135, ""target_weight_quantile_marginal"": ""{0: 13885, 1: 13379, 2: 12232, 3: 10639}"", ""verified_exact_marginals"": true, ""weight_quantile_exact"": true}",frozen graph intervention; FIXED_NORM_MASK is not retrained valid-operator performance
ele-fashion,43,uniform,semantic_q0,RENORMALIZED_DELETE,50135,0.00030684258975144374,0.0060709957667438585,0.024604588747024536,0.4660835266113281,20,0.01599349230527878,0.0016002683018200674,0.008611096441745757,-0.002270635164160817,MATCHED,"{""allocated_cells"": 13, ""allocation"": {""((0, 0), 3)"": 287, ""((0, 2), 3)"": 754, ""((0, 3), 1)"": 5264, ""((0, 3), 2)"": 2503, ""((0, 3), 3)"": 1993, ""((2, 2), 3)"": 620, ""((2, 3), 0)"": 5230, ""((2, 3), 1)"": 8115, ""((2, 3), 2)"": 714, ""((2, 3), 3)"": 1208, ""((3, 3), 0)"": 8655, ""((3, 3), 2)"": 9015, ""((3, 3), 3)"": 5777}, ""degree_pair_exact"": true, ""matched_edge_count_per_control"": 50135, ""matching_method"": ""integral max-flow with exact endpoint-degree-quantile-pair and base normalized edge-weight quantile marginals"", ""shortages"": {}, ""status"": ""MATCHED"", ""target_degree_pair_marginal"": ""{(3, 3): 23447, (2, 3): 15267, (0, 3): 9760, (0, 2): 754, (0, 0): 287, (2, 2): 620}"", ""target_edge_count"": 50135, ""target_weight_quantile_marginal"": ""{0: 13885, 1: 13379, 2: 12232, 3: 10639}"", ""verified_exact_marginals"": true, ""weight_quantile_exact"": true}",frozen graph intervention; FIXED_NORM_MASK is not retrained valid-operator performance
ele-fashion,43,uniform,semantic_q1,FIXED_NORM_MASK,55173,-0.0006136851795029985,0.003278278871258755,-0.002813965082168579,-0.9425618648529053,20,-0.011146560311317444,0.0014079877163477668,0.008332595229148865,-0.00017387746752586252,MATCHED,"{""allocated_cells"": 13, ""allocation"": {""((0, 0), 3)"": 401, ""((0, 2), 3)"": 855, ""((0, 3), 1)"": 5524, ""((0, 3), 2)"": 2227, ""((0, 3), 3)"": 2186, ""((2, 2), 3)"": 726, ""((2, 3), 0)"": 5427, ""((2, 3), 1)"": 7028, ""((2, 3), 3)"": 2106, ""((3, 3), 0)"": 9909, ""((3, 3), 1)"": 1789, ""((3, 3), 2)"": 11447, ""((3, 3), 3)"": 5548}, ""degree_pair_exact"": true, ""matched_edge_count_per_control"": 55173, ""matching_method"": ""integral max-flow with exact endpoint-degree-quantile-pair and base normalized edge-weight quantile marginals"", ""shortages"": {}, ""status"": ""MATCHED"", ""target_degree_pair_marginal"": ""{(2, 3): 14561, (3, 3): 28693, (0, 3): 9937, (0, 2): 855, (2, 2): 726, (0, 0): 401}"", ""target_edge_count"": 55173, ""target_weight_quantile_marginal"": ""{0: 15336, 1: 14341, 2: 13674, 3: 11822}"", ""verified_exact_marginals"": true, ""weight_quantile_exact"": true}",frozen graph intervention; FIXED_NORM_MASK is not retrained valid-operator performance
ele-fashion,43,uniform,semantic_q1,RENORMALIZED_DELETE,55173,-0.003375268487266103,0.0010778857725473046,0.02099880576133728,0.14721441268920898,20,0.015643978118896486,0.0015998776382363503,0.0053548276424407945,-0.0016722921141454849,MATCHED,"{""allocated_cells"": 13, ""allocation"": {""((0, 0), 3)"": 401, ""((0, 2), 3)"": 855, ""((0, 3), 1)"": 5524, ""((0, 3), 2)"": 2227, ""((0, 3), 3)"": 2186, ""((2, 2), 3)"": 726, ""((2, 3), 0)"": 5427, ""((2, 3), 1)"": 7028, ""((2, 3), 3)"": 2106, ""((3, 3), 0)"": 9909, ""((3, 3), 1)"": 1789, ""((3, 3), 2)"": 11447, ""((3, 3), 3)"": 5548}, ""degree_pair_exact"": true, ""matched_edge_count_per_control"": 55173, ""matching_method"": ""integral max-flow with exact endpoint-degree-quantile-pair and base normalized edge-weight quantile marginals"", ""shortages"": {}, ""status"": ""MATCHED"", ""target_degree_pair_marginal"": ""{(2, 3): 14561, (3, 3): 28693, (0, 3): 9937, (0, 2): 855, (2, 2): 726, (0, 0): 401}"", ""target_edge_count"": 55173, ""target_weight_quantile_marginal"": ""{0: 15336, 1: 14341, 2: 13674, 3: 11822}"", ""verified_exact_marginals"": true, ""weight_quantile_exact"": true}",frozen graph intervention; FIXED_NORM_MASK is not retrained valid-operator performance
ele-fashion,43,uniform,semantic_q2,FIXED_NORM_MASK,94278,-0.005114043162524284,-0.00579845648302324,0.007611095905303955,-1.5031535625457764,0,nan,nan,nan,nan,MATCHING_FAILED,"{""allocated_cells"": 0, ""allocation"": {}, ""degree_pair_exact"": false, ""matched_edge_count_per_control"": 89309, ""matching_method"": ""integral max-flow with exact endpoint-degree-quantile-pair and base normalized edge-weight quantile marginals"", ""shortages"": {""degree_pair_shortfall_by_bin"": ""Counter({(3, 3): 44018, (2, 3): 26899, (0, 3): 17292, (0, 2): 2596, (2, 2): 2045, (0, 0): 1428})"", ""max_matched"": 89309, ""required"": 94278, ""weight_quantile_shortfall_by_bin"": ""Counter({3: 27430, 2: 23770, 1: 22069, 0: 21009})""}, ""status"": ""MATCHING_FAILED"", ""target_degree_pair_marginal"": ""{(2, 3): 26899, (3, 3): 44018, (0, 3): 17292, (0, 2): 2596, (0, 0): 1428, (2, 2): 2045}"", ""target_edge_count"": 94278, ""target_weight_quantile_marginal"": ""{1: 22069, 3: 27430, 0: 21009, 2: 23770}"", ""weight_quantile_exact"": false}",frozen graph intervention; FIXED_NORM_MASK is not retrained valid-operator performance
ele-fashion,43,uniform,semantic_q2,RENORMALIZED_DELETE,94278,-0.0078756264702875,-0.0056170905462450404,0.04275614023208618,0.17757034301757812,0,nan,nan,nan,nan,MATCHING_FAILED,"{""allocated_cells"": 0, ""allocation"": {}, ""degree_pair_exact"": false, ""matched_edge_count_per_control"": 89309, ""matching_method"": ""integral max-flow with exact endpoint-degree-quantile-pair and base normalized edge-weight quantile marginals"", ""shortages"": {""degree_pair_shortfall_by_bin"": ""Counter({(3, 3): 44018, (2, 3): 26899, (0, 3): 17292, (0, 2): 2596, (2, 2): 2045, (0, 0): 1428})"", ""max_matched"": 89309, ""required"": 94278, ""weight_quantile_shortfall_by_bin"": ""Counter({3: 27430, 2: 23770, 1: 22069, 0: 21009})""}, ""status"": ""MATCHING_FAILED"", ""target_degree_pair_marginal"": ""{(2, 3): 26899, (3, 3): 44018, (0, 3): 17292, (0, 2): 2596, (0, 0): 1428, (2, 2): 2045}"", ""target_edge_count"": 94278, ""target_weight_quantile_marginal"": ""{1: 22069, 3: 27430, 0: 21009, 2: 23770}"", ""weight_quantile_exact"": false}",frozen graph intervention; FIXED_NORM_MASK is not retrained valid-operator performance
ele-fashion,43,uniform,semantic_q3,FIXED_NORM_MASK,0,0.0,0.0,0.0,0.0,0,nan,nan,nan,nan,EMPTY_TARGET_GROUP,"{""allocated_cells"": 0, ""allocation"": {}, ""degree_pair_exact"": false, ""matched_edge_count_per_control"": 0, ""matching_method"": ""integral max-flow with exact endpoint-degree-quantile-pair and base normalized edge-weight quantile marginals"", ""shortages"": {}, ""status"": ""EMPTY_TARGET_GROUP"", ""target_degree_pair_marginal"": ""{}"", ""target_edge_count"": 0, ""target_weight_quantile_marginal"": ""{}"", ""weight_quantile_exact"": false}",frozen graph intervention; FIXED_NORM_MASK is not retrained valid-operator performance
ele-fashion,43,uniform,semantic_q3,RENORMALIZED_DELETE,0,0.0,0.0,-2.9802322387695312e-08,0.0,0,nan,nan,nan,nan,EMPTY_TARGET_GROUP,"{""allocated_cells"": 0, ""allocation"": {}, ""degree_pair_exact"": false, ""matched_edge_count_per_control"": 0, ""matching_method"": ""integral max-flow with exact endpoint-degree-quantile-pair and base normalized edge-weight quantile marginals"", ""shortages"": {}, ""status"": ""EMPTY_TARGET_GROUP"", ""target_degree_pair_marginal"": ""{}"", ""target_edge_count"": 0, ""target_weight_quantile_marginal"": ""{}"", ""weight_quantile_exact"": false}",frozen graph intervention; FIXED_NORM_MASK is not retrained valid-operator performance
ele-fashion,43,gpr,semantic_q0,FIXED_NORM_MASK,49780,-0.0007159660427533687,0.0036531671248789532,-0.01690700650215149,-0.6358661651611328,20,-0.01884135454893112,0.0008691728675511577,0.0019343480467796312,-0.0017745729773959219,MATCHED,"{""allocated_cells"": 13, ""allocation"": {""((0, 0), 3)"": 274, ""((0, 2), 3)"": 736, ""((0, 3), 1)"": 5273, ""((0, 3), 2)"": 2532, ""((0, 3), 3)"": 1960, ""((2, 2), 3)"": 619, ""((2, 3), 0)"": 5305, ""((2, 3), 1)"": 7974, ""((2, 3), 2)"": 795, ""((2, 3), 3)"": 1130, ""((3, 3), 0)"": 8552, ""((3, 3), 2)"": 8825, ""((3, 3), 3)"": 5805}, ""degree_pair_exact"": true, ""matched_edge_count_per_control"": 49780, ""matching_method"": ""integral max-flow with exact endpoint-degree-quantile-pair and base normalized edge-weight quantile marginals"", ""shortages"": {}, ""status"": ""MATCHED"", ""target_degree_pair_marginal"": ""{(3, 3): 23182, (2, 3): 15204, (0, 3): 9765, (0, 2): 736, (0, 0): 274, (2, 2): 619}"", ""target_edge_count"": 49780, ""target_weight_quantile_marginal"": ""{0: 13857, 1: 13247, 2: 12152, 3: 10524}"", ""verified_exact_marginals"": true, ""weight_quantile_exact"": true}",frozen graph intervention; FIXED_NORM_MASK is not retrained valid-operator performance
ele-fashion,43,gpr,semantic_q0,RENORMALIZED_DELETE,49780,-0.0015342129487572187,0.0021309601277587076,0.028515100479125977,0.41495847702026367,20,0.015005460381507874,0.0014729872677102325,0.013509640097618103,-0.0021785823872353506,MATCHED,"{""allocated_cells"": 13, ""allocation"": {""((0, 0), 3)"": 274, ""((0, 2), 3)"": 736, ""((0, 3), 1)"": 5273, ""((0, 3), 2)"": 2532, ""((0, 3), 3)"": 1960, ""((2, 2), 3)"": 619, ""((2, 3), 0)"": 5305, ""((2, 3), 1)"": 7974, ""((2, 3), 2)"": 795, ""((2, 3), 3)"": 1130, ""((3, 3), 0)"": 8552, ""((3, 3), 2)"": 8825, ""((3, 3), 3)"": 5805}, ""degree_pair_exact"": true, ""matched_edge_count_per_control"": 49780, ""matching_method"": ""integral max-flow with exact endpoint-degree-quantile-pair and base normalized edge-weight quantile marginals"", ""shortages"": {}, ""status"": ""MATCHED"", ""target_degree_pair_marginal"": ""{(3, 3): 23182, (2, 3): 15204, (0, 3): 9765, (0, 2): 736, (0, 0): 274, (2, 2): 619}"", ""target_edge_count"": 49780, ""target_weight_quantile_marginal"": ""{0: 13857, 1: 13247, 2: 12152, 3: 10524}"", ""verified_exact_marginals"": true, ""weight_quantile_exact"": true}",frozen graph intervention; FIXED_NORM_MASK is not retrained valid-operator performance
ele-fashion,43,gpr,semantic_q1,FIXED_NORM_MASK,54638,-0.002045617265009736,-0.00028152851778529,-0.01667436957359314,-1.0505905151367188,20,-0.02227052450180054,0.0013519871806218684,0.005596154928207399,-0.0012171422726807435,MATCHED,"{""allocated_cells"": 13, ""allocation"": {""((0, 0), 3)"": 399, ""((0, 2), 3)"": 861, ""((0, 3), 1)"": 5541, ""((0, 3), 2)"": 1987, ""((0, 3), 3)"": 2229, ""((2, 2), 3)"": 700, ""((2, 3), 0)"": 5574, ""((2, 3), 1)"": 7013, ""((2, 3), 3)"": 1962, ""((3, 3), 0)"": 9512, ""((3, 3), 1)"": 1739, ""((3, 3), 2)"": 11564, ""((3, 3), 3)"": 5557}, ""degree_pair_exact"": true, ""matched_edge_count_per_control"": 54638, ""matching_method"": ""integral max-flow with exact endpoint-degree-quantile-pair and base normalized edge-weight quantile marginals"", ""shortages"": {}, ""status"": ""MATCHED"", ""target_degree_pair_marginal"": ""{(2, 3): 14549, (3, 3): 28372, (0, 3): 9757, (0, 2): 861, (0, 0): 399, (2, 2): 700}"", ""target_edge_count"": 54638, ""target_weight_quantile_marginal"": ""{0: 15086, 1: 14293, 2: 13551, 3: 11708}"", ""verified_exact_marginals"": true, ""weight_quantile_exact"": true}",frozen graph intervention; FIXED_NORM_MASK is not retrained valid-operator performance
ele-fashion,43,gpr,semantic_q1,RENORMALIZED_DELETE,54638,-0.002557021581262142,-1.7189753922508544e-05,0.018790602684020996,0.12643051147460938,20,0.015142154693603516,0.0017444353828352732,0.0036484479904174798,-0.002117213869285051,MATCHED,"{""allocated_cells"": 13, ""allocation"": {""((0, 0), 3)"": 399, ""((0, 2), 3)"": 861, ""((0, 3), 1)"": 5541, ""((0, 3), 2)"": 1987, ""((0, 3), 3)"": 2229, ""((2, 2), 3)"": 700, ""((2, 3), 0)"": 5574, ""((2, 3), 1)"": 7013, ""((2, 3), 3)"": 1962, ""((3, 3), 0)"": 9512, ""((3, 3), 1)"": 1739, ""((3, 3), 2)"": 11564, ""((3, 3), 3)"": 5557}, ""degree_pair_exact"": true, ""matched_edge_count_per_control"": 54638, ""matching_method"": ""integral max-flow with exact endpoint-degree-quantile-pair and base normalized edge-weight quantile marginals"", ""shortages"": {}, ""status"": ""MATCHED"", ""target_degree_pair_marginal"": ""{(2, 3): 14549, (3, 3): 28372, (0, 3): 9757, (0, 2): 861, (0, 0): 399, (2, 2): 700}"", ""target_edge_count"": 54638, ""target_weight_quantile_marginal"": ""{0: 15086, 1: 14293, 2: 13551, 3: 11708}"", ""verified_exact_marginals"": true, ""weight_quantile_exact"": true}",frozen graph intervention; FIXED_NORM_MASK is not retrained valid-operator performance
ele-fashion,43,gpr,semantic_q2,FIXED_NORM_MASK,95168,-0.004091234530019361,-0.0075787157834315,-0.02945047616958618,-1.660628318786621,0,nan,nan,nan,nan,MATCHING_FAILED,"{""allocated_cells"": 0, ""allocation"": {}, ""degree_pair_exact"": false, ""matched_edge_count_per_control"": 89741, ""matching_method"": ""integral max-flow with exact endpoint-degree-quantile-pair and base normalized edge-weight quantile marginals"", ""shortages"": {""degree_pair_shortfall_by_bin"": ""Counter({(3, 3): 44604, (2, 3): 26974, (0, 3): 17467, (0, 2): 2608, (2, 2): 2072, (0, 0): 1443})"", ""max_matched"": 89741, ""required"": 95168, ""weight_quantile_shortfall_by_bin"": ""Counter({3: 27659, 2: 23973, 1: 22249, 0: 21287})""}, ""status"": ""MATCHING_FAILED"", ""target_degree_pair_marginal"": ""{(2, 3): 26974, (3, 3): 44604, (0, 3): 17467, (0, 2): 2608, (0, 0): 1443, (2, 2): 2072}"", ""target_edge_count"": 95168, ""target_weight_quantile_marginal"": ""{1: 22249, 3: 27659, 0: 21287, 2: 23973}"", ""weight_quantile_exact"": false}",frozen graph intervention; FIXED_NORM_MASK is not retrained valid-operator performance
ele-fashion,43,gpr,semantic_q2,RENORMALIZED_DELETE,95168,-0.006341413521530059,-0.006545887390511429,0.03319773077964783,0.15467548370361328,0,nan,nan,nan,nan,MATCHING_FAILED,"{""allocated_cells"": 0, ""allocation"": {}, ""degree_pair_exact"": false, ""matched_edge_count_per_control"": 89741, ""matching_method"": ""integral max-flow with exact endpoint-degree-quantile-pair and base normalized edge-weight quantile marginals"", ""shortages"": {""degree_pair_shortfall_by_bin"": ""Counter({(3, 3): 44604, (2, 3): 26974, (0, 3): 17467, (0, 2): 2608, (2, 2): 2072, (0, 0): 1443})"", ""max_matched"": 89741, ""required"": 95168, ""weight_quantile_shortfall_by_bin"": ""Counter({3: 27659, 2: 23973, 1: 22249, 0: 21287})""}, ""status"": ""MATCHING_FAILED"", ""target_degree_pair_marginal"": ""{(2, 3): 26974, (3, 3): 44604, (0, 3): 17467, (0, 2): 2608, (0, 0): 1443, (2, 2): 2072}"", ""target_edge_count"": 95168, ""target_weight_quantile_marginal"": ""{1: 22249, 3: 27659, 0: 21287, 2: 23973}"", ""weight_quantile_exact"": false}",frozen graph intervention; FIXED_NORM_MASK is not retrained valid-operator performance
ele-fashion,43,gpr,semantic_q3,FIXED_NORM_MASK,0,0.0,0.0,0.0,0.0,0,nan,nan,nan,nan,EMPTY_TARGET_GROUP,"{""allocated_cells"": 0, ""allocation"": {}, ""degree_pair_exact"": false, ""matched_edge_count_per_control"": 0, ""matching_method"": ""integral max-flow with exact endpoint-degree-quantile-pair and base normalized edge-weight quantile marginals"", ""shortages"": {}, ""status"": ""EMPTY_TARGET_GROUP"", ""target_degree_pair_marginal"": ""{}"", ""target_edge_count"": 0, ""target_weight_quantile_marginal"": ""{}"", ""weight_quantile_exact"": false}",frozen graph intervention; FIXED_NORM_MASK is not retrained valid-operator performance
ele-fashion,43,gpr,semantic_q3,RENORMALIZED_DELETE,0,0.0,0.0,0.0,0.0,0,nan,nan,nan,nan,EMPTY_TARGET_GROUP,"{""allocated_cells"": 0, ""allocation"": {}, ""degree_pair_exact"": false, ""matched_edge_count_per_control"": 0, ""matching_method"": ""integral max-flow with exact endpoint-degree-quantile-pair and base normalized edge-weight quantile marginals"", ""shortages"": {}, ""status"": ""EMPTY_TARGET_GROUP"", ""target_degree_pair_marginal"": ""{}"", ""target_edge_count"": 0, ""target_weight_quantile_marginal"": ""{}"", ""weight_quantile_exact"": false}",frozen graph intervention; FIXED_NORM_MASK is not retrained valid-operator performance
ele-fashion,44,uniform,semantic_q0,FIXED_NORM_MASK,50201,-0.00010228086325048125,0.005807990966971155,-0.007898509502410889,-0.5664782524108887,20,-0.004736939072608947,0.0011864200072290007,-0.0031615704298019413,-0.0015853533803825647,MATCHED,"{""allocated_cells"": 13, ""allocation"": {""((0, 0), 3)"": 294, ""((0, 2), 3)"": 767, ""((0, 3), 1)"": 5297, ""((0, 3), 2)"": 2347, ""((0, 3), 3)"": 2057, ""((2, 2), 3)"": 629, ""((2, 3), 0)"": 5370, ""((2, 3), 1)"": 8135, ""((2, 3), 2)"": 394, ""((2, 3), 3)"": 1204, ""((3, 3), 0)"": 8410, ""((3, 3), 2)"": 9513, ""((3, 3), 3)"": 5784}, ""degree_pair_exact"": true, ""matched_edge_count_per_control"": 50201, ""matching_method"": ""integral max-flow with exact endpoint-degree-quantile-pair and base normalized edge-weight quantile marginals"", ""shortages"": {}, ""status"": ""MATCHED"", ""target_degree_pair_marginal"": ""{(3, 3): 23707, (2, 3): 15103, (0, 3): 9701, (0, 2): 767, (0, 0): 294, (2, 2): 629}"", ""target_edge_count"": 50201, ""target_weight_quantile_marginal"": ""{0: 13780, 1: 13432, 2: 12254, 3: 10735}"", ""verified_exact_marginals"": true, ""weight_quantile_exact"": true}",frozen graph intervention; FIXED_NORM_MASK is not retrained valid-operator performance
ele-fashion,44,uniform,semantic_q0,RENORMALIZED_DELETE,50201,-0.0009205277692544422,0.007407103718304442,0.019879698753356934,0.4408450126647949,20,0.014165426790714263,0.001469329776751349,0.00571427196264267,-0.0018615117111588752,MATCHED,"{""allocated_cells"": 13, ""allocation"": {""((0, 0), 3)"": 294, ""((0, 2), 3)"": 767, ""((0, 3), 1)"": 5297, ""((0, 3), 2)"": 2347, ""((0, 3), 3)"": 2057, ""((2, 2), 3)"": 629, ""((2, 3), 0)"": 5370, ""((2, 3), 1)"": 8135, ""((2, 3), 2)"": 394, ""((2, 3), 3)"": 1204, ""((3, 3), 0)"": 8410, ""((3, 3), 2)"": 9513, ""((3, 3), 3)"": 5784}, ""degree_pair_exact"": true, ""matched_edge_count_per_control"": 50201, ""matching_method"": ""integral max-flow with exact endpoint-degree-quantile-pair and base normalized edge-weight quantile marginals"", ""shortages"": {}, ""status"": ""MATCHED"", ""target_degree_pair_marginal"": ""{(3, 3): 23707, (2, 3): 15103, (0, 3): 9701, (0, 2): 767, (0, 0): 294, (2, 2): 629}"", ""target_edge_count"": 50201, ""target_weight_quantile_marginal"": ""{0: 13780, 1: 13432, 2: 12254, 3: 10735}"", ""verified_exact_marginals"": true, ""weight_quantile_exact"": true}",frozen graph intervention; FIXED_NORM_MASK is not retrained valid-operator performance
ele-fashion,44,uniform,semantic_q1,FIXED_NORM_MASK,54949,-0.001636493812007811,-0.0008963637227112908,-0.002476722002029419,-0.9475226402282715,20,-0.00861901491880417,0.001230183743049038,0.0061422929167747504,-0.001442160171831891,MATCHED,"{""allocated_cells"": 13, ""allocation"": {""((0, 0), 3)"": 405, ""((0, 2), 3)"": 870, ""((0, 3), 1)"": 5607, ""((0, 3), 2)"": 2142, ""((0, 3), 3)"": 2157, ""((2, 2), 3)"": 738, ""((2, 3), 0)"": 5009, ""((2, 3), 1)"": 7482, ""((2, 3), 3)"": 2257, ""((3, 3), 0)"": 10476, ""((3, 3), 1)"": 959, ""((3, 3), 2)"": 11357, ""((3, 3), 3)"": 5490}, ""degree_pair_exact"": true, ""matched_edge_count_per_control"": 54949, ""matching_method"": ""integral max-flow with exact endpoint-degree-quantile-pair and base normalized edge-weight quantile marginals"", ""shortages"": {}, ""status"": ""MATCHED"", ""target_degree_pair_marginal"": ""{(2, 3): 14748, (3, 3): 28282, (0, 3): 9906, (2, 2): 738, (0, 2): 870, (0, 0): 405}"", ""target_edge_count"": 54949, ""target_weight_quantile_marginal"": ""{0: 15485, 1: 14048, 2: 13499, 3: 11917}"", ""verified_exact_marginals"": true, ""weight_quantile_exact"": true}",frozen graph intervention; FIXED_NORM_MASK is not retrained valid-operator performance
ele-fashion,44,uniform,semantic_q1,RENORMALIZED_DELETE,54949,-0.002454740718011661,-0.0013594689370195479,0.019327431917190552,0.15335607528686523,20,0.01423766165971756,0.001604997639796436,0.005089770257472991,-0.0016569499846579127,MATCHED,"{""allocated_cells"": 13, ""allocation"": {""((0, 0), 3)"": 405, ""((0, 2), 3)"": 870, ""((0, 3), 1)"": 5607, ""((0, 3), 2)"": 2142, ""((0, 3), 3)"": 2157, ""((2, 2), 3)"": 738, ""((2, 3), 0)"": 5009, ""((2, 3), 1)"": 7482, ""((2, 3), 3)"": 2257, ""((3, 3), 0)"": 10476, ""((3, 3), 1)"": 959, ""((3, 3), 2)"": 11357, ""((3, 3), 3)"": 5490}, ""degree_pair_exact"": true, ""matched_edge_count_per_control"": 54949, ""matching_method"": ""integral max-flow with exact endpoint-degree-quantile-pair and base normalized edge-weight quantile marginals"", ""shortages"": {}, ""status"": ""MATCHED"", ""target_degree_pair_marginal"": ""{(2, 3): 14748, (3, 3): 28282, (0, 3): 9906, (2, 2): 738, (0, 2): 870, (0, 0): 405}"", ""target_edge_count"": 54949, ""target_weight_quantile_marginal"": ""{0: 15485, 1: 14048, 2: 13499, 3: 11917}"", ""verified_exact_marginals"": true, ""weight_quantile_exact"": true}",frozen graph intervention; FIXED_NORM_MASK is not retrained valid-operator performance
ele-fashion,44,uniform,semantic_q2,FIXED_NORM_MASK,94436,-0.00552316661552632,-0.007556442305828859,0.009910762310028076,-1.5273182392120361,0,nan,nan,nan,nan,MATCHING_FAILED,"{""allocated_cells"": 0, ""allocation"": {}, ""degree_pair_exact"": false, ""matched_edge_count_per_control"": 89849, ""matching_method"": ""integral max-flow with exact endpoint-degree-quantile-pair and base normalized edge-weight quantile marginals"", ""shortages"": {""degree_pair_shortfall_by_bin"": ""Counter({(3, 3): 44169, (2, 3): 26876, (0, 3): 17382, (0, 2): 2568, (2, 2): 2024, (0, 0): 1417})"", ""max_matched"": 89849, ""required"": 94436, ""weight_quantile_shortfall_by_bin"": ""Counter({3: 27239, 2: 23923, 1: 22309, 0: 20965})""}, ""status"": ""MATCHING_FAILED"", ""target_degree_pair_marginal"": ""{(2, 3): 26876, (3, 3): 44169, (0, 3): 17382, (0, 2): 2568, (0, 0): 1417, (2, 2): 2024}"", ""target_edge_count"": 94436, ""target_weight_quantile_marginal"": ""{3: 27239, 0: 20965, 1: 22309, 2: 23923}"", ""weight_quantile_exact"": false}",frozen graph intervention; FIXED_NORM_MASK is not retrained valid-operator performance
ele-fashion,44,uniform,semantic_q2,RENORMALIZED_DELETE,94436,-0.0076710647437864266,-0.0041082324684824645,0.03702831268310547,0.18978643417358398,0,nan,nan,nan,nan,MATCHING_FAILED,"{""allocated_cells"": 0, ""allocation"": {}, ""degree_pair_exact"": false, ""matched_edge_count_per_control"": 89849, ""matching_method"": ""integral max-flow with exact endpoint-degree-quantile-pair and base normalized edge-weight quantile marginals"", ""shortages"": {""degree_pair_shortfall_by_bin"": ""Counter({(3, 3): 44169, (2, 3): 26876, (0, 3): 17382, (0, 2): 2568, (2, 2): 2024, (0, 0): 1417})"", ""max_matched"": 89849, ""required"": 94436, ""weight_quantile_shortfall_by_bin"": ""Counter({3: 27239, 2: 23923, 1: 22309, 0: 20965})""}, ""status"": ""MATCHING_FAILED"", ""target_degree_pair_marginal"": ""{(2, 3): 26876, (3, 3): 44169, (0, 3): 17382, (0, 2): 2568, (0, 0): 1417, (2, 2): 2024}"", ""target_edge_count"": 94436, ""target_weight_quantile_marginal"": ""{3: 27239, 0: 20965, 1: 22309, 2: 23923}"", ""weight_quantile_exact"": false}",frozen graph intervention; FIXED_NORM_MASK is not retrained valid-operator performance
ele-fashion,44,uniform,semantic_q3,FIXED_NORM_MASK,0,0.0,0.0,0.0,0.0,0,nan,nan,nan,nan,EMPTY_TARGET_GROUP,"{""allocated_cells"": 0, ""allocation"": {}, ""degree_pair_exact"": false, ""matched_edge_count_per_control"": 0, ""matching_method"": ""integral max-flow with exact endpoint-degree-quantile-pair and base normalized edge-weight quantile marginals"", ""shortages"": {}, ""status"": ""EMPTY_TARGET_GROUP"", ""target_degree_pair_marginal"": ""{}"", ""target_edge_count"": 0, ""target_weight_quantile_marginal"": ""{}"", ""weight_quantile_exact"": false}",frozen graph intervention; FIXED_NORM_MASK is not retrained valid-operator performance
ele-fashion,44,uniform,semantic_q3,RENORMALIZED_DELETE,0,0.0,0.0,0.0,0.0,0,nan,nan,nan,nan,EMPTY_TARGET_GROUP,"{""allocated_cells"": 0, ""allocation"": {}, ""degree_pair_exact"": false, ""matched_edge_count_per_control"": 0, ""matching_method"": ""integral max-flow with exact endpoint-degree-quantile-pair and base normalized edge-weight quantile marginals"", ""shortages"": {}, ""status"": ""EMPTY_TARGET_GROUP"", ""target_degree_pair_marginal"": ""{}"", ""target_edge_count"": 0, ""target_weight_quantile_marginal"": ""{}"", ""weight_quantile_exact"": false}",frozen graph intervention; FIXED_NORM_MASK is not retrained valid-operator performance
ele-fashion,44,gpr,semantic_q0,FIXED_NORM_MASK,49920,-0.0015342129487572187,0.0027289061979867135,-0.008647680282592773,-0.4827280044555664,20,-0.009957942366600036,0.0010045960683318124,0.0013102620840072625,-0.0025007671064743555,MATCHED,"{""allocated_cells"": 13, ""allocation"": {""((0, 0), 3)"": 281, ""((0, 2), 3)"": 758, ""((0, 3), 1)"": 5275, ""((0, 3), 2)"": 2381, ""((0, 3), 3)"": 2017, ""((2, 2), 3)"": 619, ""((2, 3), 0)"": 5430, ""((2, 3), 1)"": 8118, ""((2, 3), 2)"": 346, ""((2, 3), 3)"": 1145, ""((3, 3), 0)"": 8310, ""((3, 3), 2)"": 9446, ""((3, 3), 3)"": 5794}, ""degree_pair_exact"": true, ""matched_edge_count_per_control"": 49920, ""matching_method"": ""integral max-flow with exact endpoint-degree-quantile-pair and base normalized edge-weight quantile marginals"", ""shortages"": {}, ""status"": ""MATCHED"", ""target_degree_pair_marginal"": ""{(3, 3): 23550, (0, 3): 9673, (2, 3): 15039, (0, 2): 758, (0, 0): 281, (2, 2): 619}"", ""target_edge_count"": 49920, ""target_weight_quantile_marginal"": ""{0: 13740, 1: 13393, 2: 12173, 3: 10614}"", ""verified_exact_marginals"": true, ""weight_quantile_exact"": true}",frozen graph intervention; FIXED_NORM_MASK is not retrained valid-operator performance
ele-fashion,44,gpr,semantic_q0,RENORMALIZED_DELETE,49920,-0.0010228086325048125,0.004245193373506817,0.026585042476654053,0.4060401916503906,20,0.01293725222349167,0.0008567427424025009,0.013647790253162383,-0.002439398588524072,MATCHED,"{""allocated_cells"": 13, ""allocation"": {""((0, 0), 3)"": 281, ""((0, 2), 3)"": 758, ""((0, 3), 1)"": 5275, ""((0, 3), 2)"": 2381, ""((0, 3), 3)"": 2017, ""((2, 2), 3)"": 619, ""((2, 3), 0)"": 5430, ""((2, 3), 1)"": 8118, ""((2, 3), 2)"": 346, ""((2, 3), 3)"": 1145, ""((3, 3), 0)"": 8310, ""((3, 3), 2)"": 9446, ""((3, 3), 3)"": 5794}, ""degree_pair_exact"": true, ""matched_edge_count_per_control"": 49920, ""matching_method"": ""integral max-flow with exact endpoint-degree-quantile-pair and base normalized edge-weight quantile marginals"", ""shortages"": {}, ""status"": ""MATCHED"", ""target_degree_pair_marginal"": ""{(3, 3): 23550, (0, 3): 9673, (2, 3): 15039, (0, 2): 758, (0, 0): 281, (2, 2): 619}"", ""target_edge_count"": 49920, ""target_weight_quantile_marginal"": ""{0: 13740, 1: 13393, 2: 12173, 3: 10614}"", ""verified_exact_marginals"": true, ""weight_quantile_exact"": true}",frozen graph intervention; FIXED_NORM_MASK is not retrained valid-operator performance
ele-fashion,44,gpr,semantic_q1,FIXED_NORM_MASK,53868,-0.0017387746752581812,0.0005326750420183712,-0.007666498422622681,-0.8207330703735352,20,-0.011094395816326142,0.001347846913626282,0.0034278973937034614,-0.0027462411782755323,MATCHED,"{""allocated_cells"": 13, ""allocation"": {""((0, 0), 3)"": 387, ""((0, 2), 3)"": 861, ""((0, 3), 1)"": 5640, ""((0, 3), 2)"": 1987, ""((0, 3), 3)"": 2165, ""((2, 2), 3)"": 725, ""((2, 3), 0)"": 5260, ""((2, 3), 1)"": 7399, ""((2, 3), 3)"": 1973, ""((3, 3), 0)"": 9873, ""((3, 3), 1)"": 762, ""((3, 3), 2)"": 11291, ""((3, 3), 3)"": 5545}, ""degree_pair_exact"": true, ""matched_edge_count_per_control"": 53868, ""matching_method"": ""integral max-flow with exact endpoint-degree-quantile-pair and base normalized edge-weight quantile marginals"", ""shortages"": {}, ""status"": ""MATCHED"", ""target_degree_pair_marginal"": ""{(2, 3): 14632, (3, 3): 27471, (0, 3): 9792, (2, 2): 725, (0, 2): 861, (0, 0): 387}"", ""target_edge_count"": 53868, ""target_weight_quantile_marginal"": ""{0: 15133, 1: 13801, 2: 13278, 3: 11656}"", ""verified_exact_marginals"": true, ""weight_quantile_exact"": true}",frozen graph intervention; FIXED_NORM_MASK is not retrained valid-operator performance
ele-fashion,44,gpr,semantic_q1,RENORMALIZED_DELETE,53868,-0.0016364938120077,0.002368481375424003,0.01614665985107422,0.12418174743652344,20,0.014840015769004821,0.0016743630876118422,0.0013066440820693973,-0.0019637925744093233,MATCHED,"{""allocated_cells"": 13, ""allocation"": {""((0, 0), 3)"": 387, ""((0, 2), 3)"": 861, ""((0, 3), 1)"": 5640, ""((0, 3), 2)"": 1987, ""((0, 3), 3)"": 2165, ""((2, 2), 3)"": 725, ""((2, 3), 0)"": 5260, ""((2, 3), 1)"": 7399, ""((2, 3), 3)"": 1973, ""((3, 3), 0)"": 9873, ""((3, 3), 1)"": 762, ""((3, 3), 2)"": 11291, ""((3, 3), 3)"": 5545}, ""degree_pair_exact"": true, ""matched_edge_count_per_control"": 53868, ""matching_method"": ""integral max-flow with exact endpoint-degree-quantile-pair and base normalized edge-weight quantile marginals"", ""shortages"": {}, ""status"": ""MATCHED"", ""target_degree_pair_marginal"": ""{(2, 3): 14632, (3, 3): 27471, (0, 3): 9792, (2, 2): 725, (0, 2): 861, (0, 0): 387}"", ""target_edge_count"": 53868, ""target_weight_quantile_marginal"": ""{0: 15133, 1: 13801, 2: 13278, 3: 11656}"", ""verified_exact_marginals"": true, ""weight_quantile_exact"": true}",frozen graph intervention; FIXED_NORM_MASK is not retrained valid-operator performance
ele-fashion,44,gpr,semantic_q2,FIXED_NORM_MASK,95798,-0.005727728342027172,-0.008658858169236394,-0.008976727724075317,-1.3645594120025635,0,nan,nan,nan,nan,MATCHING_FAILED,"{""allocated_cells"": 0, ""allocation"": {}, ""degree_pair_exact"": false, ""matched_edge_count_per_control"": 90447, ""matching_method"": ""integral max-flow with exact endpoint-degree-quantile-pair and base normalized edge-weight quantile marginals"", ""shortages"": {""degree_pair_shortfall_by_bin"": ""Counter({(3, 3): 45137, (2, 3): 27056, (0, 3): 17524, (0, 2): 2586, (2, 2): 2047, (0, 0): 1448})"", ""max_matched"": 90447, ""required"": 95798, ""weight_quantile_shortfall_by_bin"": ""Counter({3: 27621, 2: 24225, 1: 22595, 0: 21357})""}, ""status"": ""MATCHING_FAILED"", ""target_degree_pair_marginal"": ""{(2, 3): 27056, (3, 3): 45137, (0, 3): 17524, (0, 2): 2586, (0, 0): 1448, (2, 2): 2047}"", ""target_edge_count"": 95798, ""target_weight_quantile_marginal"": ""{3: 27621, 0: 21357, 1: 22595, 2: 24225}"", ""weight_quantile_exact"": false}",frozen graph intervention; FIXED_NORM_MASK is not retrained valid-operator performance
ele-fashion,44,gpr,semantic_q2,RENORMALIZED_DELETE,95798,-0.005727728342027172,-0.004333851635452857,0.03397807478904724,0.15435266494750977,0,nan,nan,nan,nan,MATCHING_FAILED,"{""allocated_cells"": 0, ""allocation"": {}, ""degree_pair_exact"": false, ""matched_edge_count_per_control"": 90447, ""matching_method"": ""integral max-flow with exact endpoint-degree-quantile-pair and base normalized edge-weight quantile marginals"", ""shortages"": {""degree_pair_shortfall_by_bin"": ""Counter({(3, 3): 45137, (2, 3): 27056, (0, 3): 17524, (0, 2): 2586, (2, 2): 2047, (0, 0): 1448})"", ""max_matched"": 90447, ""required"": 95798, ""weight_quantile_shortfall_by_bin"": ""Counter({3: 27621, 2: 24225, 1: 22595, 0: 21357})""}, ""status"": ""MATCHING_FAILED"", ""target_degree_pair_marginal"": ""{(2, 3): 27056, (3, 3): 45137, (0, 3): 17524, (0, 2): 2586, (0, 0): 1448, (2, 2): 2047}"", ""target_edge_count"": 95798, ""target_weight_quantile_marginal"": ""{3: 27621, 0: 21357, 1: 22595, 2: 24225}"", ""weight_quantile_exact"": false}",frozen graph intervention; FIXED_NORM_MASK is not retrained valid-operator performance
ele-fashion,44,gpr,semantic_q3,FIXED_NORM_MASK,0,0.0,0.0,0.0,4.76837158203125e-07,0,nan,nan,nan,nan,EMPTY_TARGET_GROUP,"{""allocated_cells"": 0, ""allocation"": {}, ""degree_pair_exact"": false, ""matched_edge_count_per_control"": 0, ""matching_method"": ""integral max-flow with exact endpoint-degree-quantile-pair and base normalized edge-weight quantile marginals"", ""shortages"": {}, ""status"": ""EMPTY_TARGET_GROUP"", ""target_degree_pair_marginal"": ""{}"", ""target_edge_count"": 0, ""target_weight_quantile_marginal"": ""{}"", ""weight_quantile_exact"": false}",frozen graph intervention; FIXED_NORM_MASK is not retrained valid-operator performance
ele-fashion,44,gpr,semantic_q3,RENORMALIZED_DELETE,0,0.0,0.0,0.0,0.0,0,nan,nan,nan,nan,EMPTY_TARGET_GROUP,"{""allocated_cells"": 0, ""allocation"": {}, ""degree_pair_exact"": false, ""matched_edge_count_per_control"": 0, ""matching_method"": ""integral max-flow with exact endpoint-degree-quantile-pair and base normalized edge-weight quantile marginals"", ""shortages"": {}, ""status"": ""EMPTY_TARGET_GROUP"", ""target_degree_pair_marginal"": ""{}"", ""target_edge_count"": 0, ""target_weight_quantile_marginal"": ""{}"", ""weight_quantile_exact"": false}",frozen graph intervention; FIXED_NORM_MASK is not retrained valid-operator performance
Reddit-S,42,uniform,semantic_q0,FIXED_NORM_MASK,38143,-0.015413652091852748,-0.017236430299491623,0.05895109474658966,-1.9309678077697754,20,0.02129132077097893,0.0038810985054499305,0.03765977397561073,-0.004529726329034306,MATCHED,"{""allocated_cells"": 7, ""allocation"": {""((0, 0), 3)"": 801, ""((1, 1), 3)"": 1469, ""((2, 2), 3)"": 3594, ""((3, 3), 0)"": 5182, ""((3, 3), 1)"": 10778, ""((3, 3), 2)"": 10356, ""((3, 3), 3)"": 5963}, ""degree_pair_exact"": true, ""matched_edge_count_per_control"": 38143, ""matching_method"": ""integral max-flow with exact endpoint-degree-quantile-pair and base normalized edge-weight quantile marginals"", ""shortages"": {}, ""status"": ""MATCHED"", ""target_degree_pair_marginal"": ""{(1, 1): 1469, (0, 0): 801, (3, 3): 32279, (2, 2): 3594}"", ""target_edge_count"": 38143, ""target_weight_quantile_marginal"": ""{3: 11827, 0: 5182, 2: 10356, 1: 10778}"", ""verified_exact_marginals"": true, ""weight_quantile_exact"": true}",frozen graph intervention; FIXED_NORM_MASK is not retrained valid-operator performance
Reddit-S,42,uniform,semantic_q0,RENORMALIZED_DELETE,38143,-0.012582573136206365,-0.014394105829884873,0.05349418520927429,0.0030584335327148438,20,0.01880442351102829,0.0035213764492892006,0.034689761698246,-0.0041050644856873595,MATCHED,"{""allocated_cells"": 7, ""allocation"": {""((0, 0), 3)"": 801, ""((1, 1), 3)"": 1469, ""((2, 2), 3)"": 3594, ""((3, 3), 0)"": 5182, ""((3, 3), 1)"": 10778, ""((3, 3), 2)"": 10356, ""((3, 3), 3)"": 5963}, ""degree_pair_exact"": true, ""matched_edge_count_per_control"": 38143, ""matching_method"": ""integral max-flow with exact endpoint-degree-quantile-pair and base normalized edge-weight quantile marginals"", ""shortages"": {}, ""status"": ""MATCHED"", ""target_degree_pair_marginal"": ""{(1, 1): 1469, (0, 0): 801, (3, 3): 32279, (2, 2): 3594}"", ""target_edge_count"": 38143, ""target_weight_quantile_marginal"": ""{3: 11827, 0: 5182, 2: 10356, 1: 10778}"", ""verified_exact_marginals"": true, ""weight_quantile_exact"": true}",frozen graph intervention; FIXED_NORM_MASK is not retrained valid-operator performance
Reddit-S,42,uniform,semantic_q1,FIXED_NORM_MASK,36821,-0.006291286568103183,-0.006769872514589936,0.015327200293540955,-1.8176283836364746,20,0.005828002095222473,0.0034643349599381584,0.009499198198318482,-0.0027209814407046394,MATCHED,"{""allocated_cells"": 7, ""allocation"": {""((0, 0), 3)"": 568, ""((1, 1), 3)"": 1093, ""((2, 2), 3)"": 2641, ""((3, 3), 0)"": 10135, ""((3, 3), 1)"": 10150, ""((3, 3), 2)"": 7588, ""((3, 3), 3)"": 4646}, ""degree_pair_exact"": true, ""matched_edge_count_per_control"": 36821, ""matching_method"": ""integral max-flow with exact endpoint-degree-quantile-pair and base normalized edge-weight quantile marginals"", ""shortages"": {}, ""status"": ""MATCHED"", ""target_degree_pair_marginal"": ""{(0, 0): 568, (1, 1): 1093, (3, 3): 32519, (2, 2): 2641}"", ""target_edge_count"": 36821, ""target_weight_quantile_marginal"": ""{3: 8948, 0: 10135, 2: 7588, 1: 10150}"", ""verified_exact_marginals"": true, ""weight_quantile_exact"": true}",frozen graph intervention; FIXED_NORM_MASK is not retrained valid-operator performance
Reddit-S,42,uniform,semantic_q1,RENORMALIZED_DELETE,36821,-0.0056621579112928755,-0.006831604993883467,0.02057535946369171,-0.08168649673461914,20,0.005498559772968292,0.0038829349583269102,0.01507679969072342,-0.0018244731047499297,MATCHED,"{""allocated_cells"": 7, ""allocation"": {""((0, 0), 3)"": 568, ""((1, 1), 3)"": 1093, ""((2, 2), 3)"": 2641, ""((3, 3), 0)"": 10135, ""((3, 3), 1)"": 10150, ""((3, 3), 2)"": 7588, ""((3, 3), 3)"": 4646}, ""degree_pair_exact"": true, ""matched_edge_count_per_control"": 36821, ""matching_method"": ""integral max-flow with exact endpoint-degree-quantile-pair and base normalized edge-weight quantile marginals"", ""shortages"": {}, ""status"": ""MATCHED"", ""target_degree_pair_marginal"": ""{(0, 0): 568, (1, 1): 1093, (3, 3): 32519, (2, 2): 2641}"", ""target_edge_count"": 36821, ""target_weight_quantile_marginal"": ""{3: 8948, 0: 10135, 2: 7588, 1: 10150}"", ""verified_exact_marginals"": true, ""weight_quantile_exact"": true}",frozen graph intervention; FIXED_NORM_MASK is not retrained valid-operator performance
Reddit-S,42,uniform,semantic_q2,FIXED_NORM_MASK,31893,-0.0012582573136206143,-0.001880986406643137,0.007888063788414001,-1.5557689666748047,20,0.0042073741555213925,0.0038705048363231525,0.003680689632892609,-0.003743315508021422,MATCHED,"{""allocated_cells"": 7, ""allocation"": {""((0, 0), 3)"": 448, ""((1, 1), 3)"": 918, ""((2, 2), 3)"": 2223, ""((3, 3), 0)"": 10588, ""((3, 3), 1)"": 7614, ""((3, 3), 2)"": 6369, ""((3, 3), 3)"": 3733}, ""degree_pair_exact"": true, ""matched_edge_count_per_control"": 31893, ""matching_method"": ""integral max-flow with exact endpoint-degree-quantile-pair and base normalized edge-weight quantile marginals"", ""shortages"": {}, ""status"": ""MATCHED"", ""target_degree_pair_marginal"": ""{(1, 1): 918, (0, 0): 448, (3, 3): 28304, (2, 2): 2223}"", ""target_edge_count"": 31893, ""target_weight_quantile_marginal"": ""{3: 7322, 0: 10588, 2: 6369, 1: 7614}"", ""verified_exact_marginals"": true, ""weight_quantile_exact"": true}",frozen graph intervention; FIXED_NORM_MASK is not retrained valid-operator performance
Reddit-S,42,uniform,semantic_q2,RENORMALIZED_DELETE,31893,-0.0009436929852154607,-0.00208793667712881,0.008300304412841797,-0.05997800827026367,20,0.007521962374448776,0.004170947842390437,0.000778342038393021,-0.0030198175526895575,MATCHED,"{""allocated_cells"": 7, ""allocation"": {""((0, 0), 3)"": 448, ""((1, 1), 3)"": 918, ""((2, 2), 3)"": 2223, ""((3, 3), 0)"": 10588, ""((3, 3), 1)"": 7614, ""((3, 3), 2)"": 6369, ""((3, 3), 3)"": 3733}, ""degree_pair_exact"": true, ""matched_edge_count_per_control"": 31893, ""matching_method"": ""integral max-flow with exact endpoint-degree-quantile-pair and base normalized edge-weight quantile marginals"", ""shortages"": {}, ""status"": ""MATCHED"", ""target_degree_pair_marginal"": ""{(1, 1): 918, (0, 0): 448, (3, 3): 28304, (2, 2): 2223}"", ""target_edge_count"": 31893, ""target_weight_quantile_marginal"": ""{3: 7322, 0: 10588, 2: 6369, 1: 7614}"", ""verified_exact_marginals"": true, ""weight_quantile_exact"": true}",frozen graph intervention; FIXED_NORM_MASK is not retrained valid-operator performance
Reddit-S,42,uniform,semantic_q3,FIXED_NORM_MASK,34683,-0.0018873859704309215,-0.0027702891445484656,0.008259683847427368,-1.5049834251403809,20,0.0056988149881362915,0.003076174701319895,0.0025608688592910767,-0.003994966970745545,MATCHED,"{""allocated_cells"": 7, ""allocation"": {""((0, 0), 3)"": 573, ""((1, 1), 3)"": 891, ""((2, 2), 3)"": 2216, ""((3, 3), 0)"": 15003, ""((3, 3), 1)"": 5311, ""((3, 3), 2)"": 7365, ""((3, 3), 3)"": 3324}, ""degree_pair_exact"": true, ""matched_edge_count_per_control"": 34683, ""matching_method"": ""integral max-flow with exact endpoint-degree-quantile-pair and base normalized edge-weight quantile marginals"", ""shortages"": {}, ""status"": ""MATCHED"", ""target_degree_pair_marginal"": ""{(1, 1): 891, (0, 0): 573, (3, 3): 31003, (2, 2): 2216}"", ""target_edge_count"": 34683, ""target_weight_quantile_marginal"": ""{3: 7004, 0: 15003, 2: 7365, 1: 5311}"", ""verified_exact_marginals"": true, ""weight_quantile_exact"": true}",frozen graph intervention; FIXED_NORM_MASK is not retrained valid-operator performance
Reddit-S,42,uniform,semantic_q3,RENORMALIZED_DELETE,34683,-0.0009436929852154607,-0.0011859809638549157,0.008238136768341064,-0.08115577697753906,20,0.01007903590798378,0.004528402907437993,-0.0018408991396427158,-0.003554576910978313,MATCHED,"{""allocated_cells"": 7, ""allocation"": {""((0, 0), 3)"": 573, ""((1, 1), 3)"": 891, ""((2, 2), 3)"": 2216, ""((3, 3), 0)"": 15003, ""((3, 3), 1)"": 5311, ""((3, 3), 2)"": 7365, ""((3, 3), 3)"": 3324}, ""degree_pair_exact"": true, ""matched_edge_count_per_control"": 34683, ""matching_method"": ""integral max-flow with exact endpoint-degree-quantile-pair and base normalized edge-weight quantile marginals"", ""shortages"": {}, ""status"": ""MATCHED"", ""target_degree_pair_marginal"": ""{(1, 1): 891, (0, 0): 573, (3, 3): 31003, (2, 2): 2216}"", ""target_edge_count"": 34683, ""target_weight_quantile_marginal"": ""{3: 7004, 0: 15003, 2: 7365, 1: 5311}"", ""verified_exact_marginals"": true, ""weight_quantile_exact"": true}",frozen graph intervention; FIXED_NORM_MASK is not retrained valid-operator performance
Reddit-S,42,gpr,semantic_q0,FIXED_NORM_MASK,38591,-0.01635734507706832,-0.01609012465792048,0.0543542206287384,-2.0377960205078125,20,0.01699388548731804,0.0032364686665415825,0.03736033514142036,-0.004765649575338188,MATCHED,"{""allocated_cells"": 7, ""allocation"": {""((0, 0), 3)"": 806, ""((1, 1), 3)"": 1487, ""((2, 2), 3)"": 3634, ""((3, 3), 0)"": 5364, ""((3, 3), 1)"": 10929, ""((3, 3), 2)"": 10374, ""((3, 3), 3)"": 5997}, ""degree_pair_exact"": true, ""matched_edge_count_per_control"": 38591, ""matching_method"": ""integral max-flow with exact endpoint-degree-quantile-pair and base normalized edge-weight quantile marginals"", ""shortages"": {}, ""status"": ""MATCHED"", ""target_degree_pair_marginal"": ""{(1, 1): 1487, (0, 0): 806, (3, 3): 32664, (2, 2): 3634}"", ""target_edge_count"": 38591, ""target_weight_quantile_marginal"": ""{3: 11924, 0: 5364, 2: 10374, 1: 10929}"", ""verified_exact_marginals"": true, ""weight_quantile_exact"": true}",frozen graph intervention; FIXED_NORM_MASK is not retrained valid-operator performance
Reddit-S,42,gpr,semantic_q0,RENORMALIZED_DELETE,38591,-0.012897137464611519,-0.01210026408044218,0.05618859827518463,0.0028171539306640625,20,0.01858074888586998,0.004408302181033593,0.03760784938931465,-0.003743315508021422,MATCHED,"{""allocated_cells"": 7, ""allocation"": {""((0, 0), 3)"": 806, ""((1, 1), 3)"": 1487, ""((2, 2), 3)"": 3634, ""((3, 3), 0)"": 5364, ""((3, 3), 1)"": 10929, ""((3, 3), 2)"": 10374, ""((3, 3), 3)"": 5997}, ""degree_pair_exact"": true, ""matched_edge_count_per_control"": 38591, ""matching_method"": ""integral max-flow with exact endpoint-degree-quantile-pair and base normalized edge-weight quantile marginals"", ""shortages"": {}, ""status"": ""MATCHED"", ""target_degree_pair_marginal"": ""{(1, 1): 1487, (0, 0): 806, (3, 3): 32664, (2, 2): 3634}"", ""target_edge_count"": 38591, ""target_weight_quantile_marginal"": ""{3: 11924, 0: 5364, 2: 10374, 1: 10929}"", ""verified_exact_marginals"": true, ""weight_quantile_exact"": true}",frozen graph intervention; FIXED_NORM_MASK is not retrained valid-operator performance
Reddit-S,42,gpr,semantic_q1,FIXED_NORM_MASK,36600,-0.006605850896508336,-0.007872506541005686,0.013313516974449158,-1.8691506385803223,20,0.001137968897819519,0.004384677383482005,0.012175548076629638,-0.003491664045297299,MATCHED,"{""allocated_cells"": 7, ""allocation"": {""((0, 0), 3)"": 562, ""((1, 1), 3)"": 1069, ""((2, 2), 3)"": 2591, ""((3, 3), 0)"": 10119, ""((3, 3), 1)"": 10027, ""((3, 3), 2)"": 7603, ""((3, 3), 3)"": 4629}, ""degree_pair_exact"": true, ""matched_edge_count_per_control"": 36600, ""matching_method"": ""integral max-flow with exact endpoint-degree-quantile-pair and base normalized edge-weight quantile marginals"", ""shortages"": {}, ""status"": ""MATCHED"", ""target_degree_pair_marginal"": ""{(0, 0): 562, (1, 1): 1069, (3, 3): 32378, (2, 2): 2591}"", ""target_edge_count"": 36600, ""target_weight_quantile_marginal"": ""{3: 8851, 0: 10119, 2: 7603, 1: 10027}"", ""verified_exact_marginals"": true, ""weight_quantile_exact"": true}",frozen graph intervention; FIXED_NORM_MASK is not retrained valid-operator performance
Reddit-S,42,gpr,semantic_q1,RENORMALIZED_DELETE,36600,-0.0056621579112928755,-0.006964475907068612,0.02130100131034851,-0.09183597564697266,20,0.004804687201976776,0.004545033522859245,0.016496314108371733,-0.0024693299779805222,MATCHED,"{""allocated_cells"": 7, ""allocation"": {""((0, 0), 3)"": 562, ""((1, 1), 3)"": 1069, ""((2, 2), 3)"": 2591, ""((3, 3), 0)"": 10119, ""((3, 3), 1)"": 10027, ""((3, 3), 2)"": 7603, ""((3, 3), 3)"": 4629}, ""degree_pair_exact"": true, ""matched_edge_count_per_control"": 36600, ""matching_method"": ""integral max-flow with exact endpoint-degree-quantile-pair and base normalized edge-weight quantile marginals"", ""shortages"": {}, ""status"": ""MATCHED"", ""target_degree_pair_marginal"": ""{(0, 0): 562, (1, 1): 1069, (3, 3): 32378, (2, 2): 2591}"", ""target_edge_count"": 36600, ""target_weight_quantile_marginal"": ""{3: 8851, 0: 10119, 2: 7603, 1: 10027}"", ""verified_exact_marginals"": true, ""weight_quantile_exact"": true}",frozen graph intervention; FIXED_NORM_MASK is not retrained valid-operator performance
Reddit-S,42,gpr,semantic_q2,FIXED_NORM_MASK,31796,-0.002201950298836075,-0.002579256326696089,0.0051527321338653564,-1.6271352767944336,20,0.002369934320449829,0.005066958691958596,0.0027827978134155273,-0.003806228373702447,MATCHED,"{""allocated_cells"": 7, ""allocation"": {""((0, 0), 3)"": 452, ""((1, 1), 3)"": 925, ""((2, 2), 3)"": 2244, ""((3, 3), 0)"": 10543, ""((3, 3), 1)"": 7589, ""((3, 3), 2)"": 6350, ""((3, 3), 3)"": 3693}, ""degree_pair_exact"": true, ""matched_edge_count_per_control"": 31796, ""matching_method"": ""integral max-flow with exact endpoint-degree-quantile-pair and base normalized edge-weight quantile marginals"", ""shortages"": {}, ""status"": ""MATCHED"", ""target_degree_pair_marginal"": ""{(1, 1): 925, (0, 0): 452, (3, 3): 28175, (2, 2): 2244}"", ""target_edge_count"": 31796, ""target_weight_quantile_marginal"": ""{3: 7314, 0: 10543, 2: 6350, 1: 7589}"", ""verified_exact_marginals"": true, ""weight_quantile_exact"": true}",frozen graph intervention; FIXED_NORM_MASK is not retrained valid-operator performance
Reddit-S,42,gpr,semantic_q2,RENORMALIZED_DELETE,31796,-0.0018873859704309215,-0.002368878171789768,0.008107483386993408,-0.059421539306640625,20,0.008036690205335617,0.0057444801406033655,7.079318165779079e-05,-0.0028782636049072274,MATCHED,"{""allocated_cells"": 7, ""allocation"": {""((0, 0), 3)"": 452, ""((1, 1), 3)"": 925, ""((2, 2), 3)"": 2244, ""((3, 3), 0)"": 10543, ""((3, 3), 1)"": 7589, ""((3, 3), 2)"": 6350, ""((3, 3), 3)"": 3693}, ""degree_pair_exact"": true, ""matched_edge_count_per_control"": 31796, ""matching_method"": ""integral max-flow with exact endpoint-degree-quantile-pair and base normalized edge-weight quantile marginals"", ""shortages"": {}, ""status"": ""MATCHED"", ""target_degree_pair_marginal"": ""{(1, 1): 925, (0, 0): 452, (3, 3): 28175, (2, 2): 2244}"", ""target_edge_count"": 31796, ""target_weight_quantile_marginal"": ""{3: 7314, 0: 10543, 2: 6350, 1: 7589}"", ""verified_exact_marginals"": true, ""weight_quantile_exact"": true}",frozen graph intervention; FIXED_NORM_MASK is not retrained valid-operator performance
Reddit-S,42,gpr,semantic_q3,FIXED_NORM_MASK,34553,-0.0025165146272413397,-0.004252747014047986,0.005613356828689575,-1.5507354736328125,20,0.004611720144748688,0.002259399860833732,0.0010016366839408876,-0.0041522491349481275,MATCHED,"{""allocated_cells"": 7, ""allocation"": {""((0, 0), 3)"": 570, ""((1, 1), 3)"": 890, ""((2, 2), 3)"": 2205, ""((3, 3), 0)"": 14882, ""((3, 3), 1)"": 5308, ""((3, 3), 2)"": 7351, ""((3, 3), 3)"": 3347}, ""degree_pair_exact"": true, ""matched_edge_count_per_control"": 34553, ""matching_method"": ""integral max-flow with exact endpoint-degree-quantile-pair and base normalized edge-weight quantile marginals"", ""shortages"": {}, ""status"": ""MATCHED"", ""target_degree_pair_marginal"": ""{(1, 1): 890, (0, 0): 570, (3, 3): 30888, (2, 2): 2205}"", ""target_edge_count"": 34553, ""target_weight_quantile_marginal"": ""{3: 7012, 0: 14882, 2: 7351, 1: 5308}"", ""verified_exact_marginals"": true, ""weight_quantile_exact"": true}",frozen graph intervention; FIXED_NORM_MASK is not retrained valid-operator performance
Reddit-S,42,gpr,semantic_q3,RENORMALIZED_DELETE,34553,-0.0012582573136206143,-0.002430224104392864,0.008806377649307251,-0.08096504211425781,20,0.008736687153577805,0.004081394074560968,6.969049572944606e-05,-0.0032557407989934227,MATCHED,"{""allocated_cells"": 7, ""allocation"": {""((0, 0), 3)"": 570, ""((1, 1), 3)"": 890, ""((2, 2), 3)"": 2205, ""((3, 3), 0)"": 14882, ""((3, 3), 1)"": 5308, ""((3, 3), 2)"": 7351, ""((3, 3), 3)"": 3347}, ""degree_pair_exact"": true, ""matched_edge_count_per_control"": 34553, ""matching_method"": ""integral max-flow with exact endpoint-degree-quantile-pair and base normalized edge-weight quantile marginals"", ""shortages"": {}, ""status"": ""MATCHED"", ""target_degree_pair_marginal"": ""{(1, 1): 890, (0, 0): 570, (3, 3): 30888, (2, 2): 2205}"", ""target_edge_count"": 34553, ""target_weight_quantile_marginal"": ""{3: 7012, 0: 14882, 2: 7351, 1: 5308}"", ""verified_exact_marginals"": true, ""weight_quantile_exact"": true}",frozen graph intervention; FIXED_NORM_MASK is not retrained valid-operator performance
Reddit-S,43,uniform,semantic_q0,FIXED_NORM_MASK,35174,-0.016671909405473473,-0.03433698042965405,0.06007833033800125,-1.8434123992919922,20,0.027386975288391114,0.002751000175339178,0.03269135504961014,-0.004388172381252003,MATCHED,"{""allocated_cells"": 7, ""allocation"": {""((0, 0), 3)"": 777, ""((1, 1), 3)"": 1374, ""((2, 2), 3)"": 3351, ""((3, 3), 0)"": 4528, ""((3, 3), 1)"": 10226, ""((3, 3), 2)"": 9405, ""((3, 3), 3)"": 5513}, ""degree_pair_exact"": true, ""matched_edge_count_per_control"": 35174, ""matching_method"": ""integral max-flow with exact endpoint-degree-quantile-pair and base normalized edge-weight quantile marginals"", ""shortages"": {}, ""status"": ""MATCHED"", ""target_degree_pair_marginal"": ""{(0, 0): 777, (1, 1): 1374, (3, 3): 29672, (2, 2): 3351}"", ""target_edge_count"": 35174, ""target_weight_quantile_marginal"": ""{3: 11015, 0: 4528, 2: 9405, 1: 10226}"", ""verified_exact_marginals"": true, ""weight_quantile_exact"": true}",frozen graph intervention; FIXED_NORM_MASK is not retrained valid-operator performance
Reddit-S,43,uniform,semantic_q0,RENORMALIZED_DELETE,35174,-0.014469959106637287,-0.02707875763611045,0.04736911505460739,0.021322250366210938,20,0.01080506294965744,0.002531579521465851,0.03656405210494995,-0.004325259515570973,MATCHED,"{""allocated_cells"": 7, ""allocation"": {""((0, 0), 3)"": 777, ""((1, 1), 3)"": 1374, ""((2, 2), 3)"": 3351, ""((3, 3), 0)"": 4528, ""((3, 3), 1)"": 10226, ""((3, 3), 2)"": 9405, ""((3, 3), 3)"": 5513}, ""degree_pair_exact"": true, ""matched_edge_count_per_control"": 35174, ""matching_method"": ""integral max-flow with exact endpoint-degree-quantile-pair and base normalized edge-weight quantile marginals"", ""shortages"": {}, ""status"": ""MATCHED"", ""target_degree_pair_marginal"": ""{(0, 0): 777, (1, 1): 1374, (3, 3): 29672, (2, 2): 3351}"", ""target_edge_count"": 35174, ""target_weight_quantile_marginal"": ""{3: 11015, 0: 4528, 2: 9405, 1: 10226}"", ""verified_exact_marginals"": true, ""weight_quantile_exact"": true}",frozen graph intervention; FIXED_NORM_MASK is not retrained valid-operator performance
Reddit-S,43,uniform,semantic_q1,FIXED_NORM_MASK,38950,-0.006291286568103183,-0.008635247581366357,0.027872227132320404,-2.0623135566711426,20,0.01837831661105156,0.0028829503879432583,0.009493910521268845,-0.004608367411135605,MATCHED,"{""allocated_cells"": 7, ""allocation"": {""((0, 0), 3)"": 578, ""((1, 1), 3)"": 1164, ""((2, 2), 3)"": 2958, ""((3, 3), 0)"": 10833, ""((3, 3), 1)"": 10150, ""((3, 3), 2)"": 8170, ""((3, 3), 3)"": 5097}, ""degree_pair_exact"": true, ""matched_edge_count_per_control"": 38950, ""matching_method"": ""integral max-flow with exact endpoint-degree-quantile-pair and base normalized edge-weight quantile marginals"", ""shortages"": {}, ""status"": ""MATCHED"", ""target_degree_pair_marginal"": ""{(0, 0): 578, (1, 1): 1164, (3, 3): 34250, (2, 2): 2958}"", ""target_edge_count"": 38950, ""target_weight_quantile_marginal"": ""{3: 9797, 0: 10833, 2: 8170, 1: 10150}"", ""verified_exact_marginals"": true, ""weight_quantile_exact"": true}",frozen graph intervention; FIXED_NORM_MASK is not retrained valid-operator performance
Reddit-S,43,uniform,semantic_q1,RENORMALIZED_DELETE,38950,-0.006291286568103183,-0.0067718230535352975,0.017655745148658752,-0.10514450073242188,20,0.007424322515726089,0.003640971312257108,0.010231422632932663,-0.004042151620006334,MATCHED,"{""allocated_cells"": 7, ""allocation"": {""((0, 0), 3)"": 578, ""((1, 1), 3)"": 1164, ""((2, 2), 3)"": 2958, ""((3, 3), 0)"": 10833, ""((3, 3), 1)"": 10150, ""((3, 3), 2)"": 8170, ""((3, 3), 3)"": 5097}, ""degree_pair_exact"": true, ""matched_edge_count_per_control"": 38950, ""matching_method"": ""integral max-flow with exact endpoint-degree-quantile-pair and base normalized edge-weight quantile marginals"", ""shortages"": {}, ""status"": ""MATCHED"", ""target_degree_pair_marginal"": ""{(0, 0): 578, (1, 1): 1164, (3, 3): 34250, (2, 2): 2958}"", ""target_edge_count"": 38950, ""target_weight_quantile_marginal"": ""{3: 9797, 0: 10833, 2: 8170, 1: 10150}"", ""verified_exact_marginals"": true, ""weight_quantile_exact"": true}",frozen graph intervention; FIXED_NORM_MASK is not retrained valid-operator performance
Reddit-S,43,uniform,semantic_q2,FIXED_NORM_MASK,32784,-0.0025165146272413397,-0.0037784282468136254,0.011697269976139069,-1.6926312446594238,20,0.013982314243912696,0.002172225166691369,-0.002285044267773628,-0.004152249134948133,MATCHED,"{""allocated_cells"": 7, ""allocation"": {""((0, 0), 3)"": 478, ""((1, 1), 3)"": 918, ""((2, 2), 3)"": 2144, ""((3, 3), 0)"": 10909, ""((3, 3), 1)"": 7643, ""((3, 3), 2)"": 6964, ""((3, 3), 3)"": 3728}, ""degree_pair_exact"": true, ""matched_edge_count_per_control"": 32784, ""matching_method"": ""integral max-flow with exact endpoint-degree-quantile-pair and base normalized edge-weight quantile marginals"", ""shortages"": {}, ""status"": ""MATCHED"", ""target_degree_pair_marginal"": ""{(1, 1): 918, (3, 3): 29244, (2, 2): 2144, (0, 0): 478}"", ""target_edge_count"": 32784, ""target_weight_quantile_marginal"": ""{3: 7268, 0: 10909, 2: 6964, 1: 7643}"", ""verified_exact_marginals"": true, ""weight_quantile_exact"": true}",frozen graph intervention; FIXED_NORM_MASK is not retrained valid-operator performance
Reddit-S,43,uniform,semantic_q2,RENORMALIZED_DELETE,32784,-0.0028310789556464933,-0.004016385953651058,0.003995150327682495,-0.0898141860961914,20,0.008583089709281922,0.0027676103012788146,-0.004587939381599427,-0.003570305127398599,MATCHED,"{""allocated_cells"": 7, ""allocation"": {""((0, 0), 3)"": 478, ""((1, 1), 3)"": 918, ""((2, 2), 3)"": 2144, ""((3, 3), 0)"": 10909, ""((3, 3), 1)"": 7643, ""((3, 3), 2)"": 6964, ""((3, 3), 3)"": 3728}, ""degree_pair_exact"": true, ""matched_edge_count_per_control"": 32784, ""matching_method"": ""integral max-flow with exact endpoint-degree-quantile-pair and base normalized edge-weight quantile marginals"", ""shortages"": {}, ""status"": ""MATCHED"", ""target_degree_pair_marginal"": ""{(1, 1): 918, (3, 3): 29244, (2, 2): 2144, (0, 0): 478}"", ""target_edge_count"": 32784, ""target_weight_quantile_marginal"": ""{3: 7268, 0: 10909, 2: 6964, 1: 7643}"", ""verified_exact_marginals"": true, ""weight_quantile_exact"": true}",frozen graph intervention; FIXED_NORM_MASK is not retrained valid-operator performance
Reddit-S,43,uniform,semantic_q3,FIXED_NORM_MASK,34632,-0.0009436929852154607,-0.0014301244953347503,0.020561590790748596,-1.5614819526672363,20,0.016007759794592857,0.0028319327237834374,0.0045538309961557395,-0.00536332179930799,MATCHED,"{""allocated_cells"": 7, ""allocation"": {""((0, 0), 3)"": 557, ""((1, 1), 3)"": 915, ""((2, 2), 3)"": 2221, ""((3, 3), 0)"": 14638, ""((3, 3), 1)"": 5834, ""((3, 3), 2)"": 7139, ""((3, 3), 3)"": 3328}, ""degree_pair_exact"": true, ""matched_edge_count_per_control"": 34632, ""matching_method"": ""integral max-flow with exact endpoint-degree-quantile-pair and base normalized edge-weight quantile marginals"", ""shortages"": {}, ""status"": ""MATCHED"", ""target_degree_pair_marginal"": ""{(1, 1): 915, (0, 0): 557, (3, 3): 30939, (2, 2): 2221}"", ""target_edge_count"": 34632, ""target_weight_quantile_marginal"": ""{3: 7021, 0: 14638, 2: 7139, 1: 5834}"", ""verified_exact_marginals"": true, ""weight_quantile_exact"": true}",frozen graph intervention; FIXED_NORM_MASK is not retrained valid-operator performance
Reddit-S,43,uniform,semantic_q3,RENORMALIZED_DELETE,34632,-0.0006291286568103072,-0.0006299103444294962,0.0030195340514183044,-0.0875101089477539,20,0.010355904698371887,0.004193541411401059,-0.007336370646953583,-0.004451085246933034,MATCHED,"{""allocated_cells"": 7, ""allocation"": {""((0, 0), 3)"": 557, ""((1, 1), 3)"": 915, ""((2, 2), 3)"": 2221, ""((3, 3), 0)"": 14638, ""((3, 3), 1)"": 5834, ""((3, 3), 2)"": 7139, ""((3, 3), 3)"": 3328}, ""degree_pair_exact"": true, ""matched_edge_count_per_control"": 34632, ""matching_method"": ""integral max-flow with exact endpoint-degree-quantile-pair and base normalized edge-weight quantile marginals"", ""shortages"": {}, ""status"": ""MATCHED"", ""target_degree_pair_marginal"": ""{(1, 1): 915, (0, 0): 557, (3, 3): 30939, (2, 2): 2221}"", ""target_edge_count"": 34632, ""target_weight_quantile_marginal"": ""{3: 7021, 0: 14638, 2: 7139, 1: 5834}"", ""verified_exact_marginals"": true, ""weight_quantile_exact"": true}",frozen graph intervention; FIXED_NORM_MASK is not retrained valid-operator performance
Reddit-S,43,gpr,semantic_q0,FIXED_NORM_MASK,35737,-0.017615602390688934,-0.031188593448707058,0.05752255767583847,-1.952765941619873,20,0.024221085384488104,0.001800311572781947,0.033301472291350366,-0.004026423403586038,MATCHED,"{""allocated_cells"": 7, ""allocation"": {""((0, 0), 3)"": 779, ""((1, 1), 3)"": 1386, ""((2, 2), 3)"": 3369, ""((3, 3), 0)"": 4703, ""((3, 3), 1)"": 10414, ""((3, 3), 2)"": 9526, ""((3, 3), 3)"": 5560}, ""degree_pair_exact"": true, ""matched_edge_count_per_control"": 35737, ""matching_method"": ""integral max-flow with exact endpoint-degree-quantile-pair and base normalized edge-weight quantile marginals"", ""shortages"": {}, ""status"": ""MATCHED"", ""target_degree_pair_marginal"": ""{(0, 0): 779, (1, 1): 1386, (3, 3): 30203, (2, 2): 3369}"", ""target_edge_count"": 35737, ""target_weight_quantile_marginal"": ""{3: 11094, 0: 4703, 2: 9526, 1: 10414}"", ""verified_exact_marginals"": true, ""weight_quantile_exact"": true}",frozen graph intervention; FIXED_NORM_MASK is not retrained valid-operator performance
Reddit-S,43,gpr,semantic_q0,RENORMALIZED_DELETE,35737,-0.01478452343504244,-0.028011898045711803,0.050789885222911835,0.014951705932617188,20,0.009250638261437415,0.0019981728993485426,0.041539246961474416,-0.004230890217049405,MATCHED,"{""allocated_cells"": 7, ""allocation"": {""((0, 0), 3)"": 779, ""((1, 1), 3)"": 1386, ""((2, 2), 3)"": 3369, ""((3, 3), 0)"": 4703, ""((3, 3), 1)"": 10414, ""((3, 3), 2)"": 9526, ""((3, 3), 3)"": 5560}, ""degree_pair_exact"": true, ""matched_edge_count_per_control"": 35737, ""matching_method"": ""integral max-flow with exact endpoint-degree-quantile-pair and base normalized edge-weight quantile marginals"", ""shortages"": {}, ""status"": ""MATCHED"", ""target_degree_pair_marginal"": ""{(0, 0): 779, (1, 1): 1386, (3, 3): 30203, (2, 2): 3369}"", ""target_edge_count"": 35737, ""target_weight_quantile_marginal"": ""{3: 11094, 0: 4703, 2: 9526, 1: 10414}"", ""verified_exact_marginals"": true, ""weight_quantile_exact"": true}",frozen graph intervention; FIXED_NORM_MASK is not retrained valid-operator performance
Reddit-S,43,gpr,semantic_q1,FIXED_NORM_MASK,38635,-0.007234979553318643,-0.010936595880385092,0.026079624891281128,-2.125288486480713,20,0.015754169970750808,0.0022917277076761927,0.01032545492053032,-0.004545454545454558,MATCHED,"{""allocated_cells"": 7, ""allocation"": {""((0, 0), 3)"": 586, ""((1, 1), 3)"": 1150, ""((2, 2), 3)"": 2923, ""((3, 3), 0)"": 10764, ""((3, 3), 1)"": 10042, ""((3, 3), 2)"": 8142, ""((3, 3), 3)"": 5028}, ""degree_pair_exact"": true, ""matched_edge_count_per_control"": 38635, ""matching_method"": ""integral max-flow with exact endpoint-degree-quantile-pair and base normalized edge-weight quantile marginals"", ""shortages"": {}, ""status"": ""MATCHED"", ""target_degree_pair_marginal"": ""{(0, 0): 586, (1, 1): 1150, (3, 3): 33976, (2, 2): 2923}"", ""target_edge_count"": 38635, ""target_weight_quantile_marginal"": ""{3: 9687, 0: 10764, 2: 8142, 1: 10042}"", ""verified_exact_marginals"": true, ""weight_quantile_exact"": true}",frozen graph intervention; FIXED_NORM_MASK is not retrained valid-operator performance
Reddit-S,43,gpr,semantic_q1,RENORMALIZED_DELETE,38635,-0.007549543881723797,-0.010769415948516436,0.01693909615278244,-0.12136554718017578,20,0.008797439560294152,0.0031741909277358082,0.008141656592488288,-0.0041837055677886315,MATCHED,"{""allocated_cells"": 7, ""allocation"": {""((0, 0), 3)"": 586, ""((1, 1), 3)"": 1150, ""((2, 2), 3)"": 2923, ""((3, 3), 0)"": 10764, ""((3, 3), 1)"": 10042, ""((3, 3), 2)"": 8142, ""((3, 3), 3)"": 5028}, ""degree_pair_exact"": true, ""matched_edge_count_per_control"": 38635, ""matching_method"": ""integral max-flow with exact endpoint-degree-quantile-pair and base normalized edge-weight quantile marginals"", ""shortages"": {}, ""status"": ""MATCHED"", ""target_degree_pair_marginal"": ""{(0, 0): 586, (1, 1): 1150, (3, 3): 33976, (2, 2): 2923}"", ""target_edge_count"": 38635, ""target_weight_quantile_marginal"": ""{3: 9687, 0: 10764, 2: 8142, 1: 10042}"", ""verified_exact_marginals"": true, ""weight_quantile_exact"": true}",frozen graph intervention; FIXED_NORM_MASK is not retrained valid-operator performance
Reddit-S,43,gpr,semantic_q2,FIXED_NORM_MASK,32548,-0.0009436929852154607,-0.0008577881126711207,0.008568815886974335,-1.7623257637023926,20,0.013734212517738343,0.00244662214410388,-0.005165396630764008,-0.004655552060396357,MATCHED,"{""allocated_cells"": 7, ""allocation"": {""((0, 0), 3)"": 467, ""((1, 1), 3)"": 929, ""((2, 2), 3)"": 2141, ""((3, 3), 0)"": 10925, ""((3, 3), 1)"": 7514, ""((3, 3), 2)"": 6852, ""((3, 3), 3)"": 3720}, ""degree_pair_exact"": true, ""matched_edge_count_per_control"": 32548, ""matching_method"": ""integral max-flow with exact endpoint-degree-quantile-pair and base normalized edge-weight quantile marginals"", ""shortages"": {}, ""status"": ""MATCHED"", ""target_degree_pair_marginal"": ""{(1, 1): 929, (0, 0): 467, (3, 3): 29011, (2, 2): 2141}"", ""target_edge_count"": 32548, ""target_weight_quantile_marginal"": ""{3: 7257, 0: 10925, 2: 6852, 1: 7514}"", ""verified_exact_marginals"": true, ""weight_quantile_exact"": true}",frozen graph intervention; FIXED_NORM_MASK is not retrained valid-operator performance
Reddit-S,43,gpr,semantic_q2,RENORMALIZED_DELETE,32548,-0.0018873859704309215,-0.002150427307017755,0.002202264964580536,-0.08443737030029297,20,0.010102850571274757,0.003423783641020584,-0.00790058560669422,-0.004309531299150687,MATCHED,"{""allocated_cells"": 7, ""allocation"": {""((0, 0), 3)"": 467, ""((1, 1), 3)"": 929, ""((2, 2), 3)"": 2141, ""((3, 3), 0)"": 10925, ""((3, 3), 1)"": 7514, ""((3, 3), 2)"": 6852, ""((3, 3), 3)"": 3720}, ""degree_pair_exact"": true, ""matched_edge_count_per_control"": 32548, ""matching_method"": ""integral max-flow with exact endpoint-degree-quantile-pair and base normalized edge-weight quantile marginals"", ""shortages"": {}, ""status"": ""MATCHED"", ""target_degree_pair_marginal"": ""{(1, 1): 929, (0, 0): 467, (3, 3): 29011, (2, 2): 2141}"", ""target_edge_count"": 32548, ""target_weight_quantile_marginal"": ""{3: 7257, 0: 10925, 2: 6852, 1: 7514}"", ""verified_exact_marginals"": true, ""weight_quantile_exact"": true}",frozen graph intervention; FIXED_NORM_MASK is not retrained valid-operator performance
Reddit-S,43,gpr,semantic_q3,FIXED_NORM_MASK,34620,-0.001572821642025768,-0.003138308168312509,0.019189022481441498,-1.625105381011963,20,0.014830722659826278,0.0022293949010657893,0.00435829982161522,-0.005284680717206674,MATCHED,"{""allocated_cells"": 7, ""allocation"": {""((0, 0), 3)"": 558, ""((1, 1), 3)"": 906, ""((2, 2), 3)"": 2241, ""((3, 3), 0)"": 14516, ""((3, 3), 1)"": 5883, ""((3, 3), 2)"": 7158, ""((3, 3), 3)"": 3358}, ""degree_pair_exact"": true, ""matched_edge_count_per_control"": 34620, ""matching_method"": ""integral max-flow with exact endpoint-degree-quantile-pair and base normalized edge-weight quantile marginals"", ""shortages"": {}, ""status"": ""MATCHED"", ""target_degree_pair_marginal"": ""{(1, 1): 906, (0, 0): 558, (3, 3): 30915, (2, 2): 2241}"", ""target_edge_count"": 34620, ""target_weight_quantile_marginal"": ""{3: 7063, 0: 14516, 2: 7158, 1: 5883}"", ""verified_exact_marginals"": true, ""weight_quantile_exact"": true}",frozen graph intervention; FIXED_NORM_MASK is not retrained valid-operator performance
Reddit-S,43,gpr,semantic_q3,RENORMALIZED_DELETE,34620,-0.0012582573136206143,-0.0022897007097977262,0.0037348344922065735,-0.09165573120117188,20,0.011149975284934045,0.0021965124261859544,-0.007415140792727471,-0.004970116388801527,MATCHED,"{""allocated_cells"": 7, ""allocation"": {""((0, 0), 3)"": 558, ""((1, 1), 3)"": 906, ""((2, 2), 3)"": 2241, ""((3, 3), 0)"": 14516, ""((3, 3), 1)"": 5883, ""((3, 3), 2)"": 7158, ""((3, 3), 3)"": 3358}, ""degree_pair_exact"": true, ""matched_edge_count_per_control"": 34620, ""matching_method"": ""integral max-flow with exact endpoint-degree-quantile-pair and base normalized edge-weight quantile marginals"", ""shortages"": {}, ""status"": ""MATCHED"", ""target_degree_pair_marginal"": ""{(1, 1): 906, (0, 0): 558, (3, 3): 30915, (2, 2): 2241}"", ""target_edge_count"": 34620, ""target_weight_quantile_marginal"": ""{3: 7063, 0: 14516, 2: 7158, 1: 5883}"", ""verified_exact_marginals"": true, ""weight_quantile_exact"": true}",frozen graph intervention; FIXED_NORM_MASK is not retrained valid-operator performance
Reddit-S,44,uniform,semantic_q0,FIXED_NORM_MASK,37747,-0.013211701793016672,-0.022555276743299046,0.055240899324417114,-2.1112608909606934,20,0.021323279291391373,0.00273300005611643,0.033917620033025744,-0.0025479710600818163,MATCHED,"{""allocated_cells"": 7, ""allocation"": {""((0, 0), 3)"": 806, ""((1, 1), 3)"": 1420, ""((2, 2), 3)"": 3498, ""((3, 3), 0)"": 5187, ""((3, 3), 1)"": 10771, ""((3, 3), 2)"": 10266, ""((3, 3), 3)"": 5799}, ""degree_pair_exact"": true, ""matched_edge_count_per_control"": 37747, ""matching_method"": ""integral max-flow with exact endpoint-degree-quantile-pair and base normalized edge-weight quantile marginals"", ""shortages"": {}, ""status"": ""MATCHED"", ""target_degree_pair_marginal"": ""{(0, 0): 806, (1, 1): 1420, (3, 3): 32023, (2, 2): 3498}"", ""target_edge_count"": 37747, ""target_weight_quantile_marginal"": ""{3: 11523, 0: 5187, 2: 10266, 1: 10771}"", ""verified_exact_marginals"": true, ""weight_quantile_exact"": true}",frozen graph intervention; FIXED_NORM_MASK is not retrained valid-operator performance
Reddit-S,44,uniform,semantic_q0,RENORMALIZED_DELETE,37747,-0.011324315822585751,-0.0189596387270069,0.042325958609580994,-0.019563674926757812,20,0.011439843103289604,0.0023791954772226344,0.03088611550629139,-0.0027838943063856923,MATCHED,"{""allocated_cells"": 7, ""allocation"": {""((0, 0), 3)"": 806, ""((1, 1), 3)"": 1420, ""((2, 2), 3)"": 3498, ""((3, 3), 0)"": 5187, ""((3, 3), 1)"": 10771, ""((3, 3), 2)"": 10266, ""((3, 3), 3)"": 5799}, ""degree_pair_exact"": true, ""matched_edge_count_per_control"": 37747, ""matching_method"": ""integral max-flow with exact endpoint-degree-quantile-pair and base normalized edge-weight quantile marginals"", ""shortages"": {}, ""status"": ""MATCHED"", ""target_degree_pair_marginal"": ""{(0, 0): 806, (1, 1): 1420, (3, 3): 32023, (2, 2): 3498}"", ""target_edge_count"": 37747, ""target_weight_quantile_marginal"": ""{3: 11523, 0: 5187, 2: 10266, 1: 10771}"", ""verified_exact_marginals"": true, ""weight_quantile_exact"": true}",frozen graph intervention; FIXED_NORM_MASK is not retrained valid-operator performance
Reddit-S,44,uniform,semantic_q1,FIXED_NORM_MASK,36716,-0.0034602076124568004,-0.005906794858528408,0.016445495188236237,-1.991605281829834,20,0.009405216947197915,0.0036538254706676206,0.007040278241038322,-0.003004089336269289,MATCHED,"{""allocated_cells"": 7, ""allocation"": {""((0, 0), 3)"": 559, ""((1, 1), 3)"": 1131, ""((2, 2), 3)"": 2809, ""((3, 3), 0)"": 10528, ""((3, 3), 1)"": 9431, ""((3, 3), 2)"": 7487, ""((3, 3), 3)"": 4771}, ""degree_pair_exact"": true, ""matched_edge_count_per_control"": 36716, ""matching_method"": ""integral max-flow with exact endpoint-degree-quantile-pair and base normalized edge-weight quantile marginals"", ""shortages"": {}, ""status"": ""MATCHED"", ""target_degree_pair_marginal"": ""{(0, 0): 559, (1, 1): 1131, (3, 3): 32217, (2, 2): 2809}"", ""target_edge_count"": 36716, ""target_weight_quantile_marginal"": ""{3: 9270, 0: 10528, 2: 7487, 1: 9431}"", ""verified_exact_marginals"": true, ""weight_quantile_exact"": true}",frozen graph intervention; FIXED_NORM_MASK is not retrained valid-operator performance
Reddit-S,44,uniform,semantic_q1,RENORMALIZED_DELETE,36716,-0.003774771940861954,-0.006180675750013687,0.012709885835647583,-0.10752677917480469,20,0.00866316594183445,0.004676844723915739,0.004046719893813134,-0.0033343818810947223,MATCHED,"{""allocated_cells"": 7, ""allocation"": {""((0, 0), 3)"": 559, ""((1, 1), 3)"": 1131, ""((2, 2), 3)"": 2809, ""((3, 3), 0)"": 10528, ""((3, 3), 1)"": 9431, ""((3, 3), 2)"": 7487, ""((3, 3), 3)"": 4771}, ""degree_pair_exact"": true, ""matched_edge_count_per_control"": 36716, ""matching_method"": ""integral max-flow with exact endpoint-degree-quantile-pair and base normalized edge-weight quantile marginals"", ""shortages"": {}, ""status"": ""MATCHED"", ""target_degree_pair_marginal"": ""{(0, 0): 559, (1, 1): 1131, (3, 3): 32217, (2, 2): 2809}"", ""target_edge_count"": 36716, ""target_weight_quantile_marginal"": ""{3: 9270, 0: 10528, 2: 7487, 1: 9431}"", ""verified_exact_marginals"": true, ""weight_quantile_exact"": true}",frozen graph intervention; FIXED_NORM_MASK is not retrained valid-operator performance
Reddit-S,44,uniform,semantic_q2,FIXED_NORM_MASK,32909,-0.0003145643284051536,-0.0011426193170906984,0.006334550678730011,-1.7193388938903809,20,0.0056902926415205,0.0031063923544069447,0.0006442580372095106,-0.00265806857502362,MATCHED,"{""allocated_cells"": 7, ""allocation"": {""((0, 0), 3)"": 463, ""((1, 1), 3)"": 927, ""((2, 2), 3)"": 2191, ""((3, 3), 0)"": 11221, ""((3, 3), 1)"": 7799, ""((3, 3), 2)"": 6572, ""((3, 3), 3)"": 3736}, ""degree_pair_exact"": true, ""matched_edge_count_per_control"": 32909, ""matching_method"": ""integral max-flow with exact endpoint-degree-quantile-pair and base normalized edge-weight quantile marginals"", ""shortages"": {}, ""status"": ""MATCHED"", ""target_degree_pair_marginal"": ""{(1, 1): 927, (0, 0): 463, (3, 3): 29328, (2, 2): 2191}"", ""target_edge_count"": 32909, ""target_weight_quantile_marginal"": ""{3: 7317, 0: 11221, 2: 6572, 1: 7799}"", ""verified_exact_marginals"": true, ""weight_quantile_exact"": true}",frozen graph intervention; FIXED_NORM_MASK is not retrained valid-operator performance
Reddit-S,44,uniform,semantic_q2,RENORMALIZED_DELETE,32909,-0.0003145643284051536,-0.0010646098985674923,0.004979647696018219,-0.08694267272949219,20,0.007886635512113572,0.0035334921156407895,-0.0029069878160953525,-0.0027838943063856814,MATCHED,"{""allocated_cells"": 7, ""allocation"": {""((0, 0), 3)"": 463, ""((1, 1), 3)"": 927, ""((2, 2), 3)"": 2191, ""((3, 3), 0)"": 11221, ""((3, 3), 1)"": 7799, ""((3, 3), 2)"": 6572, ""((3, 3), 3)"": 3736}, ""degree_pair_exact"": true, ""matched_edge_count_per_control"": 32909, ""matching_method"": ""integral max-flow with exact endpoint-degree-quantile-pair and base normalized edge-weight quantile marginals"", ""shortages"": {}, ""status"": ""MATCHED"", ""target_degree_pair_marginal"": ""{(1, 1): 927, (0, 0): 463, (3, 3): 29328, (2, 2): 2191}"", ""target_edge_count"": 32909, ""target_weight_quantile_marginal"": ""{3: 7317, 0: 11221, 2: 6572, 1: 7799}"", ""verified_exact_marginals"": true, ""weight_quantile_exact"": true}",frozen graph intervention; FIXED_NORM_MASK is not retrained valid-operator performance
Reddit-S,44,uniform,semantic_q3,FIXED_NORM_MASK,34168,-0.0003145643284051536,2.6433818698712308e-05,0.014211975038051605,-1.5931997299194336,20,0.0058266595005989075,0.0034302489719868234,0.008385315537452698,-0.002893991821327474,MATCHED,"{""allocated_cells"": 7, ""allocation"": {""((0, 0), 3)"": 562, ""((1, 1), 3)"": 893, ""((2, 2), 3)"": 2176, ""((3, 3), 0)"": 13972, ""((3, 3), 1)"": 5852, ""((3, 3), 2)"": 7353, ""((3, 3), 3)"": 3360}, ""degree_pair_exact"": true, ""matched_edge_count_per_control"": 34168, ""matching_method"": ""integral max-flow with exact endpoint-degree-quantile-pair and base normalized edge-weight quantile marginals"", ""shortages"": {}, ""status"": ""MATCHED"", ""target_degree_pair_marginal"": ""{(1, 1): 893, (0, 0): 562, (3, 3): 30537, (2, 2): 2176}"", ""target_edge_count"": 34168, ""target_weight_quantile_marginal"": ""{3: 6991, 0: 13972, 2: 7353, 1: 5852}"", ""verified_exact_marginals"": true, ""weight_quantile_exact"": true}",frozen graph intervention; FIXED_NORM_MASK is not retrained valid-operator performance
Reddit-S,44,uniform,semantic_q3,RENORMALIZED_DELETE,34168,-0.0003145643284051536,0.0003326022779593929,0.008393757045269012,-0.08795738220214844,20,0.008292658999562264,0.004394007848127152,0.00010109804570674827,-0.0028468071720667123,MATCHED,"{""allocated_cells"": 7, ""allocation"": {""((0, 0), 3)"": 562, ""((1, 1), 3)"": 893, ""((2, 2), 3)"": 2176, ""((3, 3), 0)"": 13972, ""((3, 3), 1)"": 5852, ""((3, 3), 2)"": 7353, ""((3, 3), 3)"": 3360}, ""degree_pair_exact"": true, ""matched_edge_count_per_control"": 34168, ""matching_method"": ""integral max-flow with exact endpoint-degree-quantile-pair and base normalized edge-weight quantile marginals"", ""shortages"": {}, ""status"": ""MATCHED"", ""target_degree_pair_marginal"": ""{(1, 1): 893, (0, 0): 562, (3, 3): 30537, (2, 2): 2176}"", ""target_edge_count"": 34168, ""target_weight_quantile_marginal"": ""{3: 6991, 0: 13972, 2: 7353, 1: 5852}"", ""verified_exact_marginals"": true, ""weight_quantile_exact"": true}",frozen graph intervention; FIXED_NORM_MASK is not retrained valid-operator performance
Reddit-S,44,gpr,semantic_q0,FIXED_NORM_MASK,36336,-0.015099087763447594,-0.022484960930117093,0.047549858689308167,-2.074782371520996,20,0.01738879419863224,0.0027634123877087334,0.030161064490675925,-0.002878263604907172,MATCHED,"{""allocated_cells"": 7, ""allocation"": {""((0, 0), 3)"": 771, ""((1, 1), 3)"": 1367, ""((2, 2), 3)"": 3360, ""((3, 3), 0)"": 5014, ""((3, 3), 1)"": 10335, ""((3, 3), 2)"": 9934, ""((3, 3), 3)"": 5555}, ""degree_pair_exact"": true, ""matched_edge_count_per_control"": 36336, ""matching_method"": ""integral max-flow with exact endpoint-degree-quantile-pair and base normalized edge-weight quantile marginals"", ""shortages"": {}, ""status"": ""MATCHED"", ""target_degree_pair_marginal"": ""{(0, 0): 771, (1, 1): 1367, (3, 3): 30838, (2, 2): 3360}"", ""target_edge_count"": 36336, ""target_weight_quantile_marginal"": ""{3: 11053, 0: 5014, 2: 9934, 1: 10335}"", ""verified_exact_marginals"": true, ""weight_quantile_exact"": true}",frozen graph intervention; FIXED_NORM_MASK is not retrained valid-operator performance
Reddit-S,44,gpr,semantic_q0,RENORMALIZED_DELETE,36336,-0.012582573136206365,-0.019107738663044715,0.04317174851894379,-0.013398170471191406,20,0.0118680439889431,0.0025854248722668722,0.031303704530000684,-0.003082730418370544,MATCHED,"{""allocated_cells"": 7, ""allocation"": {""((0, 0), 3)"": 771, ""((1, 1), 3)"": 1367, ""((2, 2), 3)"": 3360, ""((3, 3), 0)"": 5014, ""((3, 3), 1)"": 10335, ""((3, 3), 2)"": 9934, ""((3, 3), 3)"": 5555}, ""degree_pair_exact"": true, ""matched_edge_count_per_control"": 36336, ""matching_method"": ""integral max-flow with exact endpoint-degree-quantile-pair and base normalized edge-weight quantile marginals"", ""shortages"": {}, ""status"": ""MATCHED"", ""target_degree_pair_marginal"": ""{(0, 0): 771, (1, 1): 1367, (3, 3): 30838, (2, 2): 3360}"", ""target_edge_count"": 36336, ""target_weight_quantile_marginal"": ""{3: 11053, 0: 5014, 2: 9934, 1: 10335}"", ""verified_exact_marginals"": true, ""weight_quantile_exact"": true}",frozen graph intervention; FIXED_NORM_MASK is not retrained valid-operator performance
Reddit-S,44,gpr,semantic_q1,FIXED_NORM_MASK,38824,-0.003774771940861954,-0.006830585224367192,0.017838872969150543,-2.1767959594726562,20,0.007269065827131271,0.0023567726251459706,0.010569807142019272,-0.002925448254167956,MATCHED,"{""allocated_cells"": 7, ""allocation"": {""((0, 0), 3)"": 599, ""((1, 1), 3)"": 1214, ""((2, 2), 3)"": 2978, ""((3, 3), 0)"": 11055, ""((3, 3), 1)"": 9977, ""((3, 3), 2)"": 7959, ""((3, 3), 3)"": 5042}, ""degree_pair_exact"": true, ""matched_edge_count_per_control"": 38824, ""matching_method"": ""integral max-flow with exact endpoint-degree-quantile-pair and base normalized edge-weight quantile marginals"", ""shortages"": {}, ""status"": ""MATCHED"", ""target_degree_pair_marginal"": ""{(1, 1): 1214, (0, 0): 599, (3, 3): 34033, (2, 2): 2978}"", ""target_edge_count"": 38824, ""target_weight_quantile_marginal"": ""{3: 9833, 0: 11055, 2: 7959, 1: 9977}"", ""verified_exact_marginals"": true, ""weight_quantile_exact"": true}",frozen graph intervention; FIXED_NORM_MASK is not retrained valid-operator performance
Reddit-S,44,gpr,semantic_q1,RENORMALIZED_DELETE,38824,-0.003145643284051536,-0.0062847930457889944,0.014707952737808228,-0.12070369720458984,20,0.009081365168094635,0.0037748237619732446,0.005626587569713593,-0.003192827933312359,MATCHED,"{""allocated_cells"": 7, ""allocation"": {""((0, 0), 3)"": 599, ""((1, 1), 3)"": 1214, ""((2, 2), 3)"": 2978, ""((3, 3), 0)"": 11055, ""((3, 3), 1)"": 9977, ""((3, 3), 2)"": 7959, ""((3, 3), 3)"": 5042}, ""degree_pair_exact"": true, ""matched_edge_count_per_control"": 38824, ""matching_method"": ""integral max-flow with exact endpoint-degree-quantile-pair and base normalized edge-weight quantile marginals"", ""shortages"": {}, ""status"": ""MATCHED"", ""target_degree_pair_marginal"": ""{(1, 1): 1214, (0, 0): 599, (3, 3): 34033, (2, 2): 2978}"", ""target_edge_count"": 38824, ""target_weight_quantile_marginal"": ""{3: 9833, 0: 11055, 2: 7959, 1: 9977}"", ""verified_exact_marginals"": true, ""weight_quantile_exact"": true}",frozen graph intervention; FIXED_NORM_MASK is not retrained valid-operator performance
Reddit-S,44,gpr,semantic_q2,FIXED_NORM_MASK,32530,-0.0003145643284051536,-0.0005277875265184973,0.004286900162696838,-1.7380824089050293,20,0.00412592738866806,0.0029032441938854074,0.00016097277402877825,-0.0034759358288769917,MATCHED,"{""allocated_cells"": 7, ""allocation"": {""((0, 0), 3)"": 461, ""((1, 1), 3)"": 904, ""((2, 2), 3)"": 2172, ""((3, 3), 0)"": 11096, ""((3, 3), 1)"": 7755, ""((3, 3), 2)"": 6441, ""((3, 3), 3)"": 3701}, ""degree_pair_exact"": true, ""matched_edge_count_per_control"": 32530, ""matching_method"": ""integral max-flow with exact endpoint-degree-quantile-pair and base normalized edge-weight quantile marginals"", ""shortages"": {}, ""status"": ""MATCHED"", ""target_degree_pair_marginal"": ""{(1, 1): 904, (0, 0): 461, (3, 3): 28993, (2, 2): 2172}"", ""target_edge_count"": 32530, ""target_weight_quantile_marginal"": ""{3: 7238, 0: 11096, 2: 6441, 1: 7755}"", ""verified_exact_marginals"": true, ""weight_quantile_exact"": true}",frozen graph intervention; FIXED_NORM_MASK is not retrained valid-operator performance
Reddit-S,44,gpr,semantic_q2,RENORMALIZED_DELETE,32530,-0.0006291286568103072,-0.0018808721430328967,0.004623331129550934,-0.08697128295898438,20,0.008529218658804894,0.0032013548476505895,-0.0039058875292539603,-0.003664674425920095,MATCHED,"{""allocated_cells"": 7, ""allocation"": {""((0, 0), 3)"": 461, ""((1, 1), 3)"": 904, ""((2, 2), 3)"": 2172, ""((3, 3), 0)"": 11096, ""((3, 3), 1)"": 7755, ""((3, 3), 2)"": 6441, ""((3, 3), 3)"": 3701}, ""degree_pair_exact"": true, ""matched_edge_count_per_control"": 32530, ""matching_method"": ""integral max-flow with exact endpoint-degree-quantile-pair and base normalized edge-weight quantile marginals"", ""shortages"": {}, ""status"": ""MATCHED"", ""target_degree_pair_marginal"": ""{(1, 1): 904, (0, 0): 461, (3, 3): 28993, (2, 2): 2172}"", ""target_edge_count"": 32530, ""target_weight_quantile_marginal"": ""{3: 7238, 0: 11096, 2: 6441, 1: 7755}"", ""verified_exact_marginals"": true, ""weight_quantile_exact"": true}",frozen graph intervention; FIXED_NORM_MASK is not retrained valid-operator performance
Reddit-S,44,gpr,semantic_q3,FIXED_NORM_MASK,33850,-0.0009436929852154607,-0.001767565756820133,0.010707326233386993,-1.636087417602539,20,0.005238222703337669,0.0027036207238832505,0.005469103530049324,-0.003900597672223971,MATCHED,"{""allocated_cells"": 7, ""allocation"": {""((0, 0), 3)"": 559, ""((1, 1), 3)"": 886, ""((2, 2), 3)"": 2164, ""((3, 3), 0)"": 13743, ""((3, 3), 1)"": 5786, ""((3, 3), 2)"": 7344, ""((3, 3), 3)"": 3368}, ""degree_pair_exact"": true, ""matched_edge_count_per_control"": 33850, ""matching_method"": ""integral max-flow with exact endpoint-degree-quantile-pair and base normalized edge-weight quantile marginals"", ""shortages"": {}, ""status"": ""MATCHED"", ""target_degree_pair_marginal"": ""{(1, 1): 886, (0, 0): 559, (3, 3): 30241, (2, 2): 2164}"", ""target_edge_count"": 33850, ""target_weight_quantile_marginal"": ""{3: 6977, 0: 13743, 2: 7344, 1: 5786}"", ""verified_exact_marginals"": true, ""weight_quantile_exact"": true}",frozen graph intervention; FIXED_NORM_MASK is not retrained valid-operator performance
Reddit-S,44,gpr,semantic_q3,RENORMALIZED_DELETE,33850,-0.0012582573136206143,-0.0025202671916215724,0.008300215005874634,-0.09080219268798828,20,0.009392038360238076,0.0031537835691015817,-0.0010918233543634418,-0.004010695187165786,MATCHED,"{""allocated_cells"": 7, ""allocation"": {""((0, 0), 3)"": 559, ""((1, 1), 3)"": 886, ""((2, 2), 3)"": 2164, ""((3, 3), 0)"": 13743, ""((3, 3), 1)"": 5786, ""((3, 3), 2)"": 7344, ""((3, 3), 3)"": 3368}, ""degree_pair_exact"": true, ""matched_edge_count_per_control"": 33850, ""matching_method"": ""integral max-flow with exact endpoint-degree-quantile-pair and base normalized edge-weight quantile marginals"", ""shortages"": {}, ""status"": ""MATCHED"", ""target_degree_pair_marginal"": ""{(1, 1): 886, (0, 0): 559, (3, 3): 30241, (2, 2): 2164}"", ""target_edge_count"": 33850, ""target_weight_quantile_marginal"": ""{3: 6977, 0: 13743, 2: 7344, 1: 5786}"", ""verified_exact_marginals"": true, ""weight_quantile_exact"": true}",frozen graph intervention; FIXED_NORM_MASK is not retrained valid-operator performance
