dataset,seed,readout,group,mode,target_edge_count,val_accuracy_delta,val_macro_f1_delta,edge_utility_val_loss_increase,val_margin_delta,matched_control_count,matched_control_edge_utility_mean,matched_control_edge_utility_population_std,target_minus_matched_utility,matched_control_accuracy_delta_mean,matching_status,matching_diagnostics_json,interpretation_boundary
Movies,42,uniform,high_similarity_low_novelty,FIXED_NORM_MASK,8829,-0.0005998800239951363,-0.00039316922275445254,0.005186319351196289,-0.15697526931762695,20,-0.01117246150970459,0.0014625611681364002,0.016358780860900878,-0.0016496700659867746,MATCHED,"{""allocated_cells"": 12, ""allocation"": {""((0, 1), 3)"": 8, ""((1, 1), 3)"": 262, ""((1, 2), 3)"": 109, ""((1, 3), 1)"": 98, ""((2, 2), 2)"": 87, ""((2, 2), 3)"": 457, ""((2, 3), 0)"": 944, ""((2, 3), 1)"": 42, ""((2, 3), 3)"": 203, ""((3, 3), 0)"": 2744, ""((3, 3), 1)"": 2276, ""((3, 3), 2)"": 1599}, ""degree_pair_exact"": true, ""matched_edge_count_per_control"": 8829, ""matching_method"": ""integral max-flow with exact endpoint-degree-quantile-pair and base normalized edge-weight quantile marginals"", ""shortages"": {}, ""status"": ""MATCHED"", ""target_degree_pair_marginal"": ""{(3, 3): 6619, (2, 3): 1189, (1, 3): 98, (2, 2): 544, (1, 2): 109, (1, 1): 262, (0, 1): 8}"", ""target_edge_count"": 8829, ""target_weight_quantile_marginal"": ""{1: 2416, 2: 1686, 0: 3688, 3: 1039}"", ""verified_exact_marginals"": true, ""weight_quantile_exact"": true}",frozen graph intervention; FIXED_NORM_MASK is not retrained valid-operator performance
Movies,42,uniform,high_similarity_low_novelty,RENORMALIZED_DELETE,8829,-0.00029994001199762366,-0.00047646214510282947,0.0037975311279296875,-0.012389659881591797,20,0.00399358868598938,0.0014326094463492354,-0.00019605755805969256,-0.0017846430713856832,MATCHED,"{""allocated_cells"": 12, ""allocation"": {""((0, 1), 3)"": 8, ""((1, 1), 3)"": 262, ""((1, 2), 3)"": 109, ""((1, 3), 1)"": 98, ""((2, 2), 2)"": 87, ""((2, 2), 3)"": 457, ""((2, 3), 0)"": 944, ""((2, 3), 1)"": 42, ""((2, 3), 3)"": 203, ""((3, 3), 0)"": 2744, ""((3, 3), 1)"": 2276, ""((3, 3), 2)"": 1599}, ""degree_pair_exact"": true, ""matched_edge_count_per_control"": 8829, ""matching_method"": ""integral max-flow with exact endpoint-degree-quantile-pair and base normalized edge-weight quantile marginals"", ""shortages"": {}, ""status"": ""MATCHED"", ""target_degree_pair_marginal"": ""{(3, 3): 6619, (2, 3): 1189, (1, 3): 98, (2, 2): 544, (1, 2): 109, (1, 1): 262, (0, 1): 8}"", ""target_edge_count"": 8829, ""target_weight_quantile_marginal"": ""{1: 2416, 2: 1686, 0: 3688, 3: 1039}"", ""verified_exact_marginals"": true, ""weight_quantile_exact"": true}",frozen graph intervention; FIXED_NORM_MASK is not retrained valid-operator performance
Movies,42,uniform,high_similarity_high_novelty,FIXED_NORM_MASK,2880,-0.005398920215956782,-0.008933591141901287,-0.0033714771270751953,-0.10114145278930664,20,-0.012405550479888916,0.004125193170535803,0.009034073352813721,-0.0027594481103779046,MATCHED,"{""allocated_cells"": 14, ""allocation"": {""((0, 1), 3)"": 202, ""((0, 2), 3)"": 171, ""((0, 3), 2)"": 96, ""((0, 3), 3)"": 71, ""((1, 1), 3)"": 204, ""((1, 2), 3)"": 382, ""((1, 3), 3)"": 305, ""((2, 2), 2)"": 131, ""((2, 2), 3)"": 117, ""((2, 3), 1)"": 16, ""((2, 3), 2)"": 322, ""((2, 3), 3)"": 302, ""((3, 3), 0)"": 213, ""((3, 3), 1)"": 348}, ""degree_pair_exact"": true, ""matched_edge_count_per_control"": 2880, ""matching_method"": ""integral max-flow with exact endpoint-degree-quantile-pair and base normalized edge-weight quantile marginals"", ""shortages"": {}, ""status"": ""MATCHED"", ""target_degree_pair_marginal"": ""{(0, 1): 202, (1, 2): 382, (2, 3): 640, (2, 2): 248, (0, 3): 167, (1, 3): 305, (0, 2): 171, (3, 3): 561, (1, 1): 204}"", ""target_edge_count"": 2880, ""target_weight_quantile_marginal"": ""{3: 1754, 2: 549, 0: 213, 1: 364}"", ""verified_exact_marginals"": true, ""weight_quantile_exact"": true}",frozen graph intervention; FIXED_NORM_MASK is not retrained valid-operator performance
Movies,42,uniform,high_similarity_high_novelty,RENORMALIZED_DELETE,2880,-0.006298740251949542,-0.0068729110575658225,0.03428959846496582,0.010965228080749512,20,0.024973851442337037,0.004094179446186019,0.009315747022628783,-0.004139172165566857,MATCHED,"{""allocated_cells"": 14, ""allocation"": {""((0, 1), 3)"": 202, ""((0, 2), 3)"": 171, ""((0, 3), 2)"": 96, ""((0, 3), 3)"": 71, ""((1, 1), 3)"": 204, ""((1, 2), 3)"": 382, ""((1, 3), 3)"": 305, ""((2, 2), 2)"": 131, ""((2, 2), 3)"": 117, ""((2, 3), 1)"": 16, ""((2, 3), 2)"": 322, ""((2, 3), 3)"": 302, ""((3, 3), 0)"": 213, ""((3, 3), 1)"": 348}, ""degree_pair_exact"": true, ""matched_edge_count_per_control"": 2880, ""matching_method"": ""integral max-flow with exact endpoint-degree-quantile-pair and base normalized edge-weight quantile marginals"", ""shortages"": {}, ""status"": ""MATCHED"", ""target_degree_pair_marginal"": ""{(0, 1): 202, (1, 2): 382, (2, 3): 640, (2, 2): 248, (0, 3): 167, (1, 3): 305, (0, 2): 171, (3, 3): 561, (1, 1): 204}"", ""target_edge_count"": 2880, ""target_weight_quantile_marginal"": ""{3: 1754, 2: 549, 0: 213, 1: 364}"", ""verified_exact_marginals"": true, ""weight_quantile_exact"": true}",frozen graph intervention; FIXED_NORM_MASK is not retrained valid-operator performance
Movies,42,uniform,low_similarity_high_novelty,FIXED_NORM_MASK,8221,-0.0029994001199760145,0.0009766015077792845,-0.0067719221115112305,-0.0661698579788208,20,-0.009771215915679931,0.0034075260538317938,0.0029992938041687005,-0.006358728254349105,MATCHED,"{""allocated_cells"": 17, ""allocation"": {""((0, 1), 3)"": 129, ""((0, 2), 3)"": 204, ""((0, 3), 2)"": 69, ""((0, 3), 3)"": 274, ""((1, 1), 3)"": 164, ""((1, 2), 3)"": 595, ""((1, 3), 1)"": 18, ""((1, 3), 2)"": 750, ""((1, 3), 3)"": 232, ""((2, 2), 2)"": 127, ""((2, 2), 3)"": 547, ""((2, 3), 1)"": 1432, ""((2, 3), 2)"": 486, ""((2, 3), 3)"": 1011, ""((3, 3), 0)"": 1086, ""((3, 3), 1)"": 232, ""((3, 3), 2)"": 865}, ""degree_pair_exact"": true, ""matched_edge_count_per_control"": 8221, ""matching_method"": ""integral max-flow with exact endpoint-degree-quantile-pair and base normalized edge-weight quantile marginals"", ""shortages"": {}, ""status"": ""MATCHED"", ""target_degree_pair_marginal"": ""{(1, 2): 595, (1, 3): 1000, (0, 2): 204, (1, 1): 164, (2, 2): 674, (2, 3): 2929, (3, 3): 2183, (0, 3): 343, (0, 1): 129}"", ""target_edge_count"": 8221, ""target_weight_quantile_marginal"": ""{3: 3156, 1: 1682, 2: 2297, 0: 1086}"", ""verified_exact_marginals"": true, ""weight_quantile_exact"": true}",frozen graph intervention; FIXED_NORM_MASK is not retrained valid-operator performance
Movies,42,uniform,low_similarity_high_novelty,RENORMALIZED_DELETE,8221,-0.0038992201559687745,0.00659878139387976,0.06112968921661377,0.12247967720031738,20,0.03684518337249756,0.004532812071860657,0.024284505844116212,-0.0065836832633473065,MATCHED,"{""allocated_cells"": 17, ""allocation"": {""((0, 1), 3)"": 129, ""((0, 2), 3)"": 204, ""((0, 3), 2)"": 69, ""((0, 3), 3)"": 274, ""((1, 1), 3)"": 164, ""((1, 2), 3)"": 595, ""((1, 3), 1)"": 18, ""((1, 3), 2)"": 750, ""((1, 3), 3)"": 232, ""((2, 2), 2)"": 127, ""((2, 2), 3)"": 547, ""((2, 3), 1)"": 1432, ""((2, 3), 2)"": 486, ""((2, 3), 3)"": 1011, ""((3, 3), 0)"": 1086, ""((3, 3), 1)"": 232, ""((3, 3), 2)"": 865}, ""degree_pair_exact"": true, ""matched_edge_count_per_control"": 8221, ""matching_method"": ""integral max-flow with exact endpoint-degree-quantile-pair and base normalized edge-weight quantile marginals"", ""shortages"": {}, ""status"": ""MATCHED"", ""target_degree_pair_marginal"": ""{(1, 2): 595, (1, 3): 1000, (0, 2): 204, (1, 1): 164, (2, 2): 674, (2, 3): 2929, (3, 3): 2183, (0, 3): 343, (0, 1): 129}"", ""target_edge_count"": 8221, ""target_weight_quantile_marginal"": ""{3: 3156, 1: 1682, 2: 2297, 0: 1086}"", ""verified_exact_marginals"": true, ""weight_quantile_exact"": true}",frozen graph intervention; FIXED_NORM_MASK is not retrained valid-operator performance
Movies,42,uniform,low_similarity_low_novelty,FIXED_NORM_MASK,1777,-0.0005998800239951363,-0.001733856404899481,0.0008339881896972656,-0.020803213119506836,20,-0.0030353963375091553,0.0013725218878455601,0.003869384527206421,-0.000584883023395294,MATCHED,"{""allocated_cells"": 10, ""allocation"": {""((0, 1), 3)"": 2, ""((1, 1), 3)"": 49, ""((1, 2), 3)"": 14, ""((1, 3), 1)"": 21, ""((2, 2), 2)"": 73, ""((2, 3), 0)"": 295, ""((2, 3), 3)"": 118, ""((3, 3), 0)"": 324, ""((3, 3), 1)"": 530, ""((3, 3), 2)"": 351}, ""degree_pair_exact"": true, ""matched_edge_count_per_control"": 1777, ""matching_method"": ""integral max-flow with exact endpoint-degree-quantile-pair and base normalized edge-weight quantile marginals"", ""shortages"": {}, ""status"": ""MATCHED"", ""target_degree_pair_marginal"": ""{(2, 3): 413, (3, 3): 1205, (1, 1): 49, (1, 3): 21, (2, 2): 73, (1, 2): 14, (0, 1): 2}"", ""target_edge_count"": 1777, ""target_weight_quantile_marginal"": ""{2: 424, 3: 183, 1: 551, 0: 619}"", ""verified_exact_marginals"": true, ""weight_quantile_exact"": true}",frozen graph intervention; FIXED_NORM_MASK is not retrained valid-operator performance
Movies,42,uniform,low_similarity_low_novelty,RENORMALIZED_DELETE,1777,-0.00179964007198552,-0.0023129557123945377,0.00141143798828125,0.0012134313583374023,20,0.0007534205913543701,0.0008400496539296051,0.0006580173969268799,-0.0008098380323935006,MATCHED,"{""allocated_cells"": 10, ""allocation"": {""((0, 1), 3)"": 2, ""((1, 1), 3)"": 49, ""((1, 2), 3)"": 14, ""((1, 3), 1)"": 21, ""((2, 2), 2)"": 73, ""((2, 3), 0)"": 295, ""((2, 3), 3)"": 118, ""((3, 3), 0)"": 324, ""((3, 3), 1)"": 530, ""((3, 3), 2)"": 351}, ""degree_pair_exact"": true, ""matched_edge_count_per_control"": 1777, ""matching_method"": ""integral max-flow with exact endpoint-degree-quantile-pair and base normalized edge-weight quantile marginals"", ""shortages"": {}, ""status"": ""MATCHED"", ""target_degree_pair_marginal"": ""{(2, 3): 413, (3, 3): 1205, (1, 1): 49, (1, 3): 21, (2, 2): 73, (1, 2): 14, (0, 1): 2}"", ""target_edge_count"": 1777, ""target_weight_quantile_marginal"": ""{2: 424, 3: 183, 1: 551, 0: 619}"", ""verified_exact_marginals"": true, ""weight_quantile_exact"": true}",frozen graph intervention; FIXED_NORM_MASK is not retrained valid-operator performance
Movies,42,gpr,gpr_high_similarity_low_novelty,FIXED_NORM_MASK,8832,-0.00179964007198552,-0.0015140905285461193,0.0035753250122070312,-0.14541661739349365,20,-0.014005148410797119,0.002044721401504434,0.017580473423004152,-0.0018596280743850724,MATCHED,"{""allocated_cells"": 12, ""allocation"": {""((0, 1), 3)"": 8, ""((1, 1), 3)"": 264, ""((1, 2), 3)"": 109, ""((1, 3), 1)"": 100, ""((2, 2), 2)"": 88, ""((2, 2), 3)"": 451, ""((2, 3), 0)"": 932, ""((2, 3), 1)"": 65, ""((2, 3), 3)"": 210, ""((3, 3), 0)"": 2752, ""((3, 3), 1)"": 2237, ""((3, 3), 2)"": 1616}, ""degree_pair_exact"": true, ""matched_edge_count_per_control"": 8832, ""matching_method"": ""integral max-flow with exact endpoint-degree-quantile-pair and base normalized edge-weight quantile marginals"", ""shortages"": {}, ""status"": ""MATCHED"", ""target_degree_pair_marginal"": ""{(3, 3): 6605, (2, 3): 1207, (1, 3): 100, (2, 2): 539, (1, 2): 109, (1, 1): 264, (0, 1): 8}"", ""target_edge_count"": 8832, ""target_weight_quantile_marginal"": ""{1: 2402, 2: 1704, 0: 3684, 3: 1042}"", ""verified_exact_marginals"": true, ""weight_quantile_exact"": true}",frozen graph intervention; FIXED_NORM_MASK is not retrained valid-operator performance
Movies,42,gpr,gpr_high_similarity_low_novelty,RENORMALIZED_DELETE,8832,-0.00179964007198552,-0.000928228474899262,0.004155397415161133,-0.012109756469726562,20,0.004508811235427857,0.0015151489607628146,-0.0003534138202667238,-0.0005998800239951585,MATCHED,"{""allocated_cells"": 12, ""allocation"": {""((0, 1), 3)"": 8, ""((1, 1), 3)"": 264, ""((1, 2), 3)"": 109, ""((1, 3), 1)"": 100, ""((2, 2), 2)"": 88, ""((2, 2), 3)"": 451, ""((2, 3), 0)"": 932, ""((2, 3), 1)"": 65, ""((2, 3), 3)"": 210, ""((3, 3), 0)"": 2752, ""((3, 3), 1)"": 2237, ""((3, 3), 2)"": 1616}, ""degree_pair_exact"": true, ""matched_edge_count_per_control"": 8832, ""matching_method"": ""integral max-flow with exact endpoint-degree-quantile-pair and base normalized edge-weight quantile marginals"", ""shortages"": {}, ""status"": ""MATCHED"", ""target_degree_pair_marginal"": ""{(3, 3): 6605, (2, 3): 1207, (1, 3): 100, (2, 2): 539, (1, 2): 109, (1, 1): 264, (0, 1): 8}"", ""target_edge_count"": 8832, ""target_weight_quantile_marginal"": ""{1: 2402, 2: 1704, 0: 3684, 3: 1042}"", ""verified_exact_marginals"": true, ""weight_quantile_exact"": true}",frozen graph intervention; FIXED_NORM_MASK is not retrained valid-operator performance
Movies,42,gpr,gpr_high_similarity_high_novelty,FIXED_NORM_MASK,2883,-0.005698860227954405,-0.006944260348827003,-0.007398128509521484,-0.09494709968566895,20,-0.014156490564346313,0.0027484730278197617,0.006758362054824829,-0.002564487102579438,MATCHED,"{""allocated_cells"": 14, ""allocation"": {""((0, 1), 3)"": 204, ""((0, 2), 3)"": 169, ""((0, 3), 2)"": 95, ""((0, 3), 3)"": 75, ""((1, 1), 3)"": 209, ""((1, 2), 3)"": 370, ""((1, 3), 3)"": 312, ""((2, 2), 2)"": 130, ""((2, 2), 3)"": 114, ""((2, 3), 1)"": 23, ""((2, 3), 2)"": 321, ""((2, 3), 3)"": 292, ""((3, 3), 0)"": 222, ""((3, 3), 1)"": 347}, ""degree_pair_exact"": true, ""matched_edge_count_per_control"": 2883, ""matching_method"": ""integral max-flow with exact endpoint-degree-quantile-pair and base normalized edge-weight quantile marginals"", ""shortages"": {}, ""status"": ""MATCHED"", ""target_degree_pair_marginal"": ""{(0, 1): 204, (1, 2): 370, (2, 3): 636, (2, 2): 244, (0, 3): 170, (1, 3): 312, (0, 2): 169, (3, 3): 569, (1, 1): 209}"", ""target_edge_count"": 2883, ""target_weight_quantile_marginal"": ""{3: 1745, 2: 546, 0: 222, 1: 370}"", ""verified_exact_marginals"": true, ""weight_quantile_exact"": true}",frozen graph intervention; FIXED_NORM_MASK is not retrained valid-operator performance
Movies,42,gpr,gpr_high_similarity_high_novelty,RENORMALIZED_DELETE,2883,-0.004499100179964022,-0.0027377742759515655,0.03378748893737793,0.01495969295501709,20,0.025618600845336913,0.0034212084976692793,0.008168888092041016,-0.002909418116376683,MATCHED,"{""allocated_cells"": 14, ""allocation"": {""((0, 1), 3)"": 204, ""((0, 2), 3)"": 169, ""((0, 3), 2)"": 95, ""((0, 3), 3)"": 75, ""((1, 1), 3)"": 209, ""((1, 2), 3)"": 370, ""((1, 3), 3)"": 312, ""((2, 2), 2)"": 130, ""((2, 2), 3)"": 114, ""((2, 3), 1)"": 23, ""((2, 3), 2)"": 321, ""((2, 3), 3)"": 292, ""((3, 3), 0)"": 222, ""((3, 3), 1)"": 347}, ""degree_pair_exact"": true, ""matched_edge_count_per_control"": 2883, ""matching_method"": ""integral max-flow with exact endpoint-degree-quantile-pair and base normalized edge-weight quantile marginals"", ""shortages"": {}, ""status"": ""MATCHED"", ""target_degree_pair_marginal"": ""{(0, 1): 204, (1, 2): 370, (2, 3): 636, (2, 2): 244, (0, 3): 170, (1, 3): 312, (0, 2): 169, (3, 3): 569, (1, 1): 209}"", ""target_edge_count"": 2883, ""target_weight_quantile_marginal"": ""{3: 1745, 2: 546, 0: 222, 1: 370}"", ""verified_exact_marginals"": true, ""weight_quantile_exact"": true}",frozen graph intervention; FIXED_NORM_MASK is not retrained valid-operator performance
Movies,42,gpr,gpr_low_similarity_high_novelty,FIXED_NORM_MASK,8168,0.001799640071985631,0.0029497775261304593,-0.017538070678710938,-0.07246148586273193,20,-0.015441244840621949,0.0037253677959916587,-0.002096825838088989,-0.006283743251349688,MATCHED,"{""allocated_cells"": 17, ""allocation"": {""((0, 1), 3)"": 127, ""((0, 2), 3)"": 203, ""((0, 3), 2)"": 70, ""((0, 3), 3)"": 269, ""((1, 1), 3)"": 163, ""((1, 2), 3)"": 597, ""((1, 3), 1)"": 24, ""((1, 3), 2)"": 736, ""((1, 3), 3)"": 232, ""((2, 2), 2)"": 127, ""((2, 2), 3)"": 537, ""((2, 3), 1)"": 1414, ""((2, 3), 2)"": 473, ""((2, 3), 3)"": 1014, ""((3, 3), 0)"": 1085, ""((3, 3), 1)"": 232, ""((3, 3), 2)"": 865}, ""degree_pair_exact"": true, ""matched_edge_count_per_control"": 8168, ""matching_method"": ""integral max-flow with exact endpoint-degree-quantile-pair and base normalized edge-weight quantile marginals"", ""shortages"": {}, ""status"": ""MATCHED"", ""target_degree_pair_marginal"": ""{(1, 2): 597, (1, 3): 992, (0, 2): 203, (1, 1): 163, (2, 2): 664, (2, 3): 2901, (3, 3): 2182, (0, 3): 339, (0, 1): 127}"", ""target_edge_count"": 8168, ""target_weight_quantile_marginal"": ""{3: 3142, 1: 1670, 2: 2271, 0: 1085}"", ""verified_exact_marginals"": true, ""weight_quantile_exact"": true}",frozen graph intervention; FIXED_NORM_MASK is not retrained valid-operator performance
Movies,42,gpr,gpr_low_similarity_high_novelty,RENORMALIZED_DELETE,8168,0.0,0.0052583400442621775,0.057172536849975586,0.10793054103851318,20,0.03621906042098999,0.0036713179542876727,0.020953476428985596,-0.006388722255548878,MATCHED,"{""allocated_cells"": 17, ""allocation"": {""((0, 1), 3)"": 127, ""((0, 2), 3)"": 203, ""((0, 3), 2)"": 70, ""((0, 3), 3)"": 269, ""((1, 1), 3)"": 163, ""((1, 2), 3)"": 597, ""((1, 3), 1)"": 24, ""((1, 3), 2)"": 736, ""((1, 3), 3)"": 232, ""((2, 2), 2)"": 127, ""((2, 2), 3)"": 537, ""((2, 3), 1)"": 1414, ""((2, 3), 2)"": 473, ""((2, 3), 3)"": 1014, ""((3, 3), 0)"": 1085, ""((3, 3), 1)"": 232, ""((3, 3), 2)"": 865}, ""degree_pair_exact"": true, ""matched_edge_count_per_control"": 8168, ""matching_method"": ""integral max-flow with exact endpoint-degree-quantile-pair and base normalized edge-weight quantile marginals"", ""shortages"": {}, ""status"": ""MATCHED"", ""target_degree_pair_marginal"": ""{(1, 2): 597, (1, 3): 992, (0, 2): 203, (1, 1): 163, (2, 2): 664, (2, 3): 2901, (3, 3): 2182, (0, 3): 339, (0, 1): 127}"", ""target_edge_count"": 8168, ""target_weight_quantile_marginal"": ""{3: 3142, 1: 1670, 2: 2271, 0: 1085}"", ""verified_exact_marginals"": true, ""weight_quantile_exact"": true}",frozen graph intervention; FIXED_NORM_MASK is not retrained valid-operator performance
Movies,42,gpr,gpr_low_similarity_low_novelty,FIXED_NORM_MASK,1821,-0.0011997600479903836,-0.00208145397655074,0.0004328489303588867,-0.02035057544708252,20,-0.0032475113868713377,0.000777775695894302,0.0036803603172302244,-0.000779844031193716,MATCHED,"{""allocated_cells"": 10, ""allocation"": {""((0, 1), 3)"": 2, ""((1, 1), 3)"": 46, ""((1, 2), 3)"": 14, ""((1, 3), 1)"": 21, ""((2, 2), 2)"": 77, ""((2, 3), 0)"": 295, ""((2, 3), 3)"": 124, ""((3, 3), 0)"": 353, ""((3, 3), 1)"": 537, ""((3, 3), 2)"": 352}, ""degree_pair_exact"": true, ""matched_edge_count_per_control"": 1821, ""matching_method"": ""integral max-flow with exact endpoint-degree-quantile-pair and base normalized edge-weight quantile marginals"", ""shortages"": {}, ""status"": ""MATCHED"", ""target_degree_pair_marginal"": ""{(2, 3): 419, (3, 3): 1242, (1, 1): 46, (1, 3): 21, (2, 2): 77, (1, 2): 14, (0, 1): 2}"", ""target_edge_count"": 1821, ""target_weight_quantile_marginal"": ""{2: 429, 3: 186, 1: 558, 0: 648}"", ""verified_exact_marginals"": true, ""weight_quantile_exact"": true}",frozen graph intervention; FIXED_NORM_MASK is not retrained valid-operator performance
Movies,42,gpr,gpr_low_similarity_low_novelty,RENORMALIZED_DELETE,1821,-0.0011997600479903836,0.0008519264354458489,0.0014175176620483398,0.0011472702026367188,20,0.0009016633033752441,0.000498770831390714,0.0005158543586730957,-0.0003449310137972006,MATCHED,"{""allocated_cells"": 10, ""allocation"": {""((0, 1), 3)"": 2, ""((1, 1), 3)"": 46, ""((1, 2), 3)"": 14, ""((1, 3), 1)"": 21, ""((2, 2), 2)"": 77, ""((2, 3), 0)"": 295, ""((2, 3), 3)"": 124, ""((3, 3), 0)"": 353, ""((3, 3), 1)"": 537, ""((3, 3), 2)"": 352}, ""degree_pair_exact"": true, ""matched_edge_count_per_control"": 1821, ""matching_method"": ""integral max-flow with exact endpoint-degree-quantile-pair and base normalized edge-weight quantile marginals"", ""shortages"": {}, ""status"": ""MATCHED"", ""target_degree_pair_marginal"": ""{(2, 3): 419, (3, 3): 1242, (1, 1): 46, (1, 3): 21, (2, 2): 77, (1, 2): 14, (0, 1): 2}"", ""target_edge_count"": 1821, ""target_weight_quantile_marginal"": ""{2: 429, 3: 186, 1: 558, 0: 648}"", ""verified_exact_marginals"": true, ""weight_quantile_exact"": true}",frozen graph intervention; FIXED_NORM_MASK is not retrained valid-operator performance
Movies,42,text_uniform,text_low_similarity_high_novelty,FIXED_NORM_MASK,8259,-0.005098980203959158,0.006742992378065582,0.0205385684967041,-0.05460822582244873,20,0.025397944450378417,0.002593538421276876,-0.004859375953674316,-0.00934313137372524,MATCHED,"{""allocated_cells"": 16, ""allocation"": {""((0, 1), 3)"": 137, ""((0, 2), 3)"": 209, ""((0, 3), 2)"": 70, ""((0, 3), 3)"": 261, ""((1, 1), 3)"": 168, ""((1, 2), 3)"": 592, ""((1, 3), 2)"": 802, ""((1, 3), 3)"": 244, ""((2, 2), 2)"": 125, ""((2, 2), 3)"": 532, ""((2, 3), 1)"": 1478, ""((2, 3), 2)"": 412, ""((2, 3), 3)"": 1033, ""((3, 3), 0)"": 1060, ""((3, 3), 1)"": 261, ""((3, 3), 2)"": 875}, ""degree_pair_exact"": true, ""matched_edge_count_per_control"": 8259, ""matching_method"": ""integral max-flow with exact endpoint-degree-quantile-pair and base normalized edge-weight quantile marginals"", ""shortages"": {}, ""status"": ""MATCHED"", ""target_degree_pair_marginal"": ""{(1, 2): 592, (1, 3): 1046, (2, 2): 657, (0, 2): 209, (1, 1): 168, (2, 3): 2923, (3, 3): 2196, (0, 3): 331, (0, 1): 137}"", ""target_edge_count"": 8259, ""target_weight_quantile_marginal"": ""{3: 3176, 1: 1739, 2: 2284, 0: 1060}"", ""verified_exact_marginals"": true, ""weight_quantile_exact"": true}",frozen graph intervention; FIXED_NORM_MASK is not retrained valid-operator performance
Movies,42,text_uniform,text_low_similarity_high_novelty,RENORMALIZED_DELETE,8259,-0.002699460107978391,0.009474945147546321,0.04043221473693848,0.08005762100219727,20,0.021534693241119385,0.0026517244765975004,0.01889752149581909,-0.0073935212957408295,MATCHED,"{""allocated_cells"": 16, ""allocation"": {""((0, 1), 3)"": 137, ""((0, 2), 3)"": 209, ""((0, 3), 2)"": 70, ""((0, 3), 3)"": 261, ""((1, 1), 3)"": 168, ""((1, 2), 3)"": 592, ""((1, 3), 2)"": 802, ""((1, 3), 3)"": 244, ""((2, 2), 2)"": 125, ""((2, 2), 3)"": 532, ""((2, 3), 1)"": 1478, ""((2, 3), 2)"": 412, ""((2, 3), 3)"": 1033, ""((3, 3), 0)"": 1060, ""((3, 3), 1)"": 261, ""((3, 3), 2)"": 875}, ""degree_pair_exact"": true, ""matched_edge_count_per_control"": 8259, ""matching_method"": ""integral max-flow with exact endpoint-degree-quantile-pair and base normalized edge-weight quantile marginals"", ""shortages"": {}, ""status"": ""MATCHED"", ""target_degree_pair_marginal"": ""{(1, 2): 592, (1, 3): 1046, (2, 2): 657, (0, 2): 209, (1, 1): 168, (2, 3): 2923, (3, 3): 2196, (0, 3): 331, (0, 1): 137}"", ""target_edge_count"": 8259, ""target_weight_quantile_marginal"": ""{3: 3176, 1: 1739, 2: 2284, 0: 1060}"", ""verified_exact_marginals"": true, ""weight_quantile_exact"": true}",frozen graph intervention; FIXED_NORM_MASK is not retrained valid-operator performance
Movies,42,text_uniform,text_high_similarity_low_novelty,FIXED_NORM_MASK,8134,-0.0029994001199760145,-0.0010087788234171002,0.027997374534606934,-0.10291457176208496,20,0.00976760983467102,0.0014746257854268124,0.018229764699935914,-0.004019196160767818,MATCHED,"{""allocated_cells"": 12, ""allocation"": {""((0, 1), 3)"": 12, ""((1, 1), 3)"": 279, ""((1, 2), 3)"": 122, ""((1, 3), 1)"": 109, ""((2, 2), 2)"": 91, ""((2, 2), 3)"": 403, ""((2, 3), 0)"": 911, ""((2, 3), 1)"": 47, ""((2, 3), 3)"": 229, ""((3, 3), 0)"": 2204, ""((3, 3), 1)"": 2120, ""((3, 3), 2)"": 1607}, ""degree_pair_exact"": true, ""matched_edge_count_per_control"": 8134, ""matching_method"": ""integral max-flow with exact endpoint-degree-quantile-pair and base normalized edge-weight quantile marginals"", ""shortages"": {}, ""status"": ""MATCHED"", ""target_degree_pair_marginal"": ""{(3, 3): 5931, (2, 3): 1187, (1, 3): 109, (2, 2): 494, (1, 2): 122, (1, 1): 279, (0, 1): 12}"", ""target_edge_count"": 8134, ""target_weight_quantile_marginal"": ""{1: 2276, 2: 1698, 3: 1045, 0: 3115}"", ""verified_exact_marginals"": true, ""weight_quantile_exact"": true}",frozen graph intervention; FIXED_NORM_MASK is not retrained valid-operator performance
Movies,42,text_uniform,text_high_similarity_low_novelty,RENORMALIZED_DELETE,8134,-0.003299340131973527,-0.0019792033801258047,0.00397646427154541,-0.0038257837295532227,20,0.002251148223876953,0.0010989109555829938,0.001725316047668457,-0.0019046190761847271,MATCHED,"{""allocated_cells"": 12, ""allocation"": {""((0, 1), 3)"": 12, ""((1, 1), 3)"": 279, ""((1, 2), 3)"": 122, ""((1, 3), 1)"": 109, ""((2, 2), 2)"": 91, ""((2, 2), 3)"": 403, ""((2, 3), 0)"": 911, ""((2, 3), 1)"": 47, ""((2, 3), 3)"": 229, ""((3, 3), 0)"": 2204, ""((3, 3), 1)"": 2120, ""((3, 3), 2)"": 1607}, ""degree_pair_exact"": true, ""matched_edge_count_per_control"": 8134, ""matching_method"": ""integral max-flow with exact endpoint-degree-quantile-pair and base normalized edge-weight quantile marginals"", ""shortages"": {}, ""status"": ""MATCHED"", ""target_degree_pair_marginal"": ""{(3, 3): 5931, (2, 3): 1187, (1, 3): 109, (2, 2): 494, (1, 2): 122, (1, 1): 279, (0, 1): 12}"", ""target_edge_count"": 8134, ""target_weight_quantile_marginal"": ""{1: 2276, 2: 1698, 3: 1045, 0: 3115}"", ""verified_exact_marginals"": true, ""weight_quantile_exact"": true}",frozen graph intervention; FIXED_NORM_MASK is not retrained valid-operator performance
Movies,42,text_uniform,joint_low_similarity_high_novelty,FIXED_NORM_MASK,8221,-0.003299340131973527,0.008318659786927585,0.016779541969299316,-0.05481564998626709,20,0.025116467475891115,0.0018283535736011336,-0.008336925506591798,-0.009298140371925584,MATCHED,"{""allocated_cells"": 17, ""allocation"": {""((0, 1), 3)"": 129, ""((0, 2), 3)"": 204, ""((0, 3), 2)"": 69, ""((0, 3), 3)"": 274, ""((1, 1), 3)"": 164, ""((1, 2), 3)"": 595, ""((1, 3), 1)"": 18, ""((1, 3), 2)"": 750, ""((1, 3), 3)"": 232, ""((2, 2), 2)"": 127, ""((2, 2), 3)"": 547, ""((2, 3), 1)"": 1432, ""((2, 3), 2)"": 486, ""((2, 3), 3)"": 1011, ""((3, 3), 0)"": 1086, ""((3, 3), 1)"": 232, ""((3, 3), 2)"": 865}, ""degree_pair_exact"": true, ""matched_edge_count_per_control"": 8221, ""matching_method"": ""integral max-flow with exact endpoint-degree-quantile-pair and base normalized edge-weight quantile marginals"", ""shortages"": {}, ""status"": ""MATCHED"", ""target_degree_pair_marginal"": ""{(1, 2): 595, (1, 3): 1000, (0, 2): 204, (1, 1): 164, (2, 2): 674, (2, 3): 2929, (3, 3): 2183, (0, 3): 343, (0, 1): 129}"", ""target_edge_count"": 8221, ""target_weight_quantile_marginal"": ""{3: 3156, 1: 1682, 2: 2297, 0: 1086}"", ""verified_exact_marginals"": true, ""weight_quantile_exact"": true}",frozen graph intervention; FIXED_NORM_MASK is not retrained valid-operator performance
Movies,42,text_uniform,joint_low_similarity_high_novelty,RENORMALIZED_DELETE,8221,-0.0014997000599880073,0.008029228636850294,0.032973647117614746,0.07534027099609375,20,0.021598798036575318,0.002465731338431954,0.011374849081039428,-0.0073485302939411854,MATCHED,"{""allocated_cells"": 17, ""allocation"": {""((0, 1), 3)"": 129, ""((0, 2), 3)"": 204, ""((0, 3), 2)"": 69, ""((0, 3), 3)"": 274, ""((1, 1), 3)"": 164, ""((1, 2), 3)"": 595, ""((1, 3), 1)"": 18, ""((1, 3), 2)"": 750, ""((1, 3), 3)"": 232, ""((2, 2), 2)"": 127, ""((2, 2), 3)"": 547, ""((2, 3), 1)"": 1432, ""((2, 3), 2)"": 486, ""((2, 3), 3)"": 1011, ""((3, 3), 0)"": 1086, ""((3, 3), 1)"": 232, ""((3, 3), 2)"": 865}, ""degree_pair_exact"": true, ""matched_edge_count_per_control"": 8221, ""matching_method"": ""integral max-flow with exact endpoint-degree-quantile-pair and base normalized edge-weight quantile marginals"", ""shortages"": {}, ""status"": ""MATCHED"", ""target_degree_pair_marginal"": ""{(1, 2): 595, (1, 3): 1000, (0, 2): 204, (1, 1): 164, (2, 2): 674, (2, 3): 2929, (3, 3): 2183, (0, 3): 343, (0, 1): 129}"", ""target_edge_count"": 8221, ""target_weight_quantile_marginal"": ""{3: 3156, 1: 1682, 2: 2297, 0: 1086}"", ""verified_exact_marginals"": true, ""weight_quantile_exact"": true}",frozen graph intervention; FIXED_NORM_MASK is not retrained valid-operator performance
Movies,42,text_uniform,joint_high_similarity_low_novelty,FIXED_NORM_MASK,8829,-0.005398920215956782,-0.002324898814341614,0.027825593948364258,-0.11183106899261475,20,0.010693389177322387,0.00161338072649305,0.01713220477104187,-0.0031793641271745444,MATCHED,"{""allocated_cells"": 12, ""allocation"": {""((0, 1), 3)"": 8, ""((1, 1), 3)"": 262, ""((1, 2), 3)"": 109, ""((1, 3), 1)"": 98, ""((2, 2), 2)"": 87, ""((2, 2), 3)"": 457, ""((2, 3), 0)"": 944, ""((2, 3), 1)"": 42, ""((2, 3), 3)"": 203, ""((3, 3), 0)"": 2744, ""((3, 3), 1)"": 2276, ""((3, 3), 2)"": 1599}, ""degree_pair_exact"": true, ""matched_edge_count_per_control"": 8829, ""matching_method"": ""integral max-flow with exact endpoint-degree-quantile-pair and base normalized edge-weight quantile marginals"", ""shortages"": {}, ""status"": ""MATCHED"", ""target_degree_pair_marginal"": ""{(3, 3): 6619, (2, 3): 1189, (1, 3): 98, (2, 2): 544, (1, 2): 109, (1, 1): 262, (0, 1): 8}"", ""target_edge_count"": 8829, ""target_weight_quantile_marginal"": ""{1: 2416, 2: 1686, 0: 3688, 3: 1039}"", ""verified_exact_marginals"": true, ""weight_quantile_exact"": true}",frozen graph intervention; FIXED_NORM_MASK is not retrained valid-operator performance
Movies,42,text_uniform,joint_high_similarity_low_novelty,RENORMALIZED_DELETE,8829,-0.003299340131973527,-0.0021072065490018166,0.005223512649536133,-0.0033206939697265625,20,0.001853257417678833,0.0013776971278764048,0.0033702552318573,-0.0008248350329933818,MATCHED,"{""allocated_cells"": 12, ""allocation"": {""((0, 1), 3)"": 8, ""((1, 1), 3)"": 262, ""((1, 2), 3)"": 109, ""((1, 3), 1)"": 98, ""((2, 2), 2)"": 87, ""((2, 2), 3)"": 457, ""((2, 3), 0)"": 944, ""((2, 3), 1)"": 42, ""((2, 3), 3)"": 203, ""((3, 3), 0)"": 2744, ""((3, 3), 1)"": 2276, ""((3, 3), 2)"": 1599}, ""degree_pair_exact"": true, ""matched_edge_count_per_control"": 8829, ""matching_method"": ""integral max-flow with exact endpoint-degree-quantile-pair and base normalized edge-weight quantile marginals"", ""shortages"": {}, ""status"": ""MATCHED"", ""target_degree_pair_marginal"": ""{(3, 3): 6619, (2, 3): 1189, (1, 3): 98, (2, 2): 544, (1, 2): 109, (1, 1): 262, (0, 1): 8}"", ""target_edge_count"": 8829, ""target_weight_quantile_marginal"": ""{1: 2416, 2: 1686, 0: 3688, 3: 1039}"", ""verified_exact_marginals"": true, ""weight_quantile_exact"": true}",frozen graph intervention; FIXED_NORM_MASK is not retrained valid-operator performance
Movies,42,visual_uniform,visual_low_similarity_high_novelty,FIXED_NORM_MASK,8863,-0.005098980203959158,0.004594249573319498,0.022091269493103027,-0.05687057971954346,20,0.019168466329574585,0.0022902541056016986,0.0029228031635284424,-0.007528494301139754,MATCHED,"{""allocated_cells"": 16, ""allocation"": {""((0, 1), 3)"": 137, ""((0, 2), 3)"": 196, ""((0, 3), 2)"": 78, ""((0, 3), 3)"": 262, ""((1, 1), 3)"": 165, ""((1, 2), 3)"": 605, ""((1, 3), 2)"": 745, ""((1, 3), 3)"": 262, ""((2, 2), 2)"": 126, ""((2, 2), 3)"": 577, ""((2, 3), 1)"": 1627, ""((2, 3), 2)"": 445, ""((2, 3), 3)"": 1029, ""((3, 3), 0)"": 1294, ""((3, 3), 1)"": 272, ""((3, 3), 2)"": 1043}, ""degree_pair_exact"": true, ""matched_edge_count_per_control"": 8863, ""matching_method"": ""integral max-flow with exact endpoint-degree-quantile-pair and base normalized edge-weight quantile marginals"", ""shortages"": {}, ""status"": ""MATCHED"", ""target_degree_pair_marginal"": ""{(2, 3): 3101, (1, 3): 1007, (1, 1): 165, (2, 2): 703, (3, 3): 2609, (0, 3): 340, (1, 2): 605, (0, 1): 137, (0, 2): 196}"", ""target_edge_count"": 8863, ""target_weight_quantile_marginal"": ""{2: 2437, 3: 3233, 0: 1294, 1: 1899}"", ""verified_exact_marginals"": true, ""weight_quantile_exact"": true}",frozen graph intervention; FIXED_NORM_MASK is not retrained valid-operator performance
Movies,42,visual_uniform,visual_low_similarity_high_novelty,RENORMALIZED_DELETE,8863,-0.004799040191961534,0.0046673072754520595,0.05294156074523926,0.10747659206390381,20,0.023059093952178956,0.003786786853867884,0.0298824667930603,-0.004259148170365911,MATCHED,"{""allocated_cells"": 16, ""allocation"": {""((0, 1), 3)"": 137, ""((0, 2), 3)"": 196, ""((0, 3), 2)"": 78, ""((0, 3), 3)"": 262, ""((1, 1), 3)"": 165, ""((1, 2), 3)"": 605, ""((1, 3), 2)"": 745, ""((1, 3), 3)"": 262, ""((2, 2), 2)"": 126, ""((2, 2), 3)"": 577, ""((2, 3), 1)"": 1627, ""((2, 3), 2)"": 445, ""((2, 3), 3)"": 1029, ""((3, 3), 0)"": 1294, ""((3, 3), 1)"": 272, ""((3, 3), 2)"": 1043}, ""degree_pair_exact"": true, ""matched_edge_count_per_control"": 8863, ""matching_method"": ""integral max-flow with exact endpoint-degree-quantile-pair and base normalized edge-weight quantile marginals"", ""shortages"": {}, ""status"": ""MATCHED"", ""target_degree_pair_marginal"": ""{(2, 3): 3101, (1, 3): 1007, (1, 1): 165, (2, 2): 703, (3, 3): 2609, (0, 3): 340, (1, 2): 605, (0, 1): 137, (0, 2): 196}"", ""target_edge_count"": 8863, ""target_weight_quantile_marginal"": ""{2: 2437, 3: 3233, 0: 1294, 1: 1899}"", ""verified_exact_marginals"": true, ""weight_quantile_exact"": true}",frozen graph intervention; FIXED_NORM_MASK is not retrained valid-operator performance
Movies,42,visual_uniform,visual_high_similarity_low_novelty,FIXED_NORM_MASK,9681,-0.004199160167966398,-0.0005638075196010561,0.02878415584564209,-0.14079535007476807,20,0.007573473453521729,0.0015831077385427465,0.021210682392120362,-0.004094181163767208,MATCHED,"{""allocated_cells"": 13, ""allocation"": {""((0, 1), 3)"": 9, ""((0, 2), 3)"": 1, ""((1, 1), 3)"": 332, ""((1, 2), 3)"": 155, ""((1, 3), 1)"": 92, ""((2, 2), 2)"": 93, ""((2, 2), 3)"": 527, ""((2, 3), 0)"": 924, ""((2, 3), 1)"": 159, ""((2, 3), 3)"": 236, ""((3, 3), 0)"": 2881, ""((3, 3), 1)"": 2450, ""((3, 3), 2)"": 1822}, ""degree_pair_exact"": true, ""matched_edge_count_per_control"": 9681, ""matching_method"": ""integral max-flow with exact endpoint-degree-quantile-pair and base normalized edge-weight quantile marginals"", ""shortages"": {}, ""status"": ""MATCHED"", ""target_degree_pair_marginal"": ""{(3, 3): 7153, (2, 3): 1319, (1, 3): 92, (1, 2): 155, (2, 2): 620, (1, 1): 332, (0, 1): 9, (0, 2): 1}"", ""target_edge_count"": 9681, ""target_weight_quantile_marginal"": ""{1: 2701, 2: 1915, 0: 3805, 3: 1260}"", ""verified_exact_marginals"": true, ""weight_quantile_exact"": true}",frozen graph intervention; FIXED_NORM_MASK is not retrained valid-operator performance
Movies,42,visual_uniform,visual_high_similarity_low_novelty,RENORMALIZED_DELETE,9681,-0.0011997600479903836,-0.001301618085794598,0.003602266311645508,-0.012514710426330566,20,0.002541029453277588,0.0015544947991330154,0.0010612368583679198,-0.0007948410317936139,MATCHED,"{""allocated_cells"": 13, ""allocation"": {""((0, 1), 3)"": 9, ""((0, 2), 3)"": 1, ""((1, 1), 3)"": 332, ""((1, 2), 3)"": 155, ""((1, 3), 1)"": 92, ""((2, 2), 2)"": 93, ""((2, 2), 3)"": 527, ""((2, 3), 0)"": 924, ""((2, 3), 1)"": 159, ""((2, 3), 3)"": 236, ""((3, 3), 0)"": 2881, ""((3, 3), 1)"": 2450, ""((3, 3), 2)"": 1822}, ""degree_pair_exact"": true, ""matched_edge_count_per_control"": 9681, ""matching_method"": ""integral max-flow with exact endpoint-degree-quantile-pair and base normalized edge-weight quantile marginals"", ""shortages"": {}, ""status"": ""MATCHED"", ""target_degree_pair_marginal"": ""{(3, 3): 7153, (2, 3): 1319, (1, 3): 92, (1, 2): 155, (2, 2): 620, (1, 1): 332, (0, 1): 9, (0, 2): 1}"", ""target_edge_count"": 9681, ""target_weight_quantile_marginal"": ""{1: 2701, 2: 1915, 0: 3805, 3: 1260}"", ""verified_exact_marginals"": true, ""weight_quantile_exact"": true}",frozen graph intervention; FIXED_NORM_MASK is not retrained valid-operator performance
Movies,42,visual_uniform,joint_low_similarity_high_novelty,FIXED_NORM_MASK,8221,-0.0038992201559687745,0.0012444498719774155,0.014016032218933105,-0.06118309497833252,20,0.01897783875465393,0.0026224038535849407,-0.0049618065357208245,-0.00692861427714454,MATCHED,"{""allocated_cells"": 17, ""allocation"": {""((0, 1), 3)"": 129, ""((0, 2), 3)"": 204, ""((0, 3), 2)"": 69, ""((0, 3), 3)"": 274, ""((1, 1), 3)"": 164, ""((1, 2), 3)"": 595, ""((1, 3), 1)"": 18, ""((1, 3), 2)"": 750, ""((1, 3), 3)"": 232, ""((2, 2), 2)"": 127, ""((2, 2), 3)"": 547, ""((2, 3), 1)"": 1432, ""((2, 3), 2)"": 486, ""((2, 3), 3)"": 1011, ""((3, 3), 0)"": 1086, ""((3, 3), 1)"": 232, ""((3, 3), 2)"": 865}, ""degree_pair_exact"": true, ""matched_edge_count_per_control"": 8221, ""matching_method"": ""integral max-flow with exact endpoint-degree-quantile-pair and base normalized edge-weight quantile marginals"", ""shortages"": {}, ""status"": ""MATCHED"", ""target_degree_pair_marginal"": ""{(1, 2): 595, (1, 3): 1000, (0, 2): 204, (1, 1): 164, (2, 2): 674, (2, 3): 2929, (3, 3): 2183, (0, 3): 343, (0, 1): 129}"", ""target_edge_count"": 8221, ""target_weight_quantile_marginal"": ""{3: 3156, 1: 1682, 2: 2297, 0: 1086}"", ""verified_exact_marginals"": true, ""weight_quantile_exact"": true}",frozen graph intervention; FIXED_NORM_MASK is not retrained valid-operator performance
Movies,42,visual_uniform,joint_low_similarity_high_novelty,RENORMALIZED_DELETE,8221,-0.0020995800839831436,0.000308344582905129,0.04305922985076904,0.09045135974884033,20,0.02473534345626831,0.0028128431120406027,0.01832388639450073,-0.0045440911817636155,MATCHED,"{""allocated_cells"": 17, ""allocation"": {""((0, 1), 3)"": 129, ""((0, 2), 3)"": 204, ""((0, 3), 2)"": 69, ""((0, 3), 3)"": 274, ""((1, 1), 3)"": 164, ""((1, 2), 3)"": 595, ""((1, 3), 1)"": 18, ""((1, 3), 2)"": 750, ""((1, 3), 3)"": 232, ""((2, 2), 2)"": 127, ""((2, 2), 3)"": 547, ""((2, 3), 1)"": 1432, ""((2, 3), 2)"": 486, ""((2, 3), 3)"": 1011, ""((3, 3), 0)"": 1086, ""((3, 3), 1)"": 232, ""((3, 3), 2)"": 865}, ""degree_pair_exact"": true, ""matched_edge_count_per_control"": 8221, ""matching_method"": ""integral max-flow with exact endpoint-degree-quantile-pair and base normalized edge-weight quantile marginals"", ""shortages"": {}, ""status"": ""MATCHED"", ""target_degree_pair_marginal"": ""{(1, 2): 595, (1, 3): 1000, (0, 2): 204, (1, 1): 164, (2, 2): 674, (2, 3): 2929, (3, 3): 2183, (0, 3): 343, (0, 1): 129}"", ""target_edge_count"": 8221, ""target_weight_quantile_marginal"": ""{3: 3156, 1: 1682, 2: 2297, 0: 1086}"", ""verified_exact_marginals"": true, ""weight_quantile_exact"": true}",frozen graph intervention; FIXED_NORM_MASK is not retrained valid-operator performance
Movies,42,visual_uniform,joint_high_similarity_low_novelty,FIXED_NORM_MASK,8829,-0.0020995800839831436,-0.0001236136767984175,0.026728153228759766,-0.13412868976593018,20,0.0042624831199646,0.0020065247485175314,0.022465670108795167,-0.0028944211157768186,MATCHED,"{""allocated_cells"": 12, ""allocation"": {""((0, 1), 3)"": 8, ""((1, 1), 3)"": 262, ""((1, 2), 3)"": 109, ""((1, 3), 1)"": 98, ""((2, 2), 2)"": 87, ""((2, 2), 3)"": 457, ""((2, 3), 0)"": 944, ""((2, 3), 1)"": 42, ""((2, 3), 3)"": 203, ""((3, 3), 0)"": 2744, ""((3, 3), 1)"": 2276, ""((3, 3), 2)"": 1599}, ""degree_pair_exact"": true, ""matched_edge_count_per_control"": 8829, ""matching_method"": ""integral max-flow with exact endpoint-degree-quantile-pair and base normalized edge-weight quantile marginals"", ""shortages"": {}, ""status"": ""MATCHED"", ""target_degree_pair_marginal"": ""{(3, 3): 6619, (2, 3): 1189, (1, 3): 98, (2, 2): 544, (1, 2): 109, (1, 1): 262, (0, 1): 8}"", ""target_edge_count"": 8829, ""target_weight_quantile_marginal"": ""{1: 2416, 2: 1686, 0: 3688, 3: 1039}"", ""verified_exact_marginals"": true, ""weight_quantile_exact"": true}",frozen graph intervention; FIXED_NORM_MASK is not retrained valid-operator performance
Movies,42,visual_uniform,joint_high_similarity_low_novelty,RENORMALIZED_DELETE,8829,-0.00029994001199751263,-0.00043658001422280934,0.004072070121765137,-0.0069713592529296875,20,0.0007158339023590088,0.0014031743636933336,0.003356236219406128,-0.00067486502699457,MATCHED,"{""allocated_cells"": 12, ""allocation"": {""((0, 1), 3)"": 8, ""((1, 1), 3)"": 262, ""((1, 2), 3)"": 109, ""((1, 3), 1)"": 98, ""((2, 2), 2)"": 87, ""((2, 2), 3)"": 457, ""((2, 3), 0)"": 944, ""((2, 3), 1)"": 42, ""((2, 3), 3)"": 203, ""((3, 3), 0)"": 2744, ""((3, 3), 1)"": 2276, ""((3, 3), 2)"": 1599}, ""degree_pair_exact"": true, ""matched_edge_count_per_control"": 8829, ""matching_method"": ""integral max-flow with exact endpoint-degree-quantile-pair and base normalized edge-weight quantile marginals"", ""shortages"": {}, ""status"": ""MATCHED"", ""target_degree_pair_marginal"": ""{(3, 3): 6619, (2, 3): 1189, (1, 3): 98, (2, 2): 544, (1, 2): 109, (1, 1): 262, (0, 1): 8}"", ""target_edge_count"": 8829, ""target_weight_quantile_marginal"": ""{1: 2416, 2: 1686, 0: 3688, 3: 1039}"", ""verified_exact_marginals"": true, ""weight_quantile_exact"": true}",frozen graph intervention; FIXED_NORM_MASK is not retrained valid-operator performance
Movies,43,uniform,high_similarity_low_novelty,FIXED_NORM_MASK,8704,0.000899820035992871,0.003467669069168955,0.0171014666557312,-0.13802754878997803,20,-0.0010592520236968994,0.0013546759098302952,0.0181607186794281,0.0018296340731853988,MATCHED,"{""allocated_cells"": 12, ""allocation"": {""((0, 1), 3)"": 10, ""((1, 1), 3)"": 270, ""((1, 2), 3)"": 102, ""((1, 3), 1)"": 104, ""((2, 2), 2)"": 86, ""((2, 2), 3)"": 438, ""((2, 3), 0)"": 937, ""((2, 3), 1)"": 38, ""((2, 3), 3)"": 202, ""((3, 3), 0)"": 2724, ""((3, 3), 1)"": 2231, ""((3, 3), 2)"": 1562}, ""degree_pair_exact"": true, ""matched_edge_count_per_control"": 8704, ""matching_method"": ""integral max-flow with exact endpoint-degree-quantile-pair and base normalized edge-weight quantile marginals"", ""shortages"": {}, ""status"": ""MATCHED"", ""target_degree_pair_marginal"": ""{(3, 3): 6517, (2, 3): 1177, (1, 3): 104, (2, 2): 524, (1, 2): 102, (1, 1): 270, (0, 1): 10}"", ""target_edge_count"": 8704, ""target_weight_quantile_marginal"": ""{1: 2373, 2: 1648, 0: 3661, 3: 1022}"", ""verified_exact_marginals"": true, ""weight_quantile_exact"": true}",frozen graph intervention; FIXED_NORM_MASK is not retrained valid-operator performance
Movies,43,uniform,high_similarity_low_novelty,RENORMALIZED_DELETE,8704,0.0,0.0005269503989435709,0.003787994384765625,-0.0053032636642456055,20,0.000317758321762085,0.0011171555275384252,0.00347023606300354,-0.0016346730653868935,MATCHED,"{""allocated_cells"": 12, ""allocation"": {""((0, 1), 3)"": 10, ""((1, 1), 3)"": 270, ""((1, 2), 3)"": 102, ""((1, 3), 1)"": 104, ""((2, 2), 2)"": 86, ""((2, 2), 3)"": 438, ""((2, 3), 0)"": 937, ""((2, 3), 1)"": 38, ""((2, 3), 3)"": 202, ""((3, 3), 0)"": 2724, ""((3, 3), 1)"": 2231, ""((3, 3), 2)"": 1562}, ""degree_pair_exact"": true, ""matched_edge_count_per_control"": 8704, ""matching_method"": ""integral max-flow with exact endpoint-degree-quantile-pair and base normalized edge-weight quantile marginals"", ""shortages"": {}, ""status"": ""MATCHED"", ""target_degree_pair_marginal"": ""{(3, 3): 6517, (2, 3): 1177, (1, 3): 104, (2, 2): 524, (1, 2): 102, (1, 1): 270, (0, 1): 10}"", ""target_edge_count"": 8704, ""target_weight_quantile_marginal"": ""{1: 2373, 2: 1648, 0: 3661, 3: 1022}"", ""verified_exact_marginals"": true, ""weight_quantile_exact"": true}",frozen graph intervention; FIXED_NORM_MASK is not retrained valid-operator performance
Movies,43,uniform,high_similarity_high_novelty,FIXED_NORM_MASK,2807,-0.002399520095980767,-0.009506704047052228,0.01232844591140747,-0.08809220790863037,20,0.005541849136352539,0.002070393601068775,0.0067865967750549315,-0.0018596280743851002,MATCHED,"{""allocated_cells"": 14, ""allocation"": {""((0, 1), 3)"": 194, ""((0, 2), 3)"": 157, ""((0, 3), 2)"": 94, ""((0, 3), 3)"": 60, ""((1, 1), 3)"": 199, ""((1, 2), 3)"": 377, ""((1, 3), 3)"": 291, ""((2, 2), 2)"": 130, ""((2, 2), 3)"": 119, ""((2, 3), 1)"": 8, ""((2, 3), 2)"": 330, ""((2, 3), 3)"": 298, ""((3, 3), 0)"": 198, ""((3, 3), 1)"": 352}, ""degree_pair_exact"": true, ""matched_edge_count_per_control"": 2807, ""matching_method"": ""integral max-flow with exact endpoint-degree-quantile-pair and base normalized edge-weight quantile marginals"", ""shortages"": {}, ""status"": ""MATCHED"", ""target_degree_pair_marginal"": ""{(0, 1): 194, (1, 2): 377, (2, 3): 636, (2, 2): 249, (0, 3): 154, (1, 3): 291, (0, 2): 157, (3, 3): 550, (1, 1): 199}"", ""target_edge_count"": 2807, ""target_weight_quantile_marginal"": ""{3: 1695, 2: 554, 1: 360, 0: 198}"", ""verified_exact_marginals"": true, ""weight_quantile_exact"": true}",frozen graph intervention; FIXED_NORM_MASK is not retrained valid-operator performance
Movies,43,uniform,high_similarity_high_novelty,RENORMALIZED_DELETE,2807,-0.002699460107978391,-0.0042482846158787835,0.011049151420593262,0.016469120979309082,20,0.009070974588394166,0.002554150800957683,0.001978176832199096,-0.0040341931613676885,MATCHED,"{""allocated_cells"": 14, ""allocation"": {""((0, 1), 3)"": 194, ""((0, 2), 3)"": 157, ""((0, 3), 2)"": 94, ""((0, 3), 3)"": 60, ""((1, 1), 3)"": 199, ""((1, 2), 3)"": 377, ""((1, 3), 3)"": 291, ""((2, 2), 2)"": 130, ""((2, 2), 3)"": 119, ""((2, 3), 1)"": 8, ""((2, 3), 2)"": 330, ""((2, 3), 3)"": 298, ""((3, 3), 0)"": 198, ""((3, 3), 1)"": 352}, ""degree_pair_exact"": true, ""matched_edge_count_per_control"": 2807, ""matching_method"": ""integral max-flow with exact endpoint-degree-quantile-pair and base normalized edge-weight quantile marginals"", ""shortages"": {}, ""status"": ""MATCHED"", ""target_degree_pair_marginal"": ""{(0, 1): 194, (1, 2): 377, (2, 3): 636, (2, 2): 249, (0, 3): 154, (1, 3): 291, (0, 2): 157, (3, 3): 550, (1, 1): 199}"", ""target_edge_count"": 2807, ""target_weight_quantile_marginal"": ""{3: 1695, 2: 554, 1: 360, 0: 198}"", ""verified_exact_marginals"": true, ""weight_quantile_exact"": true}",frozen graph intervention; FIXED_NORM_MASK is not retrained valid-operator performance
Movies,43,uniform,low_similarity_high_novelty,FIXED_NORM_MASK,8238,-0.00029994001199762366,-0.007703993463094694,0.00485461950302124,-0.07622206211090088,20,0.014205998182296753,0.002893109183977893,-0.009351378679275513,-0.0017396520695860396,MATCHED,"{""allocated_cells"": 16, ""allocation"": {""((0, 1), 3)"": 121, ""((0, 2), 3)"": 199, ""((0, 3), 2)"": 66, ""((0, 3), 3)"": 284, ""((1, 1), 3)"": 151, ""((1, 2), 3)"": 593, ""((1, 3), 2)"": 760, ""((1, 3), 3)"": 255, ""((2, 2), 2)"": 124, ""((2, 2), 3)"": 550, ""((2, 3), 1)"": 1414, ""((2, 3), 2)"": 519, ""((2, 3), 3)"": 1011, ""((3, 3), 0)"": 1075, ""((3, 3), 1)"": 256, ""((3, 3), 2)"": 860}, ""degree_pair_exact"": true, ""matched_edge_count_per_control"": 8238, ""matching_method"": ""integral max-flow with exact endpoint-degree-quantile-pair and base normalized edge-weight quantile marginals"", ""shortages"": {}, ""status"": ""MATCHED"", ""target_degree_pair_marginal"": ""{(1, 2): 593, (1, 3): 1015, (0, 2): 199, (1, 1): 151, (2, 2): 674, (2, 3): 2944, (3, 3): 2191, (0, 3): 350, (0, 1): 121}"", ""target_edge_count"": 8238, ""target_weight_quantile_marginal"": ""{3: 3164, 1: 1670, 2: 2329, 0: 1075}"", ""verified_exact_marginals"": true, ""weight_quantile_exact"": true}",frozen graph intervention; FIXED_NORM_MASK is not retrained valid-operator performance
Movies,43,uniform,low_similarity_high_novelty,RENORMALIZED_DELETE,8238,-0.0011997600479903836,-0.0076843947817557545,0.020306885242462158,0.10195505619049072,20,0.014492887258529662,0.002428852230949454,0.005813997983932496,-0.0046640671865626595,MATCHED,"{""allocated_cells"": 16, ""allocation"": {""((0, 1), 3)"": 121, ""((0, 2), 3)"": 199, ""((0, 3), 2)"": 66, ""((0, 3), 3)"": 284, ""((1, 1), 3)"": 151, ""((1, 2), 3)"": 593, ""((1, 3), 2)"": 760, ""((1, 3), 3)"": 255, ""((2, 2), 2)"": 124, ""((2, 2), 3)"": 550, ""((2, 3), 1)"": 1414, ""((2, 3), 2)"": 519, ""((2, 3), 3)"": 1011, ""((3, 3), 0)"": 1075, ""((3, 3), 1)"": 256, ""((3, 3), 2)"": 860}, ""degree_pair_exact"": true, ""matched_edge_count_per_control"": 8238, ""matching_method"": ""integral max-flow with exact endpoint-degree-quantile-pair and base normalized edge-weight quantile marginals"", ""shortages"": {}, ""status"": ""MATCHED"", ""target_degree_pair_marginal"": ""{(1, 2): 593, (1, 3): 1015, (0, 2): 199, (1, 1): 151, (2, 2): 674, (2, 3): 2944, (3, 3): 2191, (0, 3): 350, (0, 1): 121}"", ""target_edge_count"": 8238, ""target_weight_quantile_marginal"": ""{3: 3164, 1: 1670, 2: 2329, 0: 1075}"", ""verified_exact_marginals"": true, ""weight_quantile_exact"": true}",frozen graph intervention; FIXED_NORM_MASK is not retrained valid-operator performance
Movies,43,uniform,low_similarity_low_novelty,FIXED_NORM_MASK,1837,0.00029994001199762366,0.0015266720157750546,0.0028783679008483887,-0.016773581504821777,20,-0.0009483277797698974,0.000876281767170964,0.0038266956806182863,-0.00017996400719854643,MATCHED,"{""allocated_cells"": 10, ""allocation"": {""((0, 1), 3)"": 2, ""((1, 1), 3)"": 46, ""((1, 2), 3)"": 16, ""((1, 3), 1)"": 29, ""((2, 2), 2)"": 64, ""((2, 3), 0)"": 291, ""((2, 3), 3)"": 109, ""((3, 3), 0)"": 400, ""((3, 3), 1)"": 534, ""((3, 3), 2)"": 346}, ""degree_pair_exact"": true, ""matched_edge_count_per_control"": 1837, ""matching_method"": ""integral max-flow with exact endpoint-degree-quantile-pair and base normalized edge-weight quantile marginals"", ""shortages"": {}, ""status"": ""MATCHED"", ""target_degree_pair_marginal"": ""{(3, 3): 1280, (2, 3): 400, (1, 1): 46, (1, 3): 29, (2, 2): 64, (1, 2): 16, (0, 1): 2}"", ""target_edge_count"": 1837, ""target_weight_quantile_marginal"": ""{1: 563, 2: 410, 3: 173, 0: 691}"", ""verified_exact_marginals"": true, ""weight_quantile_exact"": true}",frozen graph intervention; FIXED_NORM_MASK is not retrained valid-operator performance
Movies,43,uniform,low_similarity_low_novelty,RENORMALIZED_DELETE,1837,-0.0005998800239951363,-0.0008084965792518606,0.0037614107131958008,0.005075573921203613,20,4.5734643936157224e-05,0.000805031102694823,0.0037156760692596434,-0.000539892021595667,MATCHED,"{""allocated_cells"": 10, ""allocation"": {""((0, 1), 3)"": 2, ""((1, 1), 3)"": 46, ""((1, 2), 3)"": 16, ""((1, 3), 1)"": 29, ""((2, 2), 2)"": 64, ""((2, 3), 0)"": 291, ""((2, 3), 3)"": 109, ""((3, 3), 0)"": 400, ""((3, 3), 1)"": 534, ""((3, 3), 2)"": 346}, ""degree_pair_exact"": true, ""matched_edge_count_per_control"": 1837, ""matching_method"": ""integral max-flow with exact endpoint-degree-quantile-pair and base normalized edge-weight quantile marginals"", ""shortages"": {}, ""status"": ""MATCHED"", ""target_degree_pair_marginal"": ""{(3, 3): 1280, (2, 3): 400, (1, 1): 46, (1, 3): 29, (2, 2): 64, (1, 2): 16, (0, 1): 2}"", ""target_edge_count"": 1837, ""target_weight_quantile_marginal"": ""{1: 563, 2: 410, 3: 173, 0: 691}"", ""verified_exact_marginals"": true, ""weight_quantile_exact"": true}",frozen graph intervention; FIXED_NORM_MASK is not retrained valid-operator performance
Movies,43,gpr,gpr_high_similarity_low_novelty,FIXED_NORM_MASK,8689,0.0020995800839832546,0.0044060540056323205,0.014987647533416748,-0.1325852870941162,20,0.003872936964035034,0.0019461427302269563,0.011114710569381714,-0.0019196160767846137,MATCHED,"{""allocated_cells"": 12, ""allocation"": {""((0, 1), 3)"": 10, ""((1, 1), 3)"": 272, ""((1, 2), 3)"": 107, ""((1, 3), 1)"": 100, ""((2, 2), 2)"": 86, ""((2, 2), 3)"": 449, ""((2, 3), 0)"": 940, ""((2, 3), 1)"": 41, ""((2, 3), 3)"": 198, ""((3, 3), 0)"": 2708, ""((3, 3), 1)"": 2232, ""((3, 3), 2)"": 1546}, ""degree_pair_exact"": true, ""matched_edge_count_per_control"": 8689, ""matching_method"": ""integral max-flow with exact endpoint-degree-quantile-pair and base normalized edge-weight quantile marginals"", ""shortages"": {}, ""status"": ""MATCHED"", ""target_degree_pair_marginal"": ""{(3, 3): 6486, (2, 3): 1179, (1, 3): 100, (2, 2): 535, (1, 2): 107, (1, 1): 272, (0, 1): 10}"", ""target_edge_count"": 8689, ""target_weight_quantile_marginal"": ""{1: 2373, 2: 1632, 0: 3648, 3: 1036}"", ""verified_exact_marginals"": true, ""weight_quantile_exact"": true}",frozen graph intervention; FIXED_NORM_MASK is not retrained valid-operator performance
Movies,43,gpr,gpr_high_similarity_low_novelty,RENORMALIZED_DELETE,8689,0.0,0.0008756863313252872,0.0025523900985717773,-0.0060672760009765625,20,0.00141640305519104,0.0019871414088724303,0.0011359870433807373,0.00035992801439714285,MATCHED,"{""allocated_cells"": 12, ""allocation"": {""((0, 1), 3)"": 10, ""((1, 1), 3)"": 272, ""((1, 2), 3)"": 107, ""((1, 3), 1)"": 100, ""((2, 2), 2)"": 86, ""((2, 2), 3)"": 449, ""((2, 3), 0)"": 940, ""((2, 3), 1)"": 41, ""((2, 3), 3)"": 198, ""((3, 3), 0)"": 2708, ""((3, 3), 1)"": 2232, ""((3, 3), 2)"": 1546}, ""degree_pair_exact"": true, ""matched_edge_count_per_control"": 8689, ""matching_method"": ""integral max-flow with exact endpoint-degree-quantile-pair and base normalized edge-weight quantile marginals"", ""shortages"": {}, ""status"": ""MATCHED"", ""target_degree_pair_marginal"": ""{(3, 3): 6486, (2, 3): 1179, (1, 3): 100, (2, 2): 535, (1, 2): 107, (1, 1): 272, (0, 1): 10}"", ""target_edge_count"": 8689, ""target_weight_quantile_marginal"": ""{1: 2373, 2: 1632, 0: 3648, 3: 1036}"", ""verified_exact_marginals"": true, ""weight_quantile_exact"": true}",frozen graph intervention; FIXED_NORM_MASK is not retrained valid-operator performance
Movies,43,gpr,gpr_high_similarity_high_novelty,FIXED_NORM_MASK,2838,-0.00179964007198552,-0.0027720230357376474,0.011412322521209717,-0.09036731719970703,20,0.00543113648891449,0.002399043362623922,0.005981186032295227,0.00022495500899822886,MATCHED,"{""allocated_cells"": 14, ""allocation"": {""((0, 1), 3)"": 191, ""((0, 2), 3)"": 158, ""((0, 3), 2)"": 95, ""((0, 3), 3)"": 57, ""((1, 1), 3)"": 200, ""((1, 2), 3)"": 384, ""((1, 3), 3)"": 308, ""((2, 2), 2)"": 130, ""((2, 2), 3)"": 120, ""((2, 3), 1)"": 8, ""((2, 3), 2)"": 340, ""((2, 3), 3)"": 292, ""((3, 3), 0)"": 204, ""((3, 3), 1)"": 351}, ""degree_pair_exact"": true, ""matched_edge_count_per_control"": 2838, ""matching_method"": ""integral max-flow with exact endpoint-degree-quantile-pair and base normalized edge-weight quantile marginals"", ""shortages"": {}, ""status"": ""MATCHED"", ""target_degree_pair_marginal"": ""{(0, 1): 191, (1, 3): 308, (1, 2): 384, (2, 3): 640, (2, 2): 250, (0, 3): 152, (0, 2): 158, (3, 3): 555, (1, 1): 200}"", ""target_edge_count"": 2838, ""target_weight_quantile_marginal"": ""{3: 1710, 2: 565, 1: 359, 0: 204}"", ""verified_exact_marginals"": true, ""weight_quantile_exact"": true}",frozen graph intervention; FIXED_NORM_MASK is not retrained valid-operator performance
Movies,43,gpr,gpr_high_similarity_high_novelty,RENORMALIZED_DELETE,2838,-0.0020995800839831436,-0.003096754298088311,0.011592745780944824,0.018167614936828613,20,0.009712406992912292,0.002765195202458627,0.001880338788032532,-0.0003299340131973472,MATCHED,"{""allocated_cells"": 14, ""allocation"": {""((0, 1), 3)"": 191, ""((0, 2), 3)"": 158, ""((0, 3), 2)"": 95, ""((0, 3), 3)"": 57, ""((1, 1), 3)"": 200, ""((1, 2), 3)"": 384, ""((1, 3), 3)"": 308, ""((2, 2), 2)"": 130, ""((2, 2), 3)"": 120, ""((2, 3), 1)"": 8, ""((2, 3), 2)"": 340, ""((2, 3), 3)"": 292, ""((3, 3), 0)"": 204, ""((3, 3), 1)"": 351}, ""degree_pair_exact"": true, ""matched_edge_count_per_control"": 2838, ""matching_method"": ""integral max-flow with exact endpoint-degree-quantile-pair and base normalized edge-weight quantile marginals"", ""shortages"": {}, ""status"": ""MATCHED"", ""target_degree_pair_marginal"": ""{(0, 1): 191, (1, 3): 308, (1, 2): 384, (2, 3): 640, (2, 2): 250, (0, 3): 152, (0, 2): 158, (3, 3): 555, (1, 1): 200}"", ""target_edge_count"": 2838, ""target_weight_quantile_marginal"": ""{3: 1710, 2: 565, 1: 359, 0: 204}"", ""verified_exact_marginals"": true, ""weight_quantile_exact"": true}",frozen graph intervention; FIXED_NORM_MASK is not retrained valid-operator performance
Movies,43,gpr,gpr_low_similarity_high_novelty,FIXED_NORM_MASK,8198,-0.00179964007198552,-0.00015579642390917137,0.010905742645263672,-0.0716695785522461,20,0.015253421664237977,0.0030517241782095964,-0.004347679018974305,-0.0007798440311937327,MATCHED,"{""allocated_cells"": 17, ""allocation"": {""((0, 1), 3)"": 120, ""((0, 2), 3)"": 199, ""((0, 3), 2)"": 68, ""((0, 3), 3)"": 276, ""((1, 1), 3)"": 148, ""((1, 2), 3)"": 583, ""((1, 3), 1)"": 7, ""((1, 3), 2)"": 746, ""((1, 3), 3)"": 250, ""((2, 2), 2)"": 124, ""((2, 2), 3)"": 555, ""((2, 3), 1)"": 1410, ""((2, 3), 2)"": 527, ""((2, 3), 3)"": 1007, ""((3, 3), 0)"": 1070, ""((3, 3), 1)"": 250, ""((3, 3), 2)"": 858}, ""degree_pair_exact"": true, ""matched_edge_count_per_control"": 8198, ""matching_method"": ""integral max-flow with exact endpoint-degree-quantile-pair and base normalized edge-weight quantile marginals"", ""shortages"": {}, ""status"": ""MATCHED"", ""target_degree_pair_marginal"": ""{(1, 2): 583, (1, 3): 1003, (0, 2): 199, (1, 1): 148, (2, 3): 2944, (3, 3): 2178, (0, 3): 344, (2, 2): 679, (0, 1): 120}"", ""target_edge_count"": 8198, ""target_weight_quantile_marginal"": ""{3: 3138, 1: 1667, 2: 2323, 0: 1070}"", ""verified_exact_marginals"": true, ""weight_quantile_exact"": true}",frozen graph intervention; FIXED_NORM_MASK is not retrained valid-operator performance
Movies,43,gpr,gpr_low_similarity_high_novelty,RENORMALIZED_DELETE,8198,-0.00029994001199762366,-0.0040172922956690504,0.023250877857208252,0.09949600696563721,20,0.012607663869857788,0.003095913622516189,0.010643213987350464,-0.0012297540491901348,MATCHED,"{""allocated_cells"": 17, ""allocation"": {""((0, 1), 3)"": 120, ""((0, 2), 3)"": 199, ""((0, 3), 2)"": 68, ""((0, 3), 3)"": 276, ""((1, 1), 3)"": 148, ""((1, 2), 3)"": 583, ""((1, 3), 1)"": 7, ""((1, 3), 2)"": 746, ""((1, 3), 3)"": 250, ""((2, 2), 2)"": 124, ""((2, 2), 3)"": 555, ""((2, 3), 1)"": 1410, ""((2, 3), 2)"": 527, ""((2, 3), 3)"": 1007, ""((3, 3), 0)"": 1070, ""((3, 3), 1)"": 250, ""((3, 3), 2)"": 858}, ""degree_pair_exact"": true, ""matched_edge_count_per_control"": 8198, ""matching_method"": ""integral max-flow with exact endpoint-degree-quantile-pair and base normalized edge-weight quantile marginals"", ""shortages"": {}, ""status"": ""MATCHED"", ""target_degree_pair_marginal"": ""{(1, 2): 583, (1, 3): 1003, (0, 2): 199, (1, 1): 148, (2, 3): 2944, (3, 3): 2178, (0, 3): 344, (2, 2): 679, (0, 1): 120}"", ""target_edge_count"": 8198, ""target_weight_quantile_marginal"": ""{3: 3138, 1: 1667, 2: 2323, 0: 1070}"", ""verified_exact_marginals"": true, ""weight_quantile_exact"": true}",frozen graph intervention; FIXED_NORM_MASK is not retrained valid-operator performance
Movies,43,gpr,gpr_low_similarity_low_novelty,FIXED_NORM_MASK,1786,-0.003599280143971151,-0.003678591598709313,0.0037215352058410645,-0.01524960994720459,20,0.0003009021282196045,0.0006799114213666593,0.00342063307762146,0.00010497900419920159,MATCHED,"{""allocated_cells"": 10, ""allocation"": {""((0, 1), 3)"": 2, ""((1, 1), 3)"": 46, ""((1, 2), 3)"": 15, ""((1, 3), 1)"": 29, ""((2, 2), 2)"": 62, ""((2, 3), 0)"": 286, ""((2, 3), 3)"": 110, ""((3, 3), 0)"": 382, ""((3, 3), 1)"": 509, ""((3, 3), 2)"": 345}, ""degree_pair_exact"": true, ""matched_edge_count_per_control"": 1786, ""matching_method"": ""integral max-flow with exact endpoint-degree-quantile-pair and base normalized edge-weight quantile marginals"", ""shortages"": {}, ""status"": ""MATCHED"", ""target_degree_pair_marginal"": ""{(3, 3): 1236, (2, 3): 396, (1, 1): 46, (1, 3): 29, (2, 2): 62, (1, 2): 15, (0, 1): 2}"", ""target_edge_count"": 1786, ""target_weight_quantile_marginal"": ""{1: 538, 2: 407, 3: 173, 0: 668}"", ""verified_exact_marginals"": true, ""weight_quantile_exact"": true}",frozen graph intervention; FIXED_NORM_MASK is not retrained valid-operator performance
Movies,43,gpr,gpr_low_similarity_low_novelty,RENORMALIZED_DELETE,1786,-0.00029994001199762366,-0.000920542228321497,0.004117012023925781,0.005247235298156738,20,0.00036862194538116454,0.0006094397057485665,0.003748390078544617,0.00031493701259749927,MATCHED,"{""allocated_cells"": 10, ""allocation"": {""((0, 1), 3)"": 2, ""((1, 1), 3)"": 46, ""((1, 2), 3)"": 15, ""((1, 3), 1)"": 29, ""((2, 2), 2)"": 62, ""((2, 3), 0)"": 286, ""((2, 3), 3)"": 110, ""((3, 3), 0)"": 382, ""((3, 3), 1)"": 509, ""((3, 3), 2)"": 345}, ""degree_pair_exact"": true, ""matched_edge_count_per_control"": 1786, ""matching_method"": ""integral max-flow with exact endpoint-degree-quantile-pair and base normalized edge-weight quantile marginals"", ""shortages"": {}, ""status"": ""MATCHED"", ""target_degree_pair_marginal"": ""{(3, 3): 1236, (2, 3): 396, (1, 1): 46, (1, 3): 29, (2, 2): 62, (1, 2): 15, (0, 1): 2}"", ""target_edge_count"": 1786, ""target_weight_quantile_marginal"": ""{1: 538, 2: 407, 3: 173, 0: 668}"", ""verified_exact_marginals"": true, ""weight_quantile_exact"": true}",frozen graph intervention; FIXED_NORM_MASK is not retrained valid-operator performance
Movies,43,text_uniform,text_low_similarity_high_novelty,FIXED_NORM_MASK,8070,-0.0011997600479904946,0.01838376493613325,0.021752595901489258,-0.05855715274810791,20,0.029085654020309448,0.0021612752553027887,-0.00733305811882019,-0.0009298140371926056,MATCHED,"{""allocated_cells"": 17, ""allocation"": {""((0, 1), 3)"": 136, ""((0, 2), 3)"": 189, ""((0, 3), 2)"": 74, ""((0, 3), 3)"": 251, ""((1, 1), 3)"": 164, ""((1, 2), 3)"": 584, ""((1, 3), 1)"": 19, ""((1, 3), 2)"": 772, ""((1, 3), 3)"": 231, ""((2, 2), 2)"": 123, ""((2, 2), 3)"": 534, ""((2, 3), 1)"": 1427, ""((2, 3), 2)"": 383, ""((2, 3), 3)"": 1022, ""((3, 3), 0)"": 1073, ""((3, 3), 1)"": 231, ""((3, 3), 2)"": 857}, ""degree_pair_exact"": true, ""matched_edge_count_per_control"": 8070, ""matching_method"": ""integral max-flow with exact endpoint-degree-quantile-pair and base normalized edge-weight quantile marginals"", ""shortages"": {}, ""status"": ""MATCHED"", ""target_degree_pair_marginal"": ""{(2, 2): 657, (1, 2): 584, (1, 3): 1022, (1, 1): 164, (2, 3): 2832, (3, 3): 2161, (0, 3): 325, (0, 1): 136, (0, 2): 189}"", ""target_edge_count"": 8070, ""target_weight_quantile_marginal"": ""{3: 3111, 2: 2209, 1: 1677, 0: 1073}"", ""verified_exact_marginals"": true, ""weight_quantile_exact"": true}",frozen graph intervention; FIXED_NORM_MASK is not retrained valid-operator performance
Movies,43,text_uniform,text_low_similarity_high_novelty,RENORMALIZED_DELETE,8070,-0.0005998800239952473,0.01964088822527199,0.015312910079956055,0.07119870185852051,20,0.004015129804611206,0.0015796126242554579,0.011297780275344848,-0.003929214157168631,MATCHED,"{""allocated_cells"": 17, ""allocation"": {""((0, 1), 3)"": 136, ""((0, 2), 3)"": 189, ""((0, 3), 2)"": 74, ""((0, 3), 3)"": 251, ""((1, 1), 3)"": 164, ""((1, 2), 3)"": 584, ""((1, 3), 1)"": 19, ""((1, 3), 2)"": 772, ""((1, 3), 3)"": 231, ""((2, 2), 2)"": 123, ""((2, 2), 3)"": 534, ""((2, 3), 1)"": 1427, ""((2, 3), 2)"": 383, ""((2, 3), 3)"": 1022, ""((3, 3), 0)"": 1073, ""((3, 3), 1)"": 231, ""((3, 3), 2)"": 857}, ""degree_pair_exact"": true, ""matched_edge_count_per_control"": 8070, ""matching_method"": ""integral max-flow with exact endpoint-degree-quantile-pair and base normalized edge-weight quantile marginals"", ""shortages"": {}, ""status"": ""MATCHED"", ""target_degree_pair_marginal"": ""{(2, 2): 657, (1, 2): 584, (1, 3): 1022, (1, 1): 164, (2, 3): 2832, (3, 3): 2161, (0, 3): 325, (0, 1): 136, (0, 2): 189}"", ""target_edge_count"": 8070, ""target_weight_quantile_marginal"": ""{3: 3111, 2: 2209, 1: 1677, 0: 1073}"", ""verified_exact_marginals"": true, ""weight_quantile_exact"": true}",frozen graph intervention; FIXED_NORM_MASK is not retrained valid-operator performance
Movies,43,text_uniform,text_high_similarity_low_novelty,FIXED_NORM_MASK,8199,-0.001799640071985631,-0.001587466747892452,0.030828118324279785,-0.10640013217926025,20,0.010765153169631957,0.001442174776314703,0.020062965154647828,0.001874625074984948,MATCHED,"{""allocated_cells"": 12, ""allocation"": {""((0, 1), 3)"": 14, ""((1, 1), 3)"": 288, ""((1, 2), 3)"": 134, ""((1, 3), 1)"": 109, ""((2, 2), 2)"": 90, ""((2, 2), 3)"": 434, ""((2, 3), 0)"": 916, ""((2, 3), 1)"": 32, ""((2, 3), 3)"": 236, ""((3, 3), 0)"": 2278, ""((3, 3), 1)"": 2083, ""((3, 3), 2)"": 1585}, ""degree_pair_exact"": true, ""matched_edge_count_per_control"": 8199, ""matching_method"": ""integral max-flow with exact endpoint-degree-quantile-pair and base normalized edge-weight quantile marginals"", ""shortages"": {}, ""status"": ""MATCHED"", ""target_degree_pair_marginal"": ""{(3, 3): 5946, (2, 3): 1184, (2, 2): 524, (1, 3): 109, (1, 2): 134, (1, 1): 288, (0, 1): 14}"", ""target_edge_count"": 8199, ""target_weight_quantile_marginal"": ""{1: 2224, 2: 1675, 0: 3194, 3: 1106}"", ""verified_exact_marginals"": true, ""weight_quantile_exact"": true}",frozen graph intervention; FIXED_NORM_MASK is not retrained valid-operator performance
Movies,43,text_uniform,text_high_similarity_low_novelty,RENORMALIZED_DELETE,8199,-0.002699460107978502,-0.000868773973591197,0.005688071250915527,-0.0028308629989624023,20,-0.0005396246910095215,0.0011337291382242714,0.0062276959419250485,-0.002474505098980245,MATCHED,"{""allocated_cells"": 12, ""allocation"": {""((0, 1), 3)"": 14, ""((1, 1), 3)"": 288, ""((1, 2), 3)"": 134, ""((1, 3), 1)"": 109, ""((2, 2), 2)"": 90, ""((2, 2), 3)"": 434, ""((2, 3), 0)"": 916, ""((2, 3), 1)"": 32, ""((2, 3), 3)"": 236, ""((3, 3), 0)"": 2278, ""((3, 3), 1)"": 2083, ""((3, 3), 2)"": 1585}, ""degree_pair_exact"": true, ""matched_edge_count_per_control"": 8199, ""matching_method"": ""integral max-flow with exact endpoint-degree-quantile-pair and base normalized edge-weight quantile marginals"", ""shortages"": {}, ""status"": ""MATCHED"", ""target_degree_pair_marginal"": ""{(3, 3): 5946, (2, 3): 1184, (2, 2): 524, (1, 3): 109, (1, 2): 134, (1, 1): 288, (0, 1): 14}"", ""target_edge_count"": 8199, ""target_weight_quantile_marginal"": ""{1: 2224, 2: 1675, 0: 3194, 3: 1106}"", ""verified_exact_marginals"": true, ""weight_quantile_exact"": true}",frozen graph intervention; FIXED_NORM_MASK is not retrained valid-operator performance
Movies,43,text_uniform,joint_low_similarity_high_novelty,FIXED_NORM_MASK,8238,0.005098980203959158,0.02285179973035978,0.017591118812561035,-0.06417250633239746,20,0.02920771837234497,0.0018148808331828468,-0.011616599559783936,-0.0009898020395921303,MATCHED,"{""allocated_cells"": 16, ""allocation"": {""((0, 1), 3)"": 121, ""((0, 2), 3)"": 199, ""((0, 3), 2)"": 66, ""((0, 3), 3)"": 284, ""((1, 1), 3)"": 151, ""((1, 2), 3)"": 593, ""((1, 3), 2)"": 760, ""((1, 3), 3)"": 255, ""((2, 2), 2)"": 124, ""((2, 2), 3)"": 550, ""((2, 3), 1)"": 1414, ""((2, 3), 2)"": 519, ""((2, 3), 3)"": 1011, ""((3, 3), 0)"": 1075, ""((3, 3), 1)"": 256, ""((3, 3), 2)"": 860}, ""degree_pair_exact"": true, ""matched_edge_count_per_control"": 8238, ""matching_method"": ""integral max-flow with exact endpoint-degree-quantile-pair and base normalized edge-weight quantile marginals"", ""shortages"": {}, ""status"": ""MATCHED"", ""target_degree_pair_marginal"": ""{(1, 2): 593, (1, 3): 1015, (0, 2): 199, (1, 1): 151, (2, 2): 674, (2, 3): 2944, (3, 3): 2191, (0, 3): 350, (0, 1): 121}"", ""target_edge_count"": 8238, ""target_weight_quantile_marginal"": ""{3: 3164, 1: 1670, 2: 2329, 0: 1075}"", ""verified_exact_marginals"": true, ""weight_quantile_exact"": true}",frozen graph intervention; FIXED_NORM_MASK is not retrained valid-operator performance
Movies,43,text_uniform,joint_low_similarity_high_novelty,RENORMALIZED_DELETE,8238,0.0,0.018853826116603023,0.006227016448974609,0.07112705707550049,20,0.004191082715988159,0.0020284611478731777,0.0020359337329864504,-0.0033593281343731797,MATCHED,"{""allocated_cells"": 16, ""allocation"": {""((0, 1), 3)"": 121, ""((0, 2), 3)"": 199, ""((0, 3), 2)"": 66, ""((0, 3), 3)"": 284, ""((1, 1), 3)"": 151, ""((1, 2), 3)"": 593, ""((1, 3), 2)"": 760, ""((1, 3), 3)"": 255, ""((2, 2), 2)"": 124, ""((2, 2), 3)"": 550, ""((2, 3), 1)"": 1414, ""((2, 3), 2)"": 519, ""((2, 3), 3)"": 1011, ""((3, 3), 0)"": 1075, ""((3, 3), 1)"": 256, ""((3, 3), 2)"": 860}, ""degree_pair_exact"": true, ""matched_edge_count_per_control"": 8238, ""matching_method"": ""integral max-flow with exact endpoint-degree-quantile-pair and base normalized edge-weight quantile marginals"", ""shortages"": {}, ""status"": ""MATCHED"", ""target_degree_pair_marginal"": ""{(1, 2): 593, (1, 3): 1015, (0, 2): 199, (1, 1): 151, (2, 2): 674, (2, 3): 2944, (3, 3): 2191, (0, 3): 350, (0, 1): 121}"", ""target_edge_count"": 8238, ""target_weight_quantile_marginal"": ""{3: 3164, 1: 1670, 2: 2329, 0: 1075}"", ""verified_exact_marginals"": true, ""weight_quantile_exact"": true}",frozen graph intervention; FIXED_NORM_MASK is not retrained valid-operator performance
Movies,43,text_uniform,joint_high_similarity_low_novelty,FIXED_NORM_MASK,8704,-0.001799640071985631,-0.002608307966499135,0.03213953971862793,-0.11024272441864014,20,0.010082656145095825,0.001070723854904447,0.022056883573532103,0.001694661067786396,MATCHED,"{""allocated_cells"": 12, ""allocation"": {""((0, 1), 3)"": 10, ""((1, 1), 3)"": 270, ""((1, 2), 3)"": 102, ""((1, 3), 1)"": 104, ""((2, 2), 2)"": 86, ""((2, 2), 3)"": 438, ""((2, 3), 0)"": 937, ""((2, 3), 1)"": 38, ""((2, 3), 3)"": 202, ""((3, 3), 0)"": 2724, ""((3, 3), 1)"": 2231, ""((3, 3), 2)"": 1562}, ""degree_pair_exact"": true, ""matched_edge_count_per_control"": 8704, ""matching_method"": ""integral max-flow with exact endpoint-degree-quantile-pair and base normalized edge-weight quantile marginals"", ""shortages"": {}, ""status"": ""MATCHED"", ""target_degree_pair_marginal"": ""{(3, 3): 6517, (2, 3): 1177, (1, 3): 104, (2, 2): 524, (1, 2): 102, (1, 1): 270, (0, 1): 10}"", ""target_edge_count"": 8704, ""target_weight_quantile_marginal"": ""{1: 2373, 2: 1648, 0: 3661, 3: 1022}"", ""verified_exact_marginals"": true, ""weight_quantile_exact"": true}",frozen graph intervention; FIXED_NORM_MASK is not retrained valid-operator performance
Movies,43,text_uniform,joint_high_similarity_low_novelty,RENORMALIZED_DELETE,8704,-0.005998800239952029,-0.006324668609902329,0.004713177680969238,0.002647995948791504,20,-0.0010389089584350586,0.0015318151306950758,0.005752086639404297,-0.0017696460707858964,MATCHED,"{""allocated_cells"": 12, ""allocation"": {""((0, 1), 3)"": 10, ""((1, 1), 3)"": 270, ""((1, 2), 3)"": 102, ""((1, 3), 1)"": 104, ""((2, 2), 2)"": 86, ""((2, 2), 3)"": 438, ""((2, 3), 0)"": 937, ""((2, 3), 1)"": 38, ""((2, 3), 3)"": 202, ""((3, 3), 0)"": 2724, ""((3, 3), 1)"": 2231, ""((3, 3), 2)"": 1562}, ""degree_pair_exact"": true, ""matched_edge_count_per_control"": 8704, ""matching_method"": ""integral max-flow with exact endpoint-degree-quantile-pair and base normalized edge-weight quantile marginals"", ""shortages"": {}, ""status"": ""MATCHED"", ""target_degree_pair_marginal"": ""{(3, 3): 6517, (2, 3): 1177, (1, 3): 104, (2, 2): 524, (1, 2): 102, (1, 1): 270, (0, 1): 10}"", ""target_edge_count"": 8704, ""target_weight_quantile_marginal"": ""{1: 2373, 2: 1648, 0: 3661, 3: 1022}"", ""verified_exact_marginals"": true, ""weight_quantile_exact"": true}",frozen graph intervention; FIXED_NORM_MASK is not retrained valid-operator performance
Movies,43,visual_uniform,visual_low_similarity_high_novelty,FIXED_NORM_MASK,8381,0.006898620275944789,0.008230072383929032,0.026196002960205078,-0.04302632808685303,20,0.0312595784664154,0.0019012802839595902,-0.005063575506210324,0.005533893221355668,MATCHED,"{""allocated_cells"": 17, ""allocation"": {""((0, 1), 3)"": 122, ""((0, 2), 3)"": 175, ""((0, 3), 2)"": 76, ""((0, 3), 3)"": 251, ""((1, 1), 3)"": 159, ""((1, 2), 3)"": 580, ""((1, 3), 1)"": 98, ""((1, 3), 2)"": 705, ""((1, 3), 3)"": 160, ""((2, 2), 2)"": 124, ""((2, 2), 3)"": 538, ""((2, 3), 1)"": 1516, ""((2, 3), 2)"": 371, ""((2, 3), 3)"": 1047, ""((3, 3), 0)"": 1190, ""((3, 3), 1)"": 160, ""((3, 3), 2)"": 1109}, ""degree_pair_exact"": true, ""matched_edge_count_per_control"": 8381, ""matching_method"": ""integral max-flow with exact endpoint-degree-quantile-pair and base normalized edge-weight quantile marginals"", ""shortages"": {}, ""status"": ""MATCHED"", ""target_degree_pair_marginal"": ""{(2, 2): 662, (2, 3): 2934, (1, 3): 963, (1, 2): 580, (1, 1): 159, (3, 3): 2459, (0, 3): 327, (0, 1): 122, (0, 2): 175}"", ""target_edge_count"": 8381, ""target_weight_quantile_marginal"": ""{3: 3032, 2: 2385, 0: 1190, 1: 1774}"", ""verified_exact_marginals"": true, ""weight_quantile_exact"": true}",frozen graph intervention; FIXED_NORM_MASK is not retrained valid-operator performance
Movies,43,visual_uniform,visual_low_similarity_high_novelty,RENORMALIZED_DELETE,8381,0.0029994001199759035,0.01048806261371582,0.011576414108276367,0.12170588970184326,20,0.004264658689498902,0.0024076239318489906,0.0073117554187774655,-0.0007348530293941502,MATCHED,"{""allocated_cells"": 17, ""allocation"": {""((0, 1), 3)"": 122, ""((0, 2), 3)"": 175, ""((0, 3), 2)"": 76, ""((0, 3), 3)"": 251, ""((1, 1), 3)"": 159, ""((1, 2), 3)"": 580, ""((1, 3), 1)"": 98, ""((1, 3), 2)"": 705, ""((1, 3), 3)"": 160, ""((2, 2), 2)"": 124, ""((2, 2), 3)"": 538, ""((2, 3), 1)"": 1516, ""((2, 3), 2)"": 371, ""((2, 3), 3)"": 1047, ""((3, 3), 0)"": 1190, ""((3, 3), 1)"": 160, ""((3, 3), 2)"": 1109}, ""degree_pair_exact"": true, ""matched_edge_count_per_control"": 8381, ""matching_method"": ""integral max-flow with exact endpoint-degree-quantile-pair and base normalized edge-weight quantile marginals"", ""shortages"": {}, ""status"": ""MATCHED"", ""target_degree_pair_marginal"": ""{(2, 2): 662, (2, 3): 2934, (1, 3): 963, (1, 2): 580, (1, 1): 159, (3, 3): 2459, (0, 3): 327, (0, 1): 122, (0, 2): 175}"", ""target_edge_count"": 8381, ""target_weight_quantile_marginal"": ""{3: 3032, 2: 2385, 0: 1190, 1: 1774}"", ""verified_exact_marginals"": true, ""weight_quantile_exact"": true}",frozen graph intervention; FIXED_NORM_MASK is not retrained valid-operator performance
Movies,43,visual_uniform,visual_high_similarity_low_novelty,FIXED_NORM_MASK,10001,0.002699460107978391,0.004968438531945396,0.037896037101745605,-0.1389375925064087,20,0.014574229717254639,0.0014945301789802041,0.023321807384490967,0.006028794241151714,MATCHED,"{""allocated_cells"": 13, ""allocation"": {""((0, 1), 3)"": 6, ""((0, 2), 3)"": 1, ""((1, 1), 3)"": 336, ""((1, 2), 3)"": 148, ""((1, 3), 1)"": 87, ""((2, 2), 2)"": 94, ""((2, 2), 3)"": 512, ""((2, 3), 0)"": 906, ""((2, 3), 1)"": 154, ""((2, 3), 3)"": 244, ""((3, 3), 0)"": 3301, ""((3, 3), 1)"": 2425, ""((3, 3), 2)"": 1787}, ""degree_pair_exact"": true, ""matched_edge_count_per_control"": 10001, ""matching_method"": ""integral max-flow with exact endpoint-degree-quantile-pair and base normalized edge-weight quantile marginals"", ""shortages"": {}, ""status"": ""MATCHED"", ""target_degree_pair_marginal"": ""{(3, 3): 7513, (2, 3): 1304, (1, 3): 87, (2, 2): 606, (1, 2): 148, (1, 1): 336, (0, 1): 6, (0, 2): 1}"", ""target_edge_count"": 10001, ""target_weight_quantile_marginal"": ""{1: 2666, 2: 1881, 0: 4207, 3: 1247}"", ""verified_exact_marginals"": true, ""weight_quantile_exact"": true}",frozen graph intervention; FIXED_NORM_MASK is not retrained valid-operator performance
Movies,43,visual_uniform,visual_high_similarity_low_novelty,RENORMALIZED_DELETE,10001,0.0,-9.828406931511324e-05,0.004867911338806152,-0.005305767059326172,20,-0.0014452099800109862,0.0014924281437726976,0.006313121318817139,0.00032993401319731384,MATCHED,"{""allocated_cells"": 13, ""allocation"": {""((0, 1), 3)"": 6, ""((0, 2), 3)"": 1, ""((1, 1), 3)"": 336, ""((1, 2), 3)"": 148, ""((1, 3), 1)"": 87, ""((2, 2), 2)"": 94, ""((2, 2), 3)"": 512, ""((2, 3), 0)"": 906, ""((2, 3), 1)"": 154, ""((2, 3), 3)"": 244, ""((3, 3), 0)"": 3301, ""((3, 3), 1)"": 2425, ""((3, 3), 2)"": 1787}, ""degree_pair_exact"": true, ""matched_edge_count_per_control"": 10001, ""matching_method"": ""integral max-flow with exact endpoint-degree-quantile-pair and base normalized edge-weight quantile marginals"", ""shortages"": {}, ""status"": ""MATCHED"", ""target_degree_pair_marginal"": ""{(3, 3): 7513, (2, 3): 1304, (1, 3): 87, (2, 2): 606, (1, 2): 148, (1, 1): 336, (0, 1): 6, (0, 2): 1}"", ""target_edge_count"": 10001, ""target_weight_quantile_marginal"": ""{1: 2666, 2: 1881, 0: 4207, 3: 1247}"", ""verified_exact_marginals"": true, ""weight_quantile_exact"": true}",frozen graph intervention; FIXED_NORM_MASK is not retrained valid-operator performance
Movies,43,visual_uniform,joint_low_similarity_high_novelty,FIXED_NORM_MASK,8238,0.01049790041991594,0.022747718243742776,0.02199840545654297,-0.0506441593170166,20,0.03161822557449341,0.002094759145322615,-0.009619820117950442,0.0060437912417516,MATCHED,"{""allocated_cells"": 16, ""allocation"": {""((0, 1), 3)"": 121, ""((0, 2), 3)"": 199, ""((0, 3), 2)"": 66, ""((0, 3), 3)"": 284, ""((1, 1), 3)"": 151, ""((1, 2), 3)"": 593, ""((1, 3), 2)"": 760, ""((1, 3), 3)"": 255, ""((2, 2), 2)"": 124, ""((2, 2), 3)"": 550, ""((2, 3), 1)"": 1414, ""((2, 3), 2)"": 519, ""((2, 3), 3)"": 1011, ""((3, 3), 0)"": 1075, ""((3, 3), 1)"": 256, ""((3, 3), 2)"": 860}, ""degree_pair_exact"": true, ""matched_edge_count_per_control"": 8238, ""matching_method"": ""integral max-flow with exact endpoint-degree-quantile-pair and base normalized edge-weight quantile marginals"", ""shortages"": {}, ""status"": ""MATCHED"", ""target_degree_pair_marginal"": ""{(1, 2): 593, (1, 3): 1015, (0, 2): 199, (1, 1): 151, (2, 2): 674, (2, 3): 2944, (3, 3): 2191, (0, 3): 350, (0, 1): 121}"", ""target_edge_count"": 8238, ""target_weight_quantile_marginal"": ""{3: 3164, 1: 1670, 2: 2329, 0: 1075}"", ""verified_exact_marginals"": true, ""weight_quantile_exact"": true}",frozen graph intervention; FIXED_NORM_MASK is not retrained valid-operator performance
Movies,43,visual_uniform,joint_low_similarity_high_novelty,RENORMALIZED_DELETE,8238,0.005098980203959158,0.011044226504029808,0.0046416521072387695,0.10624003410339355,20,0.004083395004272461,0.002480647826960125,0.0005582571029663086,0.0011247750449909556,MATCHED,"{""allocated_cells"": 16, ""allocation"": {""((0, 1), 3)"": 121, ""((0, 2), 3)"": 199, ""((0, 3), 2)"": 66, ""((0, 3), 3)"": 284, ""((1, 1), 3)"": 151, ""((1, 2), 3)"": 593, ""((1, 3), 2)"": 760, ""((1, 3), 3)"": 255, ""((2, 2), 2)"": 124, ""((2, 2), 3)"": 550, ""((2, 3), 1)"": 1414, ""((2, 3), 2)"": 519, ""((2, 3), 3)"": 1011, ""((3, 3), 0)"": 1075, ""((3, 3), 1)"": 256, ""((3, 3), 2)"": 860}, ""degree_pair_exact"": true, ""matched_edge_count_per_control"": 8238, ""matching_method"": ""integral max-flow with exact endpoint-degree-quantile-pair and base normalized edge-weight quantile marginals"", ""shortages"": {}, ""status"": ""MATCHED"", ""target_degree_pair_marginal"": ""{(1, 2): 593, (1, 3): 1015, (0, 2): 199, (1, 1): 151, (2, 2): 674, (2, 3): 2944, (3, 3): 2191, (0, 3): 350, (0, 1): 121}"", ""target_edge_count"": 8238, ""target_weight_quantile_marginal"": ""{3: 3164, 1: 1670, 2: 2329, 0: 1075}"", ""verified_exact_marginals"": true, ""weight_quantile_exact"": true}",frozen graph intervention; FIXED_NORM_MASK is not retrained valid-operator performance
Movies,43,visual_uniform,joint_high_similarity_low_novelty,FIXED_NORM_MASK,8704,0.0020995800839831436,0.00286668692502412,0.03342461585998535,-0.13393795490264893,20,0.010857999324798584,0.001204652104529249,0.022566616535186768,0.005788842231553642,MATCHED,"{""allocated_cells"": 12, ""allocation"": {""((0, 1), 3)"": 10, ""((1, 1), 3)"": 270, ""((1, 2), 3)"": 102, ""((1, 3), 1)"": 104, ""((2, 2), 2)"": 86, ""((2, 2), 3)"": 438, ""((2, 3), 0)"": 937, ""((2, 3), 1)"": 38, ""((2, 3), 3)"": 202, ""((3, 3), 0)"": 2724, ""((3, 3), 1)"": 2231, ""((3, 3), 2)"": 1562}, ""degree_pair_exact"": true, ""matched_edge_count_per_control"": 8704, ""matching_method"": ""integral max-flow with exact endpoint-degree-quantile-pair and base normalized edge-weight quantile marginals"", ""shortages"": {}, ""status"": ""MATCHED"", ""target_degree_pair_marginal"": ""{(3, 3): 6517, (2, 3): 1177, (1, 3): 104, (2, 2): 524, (1, 2): 102, (1, 1): 270, (0, 1): 10}"", ""target_edge_count"": 8704, ""target_weight_quantile_marginal"": ""{1: 2373, 2: 1648, 0: 3661, 3: 1022}"", ""verified_exact_marginals"": true, ""weight_quantile_exact"": true}",frozen graph intervention; FIXED_NORM_MASK is not retrained valid-operator performance
Movies,43,visual_uniform,joint_high_similarity_low_novelty,RENORMALIZED_DELETE,8704,-0.00029994001199762366,5.534479275515203e-05,0.004476308822631836,-0.004021644592285156,20,-0.001724874973297119,0.0012469699209161265,0.006201183795928955,-2.9994001199790123e-05,MATCHED,"{""allocated_cells"": 12, ""allocation"": {""((0, 1), 3)"": 10, ""((1, 1), 3)"": 270, ""((1, 2), 3)"": 102, ""((1, 3), 1)"": 104, ""((2, 2), 2)"": 86, ""((2, 2), 3)"": 438, ""((2, 3), 0)"": 937, ""((2, 3), 1)"": 38, ""((2, 3), 3)"": 202, ""((3, 3), 0)"": 2724, ""((3, 3), 1)"": 2231, ""((3, 3), 2)"": 1562}, ""degree_pair_exact"": true, ""matched_edge_count_per_control"": 8704, ""matching_method"": ""integral max-flow with exact endpoint-degree-quantile-pair and base normalized edge-weight quantile marginals"", ""shortages"": {}, ""status"": ""MATCHED"", ""target_degree_pair_marginal"": ""{(3, 3): 6517, (2, 3): 1177, (1, 3): 104, (2, 2): 524, (1, 2): 102, (1, 1): 270, (0, 1): 10}"", ""target_edge_count"": 8704, ""target_weight_quantile_marginal"": ""{1: 2373, 2: 1648, 0: 3661, 3: 1022}"", ""verified_exact_marginals"": true, ""weight_quantile_exact"": true}",frozen graph intervention; FIXED_NORM_MASK is not retrained valid-operator performance
Movies,44,uniform,high_similarity_low_novelty,FIXED_NORM_MASK,8860,0.0,-0.0003619605681651761,0.004983305931091309,-0.16118717193603516,20,-0.005730095505714417,0.0016396172957912837,0.010713401436805724,0.0007498500299940536,MATCHED,"{""allocated_cells"": 12, ""allocation"": {""((0, 1), 3)"": 9, ""((1, 1), 3)"": 251, ""((1, 2), 3)"": 113, ""((1, 3), 1)"": 90, ""((2, 2), 2)"": 86, ""((2, 2), 3)"": 447, ""((2, 3), 0)"": 936, ""((2, 3), 1)"": 123, ""((2, 3), 3)"": 194, ""((3, 3), 0)"": 2850, ""((3, 3), 1)"": 2102, ""((3, 3), 2)"": 1659}, ""degree_pair_exact"": true, ""matched_edge_count_per_control"": 8860, ""matching_method"": ""integral max-flow with exact endpoint-degree-quantile-pair and base normalized edge-weight quantile marginals"", ""shortages"": {}, ""status"": ""MATCHED"", ""target_degree_pair_marginal"": ""{(3, 3): 6611, (2, 3): 1253, (1, 3): 90, (2, 2): 533, (1, 2): 113, (1, 1): 251, (0, 1): 9}"", ""target_edge_count"": 8860, ""target_weight_quantile_marginal"": ""{1: 2315, 2: 1745, 0: 3786, 3: 1014}"", ""verified_exact_marginals"": true, ""weight_quantile_exact"": true}",frozen graph intervention; FIXED_NORM_MASK is not retrained valid-operator performance
Movies,44,uniform,high_similarity_low_novelty,RENORMALIZED_DELETE,8860,0.00029994001199762366,0.0011721520676886144,0.003938257694244385,-0.0010745525360107422,20,0.0028188049793243406,0.0015710104476957044,0.0011194527149200441,-0.0022945410917816047,MATCHED,"{""allocated_cells"": 12, ""allocation"": {""((0, 1), 3)"": 9, ""((1, 1), 3)"": 251, ""((1, 2), 3)"": 113, ""((1, 3), 1)"": 90, ""((2, 2), 2)"": 86, ""((2, 2), 3)"": 447, ""((2, 3), 0)"": 936, ""((2, 3), 1)"": 123, ""((2, 3), 3)"": 194, ""((3, 3), 0)"": 2850, ""((3, 3), 1)"": 2102, ""((3, 3), 2)"": 1659}, ""degree_pair_exact"": true, ""matched_edge_count_per_control"": 8860, ""matching_method"": ""integral max-flow with exact endpoint-degree-quantile-pair and base normalized edge-weight quantile marginals"", ""shortages"": {}, ""status"": ""MATCHED"", ""target_degree_pair_marginal"": ""{(3, 3): 6611, (2, 3): 1253, (1, 3): 90, (2, 2): 533, (1, 2): 113, (1, 1): 251, (0, 1): 9}"", ""target_edge_count"": 8860, ""target_weight_quantile_marginal"": ""{1: 2315, 2: 1745, 0: 3786, 3: 1014}"", ""verified_exact_marginals"": true, ""weight_quantile_exact"": true}",frozen graph intervention; FIXED_NORM_MASK is not retrained valid-operator performance
Movies,44,uniform,high_similarity_high_novelty,FIXED_NORM_MASK,2816,-0.005398920215956782,-0.009349856310383653,0.008158683776855469,-0.10876750946044922,20,0.000949898362159729,0.0016102042124730544,0.00720878541469574,-0.0013047390521895186,MATCHED,"{""allocated_cells"": 14, ""allocation"": {""((0, 1), 3)"": 192, ""((0, 2), 3)"": 167, ""((0, 3), 2)"": 94, ""((0, 3), 3)"": 67, ""((1, 1), 3)"": 211, ""((1, 2), 3)"": 399, ""((1, 3), 3)"": 286, ""((2, 2), 2)"": 130, ""((2, 2), 3)"": 121, ""((2, 3), 1)"": 8, ""((2, 3), 2)"": 324, ""((2, 3), 3)"": 284, ""((3, 3), 0)"": 190, ""((3, 3), 1)"": 343}, ""degree_pair_exact"": true, ""matched_edge_count_per_control"": 2816, ""matching_method"": ""integral max-flow with exact endpoint-degree-quantile-pair and base normalized edge-weight quantile marginals"", ""shortages"": {}, ""status"": ""MATCHED"", ""target_degree_pair_marginal"": ""{(0, 1): 192, (1, 2): 399, (2, 3): 616, (2, 2): 251, (0, 3): 161, (1, 3): 286, (0, 2): 167, (3, 3): 533, (1, 1): 211}"", ""target_edge_count"": 2816, ""target_weight_quantile_marginal"": ""{3: 1727, 2: 548, 1: 351, 0: 190}"", ""verified_exact_marginals"": true, ""weight_quantile_exact"": true}",frozen graph intervention; FIXED_NORM_MASK is not retrained valid-operator performance
Movies,44,uniform,high_similarity_high_novelty,RENORMALIZED_DELETE,2816,-0.005998800239951918,-0.00840329539626905,0.01907658576965332,0.01766204833984375,20,0.006840986013412475,0.0023292266783861595,0.012235599756240844,-0.001694661067786396,MATCHED,"{""allocated_cells"": 14, ""allocation"": {""((0, 1), 3)"": 192, ""((0, 2), 3)"": 167, ""((0, 3), 2)"": 94, ""((0, 3), 3)"": 67, ""((1, 1), 3)"": 211, ""((1, 2), 3)"": 399, ""((1, 3), 3)"": 286, ""((2, 2), 2)"": 130, ""((2, 2), 3)"": 121, ""((2, 3), 1)"": 8, ""((2, 3), 2)"": 324, ""((2, 3), 3)"": 284, ""((3, 3), 0)"": 190, ""((3, 3), 1)"": 343}, ""degree_pair_exact"": true, ""matched_edge_count_per_control"": 2816, ""matching_method"": ""integral max-flow with exact endpoint-degree-quantile-pair and base normalized edge-weight quantile marginals"", ""shortages"": {}, ""status"": ""MATCHED"", ""target_degree_pair_marginal"": ""{(0, 1): 192, (1, 2): 399, (2, 3): 616, (2, 2): 251, (0, 3): 161, (1, 3): 286, (0, 2): 167, (3, 3): 533, (1, 1): 211}"", ""target_edge_count"": 2816, ""target_weight_quantile_marginal"": ""{3: 1727, 2: 548, 1: 351, 0: 190}"", ""verified_exact_marginals"": true, ""weight_quantile_exact"": true}",frozen graph intervention; FIXED_NORM_MASK is not retrained valid-operator performance
Movies,44,uniform,low_similarity_high_novelty,FIXED_NORM_MASK,7898,-0.0038992201559687745,0.0002566321675033789,0.014743149280548096,-0.08664917945861816,20,0.0027232438325881956,0.001934252878318843,0.0120199054479599,8.998200359932595e-05,MATCHED,"{""allocated_cells"": 17, ""allocation"": {""((0, 1), 3)"": 114, ""((0, 2), 3)"": 194, ""((0, 3), 2)"": 71, ""((0, 3), 3)"": 250, ""((1, 1), 3)"": 141, ""((1, 2), 3)"": 579, ""((1, 3), 1)"": 45, ""((1, 3), 2)"": 730, ""((1, 3), 3)"": 208, ""((2, 2), 2)"": 125, ""((2, 2), 3)"": 509, ""((2, 3), 1)"": 1360, ""((2, 3), 2)"": 457, ""((2, 3), 3)"": 1023, ""((3, 3), 0)"": 1038, ""((3, 3), 1)"": 208, ""((3, 3), 2)"": 846}, ""degree_pair_exact"": true, ""matched_edge_count_per_control"": 7898, ""matching_method"": ""integral max-flow with exact endpoint-degree-quantile-pair and base normalized edge-weight quantile marginals"", ""shortages"": {}, ""status"": ""MATCHED"", ""target_degree_pair_marginal"": ""{(1, 2): 579, (1, 3): 983, (0, 2): 194, (1, 1): 141, (2, 2): 634, (2, 3): 2840, (3, 3): 2092, (0, 3): 321, (0, 1): 114}"", ""target_edge_count"": 7898, ""target_weight_quantile_marginal"": ""{3: 3018, 1: 1613, 2: 2229, 0: 1038}"", ""verified_exact_marginals"": true, ""weight_quantile_exact"": true}",frozen graph intervention; FIXED_NORM_MASK is not retrained valid-operator performance
Movies,44,uniform,low_similarity_high_novelty,RENORMALIZED_DELETE,7898,-0.007798440311937549,-0.007892889742249998,0.03877967596054077,0.14623022079467773,20,0.010778769850730896,0.003014291238700347,0.028000906109809875,-0.0017246550689861474,MATCHED,"{""allocated_cells"": 17, ""allocation"": {""((0, 1), 3)"": 114, ""((0, 2), 3)"": 194, ""((0, 3), 2)"": 71, ""((0, 3), 3)"": 250, ""((1, 1), 3)"": 141, ""((1, 2), 3)"": 579, ""((1, 3), 1)"": 45, ""((1, 3), 2)"": 730, ""((1, 3), 3)"": 208, ""((2, 2), 2)"": 125, ""((2, 2), 3)"": 509, ""((2, 3), 1)"": 1360, ""((2, 3), 2)"": 457, ""((2, 3), 3)"": 1023, ""((3, 3), 0)"": 1038, ""((3, 3), 1)"": 208, ""((3, 3), 2)"": 846}, ""degree_pair_exact"": true, ""matched_edge_count_per_control"": 7898, ""matching_method"": ""integral max-flow with exact endpoint-degree-quantile-pair and base normalized edge-weight quantile marginals"", ""shortages"": {}, ""status"": ""MATCHED"", ""target_degree_pair_marginal"": ""{(1, 2): 579, (1, 3): 983, (0, 2): 194, (1, 1): 141, (2, 2): 634, (2, 3): 2840, (3, 3): 2092, (0, 3): 321, (0, 1): 114}"", ""target_edge_count"": 7898, ""target_weight_quantile_marginal"": ""{3: 3018, 1: 1613, 2: 2229, 0: 1038}"", ""verified_exact_marginals"": true, ""weight_quantile_exact"": true}",frozen graph intervention; FIXED_NORM_MASK is not retrained valid-operator performance
Movies,44,uniform,low_similarity_low_novelty,FIXED_NORM_MASK,1820,0.00029994001199762366,0.0015780283749290414,-0.0023435354232788086,-0.01678919792175293,20,-0.001922553777694702,0.0007189484323020943,-0.00042098164558410653,0.0002999400119976459,MATCHED,"{""allocated_cells"": 10, ""allocation"": {""((0, 1), 3)"": 2, ""((1, 1), 3)"": 40, ""((1, 2), 3)"": 14, ""((1, 3), 1)"": 37, ""((2, 2), 2)"": 69, ""((2, 3), 0)"": 290, ""((2, 3), 3)"": 122, ""((3, 3), 0)"": 386, ""((3, 3), 1)"": 509, ""((3, 3), 2)"": 351}, ""degree_pair_exact"": true, ""matched_edge_count_per_control"": 1820, ""matching_method"": ""integral max-flow with exact endpoint-degree-quantile-pair and base normalized edge-weight quantile marginals"", ""shortages"": {}, ""status"": ""MATCHED"", ""target_degree_pair_marginal"": ""{(3, 3): 1246, (2, 3): 412, (1, 1): 40, (1, 3): 37, (2, 2): 69, (1, 2): 14, (0, 1): 2}"", ""target_edge_count"": 1820, ""target_weight_quantile_marginal"": ""{2: 420, 3: 178, 1: 546, 0: 676}"", ""verified_exact_marginals"": true, ""weight_quantile_exact"": true}",frozen graph intervention; FIXED_NORM_MASK is not retrained valid-operator performance
Movies,44,uniform,low_similarity_low_novelty,RENORMALIZED_DELETE,1820,0.00029994001199762366,0.0018666357434928837,-0.0004894733428955078,0.009916305541992188,20,0.000278356671333313,0.0006687186495443843,-0.0007678300142288208,-0.000989802039592036,MATCHED,"{""allocated_cells"": 10, ""allocation"": {""((0, 1), 3)"": 2, ""((1, 1), 3)"": 40, ""((1, 2), 3)"": 14, ""((1, 3), 1)"": 37, ""((2, 2), 2)"": 69, ""((2, 3), 0)"": 290, ""((2, 3), 3)"": 122, ""((3, 3), 0)"": 386, ""((3, 3), 1)"": 509, ""((3, 3), 2)"": 351}, ""degree_pair_exact"": true, ""matched_edge_count_per_control"": 1820, ""matching_method"": ""integral max-flow with exact endpoint-degree-quantile-pair and base normalized edge-weight quantile marginals"", ""shortages"": {}, ""status"": ""MATCHED"", ""target_degree_pair_marginal"": ""{(3, 3): 1246, (2, 3): 412, (1, 1): 40, (1, 3): 37, (2, 2): 69, (1, 2): 14, (0, 1): 2}"", ""target_edge_count"": 1820, ""target_weight_quantile_marginal"": ""{2: 420, 3: 178, 1: 546, 0: 676}"", ""verified_exact_marginals"": true, ""weight_quantile_exact"": true}",frozen graph intervention; FIXED_NORM_MASK is not retrained valid-operator performance
Movies,44,gpr,gpr_high_similarity_low_novelty,FIXED_NORM_MASK,8892,0.0005998800239952473,0.0006110349347249189,0.010724067687988281,-0.13962221145629883,20,9.885728359222412e-05,0.0020458135265951105,0.010625210404396058,0.00025494901019797455,MATCHED,"{""allocated_cells"": 12, ""allocation"": {""((0, 1), 3)"": 8, ""((1, 1), 3)"": 259, ""((1, 2), 3)"": 123, ""((1, 3), 1)"": 93, ""((2, 2), 2)"": 87, ""((2, 2), 3)"": 443, ""((2, 3), 0)"": 922, ""((2, 3), 1)"": 129, ""((2, 3), 3)"": 193, ""((3, 3), 0)"": 2895, ""((3, 3), 1)"": 2122, ""((3, 3), 2)"": 1618}, ""degree_pair_exact"": true, ""matched_edge_count_per_control"": 8892, ""matching_method"": ""integral max-flow with exact endpoint-degree-quantile-pair and base normalized edge-weight quantile marginals"", ""shortages"": {}, ""status"": ""MATCHED"", ""target_degree_pair_marginal"": ""{(3, 3): 6635, (2, 3): 1244, (1, 3): 93, (2, 2): 530, (1, 2): 123, (1, 1): 259, (0, 1): 8}"", ""target_edge_count"": 8892, ""target_weight_quantile_marginal"": ""{1: 2344, 2: 1705, 0: 3817, 3: 1026}"", ""verified_exact_marginals"": true, ""weight_quantile_exact"": true}",frozen graph intervention; FIXED_NORM_MASK is not retrained valid-operator performance
Movies,44,gpr,gpr_high_similarity_low_novelty,RENORMALIZED_DELETE,8892,-0.0005998800239951363,-0.0013640723537012844,0.003927826881408691,-0.002100348472595215,20,0.0022403299808502197,0.001225901009830979,0.0016874969005584717,-0.0028044391121775482,MATCHED,"{""allocated_cells"": 12, ""allocation"": {""((0, 1), 3)"": 8, ""((1, 1), 3)"": 259, ""((1, 2), 3)"": 123, ""((1, 3), 1)"": 93, ""((2, 2), 2)"": 87, ""((2, 2), 3)"": 443, ""((2, 3), 0)"": 922, ""((2, 3), 1)"": 129, ""((2, 3), 3)"": 193, ""((3, 3), 0)"": 2895, ""((3, 3), 1)"": 2122, ""((3, 3), 2)"": 1618}, ""degree_pair_exact"": true, ""matched_edge_count_per_control"": 8892, ""matching_method"": ""integral max-flow with exact endpoint-degree-quantile-pair and base normalized edge-weight quantile marginals"", ""shortages"": {}, ""status"": ""MATCHED"", ""target_degree_pair_marginal"": ""{(3, 3): 6635, (2, 3): 1244, (1, 3): 93, (2, 2): 530, (1, 2): 123, (1, 1): 259, (0, 1): 8}"", ""target_edge_count"": 8892, ""target_weight_quantile_marginal"": ""{1: 2344, 2: 1705, 0: 3817, 3: 1026}"", ""verified_exact_marginals"": true, ""weight_quantile_exact"": true}",frozen graph intervention; FIXED_NORM_MASK is not retrained valid-operator performance
Movies,44,gpr,gpr_high_similarity_high_novelty,FIXED_NORM_MASK,2784,-0.003599280143971151,-0.0027905682968761836,0.012177228927612305,-0.08784639835357666,20,0.0039201915264129635,0.0024055951808130355,0.008257037401199341,-0.0010497900419915828,MATCHED,"{""allocated_cells"": 15, ""allocation"": {""((0, 1), 3)"": 193, ""((0, 2), 3)"": 166, ""((0, 3), 2)"": 94, ""((0, 3), 3)"": 63, ""((1, 1), 3)"": 193, ""((1, 2), 3)"": 371, ""((1, 3), 3)"": 274, ""((2, 2), 2)"": 130, ""((2, 2), 3)"": 115, ""((2, 3), 1)"": 6, ""((2, 3), 2)"": 345, ""((2, 3), 3)"": 279, ""((3, 3), 0)"": 207, ""((3, 3), 1)"": 346, ""((3, 3), 2)"": 2}, ""degree_pair_exact"": true, ""matched_edge_count_per_control"": 2784, ""matching_method"": ""integral max-flow with exact endpoint-degree-quantile-pair and base normalized edge-weight quantile marginals"", ""shortages"": {}, ""status"": ""MATCHED"", ""target_degree_pair_marginal"": ""{(0, 1): 193, (2, 3): 630, (1, 2): 371, (1, 3): 274, (2, 2): 245, (0, 3): 157, (0, 2): 166, (3, 3): 555, (1, 1): 193}"", ""target_edge_count"": 2784, ""target_weight_quantile_marginal"": ""{3: 1654, 2: 571, 1: 352, 0: 207}"", ""verified_exact_marginals"": true, ""weight_quantile_exact"": true}",frozen graph intervention; FIXED_NORM_MASK is not retrained valid-operator performance
Movies,44,gpr,gpr_high_similarity_high_novelty,RENORMALIZED_DELETE,2784,-0.005398920215956782,-0.006484615012886663,0.01510465145111084,0.013856291770935059,20,0.0066483855247497555,0.002796751813877855,0.008456265926361084,-0.0028194361127774348,MATCHED,"{""allocated_cells"": 15, ""allocation"": {""((0, 1), 3)"": 193, ""((0, 2), 3)"": 166, ""((0, 3), 2)"": 94, ""((0, 3), 3)"": 63, ""((1, 1), 3)"": 193, ""((1, 2), 3)"": 371, ""((1, 3), 3)"": 274, ""((2, 2), 2)"": 130, ""((2, 2), 3)"": 115, ""((2, 3), 1)"": 6, ""((2, 3), 2)"": 345, ""((2, 3), 3)"": 279, ""((3, 3), 0)"": 207, ""((3, 3), 1)"": 346, ""((3, 3), 2)"": 2}, ""degree_pair_exact"": true, ""matched_edge_count_per_control"": 2784, ""matching_method"": ""integral max-flow with exact endpoint-degree-quantile-pair and base normalized edge-weight quantile marginals"", ""shortages"": {}, ""status"": ""MATCHED"", ""target_degree_pair_marginal"": ""{(0, 1): 193, (2, 3): 630, (1, 2): 371, (1, 3): 274, (2, 2): 245, (0, 3): 157, (0, 2): 166, (3, 3): 555, (1, 1): 193}"", ""target_edge_count"": 2784, ""target_weight_quantile_marginal"": ""{3: 1654, 2: 571, 1: 352, 0: 207}"", ""verified_exact_marginals"": true, ""weight_quantile_exact"": true}",frozen graph intervention; FIXED_NORM_MASK is not retrained valid-operator performance
Movies,44,gpr,gpr_low_similarity_high_novelty,FIXED_NORM_MASK,7829,-0.005698860227954405,-0.007868819639178293,0.018046259880065918,-0.07278096675872803,20,0.008557265996932984,0.0028838722825959245,0.009488993883132934,-0.0012447510497900383,MATCHED,"{""allocated_cells"": 17, ""allocation"": {""((0, 1), 3)"": 113, ""((0, 2), 3)"": 192, ""((0, 3), 2)"": 69, ""((0, 3), 3)"": 247, ""((1, 1), 3)"": 140, ""((1, 2), 3)"": 573, ""((1, 3), 1)"": 67, ""((1, 3), 2)"": 720, ""((1, 3), 3)"": 186, ""((2, 2), 2)"": 127, ""((2, 2), 3)"": 498, ""((2, 3), 1)"": 1368, ""((2, 3), 2)"": 429, ""((2, 3), 3)"": 1016, ""((3, 3), 0)"": 1033, ""((3, 3), 1)"": 186, ""((3, 3), 2)"": 865}, ""degree_pair_exact"": true, ""matched_edge_count_per_control"": 7829, ""matching_method"": ""integral max-flow with exact endpoint-degree-quantile-pair and base normalized edge-weight quantile marginals"", ""shortages"": {}, ""status"": ""MATCHED"", ""target_degree_pair_marginal"": ""{(1, 2): 573, (1, 3): 973, (0, 2): 192, (1, 1): 140, (2, 2): 625, (2, 3): 2813, (3, 3): 2084, (0, 3): 316, (0, 1): 113}"", ""target_edge_count"": 7829, ""target_weight_quantile_marginal"": ""{3: 2965, 1: 1621, 2: 2210, 0: 1033}"", ""verified_exact_marginals"": true, ""weight_quantile_exact"": true}",frozen graph intervention; FIXED_NORM_MASK is not retrained valid-operator performance
Movies,44,gpr,gpr_low_similarity_high_novelty,RENORMALIZED_DELETE,7829,-0.007798440311937549,-0.007453041416736861,0.02517080307006836,0.10872280597686768,20,0.009028804302215577,0.0021954431875227695,0.016141998767852783,-0.0039142171565686775,MATCHED,"{""allocated_cells"": 17, ""allocation"": {""((0, 1), 3)"": 113, ""((0, 2), 3)"": 192, ""((0, 3), 2)"": 69, ""((0, 3), 3)"": 247, ""((1, 1), 3)"": 140, ""((1, 2), 3)"": 573, ""((1, 3), 1)"": 67, ""((1, 3), 2)"": 720, ""((1, 3), 3)"": 186, ""((2, 2), 2)"": 127, ""((2, 2), 3)"": 498, ""((2, 3), 1)"": 1368, ""((2, 3), 2)"": 429, ""((2, 3), 3)"": 1016, ""((3, 3), 0)"": 1033, ""((3, 3), 1)"": 186, ""((3, 3), 2)"": 865}, ""degree_pair_exact"": true, ""matched_edge_count_per_control"": 7829, ""matching_method"": ""integral max-flow with exact endpoint-degree-quantile-pair and base normalized edge-weight quantile marginals"", ""shortages"": {}, ""status"": ""MATCHED"", ""target_degree_pair_marginal"": ""{(1, 2): 573, (1, 3): 973, (0, 2): 192, (1, 1): 140, (2, 2): 625, (2, 3): 2813, (3, 3): 2084, (0, 3): 316, (0, 1): 113}"", ""target_edge_count"": 7829, ""target_weight_quantile_marginal"": ""{3: 2965, 1: 1621, 2: 2210, 0: 1033}"", ""verified_exact_marginals"": true, ""weight_quantile_exact"": true}",frozen graph intervention; FIXED_NORM_MASK is not retrained valid-operator performance
Movies,44,gpr,gpr_low_similarity_low_novelty,FIXED_NORM_MASK,1785,-0.00089982003599276,-0.0006454706691401135,-0.0009995102882385254,-0.016676664352416992,20,-0.0006466805934906006,0.0007690544976840532,-0.0003528296947479248,0.0009298140371925667,MATCHED,"{""allocated_cells"": 10, ""allocation"": {""((0, 1), 3)"": 2, ""((1, 1), 3)"": 40, ""((1, 2), 3)"": 15, ""((1, 3), 1)"": 37, ""((2, 2), 2)"": 72, ""((2, 3), 0)"": 290, ""((2, 3), 3)"": 130, ""((3, 3), 0)"": 373, ""((3, 3), 1)"": 478, ""((3, 3), 2)"": 348}, ""degree_pair_exact"": true, ""matched_edge_count_per_control"": 1785, ""matching_method"": ""integral max-flow with exact endpoint-degree-quantile-pair and base normalized edge-weight quantile marginals"", ""shortages"": {}, ""status"": ""MATCHED"", ""target_degree_pair_marginal"": ""{(3, 3): 1199, (2, 3): 420, (1, 1): 40, (1, 3): 37, (2, 2): 72, (1, 2): 15, (0, 1): 2}"", ""target_edge_count"": 1785, ""target_weight_quantile_marginal"": ""{2: 420, 3: 187, 1: 515, 0: 663}"", ""verified_exact_marginals"": true, ""weight_quantile_exact"": true}",frozen graph intervention; FIXED_NORM_MASK is not retrained valid-operator performance
Movies,44,gpr,gpr_low_similarity_low_novelty,RENORMALIZED_DELETE,1785,0.00029994001199762366,-0.000286799656767589,1.4722347259521484e-05,0.006678342819213867,20,0.00017893016338348388,0.0005429331912618054,-0.0001642078161239624,-0.00014997000599878963,MATCHED,"{""allocated_cells"": 10, ""allocation"": {""((0, 1), 3)"": 2, ""((1, 1), 3)"": 40, ""((1, 2), 3)"": 15, ""((1, 3), 1)"": 37, ""((2, 2), 2)"": 72, ""((2, 3), 0)"": 290, ""((2, 3), 3)"": 130, ""((3, 3), 0)"": 373, ""((3, 3), 1)"": 478, ""((3, 3), 2)"": 348}, ""degree_pair_exact"": true, ""matched_edge_count_per_control"": 1785, ""matching_method"": ""integral max-flow with exact endpoint-degree-quantile-pair and base normalized edge-weight quantile marginals"", ""shortages"": {}, ""status"": ""MATCHED"", ""target_degree_pair_marginal"": ""{(3, 3): 1199, (2, 3): 420, (1, 1): 40, (1, 3): 37, (2, 2): 72, (1, 2): 15, (0, 1): 2}"", ""target_edge_count"": 1785, ""target_weight_quantile_marginal"": ""{2: 420, 3: 187, 1: 515, 0: 663}"", ""verified_exact_marginals"": true, ""weight_quantile_exact"": true}",frozen graph intervention; FIXED_NORM_MASK is not retrained valid-operator performance
Movies,44,text_uniform,text_low_similarity_high_novelty,FIXED_NORM_MASK,7895,-0.002399520095980767,0.002945323498981356,0.028753161430358887,-0.05945301055908203,20,0.03438990116119385,0.0024081046806185558,-0.005636739730834964,-0.0026844631073784987,MATCHED,"{""allocated_cells"": 17, ""allocation"": {""((0, 1), 3)"": 132, ""((0, 2), 3)"": 190, ""((0, 3), 2)"": 76, ""((0, 3), 3)"": 220, ""((1, 1), 3)"": 170, ""((1, 2), 3)"": 577, ""((1, 3), 1)"": 37, ""((1, 3), 2)"": 753, ""((1, 3), 3)"": 216, ""((2, 2), 2)"": 125, ""((2, 2), 3)"": 506, ""((2, 3), 1)"": 1373, ""((2, 3), 2)"": 405, ""((2, 3), 3)"": 1028, ""((3, 3), 0)"": 1029, ""((3, 3), 1)"": 216, ""((3, 3), 2)"": 842}, ""degree_pair_exact"": true, ""matched_edge_count_per_control"": 7895, ""matching_method"": ""integral max-flow with exact endpoint-degree-quantile-pair and base normalized edge-weight quantile marginals"", ""shortages"": {}, ""status"": ""MATCHED"", ""target_degree_pair_marginal"": ""{(1, 2): 577, (1, 3): 1006, (1, 1): 170, (2, 3): 2806, (3, 3): 2087, (0, 3): 296, (2, 2): 631, (0, 1): 132, (0, 2): 190}"", ""target_edge_count"": 7895, ""target_weight_quantile_marginal"": ""{3: 3039, 2: 2201, 1: 1626, 0: 1029}"", ""verified_exact_marginals"": true, ""weight_quantile_exact"": true}",frozen graph intervention; FIXED_NORM_MASK is not retrained valid-operator performance
Movies,44,text_uniform,text_low_similarity_high_novelty,RENORMALIZED_DELETE,7895,-0.0011997600479903836,0.006802842840673118,0.006153702735900879,0.08618927001953125,20,0.006142729520797729,0.0030721097380208584,1.0973215103149761e-05,-0.0022345530893821018,MATCHED,"{""allocated_cells"": 17, ""allocation"": {""((0, 1), 3)"": 132, ""((0, 2), 3)"": 190, ""((0, 3), 2)"": 76, ""((0, 3), 3)"": 220, ""((1, 1), 3)"": 170, ""((1, 2), 3)"": 577, ""((1, 3), 1)"": 37, ""((1, 3), 2)"": 753, ""((1, 3), 3)"": 216, ""((2, 2), 2)"": 125, ""((2, 2), 3)"": 506, ""((2, 3), 1)"": 1373, ""((2, 3), 2)"": 405, ""((2, 3), 3)"": 1028, ""((3, 3), 0)"": 1029, ""((3, 3), 1)"": 216, ""((3, 3), 2)"": 842}, ""degree_pair_exact"": true, ""matched_edge_count_per_control"": 7895, ""matching_method"": ""integral max-flow with exact endpoint-degree-quantile-pair and base normalized edge-weight quantile marginals"", ""shortages"": {}, ""status"": ""MATCHED"", ""target_degree_pair_marginal"": ""{(1, 2): 577, (1, 3): 1006, (1, 1): 170, (2, 3): 2806, (3, 3): 2087, (0, 3): 296, (2, 2): 631, (0, 1): 132, (0, 2): 190}"", ""target_edge_count"": 7895, ""target_weight_quantile_marginal"": ""{3: 3039, 2: 2201, 1: 1626, 0: 1029}"", ""verified_exact_marginals"": true, ""weight_quantile_exact"": true}",frozen graph intervention; FIXED_NORM_MASK is not retrained valid-operator performance
Movies,44,text_uniform,text_high_similarity_low_novelty,FIXED_NORM_MASK,8366,-0.0014997000599880073,0.0009372106737556285,0.028753995895385742,-0.09972000122070312,20,0.014050090312957763,0.0013213849929855973,0.014703905582427979,-0.0007498500299939703,MATCHED,"{""allocated_cells"": 12, ""allocation"": {""((0, 1), 3)"": 13, ""((1, 1), 3)"": 276, ""((1, 2), 3)"": 119, ""((1, 3), 1)"": 107, ""((2, 2), 2)"": 89, ""((2, 2), 3)"": 412, ""((2, 3), 0)"": 902, ""((2, 3), 1)"": 85, ""((2, 3), 3)"": 237, ""((3, 3), 0)"": 2391, ""((3, 3), 1)"": 2108, ""((3, 3), 2)"": 1627}, ""degree_pair_exact"": true, ""matched_edge_count_per_control"": 8366, ""matching_method"": ""integral max-flow with exact endpoint-degree-quantile-pair and base normalized edge-weight quantile marginals"", ""shortages"": {}, ""status"": ""MATCHED"", ""target_degree_pair_marginal"": ""{(3, 3): 6126, (2, 3): 1224, (1, 3): 107, (2, 2): 501, (1, 2): 119, (1, 1): 276, (0, 1): 13}"", ""target_edge_count"": 8366, ""target_weight_quantile_marginal"": ""{1: 2300, 2: 1716, 3: 1057, 0: 3293}"", ""verified_exact_marginals"": true, ""weight_quantile_exact"": true}",frozen graph intervention; FIXED_NORM_MASK is not retrained valid-operator performance
Movies,44,text_uniform,text_high_similarity_low_novelty,RENORMALIZED_DELETE,8366,-0.003299340131973638,-0.003826952781191051,0.001355886459350586,0.004420638084411621,20,-0.00014423727989196778,0.0010950774253958157,0.0015001237392425538,-0.0007198560287942302,MATCHED,"{""allocated_cells"": 12, ""allocation"": {""((0, 1), 3)"": 13, ""((1, 1), 3)"": 276, ""((1, 2), 3)"": 119, ""((1, 3), 1)"": 107, ""((2, 2), 2)"": 89, ""((2, 2), 3)"": 412, ""((2, 3), 0)"": 902, ""((2, 3), 1)"": 85, ""((2, 3), 3)"": 237, ""((3, 3), 0)"": 2391, ""((3, 3), 1)"": 2108, ""((3, 3), 2)"": 1627}, ""degree_pair_exact"": true, ""matched_edge_count_per_control"": 8366, ""matching_method"": ""integral max-flow with exact endpoint-degree-quantile-pair and base normalized edge-weight quantile marginals"", ""shortages"": {}, ""status"": ""MATCHED"", ""target_degree_pair_marginal"": ""{(3, 3): 6126, (2, 3): 1224, (1, 3): 107, (2, 2): 501, (1, 2): 119, (1, 1): 276, (0, 1): 13}"", ""target_edge_count"": 8366, ""target_weight_quantile_marginal"": ""{1: 2300, 2: 1716, 3: 1057, 0: 3293}"", ""verified_exact_marginals"": true, ""weight_quantile_exact"": true}",frozen graph intervention; FIXED_NORM_MASK is not retrained valid-operator performance
Movies,44,text_uniform,joint_low_similarity_high_novelty,FIXED_NORM_MASK,7898,-0.0029994001199760145,0.0019372040504139765,0.028585195541381836,-0.05864846706390381,20,0.03397837281227112,0.001518788416851676,-0.005393177270889282,-0.0032843431313737013,MATCHED,"{""allocated_cells"": 17, ""allocation"": {""((0, 1), 3)"": 114, ""((0, 2), 3)"": 194, ""((0, 3), 2)"": 71, ""((0, 3), 3)"": 250, ""((1, 1), 3)"": 141, ""((1, 2), 3)"": 579, ""((1, 3), 1)"": 45, ""((1, 3), 2)"": 730, ""((1, 3), 3)"": 208, ""((2, 2), 2)"": 125, ""((2, 2), 3)"": 509, ""((2, 3), 1)"": 1360, ""((2, 3), 2)"": 457, ""((2, 3), 3)"": 1023, ""((3, 3), 0)"": 1038, ""((3, 3), 1)"": 208, ""((3, 3), 2)"": 846}, ""degree_pair_exact"": true, ""matched_edge_count_per_control"": 7898, ""matching_method"": ""integral max-flow with exact endpoint-degree-quantile-pair and base normalized edge-weight quantile marginals"", ""shortages"": {}, ""status"": ""MATCHED"", ""target_degree_pair_marginal"": ""{(1, 2): 579, (1, 3): 983, (0, 2): 194, (1, 1): 141, (2, 2): 634, (2, 3): 2840, (3, 3): 2092, (0, 3): 321, (0, 1): 114}"", ""target_edge_count"": 7898, ""target_weight_quantile_marginal"": ""{3: 3018, 1: 1613, 2: 2229, 0: 1038}"", ""verified_exact_marginals"": true, ""weight_quantile_exact"": true}",frozen graph intervention; FIXED_NORM_MASK is not retrained valid-operator performance
Movies,44,text_uniform,joint_low_similarity_high_novelty,RENORMALIZED_DELETE,7898,-0.002699460107978391,0.0023921384657229483,0.004145503044128418,0.08947253227233887,20,0.00667952299118042,0.0017961325503795585,-0.002534019947052002,-0.003944211157768424,MATCHED,"{""allocated_cells"": 17, ""allocation"": {""((0, 1), 3)"": 114, ""((0, 2), 3)"": 194, ""((0, 3), 2)"": 71, ""((0, 3), 3)"": 250, ""((1, 1), 3)"": 141, ""((1, 2), 3)"": 579, ""((1, 3), 1)"": 45, ""((1, 3), 2)"": 730, ""((1, 3), 3)"": 208, ""((2, 2), 2)"": 125, ""((2, 2), 3)"": 509, ""((2, 3), 1)"": 1360, ""((2, 3), 2)"": 457, ""((2, 3), 3)"": 1023, ""((3, 3), 0)"": 1038, ""((3, 3), 1)"": 208, ""((3, 3), 2)"": 846}, ""degree_pair_exact"": true, ""matched_edge_count_per_control"": 7898, ""matching_method"": ""integral max-flow with exact endpoint-degree-quantile-pair and base normalized edge-weight quantile marginals"", ""shortages"": {}, ""status"": ""MATCHED"", ""target_degree_pair_marginal"": ""{(1, 2): 579, (1, 3): 983, (0, 2): 194, (1, 1): 141, (2, 2): 634, (2, 3): 2840, (3, 3): 2092, (0, 3): 321, (0, 1): 114}"", ""target_edge_count"": 7898, ""target_weight_quantile_marginal"": ""{3: 3018, 1: 1613, 2: 2229, 0: 1038}"", ""verified_exact_marginals"": true, ""weight_quantile_exact"": true}",frozen graph intervention; FIXED_NORM_MASK is not retrained valid-operator performance
Movies,44,text_uniform,joint_high_similarity_low_novelty,FIXED_NORM_MASK,8860,-0.002399520095980767,0.0012610374788414314,0.029368281364440918,-0.10566866397857666,20,0.013749611377716065,0.0010006435546725412,0.015618669986724853,-0.0012297540491901405,MATCHED,"{""allocated_cells"": 12, ""allocation"": {""((0, 1), 3)"": 9, ""((1, 1), 3)"": 251, ""((1, 2), 3)"": 113, ""((1, 3), 1)"": 90, ""((2, 2), 2)"": 86, ""((2, 2), 3)"": 447, ""((2, 3), 0)"": 936, ""((2, 3), 1)"": 123, ""((2, 3), 3)"": 194, ""((3, 3), 0)"": 2850, ""((3, 3), 1)"": 2102, ""((3, 3), 2)"": 1659}, ""degree_pair_exact"": true, ""matched_edge_count_per_control"": 8860, ""matching_method"": ""integral max-flow with exact endpoint-degree-quantile-pair and base normalized edge-weight quantile marginals"", ""shortages"": {}, ""status"": ""MATCHED"", ""target_degree_pair_marginal"": ""{(3, 3): 6611, (2, 3): 1253, (1, 3): 90, (2, 2): 533, (1, 2): 113, (1, 1): 251, (0, 1): 9}"", ""target_edge_count"": 8860, ""target_weight_quantile_marginal"": ""{1: 2315, 2: 1745, 0: 3786, 3: 1014}"", ""verified_exact_marginals"": true, ""weight_quantile_exact"": true}",frozen graph intervention; FIXED_NORM_MASK is not retrained valid-operator performance
Movies,44,text_uniform,joint_high_similarity_low_novelty,RENORMALIZED_DELETE,8860,-0.004199160167966398,-0.002756458095667713,0.003688812255859375,0.005103111267089844,20,-0.0006762206554412842,0.0009465387953549581,0.0043650329113006595,-0.0013047390521895407,MATCHED,"{""allocated_cells"": 12, ""allocation"": {""((0, 1), 3)"": 9, ""((1, 1), 3)"": 251, ""((1, 2), 3)"": 113, ""((1, 3), 1)"": 90, ""((2, 2), 2)"": 86, ""((2, 2), 3)"": 447, ""((2, 3), 0)"": 936, ""((2, 3), 1)"": 123, ""((2, 3), 3)"": 194, ""((3, 3), 0)"": 2850, ""((3, 3), 1)"": 2102, ""((3, 3), 2)"": 1659}, ""degree_pair_exact"": true, ""matched_edge_count_per_control"": 8860, ""matching_method"": ""integral max-flow with exact endpoint-degree-quantile-pair and base normalized edge-weight quantile marginals"", ""shortages"": {}, ""status"": ""MATCHED"", ""target_degree_pair_marginal"": ""{(3, 3): 6611, (2, 3): 1253, (1, 3): 90, (2, 2): 533, (1, 2): 113, (1, 1): 251, (0, 1): 9}"", ""target_edge_count"": 8860, ""target_weight_quantile_marginal"": ""{1: 2315, 2: 1745, 0: 3786, 3: 1014}"", ""verified_exact_marginals"": true, ""weight_quantile_exact"": true}",frozen graph intervention; FIXED_NORM_MASK is not retrained valid-operator performance
Movies,44,visual_uniform,visual_low_similarity_high_novelty,FIXED_NORM_MASK,8679,0.0005998800239952473,0.009621697606766677,0.03277707099914551,-0.04317760467529297,20,0.03866570591926575,0.0020127351454092062,-0.005888634920120241,-0.0022945410917816324,MATCHED,"{""allocated_cells"": 17, ""allocation"": {""((0, 1), 3)"": 122, ""((0, 2), 3)"": 169, ""((0, 3), 2)"": 78, ""((0, 3), 3)"": 258, ""((1, 1), 3)"": 156, ""((1, 2), 3)"": 559, ""((1, 3), 1)"": 43, ""((1, 3), 2)"": 729, ""((1, 3), 3)"": 219, ""((2, 2), 2)"": 125, ""((2, 2), 3)"": 555, ""((2, 3), 1)"": 1598, ""((2, 3), 2)"": 432, ""((2, 3), 3)"": 1019, ""((3, 3), 0)"": 1307, ""((3, 3), 1)"": 219, ""((3, 3), 2)"": 1091}, ""degree_pair_exact"": true, ""matched_edge_count_per_control"": 8679, ""matching_method"": ""integral max-flow with exact endpoint-degree-quantile-pair and base normalized edge-weight quantile marginals"", ""shortages"": {}, ""status"": ""MATCHED"", ""target_degree_pair_marginal"": ""{(2, 2): 680, (1, 3): 991, (2, 3): 3049, (1, 1): 156, (1, 2): 559, (3, 3): 2617, (0, 3): 336, (0, 2): 169, (0, 1): 122}"", ""target_edge_count"": 8679, ""target_weight_quantile_marginal"": ""{3: 3057, 0: 1307, 1: 1860, 2: 2455}"", ""verified_exact_marginals"": true, ""weight_quantile_exact"": true}",frozen graph intervention; FIXED_NORM_MASK is not retrained valid-operator performance
Movies,44,visual_uniform,visual_low_similarity_high_novelty,RENORMALIZED_DELETE,8679,-0.003299340131973638,0.0059920959187025336,0.009244441986083984,0.12837159633636475,20,0.0054726660251617435,0.002730906209750376,0.003771775960922241,-0.0035692861427714384,MATCHED,"{""allocated_cells"": 17, ""allocation"": {""((0, 1), 3)"": 122, ""((0, 2), 3)"": 169, ""((0, 3), 2)"": 78, ""((0, 3), 3)"": 258, ""((1, 1), 3)"": 156, ""((1, 2), 3)"": 559, ""((1, 3), 1)"": 43, ""((1, 3), 2)"": 729, ""((1, 3), 3)"": 219, ""((2, 2), 2)"": 125, ""((2, 2), 3)"": 555, ""((2, 3), 1)"": 1598, ""((2, 3), 2)"": 432, ""((2, 3), 3)"": 1019, ""((3, 3), 0)"": 1307, ""((3, 3), 1)"": 219, ""((3, 3), 2)"": 1091}, ""degree_pair_exact"": true, ""matched_edge_count_per_control"": 8679, ""matching_method"": ""integral max-flow with exact endpoint-degree-quantile-pair and base normalized edge-weight quantile marginals"", ""shortages"": {}, ""status"": ""MATCHED"", ""target_degree_pair_marginal"": ""{(2, 2): 680, (1, 3): 991, (2, 3): 3049, (1, 1): 156, (1, 2): 559, (3, 3): 2617, (0, 3): 336, (0, 2): 169, (0, 1): 122}"", ""target_edge_count"": 8679, ""target_weight_quantile_marginal"": ""{3: 3057, 0: 1307, 1: 1860, 2: 2455}"", ""verified_exact_marginals"": true, ""weight_quantile_exact"": true}",frozen graph intervention; FIXED_NORM_MASK is not retrained valid-operator performance
Movies,44,visual_uniform,visual_high_similarity_low_novelty,FIXED_NORM_MASK,10103,-0.0005998800239952473,0.002341364335863072,0.037360310554504395,-0.13008403778076172,20,0.02036744952201843,0.0010161566839753157,0.016992861032485963,-0.0014997000599880073,MATCHED,"{""allocated_cells"": 13, ""allocation"": {""((0, 1), 3)"": 12, ""((0, 2), 3)"": 1, ""((1, 1), 3)"": 328, ""((1, 2), 3)"": 163, ""((1, 3), 1)"": 93, ""((2, 2), 2)"": 95, ""((2, 2), 3)"": 529, ""((2, 3), 0)"": 885, ""((2, 3), 1)"": 261, ""((2, 3), 3)"": 251, ""((3, 3), 0)"": 3209, ""((3, 3), 1)"": 2422, ""((3, 3), 2)"": 1854}, ""degree_pair_exact"": true, ""matched_edge_count_per_control"": 10103, ""matching_method"": ""integral max-flow with exact endpoint-degree-quantile-pair and base normalized edge-weight quantile marginals"", ""shortages"": {}, ""status"": ""MATCHED"", ""target_degree_pair_marginal"": ""{(3, 3): 7485, (2, 3): 1397, (0, 1): 12, (1, 3): 93, (2, 2): 624, (1, 2): 163, (1, 1): 328, (0, 2): 1}"", ""target_edge_count"": 10103, ""target_weight_quantile_marginal"": ""{1: 2776, 2: 1949, 3: 1284, 0: 4094}"", ""verified_exact_marginals"": true, ""weight_quantile_exact"": true}",frozen graph intervention; FIXED_NORM_MASK is not retrained valid-operator performance
Movies,44,visual_uniform,visual_high_similarity_low_novelty,RENORMALIZED_DELETE,10103,-0.002699460107978391,-0.004089331028410359,0.00565493106842041,-0.005523681640625,20,-0.0009086787700653076,0.0013480211391515954,0.006563609838485718,-0.002699460107978391,MATCHED,"{""allocated_cells"": 13, ""allocation"": {""((0, 1), 3)"": 12, ""((0, 2), 3)"": 1, ""((1, 1), 3)"": 328, ""((1, 2), 3)"": 163, ""((1, 3), 1)"": 93, ""((2, 2), 2)"": 95, ""((2, 2), 3)"": 529, ""((2, 3), 0)"": 885, ""((2, 3), 1)"": 261, ""((2, 3), 3)"": 251, ""((3, 3), 0)"": 3209, ""((3, 3), 1)"": 2422, ""((3, 3), 2)"": 1854}, ""degree_pair_exact"": true, ""matched_edge_count_per_control"": 10103, ""matching_method"": ""integral max-flow with exact endpoint-degree-quantile-pair and base normalized edge-weight quantile marginals"", ""shortages"": {}, ""status"": ""MATCHED"", ""target_degree_pair_marginal"": ""{(3, 3): 7485, (2, 3): 1397, (0, 1): 12, (1, 3): 93, (2, 2): 624, (1, 2): 163, (1, 1): 328, (0, 2): 1}"", ""target_edge_count"": 10103, ""target_weight_quantile_marginal"": ""{1: 2776, 2: 1949, 3: 1284, 0: 4094}"", ""verified_exact_marginals"": true, ""weight_quantile_exact"": true}",frozen graph intervention; FIXED_NORM_MASK is not retrained valid-operator performance
Movies,44,visual_uniform,joint_low_similarity_high_novelty,FIXED_NORM_MASK,7898,-0.002399520095980767,0.00310070901377546,0.032569289207458496,-0.0459369421005249,20,0.03572368025779724,0.001668864864317251,-0.0031543910503387465,-0.001439712057588477,MATCHED,"{""allocated_cells"": 17, ""allocation"": {""((0, 1), 3)"": 114, ""((0, 2), 3)"": 194, ""((0, 3), 2)"": 71, ""((0, 3), 3)"": 250, ""((1, 1), 3)"": 141, ""((1, 2), 3)"": 579, ""((1, 3), 1)"": 45, ""((1, 3), 2)"": 730, ""((1, 3), 3)"": 208, ""((2, 2), 2)"": 125, ""((2, 2), 3)"": 509, ""((2, 3), 1)"": 1360, ""((2, 3), 2)"": 457, ""((2, 3), 3)"": 1023, ""((3, 3), 0)"": 1038, ""((3, 3), 1)"": 208, ""((3, 3), 2)"": 846}, ""degree_pair_exact"": true, ""matched_edge_count_per_control"": 7898, ""matching_method"": ""integral max-flow with exact endpoint-degree-quantile-pair and base normalized edge-weight quantile marginals"", ""shortages"": {}, ""status"": ""MATCHED"", ""target_degree_pair_marginal"": ""{(1, 2): 579, (1, 3): 983, (0, 2): 194, (1, 1): 141, (2, 2): 634, (2, 3): 2840, (3, 3): 2092, (0, 3): 321, (0, 1): 114}"", ""target_edge_count"": 7898, ""target_weight_quantile_marginal"": ""{3: 3018, 1: 1613, 2: 2229, 0: 1038}"", ""verified_exact_marginals"": true, ""weight_quantile_exact"": true}",frozen graph intervention; FIXED_NORM_MASK is not retrained valid-operator performance
Movies,44,visual_uniform,joint_low_similarity_high_novelty,RENORMALIZED_DELETE,7898,0.00089982003599276,0.005378833637944225,0.008563399314880371,0.11393976211547852,20,0.004525768756866455,0.002261453916876716,0.004037630558013916,-0.002054589082183561,MATCHED,"{""allocated_cells"": 17, ""allocation"": {""((0, 1), 3)"": 114, ""((0, 2), 3)"": 194, ""((0, 3), 2)"": 71, ""((0, 3), 3)"": 250, ""((1, 1), 3)"": 141, ""((1, 2), 3)"": 579, ""((1, 3), 1)"": 45, ""((1, 3), 2)"": 730, ""((1, 3), 3)"": 208, ""((2, 2), 2)"": 125, ""((2, 2), 3)"": 509, ""((2, 3), 1)"": 1360, ""((2, 3), 2)"": 457, ""((2, 3), 3)"": 1023, ""((3, 3), 0)"": 1038, ""((3, 3), 1)"": 208, ""((3, 3), 2)"": 846}, ""degree_pair_exact"": true, ""matched_edge_count_per_control"": 7898, ""matching_method"": ""integral max-flow with exact endpoint-degree-quantile-pair and base normalized edge-weight quantile marginals"", ""shortages"": {}, ""status"": ""MATCHED"", ""target_degree_pair_marginal"": ""{(1, 2): 579, (1, 3): 983, (0, 2): 194, (1, 1): 141, (2, 2): 634, (2, 3): 2840, (3, 3): 2092, (0, 3): 321, (0, 1): 114}"", ""target_edge_count"": 7898, ""target_weight_quantile_marginal"": ""{3: 3018, 1: 1613, 2: 2229, 0: 1038}"", ""verified_exact_marginals"": true, ""weight_quantile_exact"": true}",frozen graph intervention; FIXED_NORM_MASK is not retrained valid-operator performance
Movies,44,visual_uniform,joint_high_similarity_low_novelty,FIXED_NORM_MASK,8860,0.0011997600479903836,0.0018860815836567735,0.03382420539855957,-0.12274003028869629,20,0.016185945272445677,0.0011196295769142289,0.017638260126113893,-0.002024595080983793,MATCHED,"{""allocated_cells"": 12, ""allocation"": {""((0, 1), 3)"": 9, ""((1, 1), 3)"": 251, ""((1, 2), 3)"": 113, ""((1, 3), 1)"": 90, ""((2, 2), 2)"": 86, ""((2, 2), 3)"": 447, ""((2, 3), 0)"": 936, ""((2, 3), 1)"": 123, ""((2, 3), 3)"": 194, ""((3, 3), 0)"": 2850, ""((3, 3), 1)"": 2102, ""((3, 3), 2)"": 1659}, ""degree_pair_exact"": true, ""matched_edge_count_per_control"": 8860, ""matching_method"": ""integral max-flow with exact endpoint-degree-quantile-pair and base normalized edge-weight quantile marginals"", ""shortages"": {}, ""status"": ""MATCHED"", ""target_degree_pair_marginal"": ""{(3, 3): 6611, (2, 3): 1253, (1, 3): 90, (2, 2): 533, (1, 2): 113, (1, 1): 251, (0, 1): 9}"", ""target_edge_count"": 8860, ""target_weight_quantile_marginal"": ""{1: 2315, 2: 1745, 0: 3786, 3: 1014}"", ""verified_exact_marginals"": true, ""weight_quantile_exact"": true}",frozen graph intervention; FIXED_NORM_MASK is not retrained valid-operator performance
Movies,44,visual_uniform,joint_high_similarity_low_novelty,RENORMALIZED_DELETE,8860,-0.00029994001199762366,0.00039700828833511004,0.0046242475509643555,-0.005151987075805664,20,-0.001121652126312256,0.0011130535443557384,0.005745899677276611,-0.0028644271145770728,MATCHED,"{""allocated_cells"": 12, ""allocation"": {""((0, 1), 3)"": 9, ""((1, 1), 3)"": 251, ""((1, 2), 3)"": 113, ""((1, 3), 1)"": 90, ""((2, 2), 2)"": 86, ""((2, 2), 3)"": 447, ""((2, 3), 0)"": 936, ""((2, 3), 1)"": 123, ""((2, 3), 3)"": 194, ""((3, 3), 0)"": 2850, ""((3, 3), 1)"": 2102, ""((3, 3), 2)"": 1659}, ""degree_pair_exact"": true, ""matched_edge_count_per_control"": 8860, ""matching_method"": ""integral max-flow with exact endpoint-degree-quantile-pair and base normalized edge-weight quantile marginals"", ""shortages"": {}, ""status"": ""MATCHED"", ""target_degree_pair_marginal"": ""{(3, 3): 6611, (2, 3): 1253, (1, 3): 90, (2, 2): 533, (1, 2): 113, (1, 1): 251, (0, 1): 9}"", ""target_edge_count"": 8860, ""target_weight_quantile_marginal"": ""{1: 2315, 2: 1745, 0: 3786, 3: 1014}"", ""verified_exact_marginals"": true, ""weight_quantile_exact"": true}",frozen graph intervention; FIXED_NORM_MASK is not retrained valid-operator performance
Toys,42,uniform,high_similarity_low_novelty,FIXED_NORM_MASK,6936,-0.003382459531287796,-0.0017577372953985204,0.012257516384124756,-0.36393070220947266,20,-0.0007504016160964966,0.002210476645672254,0.013007918000221252,-0.005194491423049041,MATCHED,"{""allocated_cells"": 16, ""allocation"": {""((0, 1), 3)"": 39, ""((0, 2), 3)"": 22, ""((0, 3), 1)"": 4, ""((0, 3), 3)"": 4, ""((1, 1), 3)"": 51, ""((1, 2), 3)"": 122, ""((1, 3), 1)"": 178, ""((1, 3), 3)"": 42, ""((2, 2), 2)"": 200, ""((2, 2), 3)"": 254, ""((2, 3), 0)"": 357, ""((2, 3), 1)"": 882, ""((2, 3), 3)"": 334, ""((3, 3), 0)"": 1689, ""((3, 3), 1)"": 1196, ""((3, 3), 2)"": 1562}, ""degree_pair_exact"": true, ""matched_edge_count_per_control"": 6936, ""matching_method"": ""integral max-flow with exact endpoint-degree-quantile-pair and base normalized edge-weight quantile marginals"", ""shortages"": {}, ""status"": ""MATCHED"", ""target_degree_pair_marginal"": ""{(0, 2): 22, (3, 3): 4447, (2, 2): 454, (1, 2): 122, (2, 3): 1573, (1, 1): 51, (1, 3): 220, (0, 1): 39, (0, 3): 8}"", ""target_edge_count"": 6936, ""target_weight_quantile_marginal"": ""{3: 868, 1: 2260, 2: 1762, 0: 2046}"", ""verified_exact_marginals"": true, ""weight_quantile_exact"": true}",frozen graph intervention; FIXED_NORM_MASK is not retrained valid-operator performance
Toys,42,uniform,high_similarity_low_novelty,RENORMALIZED_DELETE,6936,-0.000966417008939402,-0.0006784072218396497,0.003427743911743164,-0.00798797607421875,20,0.006779527664184571,0.0021686612064286655,-0.0033517837524414066,-0.0016670693404203906,MATCHED,"{""allocated_cells"": 16, ""allocation"": {""((0, 1), 3)"": 39, ""((0, 2), 3)"": 22, ""((0, 3), 1)"": 4, ""((0, 3), 3)"": 4, ""((1, 1), 3)"": 51, ""((1, 2), 3)"": 122, ""((1, 3), 1)"": 178, ""((1, 3), 3)"": 42, ""((2, 2), 2)"": 200, ""((2, 2), 3)"": 254, ""((2, 3), 0)"": 357, ""((2, 3), 1)"": 882, ""((2, 3), 3)"": 334, ""((3, 3), 0)"": 1689, ""((3, 3), 1)"": 1196, ""((3, 3), 2)"": 1562}, ""degree_pair_exact"": true, ""matched_edge_count_per_control"": 6936, ""matching_method"": ""integral max-flow with exact endpoint-degree-quantile-pair and base normalized edge-weight quantile marginals"", ""shortages"": {}, ""status"": ""MATCHED"", ""target_degree_pair_marginal"": ""{(0, 2): 22, (3, 3): 4447, (2, 2): 454, (1, 2): 122, (2, 3): 1573, (1, 1): 51, (1, 3): 220, (0, 1): 39, (0, 3): 8}"", ""target_edge_count"": 6936, ""target_weight_quantile_marginal"": ""{3: 868, 1: 2260, 2: 1762, 0: 2046}"", ""verified_exact_marginals"": true, ""weight_quantile_exact"": true}",frozen graph intervention; FIXED_NORM_MASK is not retrained valid-operator performance
Toys,42,uniform,high_similarity_high_novelty,FIXED_NORM_MASK,2879,-0.005556897801401339,-0.007150913598926167,0.007615208625793457,-0.24722719192504883,20,0.005455338954925537,0.0023328026531997145,0.0021598696708679203,-0.0055568978014013115,MATCHED,"{""allocated_cells"": 15, ""allocation"": {""((0, 1), 3)"": 172, ""((0, 2), 3)"": 372, ""((0, 3), 2)"": 225, ""((0, 3), 3)"": 101, ""((1, 1), 3)"": 73, ""((1, 2), 3)"": 259, ""((1, 3), 1)"": 60, ""((1, 3), 2)"": 1, ""((1, 3), 3)"": 218, ""((2, 2), 2)"": 221, ""((2, 2), 3)"": 29, ""((2, 3), 2)"": 257, ""((2, 3), 3)"": 409, ""((3, 3), 0)"": 209, ""((3, 3), 1)"": 273}, ""degree_pair_exact"": true, ""matched_edge_count_per_control"": 2879, ""matching_method"": ""integral max-flow with exact endpoint-degree-quantile-pair and base normalized edge-weight quantile marginals"", ""shortages"": {}, ""status"": ""MATCHED"", ""target_degree_pair_marginal"": ""{(1, 1): 73, (2, 2): 250, (1, 3): 279, (2, 3): 666, (1, 2): 259, (0, 1): 172, (3, 3): 482, (0, 2): 372, (0, 3): 326}"", ""target_edge_count"": 2879, ""target_weight_quantile_marginal"": ""{3: 1633, 1: 333, 0: 209, 2: 704}"", ""verified_exact_marginals"": true, ""weight_quantile_exact"": true}",frozen graph intervention; FIXED_NORM_MASK is not retrained valid-operator performance
Toys,42,uniform,high_similarity_high_novelty,RENORMALIZED_DELETE,2879,-0.004590480792461937,-0.005269319088873736,0.013795554637908936,-0.004091978073120117,20,0.016751882433891297,0.002971262764795854,-0.0029563277959823615,-0.0051582507852138085,MATCHED,"{""allocated_cells"": 15, ""allocation"": {""((0, 1), 3)"": 172, ""((0, 2), 3)"": 372, ""((0, 3), 2)"": 225, ""((0, 3), 3)"": 101, ""((1, 1), 3)"": 73, ""((1, 2), 3)"": 259, ""((1, 3), 1)"": 60, ""((1, 3), 2)"": 1, ""((1, 3), 3)"": 218, ""((2, 2), 2)"": 221, ""((2, 2), 3)"": 29, ""((2, 3), 2)"": 257, ""((2, 3), 3)"": 409, ""((3, 3), 0)"": 209, ""((3, 3), 1)"": 273}, ""degree_pair_exact"": true, ""matched_edge_count_per_control"": 2879, ""matching_method"": ""integral max-flow with exact endpoint-degree-quantile-pair and base normalized edge-weight quantile marginals"", ""shortages"": {}, ""status"": ""MATCHED"", ""target_degree_pair_marginal"": ""{(1, 1): 73, (2, 2): 250, (1, 3): 279, (2, 3): 666, (1, 2): 259, (0, 1): 172, (3, 3): 482, (0, 2): 372, (0, 3): 326}"", ""target_edge_count"": 2879, ""target_weight_quantile_marginal"": ""{3: 1633, 1: 333, 0: 209, 2: 704}"", ""verified_exact_marginals"": true, ""weight_quantile_exact"": true}",frozen graph intervention; FIXED_NORM_MASK is not retrained valid-operator performance
Toys,42,uniform,low_similarity_high_novelty,FIXED_NORM_MASK,6324,-0.007489731819280032,-0.007022990484292113,0.013888776302337646,-0.17126131057739258,20,0.003836548328399658,0.0020625458567056724,0.010052227973937988,-0.0068736409760811745,MATCHED,"{""allocated_cells"": 17, ""allocation"": {""((0, 1), 3)"": 74, ""((0, 2), 3)"": 239, ""((0, 3), 2)"": 384, ""((0, 3), 3)"": 77, ""((1, 1), 3)"": 32, ""((1, 2), 3)"": 218, ""((1, 3), 1)"": 229, ""((1, 3), 2)"": 54, ""((1, 3), 3)"": 167, ""((2, 2), 2)"": 212, ""((2, 2), 3)"": 152, ""((2, 3), 1)"": 1224, ""((2, 3), 2)"": 43, ""((2, 3), 3)"": 566, ""((3, 3), 0)"": 1624, ""((3, 3), 1)"": 216, ""((3, 3), 2)"": 813}, ""degree_pair_exact"": true, ""matched_edge_count_per_control"": 6324, ""matching_method"": ""integral max-flow with exact endpoint-degree-quantile-pair and base normalized edge-weight quantile marginals"", ""shortages"": {}, ""status"": ""MATCHED"", ""target_degree_pair_marginal"": ""{(3, 3): 2653, (0, 1): 74, (1, 2): 218, (2, 3): 1833, (0, 3): 461, (1, 3): 450, (2, 2): 364, (0, 2): 239, (1, 1): 32}"", ""target_edge_count"": 6324, ""target_weight_quantile_marginal"": ""{2: 1506, 1: 1669, 0: 1624, 3: 1525}"", ""verified_exact_marginals"": true, ""weight_quantile_exact"": true}",frozen graph intervention; FIXED_NORM_MASK is not retrained valid-operator performance
Toys,42,uniform,low_similarity_high_novelty,RENORMALIZED_DELETE,6324,-0.005315293549166489,-0.004378763415630593,0.047320425510406494,0.16408419609069824,20,0.014844772219657899,0.0028229988897440013,0.0324756532907486,-0.0047958444068615545,MATCHED,"{""allocated_cells"": 17, ""allocation"": {""((0, 1), 3)"": 74, ""((0, 2), 3)"": 239, ""((0, 3), 2)"": 384, ""((0, 3), 3)"": 77, ""((1, 1), 3)"": 32, ""((1, 2), 3)"": 218, ""((1, 3), 1)"": 229, ""((1, 3), 2)"": 54, ""((1, 3), 3)"": 167, ""((2, 2), 2)"": 212, ""((2, 2), 3)"": 152, ""((2, 3), 1)"": 1224, ""((2, 3), 2)"": 43, ""((2, 3), 3)"": 566, ""((3, 3), 0)"": 1624, ""((3, 3), 1)"": 216, ""((3, 3), 2)"": 813}, ""degree_pair_exact"": true, ""matched_edge_count_per_control"": 6324, ""matching_method"": ""integral max-flow with exact endpoint-degree-quantile-pair and base normalized edge-weight quantile marginals"", ""shortages"": {}, ""status"": ""MATCHED"", ""target_degree_pair_marginal"": ""{(3, 3): 2653, (0, 1): 74, (1, 2): 218, (2, 3): 1833, (0, 3): 461, (1, 3): 450, (2, 2): 364, (0, 2): 239, (1, 1): 32}"", ""target_edge_count"": 6324, ""target_weight_quantile_marginal"": ""{2: 1506, 1: 1669, 0: 1624, 3: 1525}"", ""verified_exact_marginals"": true, ""weight_quantile_exact"": true}",frozen graph intervention; FIXED_NORM_MASK is not retrained valid-operator performance
Toys,42,uniform,low_similarity_low_novelty,FIXED_NORM_MASK,1804,-0.000483208504469701,0.0004812326947221113,0.0038451552391052246,-0.08231759071350098,20,-0.000661236047744751,0.0007620590572236244,0.004506391286849975,-0.0013771442377385756,MATCHED,"{""allocated_cells"": 13, ""allocation"": {""((0, 1), 3)"": 2, ""((0, 3), 1)"": 6, ""((0, 3), 3)"": 4, ""((1, 1), 3)"": 8, ""((1, 2), 3)"": 17, ""((1, 3), 1)"": 37, ""((1, 3), 3)"": 42, ""((2, 2), 2)"": 87, ""((2, 3), 0)"": 249, ""((2, 3), 3)"": 80, ""((3, 3), 0)"": 493, ""((3, 3), 1)"": 518, ""((3, 3), 2)"": 261}, ""degree_pair_exact"": true, ""matched_edge_count_per_control"": 1804, ""matching_method"": ""integral max-flow with exact endpoint-degree-quantile-pair and base normalized edge-weight quantile marginals"", ""shortages"": {}, ""status"": ""MATCHED"", ""target_degree_pair_marginal"": ""{(1, 1): 8, (2, 2): 87, (2, 3): 329, (1, 2): 17, (3, 3): 1272, (1, 3): 79, (0, 3): 10, (0, 1): 2}"", ""target_edge_count"": 1804, ""target_weight_quantile_marginal"": ""{3: 153, 2: 348, 1: 561, 0: 742}"", ""verified_exact_marginals"": true, ""weight_quantile_exact"": true}",frozen graph intervention; FIXED_NORM_MASK is not retrained valid-operator performance
Toys,42,uniform,low_similarity_low_novelty,RENORMALIZED_DELETE,1804,0.0,0.000858472389560383,0.0014765262603759766,0.0016286373138427734,20,0.0014377564191818237,0.0007752615093206306,3.8769841194152875e-05,-0.0005194491423049008,MATCHED,"{""allocated_cells"": 13, ""allocation"": {""((0, 1), 3)"": 2, ""((0, 3), 1)"": 6, ""((0, 3), 3)"": 4, ""((1, 1), 3)"": 8, ""((1, 2), 3)"": 17, ""((1, 3), 1)"": 37, ""((1, 3), 3)"": 42, ""((2, 2), 2)"": 87, ""((2, 3), 0)"": 249, ""((2, 3), 3)"": 80, ""((3, 3), 0)"": 493, ""((3, 3), 1)"": 518, ""((3, 3), 2)"": 261}, ""degree_pair_exact"": true, ""matched_edge_count_per_control"": 1804, ""matching_method"": ""integral max-flow with exact endpoint-degree-quantile-pair and base normalized edge-weight quantile marginals"", ""shortages"": {}, ""status"": ""MATCHED"", ""target_degree_pair_marginal"": ""{(1, 1): 8, (2, 2): 87, (2, 3): 329, (1, 2): 17, (3, 3): 1272, (1, 3): 79, (0, 3): 10, (0, 1): 2}"", ""target_edge_count"": 1804, ""target_weight_quantile_marginal"": ""{3: 153, 2: 348, 1: 561, 0: 742}"", ""verified_exact_marginals"": true, ""weight_quantile_exact"": true}",frozen graph intervention; FIXED_NORM_MASK is not retrained valid-operator performance
Toys,42,gpr,gpr_high_similarity_low_novelty,FIXED_NORM_MASK,6865,-0.001449625513408992,8.011858860101917e-05,0.014121770858764648,-0.3566296100616455,20,0.003454458713531494,0.001606744307444942,0.010667312145233154,-0.004107272287992259,MATCHED,"{""allocated_cells"": 16, ""allocation"": {""((0, 1), 3)"": 43, ""((0, 2), 3)"": 25, ""((0, 3), 1)"": 4, ""((0, 3), 3)"": 4, ""((1, 1), 3)"": 48, ""((1, 2), 3)"": 128, ""((1, 3), 1)"": 182, ""((1, 3), 3)"": 42, ""((2, 2), 2)"": 201, ""((2, 2), 3)"": 261, ""((2, 3), 0)"": 346, ""((2, 3), 1)"": 884, ""((2, 3), 3)"": 344, ""((3, 3), 0)"": 1621, ""((3, 3), 1)"": 1173, ""((3, 3), 2)"": 1559}, ""degree_pair_exact"": true, ""matched_edge_count_per_control"": 6865, ""matching_method"": ""integral max-flow with exact endpoint-degree-quantile-pair and base normalized edge-weight quantile marginals"", ""shortages"": {}, ""status"": ""MATCHED"", ""target_degree_pair_marginal"": ""{(0, 2): 25, (3, 3): 4353, (2, 2): 462, (1, 3): 224, (1, 2): 128, (2, 3): 1574, (0, 1): 43, (1, 1): 48, (0, 3): 8}"", ""target_edge_count"": 6865, ""target_weight_quantile_marginal"": ""{3: 895, 1: 2243, 2: 1760, 0: 1967}"", ""verified_exact_marginals"": true, ""weight_quantile_exact"": true}",frozen graph intervention; FIXED_NORM_MASK is not retrained valid-operator performance
Toys,42,gpr,gpr_high_similarity_low_novelty,RENORMALIZED_DELETE,6865,0.0,0.0007108797696677716,0.0027680397033691406,-0.0070476531982421875,20,0.00645565390586853,0.001752627195354803,-0.0036876142024993893,-0.001896593380043482,MATCHED,"{""allocated_cells"": 16, ""allocation"": {""((0, 1), 3)"": 43, ""((0, 2), 3)"": 25, ""((0, 3), 1)"": 4, ""((0, 3), 3)"": 4, ""((1, 1), 3)"": 48, ""((1, 2), 3)"": 128, ""((1, 3), 1)"": 182, ""((1, 3), 3)"": 42, ""((2, 2), 2)"": 201, ""((2, 2), 3)"": 261, ""((2, 3), 0)"": 346, ""((2, 3), 1)"": 884, ""((2, 3), 3)"": 344, ""((3, 3), 0)"": 1621, ""((3, 3), 1)"": 1173, ""((3, 3), 2)"": 1559}, ""degree_pair_exact"": true, ""matched_edge_count_per_control"": 6865, ""matching_method"": ""integral max-flow with exact endpoint-degree-quantile-pair and base normalized edge-weight quantile marginals"", ""shortages"": {}, ""status"": ""MATCHED"", ""target_degree_pair_marginal"": ""{(0, 2): 25, (3, 3): 4353, (2, 2): 462, (1, 3): 224, (1, 2): 128, (2, 3): 1574, (0, 1): 43, (1, 1): 48, (0, 3): 8}"", ""target_edge_count"": 6865, ""target_weight_quantile_marginal"": ""{3: 895, 1: 2243, 2: 1760, 0: 1967}"", ""verified_exact_marginals"": true, ""weight_quantile_exact"": true}",frozen graph intervention; FIXED_NORM_MASK is not retrained valid-operator performance
Toys,42,gpr,gpr_high_similarity_high_novelty,FIXED_NORM_MASK,2817,-0.003865668035757386,-0.0052086168627693,0.011192679405212402,-0.227705717086792,20,0.0063800901174545285,0.002920138574689996,0.004812589287757874,-0.004228074414109673,MATCHED,"{""allocated_cells"": 15, ""allocation"": {""((0, 1), 3)"": 158, ""((0, 2), 3)"": 353, ""((0, 3), 2)"": 227, ""((0, 3), 3)"": 96, ""((1, 1), 3)"": 69, ""((1, 2), 3)"": 259, ""((1, 3), 1)"": 37, ""((1, 3), 3)"": 231, ""((2, 2), 2)"": 219, ""((2, 2), 3)"": 20, ""((2, 3), 1)"": 21, ""((2, 3), 2)"": 244, ""((2, 3), 3)"": 383, ""((3, 3), 0)"": 219, ""((3, 3), 1)"": 281}, ""degree_pair_exact"": true, ""matched_edge_count_per_control"": 2817, ""matching_method"": ""integral max-flow with exact endpoint-degree-quantile-pair and base normalized edge-weight quantile marginals"", ""shortages"": {}, ""status"": ""MATCHED"", ""target_degree_pair_marginal"": ""{(1, 1): 69, (2, 2): 239, (1, 3): 268, (2, 3): 648, (0, 1): 158, (1, 2): 259, (3, 3): 500, (0, 2): 353, (0, 3): 323}"", ""target_edge_count"": 2817, ""target_weight_quantile_marginal"": ""{3: 1569, 1: 339, 0: 219, 2: 690}"", ""verified_exact_marginals"": true, ""weight_quantile_exact"": true}",frozen graph intervention; FIXED_NORM_MASK is not retrained valid-operator performance
Toys,42,gpr,gpr_high_similarity_high_novelty,RENORMALIZED_DELETE,2817,-0.004348876540227087,-0.005951132603536968,0.010219693183898926,0.0010187625885009766,20,0.014844757318496705,0.003583528801754728,-0.004625064134597779,-0.003273737617782063,MATCHED,"{""allocated_cells"": 15, ""allocation"": {""((0, 1), 3)"": 158, ""((0, 2), 3)"": 353, ""((0, 3), 2)"": 227, ""((0, 3), 3)"": 96, ""((1, 1), 3)"": 69, ""((1, 2), 3)"": 259, ""((1, 3), 1)"": 37, ""((1, 3), 3)"": 231, ""((2, 2), 2)"": 219, ""((2, 2), 3)"": 20, ""((2, 3), 1)"": 21, ""((2, 3), 2)"": 244, ""((2, 3), 3)"": 383, ""((3, 3), 0)"": 219, ""((3, 3), 1)"": 281}, ""degree_pair_exact"": true, ""matched_edge_count_per_control"": 2817, ""matching_method"": ""integral max-flow with exact endpoint-degree-quantile-pair and base normalized edge-weight quantile marginals"", ""shortages"": {}, ""status"": ""MATCHED"", ""target_degree_pair_marginal"": ""{(1, 1): 69, (2, 2): 239, (1, 3): 268, (2, 3): 648, (0, 1): 158, (1, 2): 259, (3, 3): 500, (0, 2): 353, (0, 3): 323}"", ""target_edge_count"": 2817, ""target_weight_quantile_marginal"": ""{3: 1569, 1: 339, 0: 219, 2: 690}"", ""verified_exact_marginals"": true, ""weight_quantile_exact"": true}",frozen graph intervention; FIXED_NORM_MASK is not retrained valid-operator performance
Toys,42,gpr,gpr_low_similarity_high_novelty,FIXED_NORM_MASK,6416,-0.006764919062575481,-0.006976202415891697,0.017470955848693848,-0.16214752197265625,20,0.008223870396614074,0.002197461500430895,0.009247085452079773,-0.004240154626721426,MATCHED,"{""allocated_cells"": 17, ""allocation"": {""((0, 1), 3)"": 75, ""((0, 2), 3)"": 243, ""((0, 3), 2)"": 387, ""((0, 3), 3)"": 77, ""((1, 1), 3)"": 29, ""((1, 2), 3)"": 218, ""((1, 3), 1)"": 216, ""((1, 3), 2)"": 67, ""((1, 3), 3)"": 177, ""((2, 2), 2)"": 210, ""((2, 2), 3)"": 165, ""((2, 3), 1)"": 1249, ""((2, 3), 2)"": 55, ""((2, 3), 3)"": 563, ""((3, 3), 0)"": 1638, ""((3, 3), 1)"": 226, ""((3, 3), 2)"": 821}, ""degree_pair_exact"": true, ""matched_edge_count_per_control"": 6416, ""matching_method"": ""integral max-flow with exact endpoint-degree-quantile-pair and base normalized edge-weight quantile marginals"", ""shortages"": {}, ""status"": ""MATCHED"", ""target_degree_pair_marginal"": ""{(3, 3): 2685, (0, 1): 75, (1, 2): 218, (2, 3): 1867, (0, 3): 464, (1, 3): 460, (2, 2): 375, (0, 2): 243, (1, 1): 29}"", ""target_edge_count"": 6416, ""target_weight_quantile_marginal"": ""{2: 1540, 1: 1691, 0: 1638, 3: 1547}"", ""verified_exact_marginals"": true, ""weight_quantile_exact"": true}",frozen graph intervention; FIXED_NORM_MASK is not retrained valid-operator performance
Toys,42,gpr,gpr_low_similarity_high_novelty,RENORMALIZED_DELETE,6416,-0.00628171055810578,-0.0062448941888868514,0.03886985778808594,0.15196871757507324,20,0.011995434761047363,0.002191153398427198,0.026874423027038574,-0.0029596520898767576,MATCHED,"{""allocated_cells"": 17, ""allocation"": {""((0, 1), 3)"": 75, ""((0, 2), 3)"": 243, ""((0, 3), 2)"": 387, ""((0, 3), 3)"": 77, ""((1, 1), 3)"": 29, ""((1, 2), 3)"": 218, ""((1, 3), 1)"": 216, ""((1, 3), 2)"": 67, ""((1, 3), 3)"": 177, ""((2, 2), 2)"": 210, ""((2, 2), 3)"": 165, ""((2, 3), 1)"": 1249, ""((2, 3), 2)"": 55, ""((2, 3), 3)"": 563, ""((3, 3), 0)"": 1638, ""((3, 3), 1)"": 226, ""((3, 3), 2)"": 821}, ""degree_pair_exact"": true, ""matched_edge_count_per_control"": 6416, ""matching_method"": ""integral max-flow with exact endpoint-degree-quantile-pair and base normalized edge-weight quantile marginals"", ""shortages"": {}, ""status"": ""MATCHED"", ""target_degree_pair_marginal"": ""{(3, 3): 2685, (0, 1): 75, (1, 2): 218, (2, 3): 1867, (0, 3): 464, (1, 3): 460, (2, 2): 375, (0, 2): 243, (1, 1): 29}"", ""target_edge_count"": 6416, ""target_weight_quantile_marginal"": ""{2: 1540, 1: 1691, 0: 1638, 3: 1547}"", ""verified_exact_marginals"": true, ""weight_quantile_exact"": true}",frozen graph intervention; FIXED_NORM_MASK is not retrained valid-operator performance
Toys,42,gpr,gpr_low_similarity_low_novelty,FIXED_NORM_MASK,1948,-0.0016912297656438424,-0.0011184569149276236,0.0040244460105896,-0.08683633804321289,20,-7.545948028564453e-06,0.0008304469697980308,0.004031991958618164,-0.0010268180719980424,MATCHED,"{""allocated_cells"": 14, ""allocation"": {""((0, 1), 3)"": 2, ""((0, 2), 3)"": 1, ""((0, 3), 1)"": 6, ""((0, 3), 3)"": 4, ""((1, 1), 3)"": 9, ""((1, 2), 3)"": 20, ""((1, 3), 1)"": 39, ""((1, 3), 3)"": 42, ""((2, 2), 2)"": 96, ""((2, 3), 0)"": 258, ""((2, 3), 3)"": 91, ""((3, 3), 0)"": 556, ""((3, 3), 1)"": 560, ""((3, 3), 2)"": 264}, ""degree_pair_exact"": true, ""matched_edge_count_per_control"": 1948, ""matching_method"": ""integral max-flow with exact endpoint-degree-quantile-pair and base normalized edge-weight quantile marginals"", ""shortages"": {}, ""status"": ""MATCHED"", ""target_degree_pair_marginal"": ""{(1, 2): 20, (1, 1): 9, (2, 2): 96, (2, 3): 349, (3, 3): 1380, (1, 3): 81, (0, 3): 10, (0, 2): 1, (0, 1): 2}"", ""target_edge_count"": 1948, ""target_weight_quantile_marginal"": ""{3: 169, 2: 360, 1: 605, 0: 814}"", ""verified_exact_marginals"": true, ""weight_quantile_exact"": true}",frozen graph intervention; FIXED_NORM_MASK is not retrained valid-operator performance
Toys,42,gpr,gpr_low_similarity_low_novelty,RENORMALIZED_DELETE,1948,-0.0009664170089392909,-0.0005171295367348838,0.0011761784553527832,-0.0002224445343017578,20,0.0013458788394927978,0.0006518454140827646,-0.00016970038414001456,-0.0004711282918579307,MATCHED,"{""allocated_cells"": 14, ""allocation"": {""((0, 1), 3)"": 2, ""((0, 2), 3)"": 1, ""((0, 3), 1)"": 6, ""((0, 3), 3)"": 4, ""((1, 1), 3)"": 9, ""((1, 2), 3)"": 20, ""((1, 3), 1)"": 39, ""((1, 3), 3)"": 42, ""((2, 2), 2)"": 96, ""((2, 3), 0)"": 258, ""((2, 3), 3)"": 91, ""((3, 3), 0)"": 556, ""((3, 3), 1)"": 560, ""((3, 3), 2)"": 264}, ""degree_pair_exact"": true, ""matched_edge_count_per_control"": 1948, ""matching_method"": ""integral max-flow with exact endpoint-degree-quantile-pair and base normalized edge-weight quantile marginals"", ""shortages"": {}, ""status"": ""MATCHED"", ""target_degree_pair_marginal"": ""{(1, 2): 20, (1, 1): 9, (2, 2): 96, (2, 3): 349, (3, 3): 1380, (1, 3): 81, (0, 3): 10, (0, 2): 1, (0, 1): 2}"", ""target_edge_count"": 1948, ""target_weight_quantile_marginal"": ""{3: 169, 2: 360, 1: 605, 0: 814}"", ""verified_exact_marginals"": true, ""weight_quantile_exact"": true}",frozen graph intervention; FIXED_NORM_MASK is not retrained valid-operator performance
Toys,42,text_uniform,text_low_similarity_high_novelty,FIXED_NORM_MASK,7213,-0.007972940323749622,-0.007040922928893134,0.03183126449584961,-0.11597180366516113,20,0.031125977635383606,0.0018337726013038778,0.0007052868604660034,-0.006571635660787584,MATCHED,"{""allocated_cells"": 17, ""allocation"": {""((0, 1), 3)"": 90, ""((0, 2), 3)"": 259, ""((0, 3), 2)"": 403, ""((0, 3), 3)"": 72, ""((1, 1), 3)"": 37, ""((1, 2), 3)"": 232, ""((1, 3), 1)"": 188, ""((1, 3), 2)"": 120, ""((1, 3), 3)"": 207, ""((2, 2), 2)"": 203, ""((2, 2), 3)"": 223, ""((2, 3), 1)"": 1414, ""((2, 3), 2)"": 69, ""((2, 3), 3)"": 551, ""((3, 3), 0)"": 1963, ""((3, 3), 1)"": 252, ""((3, 3), 2)"": 930}, ""degree_pair_exact"": true, ""matched_edge_count_per_control"": 7213, ""matching_method"": ""integral max-flow with exact endpoint-degree-quantile-pair and base normalized edge-weight quantile marginals"", ""shortages"": {}, ""status"": ""MATCHED"", ""target_degree_pair_marginal"": ""{(3, 3): 3145, (1, 2): 232, (0, 1): 90, (2, 3): 2034, (0, 3): 475, (1, 3): 515, (2, 2): 426, (1, 1): 37, (0, 2): 259}"", ""target_edge_count"": 7213, ""target_weight_quantile_marginal"": ""{2: 1725, 0: 1963, 1: 1854, 3: 1671}"", ""verified_exact_marginals"": true, ""weight_quantile_exact"": true}",frozen graph intervention; FIXED_NORM_MASK is not retrained valid-operator performance
Toys,42,text_uniform,text_low_similarity_high_novelty,RENORMALIZED_DELETE,7213,-0.007006523314810331,-0.00868607319555148,0.04417991638183594,0.1909012794494629,20,0.014010992646217347,0.002465488672428093,0.03016892373561859,-0.005484416525730801,MATCHED,"{""allocated_cells"": 17, ""allocation"": {""((0, 1), 3)"": 90, ""((0, 2), 3)"": 259, ""((0, 3), 2)"": 403, ""((0, 3), 3)"": 72, ""((1, 1), 3)"": 37, ""((1, 2), 3)"": 232, ""((1, 3), 1)"": 188, ""((1, 3), 2)"": 120, ""((1, 3), 3)"": 207, ""((2, 2), 2)"": 203, ""((2, 2), 3)"": 223, ""((2, 3), 1)"": 1414, ""((2, 3), 2)"": 69, ""((2, 3), 3)"": 551, ""((3, 3), 0)"": 1963, ""((3, 3), 1)"": 252, ""((3, 3), 2)"": 930}, ""degree_pair_exact"": true, ""matched_edge_count_per_control"": 7213, ""matching_method"": ""integral max-flow with exact endpoint-degree-quantile-pair and base normalized edge-weight quantile marginals"", ""shortages"": {}, ""status"": ""MATCHED"", ""target_degree_pair_marginal"": ""{(3, 3): 3145, (1, 2): 232, (0, 1): 90, (2, 3): 2034, (0, 3): 475, (1, 3): 515, (2, 2): 426, (1, 1): 37, (0, 2): 259}"", ""target_edge_count"": 7213, ""target_weight_quantile_marginal"": ""{2: 1725, 0: 1963, 1: 1854, 3: 1671}"", ""verified_exact_marginals"": true, ""weight_quantile_exact"": true}",frozen graph intervention; FIXED_NORM_MASK is not retrained valid-operator performance
Toys,42,text_uniform,text_high_similarity_low_novelty,FIXED_NORM_MASK,8167,-0.0021744382701135434,-0.0014509159579153552,0.034827351570129395,-0.3696627616882324,20,0.02307467758655548,0.0020682678724036952,0.011752673983573915,-0.005097849722155051,MATCHED,"{""allocated_cells"": 16, ""allocation"": {""((0, 1), 3)"": 65, ""((0, 2), 3)"": 36, ""((0, 3), 1)"": 9, ""((0, 3), 3)"": 4, ""((1, 1), 3)"": 72, ""((1, 2), 3)"": 142, ""((1, 3), 1)"": 257, ""((1, 3), 3)"": 42, ""((2, 2), 2)"": 198, ""((2, 2), 3)"": 303, ""((2, 3), 0)"": 330, ""((2, 3), 1)"": 1122, ""((2, 3), 3)"": 350, ""((3, 3), 0)"": 2200, ""((3, 3), 1)"": 1235, ""((3, 3), 2)"": 1802}, ""degree_pair_exact"": true, ""matched_edge_count_per_control"": 8167, ""matching_method"": ""integral max-flow with exact endpoint-degree-quantile-pair and base normalized edge-weight quantile marginals"", ""shortages"": {}, ""status"": ""MATCHED"", ""target_degree_pair_marginal"": ""{(3, 3): 5237, (2, 2): 501, (2, 3): 1802, (1, 1): 72, (1, 2): 142, (0, 1): 65, (1, 3): 299, (0, 2): 36, (0, 3): 13}"", ""target_edge_count"": 8167, ""target_weight_quantile_marginal"": ""{1: 2623, 3: 1014, 2: 2000, 0: 2530}"", ""verified_exact_marginals"": true, ""weight_quantile_exact"": true}",frozen graph intervention; FIXED_NORM_MASK is not retrained valid-operator performance
Toys,42,text_uniform,text_high_similarity_low_novelty,RENORMALIZED_DELETE,8167,-0.00024160425223473947,-0.0007512747007114573,0.004124641418457031,0.0007665157318115234,20,0.00426115095615387,0.0013850125034265458,-0.00013650953769683838,-0.0037086252718047273,MATCHED,"{""allocated_cells"": 16, ""allocation"": {""((0, 1), 3)"": 65, ""((0, 2), 3)"": 36, ""((0, 3), 1)"": 9, ""((0, 3), 3)"": 4, ""((1, 1), 3)"": 72, ""((1, 2), 3)"": 142, ""((1, 3), 1)"": 257, ""((1, 3), 3)"": 42, ""((2, 2), 2)"": 198, ""((2, 2), 3)"": 303, ""((2, 3), 0)"": 330, ""((2, 3), 1)"": 1122, ""((2, 3), 3)"": 350, ""((3, 3), 0)"": 2200, ""((3, 3), 1)"": 1235, ""((3, 3), 2)"": 1802}, ""degree_pair_exact"": true, ""matched_edge_count_per_control"": 8167, ""matching_method"": ""integral max-flow with exact endpoint-degree-quantile-pair and base normalized edge-weight quantile marginals"", ""shortages"": {}, ""status"": ""MATCHED"", ""target_degree_pair_marginal"": ""{(3, 3): 5237, (2, 2): 501, (2, 3): 1802, (1, 1): 72, (1, 2): 142, (0, 1): 65, (1, 3): 299, (0, 2): 36, (0, 3): 13}"", ""target_edge_count"": 8167, ""target_weight_quantile_marginal"": ""{1: 2623, 3: 1014, 2: 2000, 0: 2530}"", ""verified_exact_marginals"": true, ""weight_quantile_exact"": true}",frozen graph intervention; FIXED_NORM_MASK is not retrained valid-operator performance
Toys,42,text_uniform,joint_low_similarity_high_novelty,FIXED_NORM_MASK,6324,-0.004348876540227087,-0.004033370123468605,0.028167128562927246,-0.1234731674194336,20,0.027721330523490906,0.0013691801951441318,0.00044579803943634033,-0.005375694612225135,MATCHED,"{""allocated_cells"": 17, ""allocation"": {""((0, 1), 3)"": 74, ""((0, 2), 3)"": 239, ""((0, 3), 2)"": 384, ""((0, 3), 3)"": 77, ""((1, 1), 3)"": 32, ""((1, 2), 3)"": 218, ""((1, 3), 1)"": 229, ""((1, 3), 2)"": 54, ""((1, 3), 3)"": 167, ""((2, 2), 2)"": 212, ""((2, 2), 3)"": 152, ""((2, 3), 1)"": 1224, ""((2, 3), 2)"": 43, ""((2, 3), 3)"": 566, ""((3, 3), 0)"": 1624, ""((3, 3), 1)"": 216, ""((3, 3), 2)"": 813}, ""degree_pair_exact"": true, ""matched_edge_count_per_control"": 6324, ""matching_method"": ""integral max-flow with exact endpoint-degree-quantile-pair and base normalized edge-weight quantile marginals"", ""shortages"": {}, ""status"": ""MATCHED"", ""target_degree_pair_marginal"": ""{(3, 3): 2653, (0, 1): 74, (1, 2): 218, (2, 3): 1833, (0, 3): 461, (1, 3): 450, (2, 2): 364, (0, 2): 239, (1, 1): 32}"", ""target_edge_count"": 6324, ""target_weight_quantile_marginal"": ""{2: 1506, 1: 1669, 0: 1624, 3: 1525}"", ""verified_exact_marginals"": true, ""weight_quantile_exact"": true}",frozen graph intervention; FIXED_NORM_MASK is not retrained valid-operator performance
Toys,42,text_uniform,joint_low_similarity_high_novelty,RENORMALIZED_DELETE,6324,-0.0026576467745831334,-0.003488072576725787,0.025620341300964355,0.15686821937561035,20,0.014447113871574402,0.0014394305021315286,0.011173227429389953,-0.004566320367238419,MATCHED,"{""allocated_cells"": 17, ""allocation"": {""((0, 1), 3)"": 74, ""((0, 2), 3)"": 239, ""((0, 3), 2)"": 384, ""((0, 3), 3)"": 77, ""((1, 1), 3)"": 32, ""((1, 2), 3)"": 218, ""((1, 3), 1)"": 229, ""((1, 3), 2)"": 54, ""((1, 3), 3)"": 167, ""((2, 2), 2)"": 212, ""((2, 2), 3)"": 152, ""((2, 3), 1)"": 1224, ""((2, 3), 2)"": 43, ""((2, 3), 3)"": 566, ""((3, 3), 0)"": 1624, ""((3, 3), 1)"": 216, ""((3, 3), 2)"": 813}, ""degree_pair_exact"": true, ""matched_edge_count_per_control"": 6324, ""matching_method"": ""integral max-flow with exact endpoint-degree-quantile-pair and base normalized edge-weight quantile marginals"", ""shortages"": {}, ""status"": ""MATCHED"", ""target_degree_pair_marginal"": ""{(3, 3): 2653, (0, 1): 74, (1, 2): 218, (2, 3): 1833, (0, 3): 461, (1, 3): 450, (2, 2): 364, (0, 2): 239, (1, 1): 32}"", ""target_edge_count"": 6324, ""target_weight_quantile_marginal"": ""{2: 1506, 1: 1669, 0: 1624, 3: 1525}"", ""verified_exact_marginals"": true, ""weight_quantile_exact"": true}",frozen graph intervention; FIXED_NORM_MASK is not retrained valid-operator performance
Toys,42,text_uniform,joint_high_similarity_low_novelty,FIXED_NORM_MASK,6936,-0.0021744382701135434,-0.0010781392665480949,0.03031480312347412,-0.31053662300109863,20,0.019002437591552734,0.001331039180681598,0.011312365531921387,-0.00393814931142783,MATCHED,"{""allocated_cells"": 16, ""allocation"": {""((0, 1), 3)"": 39, ""((0, 2), 3)"": 22, ""((0, 3), 1)"": 4, ""((0, 3), 3)"": 4, ""((1, 1), 3)"": 51, ""((1, 2), 3)"": 122, ""((1, 3), 1)"": 178, ""((1, 3), 3)"": 42, ""((2, 2), 2)"": 200, ""((2, 2), 3)"": 254, ""((2, 3), 0)"": 357, ""((2, 3), 1)"": 882, ""((2, 3), 3)"": 334, ""((3, 3), 0)"": 1689, ""((3, 3), 1)"": 1196, ""((3, 3), 2)"": 1562}, ""degree_pair_exact"": true, ""matched_edge_count_per_control"": 6936, ""matching_method"": ""integral max-flow with exact endpoint-degree-quantile-pair and base normalized edge-weight quantile marginals"", ""shortages"": {}, ""status"": ""MATCHED"", ""target_degree_pair_marginal"": ""{(0, 2): 22, (3, 3): 4447, (2, 2): 454, (1, 2): 122, (2, 3): 1573, (1, 1): 51, (1, 3): 220, (0, 1): 39, (0, 3): 8}"", ""target_edge_count"": 6936, ""target_weight_quantile_marginal"": ""{3: 868, 1: 2260, 2: 1762, 0: 2046}"", ""verified_exact_marginals"": true, ""weight_quantile_exact"": true}",frozen graph intervention; FIXED_NORM_MASK is not retrained valid-operator performance
Toys,42,text_uniform,joint_high_similarity_low_novelty,RENORMALIZED_DELETE,6936,0.0,-0.00047303713604684994,0.0038033723831176758,0.0002827644348144531,20,0.0033632189035415648,0.0015114964919248494,0.000440153479576111,-0.003261657405170271,MATCHED,"{""allocated_cells"": 16, ""allocation"": {""((0, 1), 3)"": 39, ""((0, 2), 3)"": 22, ""((0, 3), 1)"": 4, ""((0, 3), 3)"": 4, ""((1, 1), 3)"": 51, ""((1, 2), 3)"": 122, ""((1, 3), 1)"": 178, ""((1, 3), 3)"": 42, ""((2, 2), 2)"": 200, ""((2, 2), 3)"": 254, ""((2, 3), 0)"": 357, ""((2, 3), 1)"": 882, ""((2, 3), 3)"": 334, ""((3, 3), 0)"": 1689, ""((3, 3), 1)"": 1196, ""((3, 3), 2)"": 1562}, ""degree_pair_exact"": true, ""matched_edge_count_per_control"": 6936, ""matching_method"": ""integral max-flow with exact endpoint-degree-quantile-pair and base normalized edge-weight quantile marginals"", ""shortages"": {}, ""status"": ""MATCHED"", ""target_degree_pair_marginal"": ""{(0, 2): 22, (3, 3): 4447, (2, 2): 454, (1, 2): 122, (2, 3): 1573, (1, 1): 51, (1, 3): 220, (0, 1): 39, (0, 3): 8}"", ""target_edge_count"": 6936, ""target_weight_quantile_marginal"": ""{3: 868, 1: 2260, 2: 1762, 0: 2046}"", ""verified_exact_marginals"": true, ""weight_quantile_exact"": true}",frozen graph intervention; FIXED_NORM_MASK is not retrained valid-operator performance
Toys,42,visual_uniform,visual_low_similarity_high_novelty,FIXED_NORM_MASK,6545,-0.01256342111621156,-0.011610334092244434,0.0487743616104126,-0.10681319236755371,20,0.03304068744182587,0.0017700499815104748,0.01573367416858673,-0.009990335829910574,MATCHED,"{""allocated_cells"": 17, ""allocation"": {""((0, 1), 3)"": 85, ""((0, 2), 3)"": 263, ""((0, 3), 2)"": 391, ""((0, 3), 3)"": 82, ""((1, 1), 3)"": 35, ""((1, 2), 3)"": 234, ""((1, 3), 1)"": 220, ""((1, 3), 2)"": 56, ""((1, 3), 3)"": 183, ""((2, 2), 2)"": 210, ""((2, 2), 3)"": 166, ""((2, 3), 1)"": 1179, ""((2, 3), 2)"": 97, ""((2, 3), 3)"": 567, ""((3, 3), 0)"": 1743, ""((3, 3), 1)"": 235, ""((3, 3), 2)"": 799}, ""degree_pair_exact"": true, ""matched_edge_count_per_control"": 6545, ""matching_method"": ""integral max-flow with exact endpoint-degree-quantile-pair and base normalized edge-weight quantile marginals"", ""shortages"": {}, ""status"": ""MATCHED"", ""target_degree_pair_marginal"": ""{(3, 3): 2777, (0, 1): 85, (1, 2): 234, (2, 3): 1843, (1, 3): 459, (0, 3): 473, (0, 2): 263, (2, 2): 376, (1, 1): 35}"", ""target_edge_count"": 6545, ""target_weight_quantile_marginal"": ""{2: 1553, 1: 1634, 0: 1743, 3: 1615}"", ""verified_exact_marginals"": true, ""weight_quantile_exact"": true}",frozen graph intervention; FIXED_NORM_MASK is not retrained valid-operator performance
Toys,42,visual_uniform,visual_low_similarity_high_novelty,RENORMALIZED_DELETE,6545,-0.007972940323749622,-0.006833272969806847,0.0796094536781311,0.1700127124786377,20,0.019870540499687193,0.0024330251174053013,0.05973891317844391,-0.007042763952645531,MATCHED,"{""allocated_cells"": 17, ""allocation"": {""((0, 1), 3)"": 85, ""((0, 2), 3)"": 263, ""((0, 3), 2)"": 391, ""((0, 3), 3)"": 82, ""((1, 1), 3)"": 35, ""((1, 2), 3)"": 234, ""((1, 3), 1)"": 220, ""((1, 3), 2)"": 56, ""((1, 3), 3)"": 183, ""((2, 2), 2)"": 210, ""((2, 2), 3)"": 166, ""((2, 3), 1)"": 1179, ""((2, 3), 2)"": 97, ""((2, 3), 3)"": 567, ""((3, 3), 0)"": 1743, ""((3, 3), 1)"": 235, ""((3, 3), 2)"": 799}, ""degree_pair_exact"": true, ""matched_edge_count_per_control"": 6545, ""matching_method"": ""integral max-flow with exact endpoint-degree-quantile-pair and base normalized edge-weight quantile marginals"", ""shortages"": {}, ""status"": ""MATCHED"", ""target_degree_pair_marginal"": ""{(3, 3): 2777, (0, 1): 85, (1, 2): 234, (2, 3): 1843, (1, 3): 459, (0, 3): 473, (0, 2): 263, (2, 2): 376, (1, 1): 35}"", ""target_edge_count"": 6545, ""target_weight_quantile_marginal"": ""{2: 1553, 1: 1634, 0: 1743, 3: 1615}"", ""verified_exact_marginals"": true, ""weight_quantile_exact"": true}",frozen graph intervention; FIXED_NORM_MASK is not retrained valid-operator performance
Toys,42,visual_uniform,visual_high_similarity_low_novelty,FIXED_NORM_MASK,7992,-0.006040106305870929,-0.004360612965555566,0.03804200887680054,-0.36080098152160645,20,0.029410523176193238,0.0017310762280618862,0.008631485700607299,-0.008274945639043208,MATCHED,"{""allocated_cells"": 16, ""allocation"": {""((0, 1), 3)"": 45, ""((0, 2), 3)"": 24, ""((0, 3), 1)"": 3, ""((0, 3), 3)"": 4, ""((1, 1), 3)"": 54, ""((1, 2), 3)"": 136, ""((1, 3), 1)"": 193, ""((1, 3), 3)"": 42, ""((2, 2), 2)"": 185, ""((2, 2), 3)"": 346, ""((2, 3), 0)"": 360, ""((2, 3), 1)"": 1185, ""((2, 3), 3)"": 329, ""((3, 3), 0)"": 2067, ""((3, 3), 1)"": 1152, ""((3, 3), 2)"": 1867}, ""degree_pair_exact"": true, ""matched_edge_count_per_control"": 7992, ""matching_method"": ""integral max-flow with exact endpoint-degree-quantile-pair and base normalized edge-weight quantile marginals"", ""shortages"": {}, ""status"": ""MATCHED"", ""target_degree_pair_marginal"": ""{(0, 2): 24, (3, 3): 5086, (2, 2): 531, (2, 3): 1874, (0, 1): 45, (1, 1): 54, (1, 2): 136, (1, 3): 235, (0, 3): 7}"", ""target_edge_count"": 7992, ""target_weight_quantile_marginal"": ""{3: 980, 1: 2533, 2: 2052, 0: 2427}"", ""verified_exact_marginals"": true, ""weight_quantile_exact"": true}",frozen graph intervention; FIXED_NORM_MASK is not retrained valid-operator performance
Toys,42,visual_uniform,visual_high_similarity_low_novelty,RENORMALIZED_DELETE,7992,-0.0016912297656438424,-0.0012945373400511384,0.0028342604637145996,-0.010888099670410156,20,0.007989841699600219,0.0021064172081141828,-0.005155581235885619,-0.0033945397438994553,MATCHED,"{""allocated_cells"": 16, ""allocation"": {""((0, 1), 3)"": 45, ""((0, 2), 3)"": 24, ""((0, 3), 1)"": 3, ""((0, 3), 3)"": 4, ""((1, 1), 3)"": 54, ""((1, 2), 3)"": 136, ""((1, 3), 1)"": 193, ""((1, 3), 3)"": 42, ""((2, 2), 2)"": 185, ""((2, 2), 3)"": 346, ""((2, 3), 0)"": 360, ""((2, 3), 1)"": 1185, ""((2, 3), 3)"": 329, ""((3, 3), 0)"": 2067, ""((3, 3), 1)"": 1152, ""((3, 3), 2)"": 1867}, ""degree_pair_exact"": true, ""matched_edge_count_per_control"": 7992, ""matching_method"": ""integral max-flow with exact endpoint-degree-quantile-pair and base normalized edge-weight quantile marginals"", ""shortages"": {}, ""status"": ""MATCHED"", ""target_degree_pair_marginal"": ""{(0, 2): 24, (3, 3): 5086, (2, 2): 531, (2, 3): 1874, (0, 1): 45, (1, 1): 54, (1, 2): 136, (1, 3): 235, (0, 3): 7}"", ""target_edge_count"": 7992, ""target_weight_quantile_marginal"": ""{3: 980, 1: 2533, 2: 2052, 0: 2427}"", ""verified_exact_marginals"": true, ""weight_quantile_exact"": true}",frozen graph intervention; FIXED_NORM_MASK is not retrained valid-operator performance
Toys,42,visual_uniform,joint_low_similarity_high_novelty,FIXED_NORM_MASK,6324,-0.007248127567045182,-0.005211886582669023,0.03197145462036133,-0.11226606369018555,20,0.033940425515174864,0.002263529649606919,-0.001968970894813536,-0.009784972215510956,MATCHED,"{""allocated_cells"": 17, ""allocation"": {""((0, 1), 3)"": 74, ""((0, 2), 3)"": 239, ""((0, 3), 2)"": 384, ""((0, 3), 3)"": 77, ""((1, 1), 3)"": 32, ""((1, 2), 3)"": 218, ""((1, 3), 1)"": 229, ""((1, 3), 2)"": 54, ""((1, 3), 3)"": 167, ""((2, 2), 2)"": 212, ""((2, 2), 3)"": 152, ""((2, 3), 1)"": 1224, ""((2, 3), 2)"": 43, ""((2, 3), 3)"": 566, ""((3, 3), 0)"": 1624, ""((3, 3), 1)"": 216, ""((3, 3), 2)"": 813}, ""degree_pair_exact"": true, ""matched_edge_count_per_control"": 6324, ""matching_method"": ""integral max-flow with exact endpoint-degree-quantile-pair and base normalized edge-weight quantile marginals"", ""shortages"": {}, ""status"": ""MATCHED"", ""target_degree_pair_marginal"": ""{(3, 3): 2653, (0, 1): 74, (1, 2): 218, (2, 3): 1833, (0, 3): 461, (1, 3): 450, (2, 2): 364, (0, 2): 239, (1, 1): 32}"", ""target_edge_count"": 6324, ""target_weight_quantile_marginal"": ""{2: 1506, 1: 1669, 0: 1624, 3: 1525}"", ""verified_exact_marginals"": true, ""weight_quantile_exact"": true}",frozen graph intervention; FIXED_NORM_MASK is not retrained valid-operator performance
Toys,42,visual_uniform,joint_low_similarity_high_novelty,RENORMALIZED_DELETE,6324,-0.001932834017878693,-0.0008014766294791587,0.04807591438293457,0.15559601783752441,20,0.023965120315551758,0.0025346187357116906,0.024110794067382812,-0.006607876298622817,MATCHED,"{""allocated_cells"": 17, ""allocation"": {""((0, 1), 3)"": 74, ""((0, 2), 3)"": 239, ""((0, 3), 2)"": 384, ""((0, 3), 3)"": 77, ""((1, 1), 3)"": 32, ""((1, 2), 3)"": 218, ""((1, 3), 1)"": 229, ""((1, 3), 2)"": 54, ""((1, 3), 3)"": 167, ""((2, 2), 2)"": 212, ""((2, 2), 3)"": 152, ""((2, 3), 1)"": 1224, ""((2, 3), 2)"": 43, ""((2, 3), 3)"": 566, ""((3, 3), 0)"": 1624, ""((3, 3), 1)"": 216, ""((3, 3), 2)"": 813}, ""degree_pair_exact"": true, ""matched_edge_count_per_control"": 6324, ""matching_method"": ""integral max-flow with exact endpoint-degree-quantile-pair and base normalized edge-weight quantile marginals"", ""shortages"": {}, ""status"": ""MATCHED"", ""target_degree_pair_marginal"": ""{(3, 3): 2653, (0, 1): 74, (1, 2): 218, (2, 3): 1833, (0, 3): 461, (1, 3): 450, (2, 2): 364, (0, 2): 239, (1, 1): 32}"", ""target_edge_count"": 6324, ""target_weight_quantile_marginal"": ""{2: 1506, 1: 1669, 0: 1624, 3: 1525}"", ""verified_exact_marginals"": true, ""weight_quantile_exact"": true}",frozen graph intervention; FIXED_NORM_MASK is not retrained valid-operator performance
Toys,42,visual_uniform,joint_high_similarity_low_novelty,FIXED_NORM_MASK,6936,-0.005556897801401228,-0.004419980081684205,0.03215217590332031,-0.31269192695617676,20,0.02446647584438324,0.002221978601363336,0.007685700058937074,-0.0071635660787629455,MATCHED,"{""allocated_cells"": 16, ""allocation"": {""((0, 1), 3)"": 39, ""((0, 2), 3)"": 22, ""((0, 3), 1)"": 4, ""((0, 3), 3)"": 4, ""((1, 1), 3)"": 51, ""((1, 2), 3)"": 122, ""((1, 3), 1)"": 178, ""((1, 3), 3)"": 42, ""((2, 2), 2)"": 200, ""((2, 2), 3)"": 254, ""((2, 3), 0)"": 357, ""((2, 3), 1)"": 882, ""((2, 3), 3)"": 334, ""((3, 3), 0)"": 1689, ""((3, 3), 1)"": 1196, ""((3, 3), 2)"": 1562}, ""degree_pair_exact"": true, ""matched_edge_count_per_control"": 6936, ""matching_method"": ""integral max-flow with exact endpoint-degree-quantile-pair and base normalized edge-weight quantile marginals"", ""shortages"": {}, ""status"": ""MATCHED"", ""target_degree_pair_marginal"": ""{(0, 2): 22, (3, 3): 4447, (2, 2): 454, (1, 2): 122, (2, 3): 1573, (1, 1): 51, (1, 3): 220, (0, 1): 39, (0, 3): 8}"", ""target_edge_count"": 6936, ""target_weight_quantile_marginal"": ""{3: 868, 1: 2260, 2: 1762, 0: 2046}"", ""verified_exact_marginals"": true, ""weight_quantile_exact"": true}",frozen graph intervention; FIXED_NORM_MASK is not retrained valid-operator performance
Toys,42,visual_uniform,joint_high_similarity_low_novelty,RENORMALIZED_DELETE,6936,-0.001449625513408992,-0.0011076692902948215,0.004971325397491455,-0.006050586700439453,20,0.00728043019771576,0.0024078691253966887,-0.0023091048002243045,-0.0030804542159941608,MATCHED,"{""allocated_cells"": 16, ""allocation"": {""((0, 1), 3)"": 39, ""((0, 2), 3)"": 22, ""((0, 3), 1)"": 4, ""((0, 3), 3)"": 4, ""((1, 1), 3)"": 51, ""((1, 2), 3)"": 122, ""((1, 3), 1)"": 178, ""((1, 3), 3)"": 42, ""((2, 2), 2)"": 200, ""((2, 2), 3)"": 254, ""((2, 3), 0)"": 357, ""((2, 3), 1)"": 882, ""((2, 3), 3)"": 334, ""((3, 3), 0)"": 1689, ""((3, 3), 1)"": 1196, ""((3, 3), 2)"": 1562}, ""degree_pair_exact"": true, ""matched_edge_count_per_control"": 6936, ""matching_method"": ""integral max-flow with exact endpoint-degree-quantile-pair and base normalized edge-weight quantile marginals"", ""shortages"": {}, ""status"": ""MATCHED"", ""target_degree_pair_marginal"": ""{(0, 2): 22, (3, 3): 4447, (2, 2): 454, (1, 2): 122, (2, 3): 1573, (1, 1): 51, (1, 3): 220, (0, 1): 39, (0, 3): 8}"", ""target_edge_count"": 6936, ""target_weight_quantile_marginal"": ""{3: 868, 1: 2260, 2: 1762, 0: 2046}"", ""verified_exact_marginals"": true, ""weight_quantile_exact"": true}",frozen graph intervention; FIXED_NORM_MASK is not retrained valid-operator performance
Toys,43,uniform,high_similarity_low_novelty,FIXED_NORM_MASK,6909,-0.0012080212611741414,-0.0011631625104839838,0.01602548360824585,-0.3702573776245117,20,0.005606508255004883,0.0012578754829387897,0.010418975353240966,-0.003092534428605903,MATCHED,"{""allocated_cells"": 16, ""allocation"": {""((0, 1), 3)"": 42, ""((0, 2), 3)"": 25, ""((0, 3), 1)"": 5, ""((0, 3), 3)"": 4, ""((1, 1), 3)"": 54, ""((1, 2), 3)"": 124, ""((1, 3), 1)"": 170, ""((1, 3), 3)"": 42, ""((2, 2), 2)"": 203, ""((2, 2), 3)"": 239, ""((2, 3), 0)"": 336, ""((2, 3), 1)"": 892, ""((2, 3), 3)"": 354, ""((3, 3), 0)"": 1709, ""((3, 3), 1)"": 1179, ""((3, 3), 2)"": 1531}, ""degree_pair_exact"": true, ""matched_edge_count_per_control"": 6909, ""matching_method"": ""integral max-flow with exact endpoint-degree-quantile-pair and base normalized edge-weight quantile marginals"", ""shortages"": {}, ""status"": ""MATCHED"", ""target_degree_pair_marginal"": ""{(0, 2): 25, (3, 3): 4419, (2, 2): 442, (1, 2): 124, (2, 3): 1582, (1, 1): 54, (0, 1): 42, (1, 3): 212, (0, 3): 9}"", ""target_edge_count"": 6909, ""target_weight_quantile_marginal"": ""{3: 884, 1: 2246, 2: 1734, 0: 2045}"", ""verified_exact_marginals"": true, ""weight_quantile_exact"": true}",frozen graph intervention; FIXED_NORM_MASK is not retrained valid-operator performance
Toys,43,uniform,high_similarity_low_novelty,RENORMALIZED_DELETE,6909,-0.0007248127567044405,-0.001352999714447689,0.0020002126693725586,-0.009291410446166992,20,0.003116905689239502,0.0017207055182209487,-0.0011166930198669434,-0.002536844648465758,MATCHED,"{""allocated_cells"": 16, ""allocation"": {""((0, 1), 3)"": 42, ""((0, 2), 3)"": 25, ""((0, 3), 1)"": 5, ""((0, 3), 3)"": 4, ""((1, 1), 3)"": 54, ""((1, 2), 3)"": 124, ""((1, 3), 1)"": 170, ""((1, 3), 3)"": 42, ""((2, 2), 2)"": 203, ""((2, 2), 3)"": 239, ""((2, 3), 0)"": 336, ""((2, 3), 1)"": 892, ""((2, 3), 3)"": 354, ""((3, 3), 0)"": 1709, ""((3, 3), 1)"": 1179, ""((3, 3), 2)"": 1531}, ""degree_pair_exact"": true, ""matched_edge_count_per_control"": 6909, ""matching_method"": ""integral max-flow with exact endpoint-degree-quantile-pair and base normalized edge-weight quantile marginals"", ""shortages"": {}, ""status"": ""MATCHED"", ""target_degree_pair_marginal"": ""{(0, 2): 25, (3, 3): 4419, (2, 2): 442, (1, 2): 124, (2, 3): 1582, (1, 1): 54, (0, 1): 42, (1, 3): 212, (0, 3): 9}"", ""target_edge_count"": 6909, ""target_weight_quantile_marginal"": ""{3: 884, 1: 2246, 2: 1734, 0: 2045}"", ""verified_exact_marginals"": true, ""weight_quantile_exact"": true}",frozen graph intervention; FIXED_NORM_MASK is not retrained valid-operator performance
Toys,43,uniform,high_similarity_high_novelty,FIXED_NORM_MASK,2806,-0.004832085044696788,-0.007868150368917304,0.020614802837371826,-0.24045991897583008,20,0.015143066644668579,0.002515519562552475,0.005471736192703247,-0.0040710316501569865,MATCHED,"{""allocated_cells"": 15, ""allocation"": {""((0, 1), 3)"": 160, ""((0, 2), 3)"": 357, ""((0, 3), 2)"": 213, ""((0, 3), 3)"": 99, ""((1, 1), 3)"": 78, ""((1, 2), 3)"": 259, ""((1, 3), 1)"": 25, ""((1, 3), 3)"": 237, ""((2, 2), 2)"": 220, ""((2, 2), 3)"": 16, ""((2, 3), 1)"": 44, ""((2, 3), 2)"": 239, ""((2, 3), 3)"": 351, ""((3, 3), 0)"": 218, ""((3, 3), 1)"": 290}, ""degree_pair_exact"": true, ""matched_edge_count_per_control"": 2806, ""matching_method"": ""integral max-flow with exact endpoint-degree-quantile-pair and base normalized edge-weight quantile marginals"", ""shortages"": {}, ""status"": ""MATCHED"", ""target_degree_pair_marginal"": ""{(0, 2): 357, (1, 1): 78, (2, 2): 236, (3, 3): 508, (1, 3): 262, (1, 2): 259, (2, 3): 634, (0, 1): 160, (0, 3): 312}"", ""target_edge_count"": 2806, ""target_weight_quantile_marginal"": ""{3: 1557, 0: 218, 1: 359, 2: 672}"", ""verified_exact_marginals"": true, ""weight_quantile_exact"": true}",frozen graph intervention; FIXED_NORM_MASK is not retrained valid-operator performance
Toys,43,uniform,high_similarity_high_novelty,RENORMALIZED_DELETE,2806,-0.004348876540227087,-0.005824988465464642,0.011333823204040527,-0.0062754154205322266,20,0.0102085679769516,0.0026182269002468397,0.0011252552270889279,-0.004107272287992231,MATCHED,"{""allocated_cells"": 15, ""allocation"": {""((0, 1), 3)"": 160, ""((0, 2), 3)"": 357, ""((0, 3), 2)"": 213, ""((0, 3), 3)"": 99, ""((1, 1), 3)"": 78, ""((1, 2), 3)"": 259, ""((1, 3), 1)"": 25, ""((1, 3), 3)"": 237, ""((2, 2), 2)"": 220, ""((2, 2), 3)"": 16, ""((2, 3), 1)"": 44, ""((2, 3), 2)"": 239, ""((2, 3), 3)"": 351, ""((3, 3), 0)"": 218, ""((3, 3), 1)"": 290}, ""degree_pair_exact"": true, ""matched_edge_count_per_control"": 2806, ""matching_method"": ""integral max-flow with exact endpoint-degree-quantile-pair and base normalized edge-weight quantile marginals"", ""shortages"": {}, ""status"": ""MATCHED"", ""target_degree_pair_marginal"": ""{(0, 2): 357, (1, 1): 78, (2, 2): 236, (3, 3): 508, (1, 3): 262, (1, 2): 259, (2, 3): 634, (0, 1): 160, (0, 3): 312}"", ""target_edge_count"": 2806, ""target_weight_quantile_marginal"": ""{3: 1557, 0: 218, 1: 359, 2: 672}"", ""verified_exact_marginals"": true, ""weight_quantile_exact"": true}",frozen graph intervention; FIXED_NORM_MASK is not retrained valid-operator performance
Toys,43,uniform,low_similarity_high_novelty,FIXED_NORM_MASK,6237,-0.005315293549166378,-0.005857886040137039,0.022858858108520508,-0.17023849487304688,20,0.014599642157554627,0.0019055876299149043,0.008259215950965881,-0.004844165257308475,MATCHED,"{""allocated_cells"": 17, ""allocation"": {""((0, 1), 3)"": 85, ""((0, 2), 3)"": 230, ""((0, 3), 2)"": 377, ""((0, 3), 3)"": 73, ""((1, 1), 3)"": 31, ""((1, 2), 3)"": 199, ""((1, 3), 1)"": 259, ""((1, 3), 2)"": 32, ""((1, 3), 3)"": 143, ""((2, 2), 2)"": 216, ""((2, 2), 3)"": 153, ""((2, 3), 1)"": 1200, ""((2, 3), 2)"": 41, ""((2, 3), 3)"": 577, ""((3, 3), 0)"": 1595, ""((3, 3), 1)"": 187, ""((3, 3), 2)"": 839}, ""degree_pair_exact"": true, ""matched_edge_count_per_control"": 6237, ""matching_method"": ""integral max-flow with exact endpoint-degree-quantile-pair and base normalized edge-weight quantile marginals"", ""shortages"": {}, ""status"": ""MATCHED"", ""target_degree_pair_marginal"": ""{(3, 3): 2621, (0, 1): 85, (2, 2): 369, (1, 2): 199, (2, 3): 1818, (0, 3): 450, (1, 3): 434, (1, 1): 31, (0, 2): 230}"", ""target_edge_count"": 6237, ""target_weight_quantile_marginal"": ""{2: 1505, 1: 1646, 0: 1595, 3: 1491}"", ""verified_exact_marginals"": true, ""weight_quantile_exact"": true}",frozen graph intervention; FIXED_NORM_MASK is not retrained valid-operator performance
Toys,43,uniform,low_similarity_high_novelty,RENORMALIZED_DELETE,6237,-0.005798502053636079,-0.00589547360540843,0.025380492210388184,0.1544814109802246,20,0.008480128645896912,0.0014172518109136184,0.01690036356449127,-0.0035274220826286007,MATCHED,"{""allocated_cells"": 17, ""allocation"": {""((0, 1), 3)"": 85, ""((0, 2), 3)"": 230, ""((0, 3), 2)"": 377, ""((0, 3), 3)"": 73, ""((1, 1), 3)"": 31, ""((1, 2), 3)"": 199, ""((1, 3), 1)"": 259, ""((1, 3), 2)"": 32, ""((1, 3), 3)"": 143, ""((2, 2), 2)"": 216, ""((2, 2), 3)"": 153, ""((2, 3), 1)"": 1200, ""((2, 3), 2)"": 41, ""((2, 3), 3)"": 577, ""((3, 3), 0)"": 1595, ""((3, 3), 1)"": 187, ""((3, 3), 2)"": 839}, ""degree_pair_exact"": true, ""matched_edge_count_per_control"": 6237, ""matching_method"": ""integral max-flow with exact endpoint-degree-quantile-pair and base normalized edge-weight quantile marginals"", ""shortages"": {}, ""status"": ""MATCHED"", ""target_degree_pair_marginal"": ""{(3, 3): 2621, (0, 1): 85, (2, 2): 369, (1, 2): 199, (2, 3): 1818, (0, 3): 450, (1, 3): 434, (1, 1): 31, (0, 2): 230}"", ""target_edge_count"": 6237, ""target_weight_quantile_marginal"": ""{2: 1505, 1: 1646, 0: 1595, 3: 1491}"", ""verified_exact_marginals"": true, ""weight_quantile_exact"": true}",frozen graph intervention; FIXED_NORM_MASK is not retrained valid-operator performance
Toys,43,uniform,low_similarity_low_novelty,FIXED_NORM_MASK,1815,-0.00024160425223473947,-0.00024719227375402664,0.0011801719665527344,-0.07945108413696289,20,-0.0006683617830276489,0.0006789303764534317,0.0018485337495803833,-0.0005798502053635524,MATCHED,"{""allocated_cells"": 14, ""allocation"": {""((0, 1), 3)"": 1, ""((0, 2), 3)"": 1, ""((0, 3), 1)"": 6, ""((0, 3), 3)"": 4, ""((1, 1), 3)"": 11, ""((1, 2), 3)"": 12, ""((1, 3), 1)"": 11, ""((1, 3), 3)"": 42, ""((2, 2), 2)"": 102, ""((2, 3), 0)"": 253, ""((2, 3), 3)"": 96, ""((3, 3), 0)"": 482, ""((3, 3), 1)"": 538, ""((3, 3), 2)"": 256}, ""degree_pair_exact"": true, ""matched_edge_count_per_control"": 1815, ""matching_method"": ""integral max-flow with exact endpoint-degree-quantile-pair and base normalized edge-weight quantile marginals"", ""shortages"": {}, ""status"": ""MATCHED"", ""target_degree_pair_marginal"": ""{(2, 2): 102, (1, 2): 12, (2, 3): 349, (3, 3): 1276, (1, 1): 11, (1, 3): 53, (0, 3): 10, (0, 2): 1, (0, 1): 1}"", ""target_edge_count"": 1815, ""target_weight_quantile_marginal"": ""{3: 167, 2: 358, 1: 555, 0: 735}"", ""verified_exact_marginals"": true, ""weight_quantile_exact"": true}",frozen graph intervention; FIXED_NORM_MASK is not retrained valid-operator performance
Toys,43,uniform,low_similarity_low_novelty,RENORMALIZED_DELETE,1815,0.0,-0.000733042442830012,0.00028443336486816406,0.0032825469970703125,20,0.0005402058362960815,0.0006849868423348393,-0.00025577247142791746,-0.0005677699927518099,MATCHED,"{""allocated_cells"": 14, ""allocation"": {""((0, 1), 3)"": 1, ""((0, 2), 3)"": 1, ""((0, 3), 1)"": 6, ""((0, 3), 3)"": 4, ""((1, 1), 3)"": 11, ""((1, 2), 3)"": 12, ""((1, 3), 1)"": 11, ""((1, 3), 3)"": 42, ""((2, 2), 2)"": 102, ""((2, 3), 0)"": 253, ""((2, 3), 3)"": 96, ""((3, 3), 0)"": 482, ""((3, 3), 1)"": 538, ""((3, 3), 2)"": 256}, ""degree_pair_exact"": true, ""matched_edge_count_per_control"": 1815, ""matching_method"": ""integral max-flow with exact endpoint-degree-quantile-pair and base normalized edge-weight quantile marginals"", ""shortages"": {}, ""status"": ""MATCHED"", ""target_degree_pair_marginal"": ""{(2, 2): 102, (1, 2): 12, (2, 3): 349, (3, 3): 1276, (1, 1): 11, (1, 3): 53, (0, 3): 10, (0, 2): 1, (0, 1): 1}"", ""target_edge_count"": 1815, ""target_weight_quantile_marginal"": ""{3: 167, 2: 358, 1: 555, 0: 735}"", ""verified_exact_marginals"": true, ""weight_quantile_exact"": true}",frozen graph intervention; FIXED_NORM_MASK is not retrained valid-operator performance
Toys,43,gpr,gpr_high_similarity_low_novelty,FIXED_NORM_MASK,6888,-0.000966417008939402,-0.0015386550483370565,0.018611550331115723,-0.35994768142700195,20,0.006924456357955933,0.0017782805098896792,0.01168709397315979,-0.0026818071998067293,MATCHED,"{""allocated_cells"": 16, ""allocation"": {""((0, 1), 3)"": 41, ""((0, 2), 3)"": 25, ""((0, 3), 1)"": 6, ""((0, 3), 3)"": 4, ""((1, 1), 3)"": 58, ""((1, 2), 3)"": 125, ""((1, 3), 1)"": 169, ""((1, 3), 3)"": 42, ""((2, 2), 2)"": 205, ""((2, 2), 3)"": 231, ""((2, 3), 0)"": 336, ""((2, 3), 1)"": 890, ""((2, 3), 3)"": 355, ""((3, 3), 0)"": 1667, ""((3, 3), 1)"": 1204, ""((3, 3), 2)"": 1530}, ""degree_pair_exact"": true, ""matched_edge_count_per_control"": 6888, ""matching_method"": ""integral max-flow with exact endpoint-degree-quantile-pair and base normalized edge-weight quantile marginals"", ""shortages"": {}, ""status"": ""MATCHED"", ""target_degree_pair_marginal"": ""{(0, 2): 25, (3, 3): 4401, (2, 2): 436, (1, 2): 125, (2, 3): 1581, (1, 1): 58, (0, 1): 41, (1, 3): 211, (0, 3): 10}"", ""target_edge_count"": 6888, ""target_weight_quantile_marginal"": ""{3: 881, 1: 2269, 2: 1735, 0: 2003}"", ""verified_exact_marginals"": true, ""weight_quantile_exact"": true}",frozen graph intervention; FIXED_NORM_MASK is not retrained valid-operator performance
Toys,43,gpr,gpr_high_similarity_low_novelty,RENORMALIZED_DELETE,6888,-0.000483208504469701,-0.0008099053622012686,0.0016925334930419922,-0.010476112365722656,20,0.002756568789482117,0.0014825714376763886,-0.0010640352964401247,-0.0020173955061609018,MATCHED,"{""allocated_cells"": 16, ""allocation"": {""((0, 1), 3)"": 41, ""((0, 2), 3)"": 25, ""((0, 3), 1)"": 6, ""((0, 3), 3)"": 4, ""((1, 1), 3)"": 58, ""((1, 2), 3)"": 125, ""((1, 3), 1)"": 169, ""((1, 3), 3)"": 42, ""((2, 2), 2)"": 205, ""((2, 2), 3)"": 231, ""((2, 3), 0)"": 336, ""((2, 3), 1)"": 890, ""((2, 3), 3)"": 355, ""((3, 3), 0)"": 1667, ""((3, 3), 1)"": 1204, ""((3, 3), 2)"": 1530}, ""degree_pair_exact"": true, ""matched_edge_count_per_control"": 6888, ""matching_method"": ""integral max-flow with exact endpoint-degree-quantile-pair and base normalized edge-weight quantile marginals"", ""shortages"": {}, ""status"": ""MATCHED"", ""target_degree_pair_marginal"": ""{(0, 2): 25, (3, 3): 4401, (2, 2): 436, (1, 2): 125, (2, 3): 1581, (1, 1): 58, (0, 1): 41, (1, 3): 211, (0, 3): 10}"", ""target_edge_count"": 6888, ""target_weight_quantile_marginal"": ""{3: 881, 1: 2269, 2: 1735, 0: 2003}"", ""verified_exact_marginals"": true, ""weight_quantile_exact"": true}",frozen graph intervention; FIXED_NORM_MASK is not retrained valid-operator performance
Toys,43,gpr,gpr_high_similarity_high_novelty,FIXED_NORM_MASK,2803,-0.004107272287992236,-0.005352914300550848,0.021757125854492188,-0.23441171646118164,20,0.016503268480300905,0.0021601741304335667,0.005253857374191283,-0.0026455665619715017,MATCHED,"{""allocated_cells"": 15, ""allocation"": {""((0, 1), 3)"": 159, ""((0, 2), 3)"": 356, ""((0, 3), 2)"": 211, ""((0, 3), 3)"": 100, ""((1, 1), 3)"": 82, ""((1, 2), 3)"": 254, ""((1, 3), 1)"": 26, ""((1, 3), 3)"": 237, ""((2, 2), 2)"": 220, ""((2, 2), 3)"": 16, ""((2, 3), 1)"": 41, ""((2, 3), 2)"": 250, ""((2, 3), 3)"": 348, ""((3, 3), 0)"": 212, ""((3, 3), 1)"": 291}, ""degree_pair_exact"": true, ""matched_edge_count_per_control"": 2803, ""matching_method"": ""integral max-flow with exact endpoint-degree-quantile-pair and base normalized edge-weight quantile marginals"", ""shortages"": {}, ""status"": ""MATCHED"", ""target_degree_pair_marginal"": ""{(0, 2): 356, (1, 1): 82, (2, 2): 236, (1, 3): 263, (1, 2): 254, (2, 3): 639, (3, 3): 503, (0, 1): 159, (0, 3): 311}"", ""target_edge_count"": 2803, ""target_weight_quantile_marginal"": ""{3: 1552, 1: 358, 0: 212, 2: 681}"", ""verified_exact_marginals"": true, ""weight_quantile_exact"": true}",frozen graph intervention; FIXED_NORM_MASK is not retrained valid-operator performance
Toys,43,gpr,gpr_high_similarity_high_novelty,RENORMALIZED_DELETE,2803,-0.003865668035757386,-0.004989115790950072,0.012469291687011719,-0.002995014190673828,20,0.010075032711029053,0.002346567826488926,0.002394258975982666,-0.0029717323024885333,MATCHED,"{""allocated_cells"": 15, ""allocation"": {""((0, 1), 3)"": 159, ""((0, 2), 3)"": 356, ""((0, 3), 2)"": 211, ""((0, 3), 3)"": 100, ""((1, 1), 3)"": 82, ""((1, 2), 3)"": 254, ""((1, 3), 1)"": 26, ""((1, 3), 3)"": 237, ""((2, 2), 2)"": 220, ""((2, 2), 3)"": 16, ""((2, 3), 1)"": 41, ""((2, 3), 2)"": 250, ""((2, 3), 3)"": 348, ""((3, 3), 0)"": 212, ""((3, 3), 1)"": 291}, ""degree_pair_exact"": true, ""matched_edge_count_per_control"": 2803, ""matching_method"": ""integral max-flow with exact endpoint-degree-quantile-pair and base normalized edge-weight quantile marginals"", ""shortages"": {}, ""status"": ""MATCHED"", ""target_degree_pair_marginal"": ""{(0, 2): 356, (1, 1): 82, (2, 2): 236, (1, 3): 263, (1, 2): 254, (2, 3): 639, (3, 3): 503, (0, 1): 159, (0, 3): 311}"", ""target_edge_count"": 2803, ""target_weight_quantile_marginal"": ""{3: 1552, 1: 358, 0: 212, 2: 681}"", ""verified_exact_marginals"": true, ""weight_quantile_exact"": true}",frozen graph intervention; FIXED_NORM_MASK is not retrained valid-operator performance
Toys,43,gpr,gpr_low_similarity_high_novelty,FIXED_NORM_MASK,6265,-0.005556897801401339,-0.004927353454652561,0.02243596315383911,-0.16546368598937988,20,0.01726019084453583,0.0014481047407592258,0.005175772309303283,-0.003962309736651371,MATCHED,"{""allocated_cells"": 17, ""allocation"": {""((0, 1), 3)"": 83, ""((0, 2), 3)"": 231, ""((0, 3), 2)"": 389, ""((0, 3), 3)"": 75, ""((1, 1), 3)"": 30, ""((1, 2), 3)"": 195, ""((1, 3), 1)"": 241, ""((1, 3), 2)"": 41, ""((1, 3), 3)"": 158, ""((2, 2), 2)"": 216, ""((2, 2), 3)"": 156, ""((2, 3), 1)"": 1210, ""((2, 3), 2)"": 38, ""((2, 3), 3)"": 575, ""((3, 3), 0)"": 1595, ""((3, 3), 1)"": 204, ""((3, 3), 2)"": 828}, ""degree_pair_exact"": true, ""matched_edge_count_per_control"": 6265, ""matching_method"": ""integral max-flow with exact endpoint-degree-quantile-pair and base normalized edge-weight quantile marginals"", ""shortages"": {}, ""status"": ""MATCHED"", ""target_degree_pair_marginal"": ""{(3, 3): 2627, (0, 1): 83, (2, 2): 372, (1, 2): 195, (2, 3): 1823, (0, 3): 464, (1, 3): 440, (1, 1): 30, (0, 2): 231}"", ""target_edge_count"": 6265, ""target_weight_quantile_marginal"": ""{2: 1512, 1: 1655, 0: 1595, 3: 1503}"", ""verified_exact_marginals"": true, ""weight_quantile_exact"": true}",frozen graph intervention; FIXED_NORM_MASK is not retrained valid-operator performance
Toys,43,gpr,gpr_low_similarity_high_novelty,RENORMALIZED_DELETE,6265,-0.005315293549166489,-0.005898079782479249,0.025340020656585693,0.14931535720825195,20,0.008800944685935974,0.0014831447870631126,0.01653907597064972,-0.002971732302488539,MATCHED,"{""allocated_cells"": 17, ""allocation"": {""((0, 1), 3)"": 83, ""((0, 2), 3)"": 231, ""((0, 3), 2)"": 389, ""((0, 3), 3)"": 75, ""((1, 1), 3)"": 30, ""((1, 2), 3)"": 195, ""((1, 3), 1)"": 241, ""((1, 3), 2)"": 41, ""((1, 3), 3)"": 158, ""((2, 2), 2)"": 216, ""((2, 2), 3)"": 156, ""((2, 3), 1)"": 1210, ""((2, 3), 2)"": 38, ""((2, 3), 3)"": 575, ""((3, 3), 0)"": 1595, ""((3, 3), 1)"": 204, ""((3, 3), 2)"": 828}, ""degree_pair_exact"": true, ""matched_edge_count_per_control"": 6265, ""matching_method"": ""integral max-flow with exact endpoint-degree-quantile-pair and base normalized edge-weight quantile marginals"", ""shortages"": {}, ""status"": ""MATCHED"", ""target_degree_pair_marginal"": ""{(3, 3): 2627, (0, 1): 83, (2, 2): 372, (1, 2): 195, (2, 3): 1823, (0, 3): 464, (1, 3): 440, (1, 1): 30, (0, 2): 231}"", ""target_edge_count"": 6265, ""target_weight_quantile_marginal"": ""{2: 1512, 1: 1655, 0: 1595, 3: 1503}"", ""verified_exact_marginals"": true, ""weight_quantile_exact"": true}",frozen graph intervention; FIXED_NORM_MASK is not retrained valid-operator performance
Toys,43,gpr,gpr_low_similarity_low_novelty,FIXED_NORM_MASK,1850,0.0,0.00018094294019466162,0.0013576149940490723,-0.0762336254119873,20,-0.00016369819641113282,0.0007768508094826269,0.0015213131904602052,8.456148828219212e-05,MATCHED,"{""allocated_cells"": 13, ""allocation"": {""((0, 1), 3)"": 1, ""((0, 2), 3)"": 1, ""((0, 3), 1)"": 6, ""((0, 3), 3)"": 4, ""((1, 1), 3)"": 11, ""((1, 2), 3)"": 13, ""((1, 3), 3)"": 41, ""((2, 2), 2)"": 104, ""((2, 3), 0)"": 253, ""((2, 3), 3)"": 101, ""((3, 3), 0)"": 519, ""((3, 3), 1)"": 536, ""((3, 3), 2)"": 260}, ""degree_pair_exact"": true, ""matched_edge_count_per_control"": 1850, ""matching_method"": ""integral max-flow with exact endpoint-degree-quantile-pair and base normalized edge-weight quantile marginals"", ""shortages"": {}, ""status"": ""MATCHED"", ""target_degree_pair_marginal"": ""{(2, 2): 104, (1, 2): 13, (2, 3): 354, (3, 3): 1315, (1, 1): 11, (1, 3): 41, (0, 3): 10, (0, 2): 1, (0, 1): 1}"", ""target_edge_count"": 1850, ""target_weight_quantile_marginal"": ""{3: 172, 2: 364, 1: 542, 0: 772}"", ""verified_exact_marginals"": true, ""weight_quantile_exact"": true}",frozen graph intervention; FIXED_NORM_MASK is not retrained valid-operator performance
Toys,43,gpr,gpr_low_similarity_low_novelty,RENORMALIZED_DELETE,1850,-0.000483208504469701,-0.00031838614519819064,0.00040912628173828125,0.0044476985931396484,20,0.0003169924020767212,0.0004855032013038379,9.213387966156006e-05,-0.00026576467745832445,MATCHED,"{""allocated_cells"": 13, ""allocation"": {""((0, 1), 3)"": 1, ""((0, 2), 3)"": 1, ""((0, 3), 1)"": 6, ""((0, 3), 3)"": 4, ""((1, 1), 3)"": 11, ""((1, 2), 3)"": 13, ""((1, 3), 3)"": 41, ""((2, 2), 2)"": 104, ""((2, 3), 0)"": 253, ""((2, 3), 3)"": 101, ""((3, 3), 0)"": 519, ""((3, 3), 1)"": 536, ""((3, 3), 2)"": 260}, ""degree_pair_exact"": true, ""matched_edge_count_per_control"": 1850, ""matching_method"": ""integral max-flow with exact endpoint-degree-quantile-pair and base normalized edge-weight quantile marginals"", ""shortages"": {}, ""status"": ""MATCHED"", ""target_degree_pair_marginal"": ""{(2, 2): 104, (1, 2): 13, (2, 3): 354, (3, 3): 1315, (1, 1): 11, (1, 3): 41, (0, 3): 10, (0, 2): 1, (0, 1): 1}"", ""target_edge_count"": 1850, ""target_weight_quantile_marginal"": ""{3: 172, 2: 364, 1: 542, 0: 772}"", ""verified_exact_marginals"": true, ""weight_quantile_exact"": true}",frozen graph intervention; FIXED_NORM_MASK is not retrained valid-operator performance
Toys,43,text_uniform,text_low_similarity_high_novelty,FIXED_NORM_MASK,6397,-0.005798502053636079,-0.006904654015083556,0.02907806634902954,-0.09249496459960938,20,0.03137657642364502,0.0020777697891014245,-0.002298510074615477,-0.004155593138439206,MATCHED,"{""allocated_cells"": 17, ""allocation"": {""((0, 1), 3)"": 80, ""((0, 2), 3)"": 231, ""((0, 3), 2)"": 348, ""((0, 3), 3)"": 73, ""((1, 1), 3)"": 33, ""((1, 2), 3)"": 204, ""((1, 3), 1)"": 262, ""((1, 3), 2)"": 38, ""((1, 3), 3)"": 139, ""((2, 2), 2)"": 210, ""((2, 2), 3)"": 145, ""((2, 3), 1)"": 1237, ""((2, 3), 2)"": 37, ""((2, 3), 3)"": 564, ""((3, 3), 0)"": 1727, ""((3, 3), 1)"": 184, ""((3, 3), 2)"": 885}, ""degree_pair_exact"": true, ""matched_edge_count_per_control"": 6397, ""matching_method"": ""integral max-flow with exact endpoint-degree-quantile-pair and base normalized edge-weight quantile marginals"", ""shortages"": {}, ""status"": ""MATCHED"", ""target_degree_pair_marginal"": ""{(2, 3): 1838, (3, 3): 2796, (0, 3): 421, (1, 2): 204, (1, 3): 439, (2, 2): 355, (0, 2): 231, (1, 1): 33, (0, 1): 80}"", ""target_edge_count"": 6397, ""target_weight_quantile_marginal"": ""{3: 1469, 2: 1518, 1: 1683, 0: 1727}"", ""verified_exact_marginals"": true, ""weight_quantile_exact"": true}",frozen graph intervention; FIXED_NORM_MASK is not retrained valid-operator performance
Toys,43,text_uniform,text_low_similarity_high_novelty,RENORMALIZED_DELETE,6397,-0.0031408552790528343,-0.004190636992892127,0.019962728023529053,0.205596923828125,20,0.008782199025154114,0.0016250357619339308,0.011180528998374939,-0.00310461464121764,MATCHED,"{""allocated_cells"": 17, ""allocation"": {""((0, 1), 3)"": 80, ""((0, 2), 3)"": 231, ""((0, 3), 2)"": 348, ""((0, 3), 3)"": 73, ""((1, 1), 3)"": 33, ""((1, 2), 3)"": 204, ""((1, 3), 1)"": 262, ""((1, 3), 2)"": 38, ""((1, 3), 3)"": 139, ""((2, 2), 2)"": 210, ""((2, 2), 3)"": 145, ""((2, 3), 1)"": 1237, ""((2, 3), 2)"": 37, ""((2, 3), 3)"": 564, ""((3, 3), 0)"": 1727, ""((3, 3), 1)"": 184, ""((3, 3), 2)"": 885}, ""degree_pair_exact"": true, ""matched_edge_count_per_control"": 6397, ""matching_method"": ""integral max-flow with exact endpoint-degree-quantile-pair and base normalized edge-weight quantile marginals"", ""shortages"": {}, ""status"": ""MATCHED"", ""target_degree_pair_marginal"": ""{(2, 3): 1838, (3, 3): 2796, (0, 3): 421, (1, 2): 204, (1, 3): 439, (2, 2): 355, (0, 2): 231, (1, 1): 33, (0, 1): 80}"", ""target_edge_count"": 6397, ""target_weight_quantile_marginal"": ""{3: 1469, 2: 1518, 1: 1683, 0: 1727}"", ""verified_exact_marginals"": true, ""weight_quantile_exact"": true}",frozen graph intervention; FIXED_NORM_MASK is not retrained valid-operator performance
Toys,43,text_uniform,text_high_similarity_low_novelty,FIXED_NORM_MASK,8398,-0.002899251026817984,-0.0028119565585873474,0.03867769241333008,-0.3908841609954834,20,0.02469078600406647,0.0018945085730914944,0.01398690640926361,-0.0016670693404203462,MATCHED,"{""allocated_cells"": 16, ""allocation"": {""((0, 1), 3)"": 62, ""((0, 2), 3)"": 39, ""((0, 3), 1)"": 8, ""((0, 3), 3)"": 4, ""((1, 1), 3)"": 73, ""((1, 2), 3)"": 134, ""((1, 3), 1)"": 240, ""((1, 3), 3)"": 42, ""((2, 2), 2)"": 204, ""((2, 2), 3)"": 286, ""((2, 3), 0)"": 306, ""((2, 3), 1)"": 1192, ""((2, 3), 3)"": 367, ""((3, 3), 0)"": 2345, ""((3, 3), 1)"": 1265, ""((3, 3), 2)"": 1831}, ""degree_pair_exact"": true, ""matched_edge_count_per_control"": 8398, ""matching_method"": ""integral max-flow with exact endpoint-degree-quantile-pair and base normalized edge-weight quantile marginals"", ""shortages"": {}, ""status"": ""MATCHED"", ""target_degree_pair_marginal"": ""{(3, 3): 5441, (2, 2): 490, (2, 3): 1865, (1, 1): 73, (0, 1): 62, (1, 2): 134, (1, 3): 282, (0, 2): 39, (0, 3): 12}"", ""target_edge_count"": 8398, ""target_weight_quantile_marginal"": ""{2: 2035, 1: 2705, 3: 1007, 0: 2651}"", ""verified_exact_marginals"": true, ""weight_quantile_exact"": true}",frozen graph intervention; FIXED_NORM_MASK is not retrained valid-operator performance
Toys,43,text_uniform,text_high_similarity_low_novelty,RENORMALIZED_DELETE,8398,-0.001449625513408992,-0.0015363177506875214,0.003654181957244873,-0.0041620731353759766,20,0.0016010761260986327,0.0019053444972066216,0.0020531058311462403,-0.0006885721188692407,MATCHED,"{""allocated_cells"": 16, ""allocation"": {""((0, 1), 3)"": 62, ""((0, 2), 3)"": 39, ""((0, 3), 1)"": 8, ""((0, 3), 3)"": 4, ""((1, 1), 3)"": 73, ""((1, 2), 3)"": 134, ""((1, 3), 1)"": 240, ""((1, 3), 3)"": 42, ""((2, 2), 2)"": 204, ""((2, 2), 3)"": 286, ""((2, 3), 0)"": 306, ""((2, 3), 1)"": 1192, ""((2, 3), 3)"": 367, ""((3, 3), 0)"": 2345, ""((3, 3), 1)"": 1265, ""((3, 3), 2)"": 1831}, ""degree_pair_exact"": true, ""matched_edge_count_per_control"": 8398, ""matching_method"": ""integral max-flow with exact endpoint-degree-quantile-pair and base normalized edge-weight quantile marginals"", ""shortages"": {}, ""status"": ""MATCHED"", ""target_degree_pair_marginal"": ""{(3, 3): 5441, (2, 2): 490, (2, 3): 1865, (1, 1): 73, (0, 1): 62, (1, 2): 134, (1, 3): 282, (0, 2): 39, (0, 3): 12}"", ""target_edge_count"": 8398, ""target_weight_quantile_marginal"": ""{2: 2035, 1: 2705, 3: 1007, 0: 2651}"", ""verified_exact_marginals"": true, ""weight_quantile_exact"": true}",frozen graph intervention; FIXED_NORM_MASK is not retrained valid-operator performance
Toys,43,text_uniform,joint_low_similarity_high_novelty,FIXED_NORM_MASK,6237,-0.002899251026817984,-0.004002664209484363,0.028208553791046143,-0.11644887924194336,20,0.031174665689468382,0.0020633198139285132,-0.00296611189842224,-0.004348876540227064,MATCHED,"{""allocated_cells"": 17, ""allocation"": {""((0, 1), 3)"": 85, ""((0, 2), 3)"": 230, ""((0, 3), 2)"": 377, ""((0, 3), 3)"": 73, ""((1, 1), 3)"": 31, ""((1, 2), 3)"": 199, ""((1, 3), 1)"": 259, ""((1, 3), 2)"": 32, ""((1, 3), 3)"": 143, ""((2, 2), 2)"": 216, ""((2, 2), 3)"": 153, ""((2, 3), 1)"": 1200, ""((2, 3), 2)"": 41, ""((2, 3), 3)"": 577, ""((3, 3), 0)"": 1595, ""((3, 3), 1)"": 187, ""((3, 3), 2)"": 839}, ""degree_pair_exact"": true, ""matched_edge_count_per_control"": 6237, ""matching_method"": ""integral max-flow with exact endpoint-degree-quantile-pair and base normalized edge-weight quantile marginals"", ""shortages"": {}, ""status"": ""MATCHED"", ""target_degree_pair_marginal"": ""{(3, 3): 2621, (0, 1): 85, (2, 2): 369, (1, 2): 199, (2, 3): 1818, (0, 3): 450, (1, 3): 434, (1, 1): 31, (0, 2): 230}"", ""target_edge_count"": 6237, ""target_weight_quantile_marginal"": ""{2: 1505, 1: 1646, 0: 1595, 3: 1491}"", ""verified_exact_marginals"": true, ""weight_quantile_exact"": true}",frozen graph intervention; FIXED_NORM_MASK is not retrained valid-operator performance
Toys,43,text_uniform,joint_low_similarity_high_novelty,RENORMALIZED_DELETE,6237,-0.003382459531287685,-0.004952949881937507,0.015976548194885254,0.17433571815490723,20,0.009764012694358826,0.0017057784783240685,0.0062125355005264275,-0.0032737376177820244,MATCHED,"{""allocated_cells"": 17, ""allocation"": {""((0, 1), 3)"": 85, ""((0, 2), 3)"": 230, ""((0, 3), 2)"": 377, ""((0, 3), 3)"": 73, ""((1, 1), 3)"": 31, ""((1, 2), 3)"": 199, ""((1, 3), 1)"": 259, ""((1, 3), 2)"": 32, ""((1, 3), 3)"": 143, ""((2, 2), 2)"": 216, ""((2, 2), 3)"": 153, ""((2, 3), 1)"": 1200, ""((2, 3), 2)"": 41, ""((2, 3), 3)"": 577, ""((3, 3), 0)"": 1595, ""((3, 3), 1)"": 187, ""((3, 3), 2)"": 839}, ""degree_pair_exact"": true, ""matched_edge_count_per_control"": 6237, ""matching_method"": ""integral max-flow with exact endpoint-degree-quantile-pair and base normalized edge-weight quantile marginals"", ""shortages"": {}, ""status"": ""MATCHED"", ""target_degree_pair_marginal"": ""{(3, 3): 2621, (0, 1): 85, (2, 2): 369, (1, 2): 199, (2, 3): 1818, (0, 3): 450, (1, 3): 434, (1, 1): 31, (0, 2): 230}"", ""target_edge_count"": 6237, ""target_weight_quantile_marginal"": ""{2: 1505, 1: 1646, 0: 1595, 3: 1491}"", ""verified_exact_marginals"": true, ""weight_quantile_exact"": true}",frozen graph intervention; FIXED_NORM_MASK is not retrained valid-operator performance
Toys,43,text_uniform,joint_high_similarity_low_novelty,FIXED_NORM_MASK,6909,-0.002416042522348394,-0.0032727310060459702,0.031125783920288086,-0.3137838840484619,20,0.018271970748901366,0.0016916330982642562,0.01285381317138672,-0.0006764919062575092,MATCHED,"{""allocated_cells"": 16, ""allocation"": {""((0, 1), 3)"": 42, ""((0, 2), 3)"": 25, ""((0, 3), 1)"": 5, ""((0, 3), 3)"": 4, ""((1, 1), 3)"": 54, ""((1, 2), 3)"": 124, ""((1, 3), 1)"": 170, ""((1, 3), 3)"": 42, ""((2, 2), 2)"": 203, ""((2, 2), 3)"": 239, ""((2, 3), 0)"": 336, ""((2, 3), 1)"": 892, ""((2, 3), 3)"": 354, ""((3, 3), 0)"": 1709, ""((3, 3), 1)"": 1179, ""((3, 3), 2)"": 1531}, ""degree_pair_exact"": true, ""matched_edge_count_per_control"": 6909, ""matching_method"": ""integral max-flow with exact endpoint-degree-quantile-pair and base normalized edge-weight quantile marginals"", ""shortages"": {}, ""status"": ""MATCHED"", ""target_degree_pair_marginal"": ""{(0, 2): 25, (3, 3): 4419, (2, 2): 442, (1, 2): 124, (2, 3): 1582, (1, 1): 54, (0, 1): 42, (1, 3): 212, (0, 3): 9}"", ""target_edge_count"": 6909, ""target_weight_quantile_marginal"": ""{3: 884, 1: 2246, 2: 1734, 0: 2045}"", ""verified_exact_marginals"": true, ""weight_quantile_exact"": true}",frozen graph intervention; FIXED_NORM_MASK is not retrained valid-operator performance
Toys,43,text_uniform,joint_high_similarity_low_novelty,RENORMALIZED_DELETE,6909,-0.0021744382701135434,-0.0017831717435349281,0.002058744430541992,-0.0033349990844726562,20,0.0011192798614501954,0.0012026085934996973,0.0009394645690917968,-0.0005556897801400728,MATCHED,"{""allocated_cells"": 16, ""allocation"": {""((0, 1), 3)"": 42, ""((0, 2), 3)"": 25, ""((0, 3), 1)"": 5, ""((0, 3), 3)"": 4, ""((1, 1), 3)"": 54, ""((1, 2), 3)"": 124, ""((1, 3), 1)"": 170, ""((1, 3), 3)"": 42, ""((2, 2), 2)"": 203, ""((2, 2), 3)"": 239, ""((2, 3), 0)"": 336, ""((2, 3), 1)"": 892, ""((2, 3), 3)"": 354, ""((3, 3), 0)"": 1709, ""((3, 3), 1)"": 1179, ""((3, 3), 2)"": 1531}, ""degree_pair_exact"": true, ""matched_edge_count_per_control"": 6909, ""matching_method"": ""integral max-flow with exact endpoint-degree-quantile-pair and base normalized edge-weight quantile marginals"", ""shortages"": {}, ""status"": ""MATCHED"", ""target_degree_pair_marginal"": ""{(0, 2): 25, (3, 3): 4419, (2, 2): 442, (1, 2): 124, (2, 3): 1582, (1, 1): 54, (0, 1): 42, (1, 3): 212, (0, 3): 9}"", ""target_edge_count"": 6909, ""target_weight_quantile_marginal"": ""{3: 884, 1: 2246, 2: 1734, 0: 2045}"", ""verified_exact_marginals"": true, ""weight_quantile_exact"": true}",frozen graph intervention; FIXED_NORM_MASK is not retrained valid-operator performance
Toys,43,visual_uniform,visual_low_similarity_high_novelty,FIXED_NORM_MASK,6685,-0.013288233872916111,-0.01890729331851282,0.05136668682098389,-0.09480524063110352,20,0.0467988520860672,0.00224634585965139,0.00456783473491669,-0.0067890794877989765,MATCHED,"{""allocated_cells"": 17, ""allocation"": {""((0, 1), 3)"": 79, ""((0, 2), 3)"": 266, ""((0, 3), 2)"": 385, ""((0, 3), 3)"": 73, ""((1, 1), 3)"": 30, ""((1, 2), 3)"": 234, ""((1, 3), 1)"": 191, ""((1, 3), 2)"": 77, ""((1, 3), 3)"": 210, ""((2, 2), 2)"": 215, ""((2, 2), 3)"": 160, ""((2, 3), 1)"": 1219, ""((2, 3), 2)"": 88, ""((2, 3), 3)"": 563, ""((3, 3), 0)"": 1833, ""((3, 3), 1)"": 256, ""((3, 3), 2)"": 806}, ""degree_pair_exact"": true, ""matched_edge_count_per_control"": 6685, ""matching_method"": ""integral max-flow with exact endpoint-degree-quantile-pair and base normalized edge-weight quantile marginals"", ""shortages"": {}, ""status"": ""MATCHED"", ""target_degree_pair_marginal"": ""{(0, 2): 266, (3, 3): 2895, (0, 1): 79, (2, 3): 1870, (1, 2): 234, (0, 3): 458, (1, 3): 478, (2, 2): 375, (1, 1): 30}"", ""target_edge_count"": 6685, ""target_weight_quantile_marginal"": ""{3: 1615, 2: 1571, 1: 1666, 0: 1833}"", ""verified_exact_marginals"": true, ""weight_quantile_exact"": true}",frozen graph intervention; FIXED_NORM_MASK is not retrained valid-operator performance
Toys,43,visual_uniform,visual_low_similarity_high_novelty,RENORMALIZED_DELETE,6685,-0.011597004107272268,-0.016573703044263755,0.04007124900817871,0.17109203338623047,20,0.010500690340995789,0.0016957594241247247,0.029570558667182924,-0.004348876540227103,MATCHED,"{""allocated_cells"": 17, ""allocation"": {""((0, 1), 3)"": 79, ""((0, 2), 3)"": 266, ""((0, 3), 2)"": 385, ""((0, 3), 3)"": 73, ""((1, 1), 3)"": 30, ""((1, 2), 3)"": 234, ""((1, 3), 1)"": 191, ""((1, 3), 2)"": 77, ""((1, 3), 3)"": 210, ""((2, 2), 2)"": 215, ""((2, 2), 3)"": 160, ""((2, 3), 1)"": 1219, ""((2, 3), 2)"": 88, ""((2, 3), 3)"": 563, ""((3, 3), 0)"": 1833, ""((3, 3), 1)"": 256, ""((3, 3), 2)"": 806}, ""degree_pair_exact"": true, ""matched_edge_count_per_control"": 6685, ""matching_method"": ""integral max-flow with exact endpoint-degree-quantile-pair and base normalized edge-weight quantile marginals"", ""shortages"": {}, ""status"": ""MATCHED"", ""target_degree_pair_marginal"": ""{(0, 2): 266, (3, 3): 2895, (0, 1): 79, (2, 3): 1870, (1, 2): 234, (0, 3): 458, (1, 3): 478, (2, 2): 375, (1, 1): 30}"", ""target_edge_count"": 6685, ""target_weight_quantile_marginal"": ""{3: 1615, 2: 1571, 1: 1666, 0: 1833}"", ""verified_exact_marginals"": true, ""weight_quantile_exact"": true}",frozen graph intervention; FIXED_NORM_MASK is not retrained valid-operator performance
Toys,43,visual_uniform,visual_high_similarity_low_novelty,FIXED_NORM_MASK,8034,-0.0021744382701135434,-0.0020780946492467978,0.044629693031311035,-0.36817169189453125,20,0.039009508490562436,0.0015461773643552703,0.005620184540748599,-0.004820004832085029,MATCHED,"{""allocated_cells"": 15, ""allocation"": {""((0, 1), 3)"": 55, ""((0, 2), 3)"": 29, ""((0, 3), 3)"": 4, ""((1, 1), 3)"": 60, ""((1, 2), 3)"": 139, ""((1, 3), 1)"": 163, ""((1, 3), 3)"": 42, ""((2, 2), 2)"": 195, ""((2, 2), 3)"": 332, ""((2, 3), 0)"": 306, ""((2, 3), 1)"": 1251, ""((2, 3), 3)"": 380, ""((3, 3), 0)"": 2079, ""((3, 3), 1)"": 1115, ""((3, 3), 2)"": 1884}, ""degree_pair_exact"": true, ""matched_edge_count_per_control"": 8034, ""matching_method"": ""integral max-flow with exact endpoint-degree-quantile-pair and base normalized edge-weight quantile marginals"", ""shortages"": {}, ""status"": ""MATCHED"", ""target_degree_pair_marginal"": ""{(0, 2): 29, (3, 3): 5078, (2, 2): 527, (2, 3): 1937, (1, 2): 139, (1, 1): 60, (0, 1): 55, (1, 3): 205, (0, 3): 4}"", ""target_edge_count"": 8034, ""target_weight_quantile_marginal"": ""{3: 1041, 1: 2529, 2: 2079, 0: 2385}"", ""verified_exact_marginals"": true, ""weight_quantile_exact"": true}",frozen graph intervention; FIXED_NORM_MASK is not retrained valid-operator performance
Toys,43,visual_uniform,visual_high_similarity_low_novelty,RENORMALIZED_DELETE,8034,-0.0007248127567045515,-0.0012849004420252275,0.00040602684020996094,-0.018352031707763672,20,0.003552818298339844,0.0018893902529975642,-0.003146791458129883,-0.0015825078521381874,MATCHED,"{""allocated_cells"": 15, ""allocation"": {""((0, 1), 3)"": 55, ""((0, 2), 3)"": 29, ""((0, 3), 3)"": 4, ""((1, 1), 3)"": 60, ""((1, 2), 3)"": 139, ""((1, 3), 1)"": 163, ""((1, 3), 3)"": 42, ""((2, 2), 2)"": 195, ""((2, 2), 3)"": 332, ""((2, 3), 0)"": 306, ""((2, 3), 1)"": 1251, ""((2, 3), 3)"": 380, ""((3, 3), 0)"": 2079, ""((3, 3), 1)"": 1115, ""((3, 3), 2)"": 1884}, ""degree_pair_exact"": true, ""matched_edge_count_per_control"": 8034, ""matching_method"": ""integral max-flow with exact endpoint-degree-quantile-pair and base normalized edge-weight quantile marginals"", ""shortages"": {}, ""status"": ""MATCHED"", ""target_degree_pair_marginal"": ""{(0, 2): 29, (3, 3): 5078, (2, 2): 527, (2, 3): 1937, (1, 2): 139, (1, 1): 60, (0, 1): 55, (1, 3): 205, (0, 3): 4}"", ""target_edge_count"": 8034, ""target_weight_quantile_marginal"": ""{3: 1041, 1: 2529, 2: 2079, 0: 2385}"", ""verified_exact_marginals"": true, ""weight_quantile_exact"": true}",frozen graph intervention; FIXED_NORM_MASK is not retrained valid-operator performance
Toys,43,visual_uniform,joint_low_similarity_high_novelty,FIXED_NORM_MASK,6237,-0.00652331481034063,-0.01147387953968182,0.036080002784729004,-0.0963289737701416,20,0.044653159379959104,0.0015816033642376166,-0.0085731565952301,-0.005931384392365319,MATCHED,"{""allocated_cells"": 17, ""allocation"": {""((0, 1), 3)"": 85, ""((0, 2), 3)"": 230, ""((0, 3), 2)"": 377, ""((0, 3), 3)"": 73, ""((1, 1), 3)"": 31, ""((1, 2), 3)"": 199, ""((1, 3), 1)"": 259, ""((1, 3), 2)"": 32, ""((1, 3), 3)"": 143, ""((2, 2), 2)"": 216, ""((2, 2), 3)"": 153, ""((2, 3), 1)"": 1200, ""((2, 3), 2)"": 41, ""((2, 3), 3)"": 577, ""((3, 3), 0)"": 1595, ""((3, 3), 1)"": 187, ""((3, 3), 2)"": 839}, ""degree_pair_exact"": true, ""matched_edge_count_per_control"": 6237, ""matching_method"": ""integral max-flow with exact endpoint-degree-quantile-pair and base normalized edge-weight quantile marginals"", ""shortages"": {}, ""status"": ""MATCHED"", ""target_degree_pair_marginal"": ""{(3, 3): 2621, (0, 1): 85, (2, 2): 369, (1, 2): 199, (2, 3): 1818, (0, 3): 450, (1, 3): 434, (1, 1): 31, (0, 2): 230}"", ""target_edge_count"": 6237, ""target_weight_quantile_marginal"": ""{2: 1505, 1: 1646, 0: 1595, 3: 1491}"", ""verified_exact_marginals"": true, ""weight_quantile_exact"": true}",frozen graph intervention; FIXED_NORM_MASK is not retrained valid-operator performance
Toys,43,visual_uniform,joint_low_similarity_high_novelty,RENORMALIZED_DELETE,6237,-0.004107272287992236,-0.00735916327874131,0.01723182201385498,0.16579389572143555,20,0.012027093768119812,0.0017172885283332116,0.005204728245735169,-0.0037811065474752325,MATCHED,"{""allocated_cells"": 17, ""allocation"": {""((0, 1), 3)"": 85, ""((0, 2), 3)"": 230, ""((0, 3), 2)"": 377, ""((0, 3), 3)"": 73, ""((1, 1), 3)"": 31, ""((1, 2), 3)"": 199, ""((1, 3), 1)"": 259, ""((1, 3), 2)"": 32, ""((1, 3), 3)"": 143, ""((2, 2), 2)"": 216, ""((2, 2), 3)"": 153, ""((2, 3), 1)"": 1200, ""((2, 3), 2)"": 41, ""((2, 3), 3)"": 577, ""((3, 3), 0)"": 1595, ""((3, 3), 1)"": 187, ""((3, 3), 2)"": 839}, ""degree_pair_exact"": true, ""matched_edge_count_per_control"": 6237, ""matching_method"": ""integral max-flow with exact endpoint-degree-quantile-pair and base normalized edge-weight quantile marginals"", ""shortages"": {}, ""status"": ""MATCHED"", ""target_degree_pair_marginal"": ""{(3, 3): 2621, (0, 1): 85, (2, 2): 369, (1, 2): 199, (2, 3): 1818, (0, 3): 450, (1, 3): 434, (1, 1): 31, (0, 2): 230}"", ""target_edge_count"": 6237, ""target_weight_quantile_marginal"": ""{2: 1505, 1: 1646, 0: 1595, 3: 1491}"", ""verified_exact_marginals"": true, ""weight_quantile_exact"": true}",frozen graph intervention; FIXED_NORM_MASK is not retrained valid-operator performance
Toys,43,visual_uniform,joint_high_similarity_low_novelty,FIXED_NORM_MASK,6909,-0.005073689296931638,-0.004693309183534833,0.03966134786605835,-0.29021573066711426,20,0.030918702483177185,0.0014050025025574141,0.008742645382881165,-0.003479101232181675,MATCHED,"{""allocated_cells"": 16, ""allocation"": {""((0, 1), 3)"": 42, ""((0, 2), 3)"": 25, ""((0, 3), 1)"": 5, ""((0, 3), 3)"": 4, ""((1, 1), 3)"": 54, ""((1, 2), 3)"": 124, ""((1, 3), 1)"": 170, ""((1, 3), 3)"": 42, ""((2, 2), 2)"": 203, ""((2, 2), 3)"": 239, ""((2, 3), 0)"": 336, ""((2, 3), 1)"": 892, ""((2, 3), 3)"": 354, ""((3, 3), 0)"": 1709, ""((3, 3), 1)"": 1179, ""((3, 3), 2)"": 1531}, ""degree_pair_exact"": true, ""matched_edge_count_per_control"": 6909, ""matching_method"": ""integral max-flow with exact endpoint-degree-quantile-pair and base normalized edge-weight quantile marginals"", ""shortages"": {}, ""status"": ""MATCHED"", ""target_degree_pair_marginal"": ""{(0, 2): 25, (3, 3): 4419, (2, 2): 442, (1, 2): 124, (2, 3): 1582, (1, 1): 54, (0, 1): 42, (1, 3): 212, (0, 3): 9}"", ""target_edge_count"": 6909, ""target_weight_quantile_marginal"": ""{3: 884, 1: 2246, 2: 1734, 0: 2045}"", ""verified_exact_marginals"": true, ""weight_quantile_exact"": true}",frozen graph intervention; FIXED_NORM_MASK is not retrained valid-operator performance
Toys,43,visual_uniform,joint_high_similarity_low_novelty,RENORMALIZED_DELETE,6909,-0.001932834017878693,-0.002551816022861031,0.004000365734100342,-0.0023572444915771484,20,0.0026294827461242677,0.0015539353115811589,0.0013708829879760741,-0.0009301763711041355,MATCHED,"{""allocated_cells"": 16, ""allocation"": {""((0, 1), 3)"": 42, ""((0, 2), 3)"": 25, ""((0, 3), 1)"": 5, ""((0, 3), 3)"": 4, ""((1, 1), 3)"": 54, ""((1, 2), 3)"": 124, ""((1, 3), 1)"": 170, ""((1, 3), 3)"": 42, ""((2, 2), 2)"": 203, ""((2, 2), 3)"": 239, ""((2, 3), 0)"": 336, ""((2, 3), 1)"": 892, ""((2, 3), 3)"": 354, ""((3, 3), 0)"": 1709, ""((3, 3), 1)"": 1179, ""((3, 3), 2)"": 1531}, ""degree_pair_exact"": true, ""matched_edge_count_per_control"": 6909, ""matching_method"": ""integral max-flow with exact endpoint-degree-quantile-pair and base normalized edge-weight quantile marginals"", ""shortages"": {}, ""status"": ""MATCHED"", ""target_degree_pair_marginal"": ""{(0, 2): 25, (3, 3): 4419, (2, 2): 442, (1, 2): 124, (2, 3): 1582, (1, 1): 54, (0, 1): 42, (1, 3): 212, (0, 3): 9}"", ""target_edge_count"": 6909, ""target_weight_quantile_marginal"": ""{3: 884, 1: 2246, 2: 1734, 0: 2045}"", ""verified_exact_marginals"": true, ""weight_quantile_exact"": true}",frozen graph intervention; FIXED_NORM_MASK is not retrained valid-operator performance
Toys,44,uniform,high_similarity_low_novelty,FIXED_NORM_MASK,6919,0.0012080212611742525,0.001471941096637841,0.013459503650665283,-0.39225077629089355,20,0.008233171701431275,0.0016911299446286151,0.005226331949234008,-0.0023798018845131662,MATCHED,"{""allocated_cells"": 16, ""allocation"": {""((0, 1), 3)"": 38, ""((0, 2), 3)"": 22, ""((0, 3), 1)"": 7, ""((0, 3), 3)"": 4, ""((1, 1), 3)"": 60, ""((1, 2), 3)"": 116, ""((1, 3), 1)"": 169, ""((1, 3), 3)"": 42, ""((2, 2), 2)"": 202, ""((2, 2), 3)"": 255, ""((2, 3), 0)"": 353, ""((2, 3), 1)"": 872, ""((2, 3), 3)"": 343, ""((3, 3), 0)"": 1674, ""((3, 3), 1)"": 1219, ""((3, 3), 2)"": 1543}, ""degree_pair_exact"": true, ""matched_edge_count_per_control"": 6919, ""matching_method"": ""integral max-flow with exact endpoint-degree-quantile-pair and base normalized edge-weight quantile marginals"", ""shortages"": {}, ""status"": ""MATCHED"", ""target_degree_pair_marginal"": ""{(0, 2): 22, (3, 3): 4436, (2, 2): 457, (1, 3): 211, (1, 2): 116, (2, 3): 1568, (1, 1): 60, (0, 1): 38, (0, 3): 11}"", ""target_edge_count"": 6919, ""target_weight_quantile_marginal"": ""{3: 880, 1: 2267, 2: 1745, 0: 2027}"", ""verified_exact_marginals"": true, ""weight_quantile_exact"": true}",frozen graph intervention; FIXED_NORM_MASK is not retrained valid-operator performance
Toys,44,uniform,high_similarity_low_novelty,RENORMALIZED_DELETE,6919,0.000483208504469701,0.0010201289650342282,0.0004330575466156006,-0.006852626800537109,20,0.003669990599155426,0.0011710981906399667,-0.0032369330525398254,-0.003467021019569955,MATCHED,"{""allocated_cells"": 16, ""allocation"": {""((0, 1), 3)"": 38, ""((0, 2), 3)"": 22, ""((0, 3), 1)"": 7, ""((0, 3), 3)"": 4, ""((1, 1), 3)"": 60, ""((1, 2), 3)"": 116, ""((1, 3), 1)"": 169, ""((1, 3), 3)"": 42, ""((2, 2), 2)"": 202, ""((2, 2), 3)"": 255, ""((2, 3), 0)"": 353, ""((2, 3), 1)"": 872, ""((2, 3), 3)"": 343, ""((3, 3), 0)"": 1674, ""((3, 3), 1)"": 1219, ""((3, 3), 2)"": 1543}, ""degree_pair_exact"": true, ""matched_edge_count_per_control"": 6919, ""matching_method"": ""integral max-flow with exact endpoint-degree-quantile-pair and base normalized edge-weight quantile marginals"", ""shortages"": {}, ""status"": ""MATCHED"", ""target_degree_pair_marginal"": ""{(0, 2): 22, (3, 3): 4436, (2, 2): 457, (1, 3): 211, (1, 2): 116, (2, 3): 1568, (1, 1): 60, (0, 1): 38, (0, 3): 11}"", ""target_edge_count"": 6919, ""target_weight_quantile_marginal"": ""{3: 880, 1: 2267, 2: 1745, 0: 2027}"", ""verified_exact_marginals"": true, ""weight_quantile_exact"": true}",frozen graph intervention; FIXED_NORM_MASK is not retrained valid-operator performance
Toys,44,uniform,high_similarity_high_novelty,FIXED_NORM_MASK,2849,-0.004107272287992236,-0.005618404046178638,0.017284750938415527,-0.2648465633392334,20,0.014498034119606018,0.0019846091769301654,0.0027867168188095096,-0.0032374969799468358,MATCHED,"{""allocated_cells"": 15, ""allocation"": {""((0, 1), 3)"": 163, ""((0, 2), 3)"": 360, ""((0, 3), 2)"": 244, ""((0, 3), 3)"": 95, ""((1, 1), 3)"": 77, ""((1, 2), 3)"": 283, ""((1, 3), 1)"": 52, ""((1, 3), 3)"": 222, ""((2, 2), 2)"": 219, ""((2, 2), 3)"": 27, ""((2, 3), 1)"": 12, ""((2, 3), 2)"": 224, ""((2, 3), 3)"": 396, ""((3, 3), 0)"": 204, ""((3, 3), 1)"": 271}, ""degree_pair_exact"": true, ""matched_edge_count_per_control"": 2849, ""matching_method"": ""integral max-flow with exact endpoint-degree-quantile-pair and base normalized edge-weight quantile marginals"", ""shortages"": {}, ""status"": ""MATCHED"", ""target_degree_pair_marginal"": ""{(0, 2): 360, (2, 2): 246, (1, 3): 274, (1, 2): 283, (0, 1): 163, (2, 3): 632, (3, 3): 475, (1, 1): 77, (0, 3): 339}"", ""target_edge_count"": 2849, ""target_weight_quantile_marginal"": ""{3: 1623, 1: 335, 0: 204, 2: 687}"", ""verified_exact_marginals"": true, ""weight_quantile_exact"": true}",frozen graph intervention; FIXED_NORM_MASK is not retrained valid-operator performance
Toys,44,uniform,high_similarity_high_novelty,RENORMALIZED_DELETE,2849,-0.005073689296931638,-0.005794866552674693,0.009912729263305664,-0.005436420440673828,20,0.010282835364341736,0.0023329497024536,-0.0003701061010360721,-0.0035999033582990946,MATCHED,"{""allocated_cells"": 15, ""allocation"": {""((0, 1), 3)"": 163, ""((0, 2), 3)"": 360, ""((0, 3), 2)"": 244, ""((0, 3), 3)"": 95, ""((1, 1), 3)"": 77, ""((1, 2), 3)"": 283, ""((1, 3), 1)"": 52, ""((1, 3), 3)"": 222, ""((2, 2), 2)"": 219, ""((2, 2), 3)"": 27, ""((2, 3), 1)"": 12, ""((2, 3), 2)"": 224, ""((2, 3), 3)"": 396, ""((3, 3), 0)"": 204, ""((3, 3), 1)"": 271}, ""degree_pair_exact"": true, ""matched_edge_count_per_control"": 2849, ""matching_method"": ""integral max-flow with exact endpoint-degree-quantile-pair and base normalized edge-weight quantile marginals"", ""shortages"": {}, ""status"": ""MATCHED"", ""target_degree_pair_marginal"": ""{(0, 2): 360, (2, 2): 246, (1, 3): 274, (1, 2): 283, (0, 1): 163, (2, 3): 632, (3, 3): 475, (1, 1): 77, (0, 3): 339}"", ""target_edge_count"": 2849, ""target_weight_quantile_marginal"": ""{3: 1623, 1: 335, 0: 204, 2: 687}"", ""verified_exact_marginals"": true, ""weight_quantile_exact"": true}",frozen graph intervention; FIXED_NORM_MASK is not retrained valid-operator performance
Toys,44,uniform,low_similarity_high_novelty,FIXED_NORM_MASK,6427,-0.0007248127567045515,0.0005213097578399273,0.023331373929977417,-0.18410134315490723,20,0.012724556028842926,0.0014889842802114075,0.010606817901134491,-0.0033462188934525183,MATCHED,"{""allocated_cells"": 17, ""allocation"": {""((0, 1), 3)"": 74, ""((0, 2), 3)"": 250, ""((0, 3), 2)"": 375, ""((0, 3), 3)"": 79, ""((1, 1), 3)"": 31, ""((1, 2), 3)"": 205, ""((1, 3), 1)"": 241, ""((1, 3), 2)"": 48, ""((1, 3), 3)"": 158, ""((2, 2), 2)"": 211, ""((2, 2), 3)"": 136, ""((2, 3), 1)"": 1255, ""((2, 3), 2)"": 38, ""((2, 3), 3)"": 570, ""((3, 3), 0)"": 1669, ""((3, 3), 1)"": 208, ""((3, 3), 2)"": 879}, ""degree_pair_exact"": true, ""matched_edge_count_per_control"": 6427, ""matching_method"": ""integral max-flow with exact endpoint-degree-quantile-pair and base normalized edge-weight quantile marginals"", ""shortages"": {}, ""status"": ""MATCHED"", ""target_degree_pair_marginal"": ""{(3, 3): 2756, (0, 3): 454, (2, 2): 347, (1, 2): 205, (2, 3): 1863, (0, 2): 250, (1, 3): 447, (0, 1): 74, (1, 1): 31}"", ""target_edge_count"": 6427, ""target_weight_quantile_marginal"": ""{2: 1551, 0: 1669, 1: 1704, 3: 1503}"", ""verified_exact_marginals"": true, ""weight_quantile_exact"": true}",frozen graph intervention; FIXED_NORM_MASK is not retrained valid-operator performance
Toys,44,uniform,low_similarity_high_novelty,RENORMALIZED_DELETE,6427,-0.0026576467745832444,-0.0022065215683036987,0.022746562957763672,0.19744420051574707,20,0.007662317156791687,0.0016891185184828123,0.015084245800971985,-0.005109929934766849,MATCHED,"{""allocated_cells"": 17, ""allocation"": {""((0, 1), 3)"": 74, ""((0, 2), 3)"": 250, ""((0, 3), 2)"": 375, ""((0, 3), 3)"": 79, ""((1, 1), 3)"": 31, ""((1, 2), 3)"": 205, ""((1, 3), 1)"": 241, ""((1, 3), 2)"": 48, ""((1, 3), 3)"": 158, ""((2, 2), 2)"": 211, ""((2, 2), 3)"": 136, ""((2, 3), 1)"": 1255, ""((2, 3), 2)"": 38, ""((2, 3), 3)"": 570, ""((3, 3), 0)"": 1669, ""((3, 3), 1)"": 208, ""((3, 3), 2)"": 879}, ""degree_pair_exact"": true, ""matched_edge_count_per_control"": 6427, ""matching_method"": ""integral max-flow with exact endpoint-degree-quantile-pair and base normalized edge-weight quantile marginals"", ""shortages"": {}, ""status"": ""MATCHED"", ""target_degree_pair_marginal"": ""{(3, 3): 2756, (0, 3): 454, (2, 2): 347, (1, 2): 205, (2, 3): 1863, (0, 2): 250, (1, 3): 447, (0, 1): 74, (1, 1): 31}"", ""target_edge_count"": 6427, ""target_weight_quantile_marginal"": ""{2: 1551, 0: 1669, 1: 1704, 3: 1503}"", ""verified_exact_marginals"": true, ""weight_quantile_exact"": true}",frozen graph intervention; FIXED_NORM_MASK is not retrained valid-operator performance
Toys,44,uniform,low_similarity_low_novelty,FIXED_NORM_MASK,1915,0.000483208504469701,0.0008243799812043262,0.003254830837249756,-0.08305191993713379,20,0.00016606003046035767,0.0005575436954920425,0.003088770806789398,1.2080212611748075e-05,MATCHED,"{""allocated_cells"": 13, ""allocation"": {""((0, 1), 3)"": 2, ""((0, 2), 3)"": 1, ""((0, 3), 1)"": 6, ""((0, 3), 3)"": 4, ""((1, 1), 3)"": 10, ""((1, 2), 3)"": 19, ""((1, 3), 3)"": 37, ""((2, 2), 2)"": 97, ""((2, 3), 0)"": 273, ""((2, 3), 3)"": 106, ""((3, 3), 0)"": 515, ""((3, 3), 1)"": 542, ""((3, 3), 2)"": 303}, ""degree_pair_exact"": true, ""matched_edge_count_per_control"": 1915, ""matching_method"": ""integral max-flow with exact endpoint-degree-quantile-pair and base normalized edge-weight quantile marginals"", ""shortages"": {}, ""status"": ""MATCHED"", ""target_degree_pair_marginal"": ""{(3, 3): 1360, (2, 2): 97, (2, 3): 379, (1, 2): 19, (1, 1): 10, (1, 3): 37, (0, 3): 10, (0, 2): 1, (0, 1): 2}"", ""target_edge_count"": 1915, ""target_weight_quantile_marginal"": ""{1: 548, 2: 400, 3: 179, 0: 788}"", ""verified_exact_marginals"": true, ""weight_quantile_exact"": true}",frozen graph intervention; FIXED_NORM_MASK is not retrained valid-operator performance
Toys,44,uniform,low_similarity_low_novelty,RENORMALIZED_DELETE,1915,-0.0002416042522348505,-0.00012679796797887555,0.0007375776767730713,0.0043985843658447266,20,0.0006592318415641785,0.00044237403073583173,7.834583520889278e-05,-0.0008335346702101953,MATCHED,"{""allocated_cells"": 13, ""allocation"": {""((0, 1), 3)"": 2, ""((0, 2), 3)"": 1, ""((0, 3), 1)"": 6, ""((0, 3), 3)"": 4, ""((1, 1), 3)"": 10, ""((1, 2), 3)"": 19, ""((1, 3), 3)"": 37, ""((2, 2), 2)"": 97, ""((2, 3), 0)"": 273, ""((2, 3), 3)"": 106, ""((3, 3), 0)"": 515, ""((3, 3), 1)"": 542, ""((3, 3), 2)"": 303}, ""degree_pair_exact"": true, ""matched_edge_count_per_control"": 1915, ""matching_method"": ""integral max-flow with exact endpoint-degree-quantile-pair and base normalized edge-weight quantile marginals"", ""shortages"": {}, ""status"": ""MATCHED"", ""target_degree_pair_marginal"": ""{(3, 3): 1360, (2, 2): 97, (2, 3): 379, (1, 2): 19, (1, 1): 10, (1, 3): 37, (0, 3): 10, (0, 2): 1, (0, 1): 2}"", ""target_edge_count"": 1915, ""target_weight_quantile_marginal"": ""{1: 548, 2: 400, 3: 179, 0: 788}"", ""verified_exact_marginals"": true, ""weight_quantile_exact"": true}",frozen graph intervention; FIXED_NORM_MASK is not retrained valid-operator performance
Toys,44,gpr,gpr_high_similarity_low_novelty,FIXED_NORM_MASK,6882,0.000966417008939402,0.0012822654066414474,0.010072559118270874,-0.39716362953186035,20,0.005941735208034515,0.0016920824231923858,0.004130823910236359,-0.0005556897801401062,MATCHED,"{""allocated_cells"": 16, ""allocation"": {""((0, 1), 3)"": 38, ""((0, 2), 3)"": 22, ""((0, 3), 1)"": 7, ""((0, 3), 3)"": 4, ""((1, 1), 3)"": 57, ""((1, 2), 3)"": 122, ""((1, 3), 1)"": 173, ""((1, 3), 3)"": 42, ""((2, 2), 2)"": 201, ""((2, 2), 3)"": 260, ""((2, 3), 0)"": 355, ""((2, 3), 1)"": 849, ""((2, 3), 3)"": 340, ""((3, 3), 0)"": 1657, ""((3, 3), 1)"": 1221, ""((3, 3), 2)"": 1534}, ""degree_pair_exact"": true, ""matched_edge_count_per_control"": 6882, ""matching_method"": ""integral max-flow with exact endpoint-degree-quantile-pair and base normalized edge-weight quantile marginals"", ""shortages"": {}, ""status"": ""MATCHED"", ""target_degree_pair_marginal"": ""{(0, 2): 22, (3, 3): 4412, (2, 3): 1544, (2, 2): 461, (1, 3): 215, (1, 2): 122, (1, 1): 57, (0, 1): 38, (0, 3): 11}"", ""target_edge_count"": 6882, ""target_weight_quantile_marginal"": ""{3: 885, 1: 2250, 2: 1735, 0: 2012}"", ""verified_exact_marginals"": true, ""weight_quantile_exact"": true}",frozen graph intervention; FIXED_NORM_MASK is not retrained valid-operator performance
Toys,44,gpr,gpr_high_similarity_low_novelty,RENORMALIZED_DELETE,6882,0.000483208504469701,0.001097540002277575,-1.0102987289428711e-05,-0.003920555114746094,20,0.0047542408108711244,0.0013828945146135301,-0.004764343798160553,-0.0010388982846097794,MATCHED,"{""allocated_cells"": 16, ""allocation"": {""((0, 1), 3)"": 38, ""((0, 2), 3)"": 22, ""((0, 3), 1)"": 7, ""((0, 3), 3)"": 4, ""((1, 1), 3)"": 57, ""((1, 2), 3)"": 122, ""((1, 3), 1)"": 173, ""((1, 3), 3)"": 42, ""((2, 2), 2)"": 201, ""((2, 2), 3)"": 260, ""((2, 3), 0)"": 355, ""((2, 3), 1)"": 849, ""((2, 3), 3)"": 340, ""((3, 3), 0)"": 1657, ""((3, 3), 1)"": 1221, ""((3, 3), 2)"": 1534}, ""degree_pair_exact"": true, ""matched_edge_count_per_control"": 6882, ""matching_method"": ""integral max-flow with exact endpoint-degree-quantile-pair and base normalized edge-weight quantile marginals"", ""shortages"": {}, ""status"": ""MATCHED"", ""target_degree_pair_marginal"": ""{(0, 2): 22, (3, 3): 4412, (2, 3): 1544, (2, 2): 461, (1, 3): 215, (1, 2): 122, (1, 1): 57, (0, 1): 38, (0, 3): 11}"", ""target_edge_count"": 6882, ""target_weight_quantile_marginal"": ""{3: 885, 1: 2250, 2: 1735, 0: 2012}"", ""verified_exact_marginals"": true, ""weight_quantile_exact"": true}",frozen graph intervention; FIXED_NORM_MASK is not retrained valid-operator performance
Toys,44,gpr,gpr_high_similarity_high_novelty,FIXED_NORM_MASK,2889,-0.0026576467745832444,-0.003993413500650633,0.014400899410247803,-0.2842841148376465,20,0.0101279616355896,0.0022439305255407267,0.004272937774658203,-0.0022589997583957132,MATCHED,"{""allocated_cells"": 15, ""allocation"": {""((0, 1), 3)"": 169, ""((0, 2), 3)"": 368, ""((0, 3), 2)"": 246, ""((0, 3), 3)"": 96, ""((1, 1), 3)"": 81, ""((1, 2), 3)"": 292, ""((1, 3), 1)"": 62, ""((1, 3), 3)"": 216, ""((2, 2), 2)"": 218, ""((2, 2), 3)"": 37, ""((2, 3), 1)"": 3, ""((2, 3), 2)"": 229, ""((2, 3), 3)"": 413, ""((3, 3), 0)"": 193, ""((3, 3), 1)"": 266}, ""degree_pair_exact"": true, ""matched_edge_count_per_control"": 2889, ""matching_method"": ""integral max-flow with exact endpoint-degree-quantile-pair and base normalized edge-weight quantile marginals"", ""shortages"": {}, ""status"": ""MATCHED"", ""target_degree_pair_marginal"": ""{(0, 2): 368, (2, 2): 255, (1, 3): 278, (1, 2): 292, (0, 1): 169, (2, 3): 645, (3, 3): 459, (1, 1): 81, (0, 3): 342}"", ""target_edge_count"": 2889, ""target_weight_quantile_marginal"": ""{3: 1672, 1: 331, 0: 193, 2: 693}"", ""verified_exact_marginals"": true, ""weight_quantile_exact"": true}",frozen graph intervention; FIXED_NORM_MASK is not retrained valid-operator performance
Toys,44,gpr,gpr_high_similarity_high_novelty,RENORMALIZED_DELETE,2889,-0.0021744382701135434,-0.0030713812072548086,0.008971542119979858,-0.007964134216308594,20,0.010008001327514648,0.002445488474810939,-0.0010364592075347897,-0.002512684223242301,MATCHED,"{""allocated_cells"": 15, ""allocation"": {""((0, 1), 3)"": 169, ""((0, 2), 3)"": 368, ""((0, 3), 2)"": 246, ""((0, 3), 3)"": 96, ""((1, 1), 3)"": 81, ""((1, 2), 3)"": 292, ""((1, 3), 1)"": 62, ""((1, 3), 3)"": 216, ""((2, 2), 2)"": 218, ""((2, 2), 3)"": 37, ""((2, 3), 1)"": 3, ""((2, 3), 2)"": 229, ""((2, 3), 3)"": 413, ""((3, 3), 0)"": 193, ""((3, 3), 1)"": 266}, ""degree_pair_exact"": true, ""matched_edge_count_per_control"": 2889, ""matching_method"": ""integral max-flow with exact endpoint-degree-quantile-pair and base normalized edge-weight quantile marginals"", ""shortages"": {}, ""status"": ""MATCHED"", ""target_degree_pair_marginal"": ""{(0, 2): 368, (2, 2): 255, (1, 3): 278, (1, 2): 292, (0, 1): 169, (2, 3): 645, (3, 3): 459, (1, 1): 81, (0, 3): 342}"", ""target_edge_count"": 2889, ""target_weight_quantile_marginal"": ""{3: 1672, 1: 331, 0: 193, 2: 693}"", ""verified_exact_marginals"": true, ""weight_quantile_exact"": true}",frozen graph intervention; FIXED_NORM_MASK is not retrained valid-operator performance
Toys,44,gpr,gpr_low_similarity_high_novelty,FIXED_NORM_MASK,6233,-0.005798502053636079,-0.008265527453472865,0.022329598665237427,-0.19175124168395996,20,0.009191899001598359,0.0016889661902480774,0.013137699663639068,-0.0009784972215510779,MATCHED,"{""allocated_cells"": 17, ""allocation"": {""((0, 1), 3)"": 70, ""((0, 2), 3)"": 241, ""((0, 3), 2)"": 361, ""((0, 3), 3)"": 81, ""((1, 1), 3)"": 30, ""((1, 2), 3)"": 192, ""((1, 3), 1)"": 251, ""((1, 3), 2)"": 47, ""((1, 3), 3)"": 145, ""((2, 2), 2)"": 213, ""((2, 2), 3)"": 117, ""((2, 3), 1)"": 1211, ""((2, 3), 2)"": 40, ""((2, 3), 3)"": 574, ""((3, 3), 0)"": 1622, ""((3, 3), 1)"": 197, ""((3, 3), 2)"": 841}, ""degree_pair_exact"": true, ""matched_edge_count_per_control"": 6233, ""matching_method"": ""integral max-flow with exact endpoint-degree-quantile-pair and base normalized edge-weight quantile marginals"", ""shortages"": {}, ""status"": ""MATCHED"", ""target_degree_pair_marginal"": ""{(3, 3): 2660, (0, 3): 442, (2, 2): 330, (1, 2): 192, (2, 3): 1825, (0, 2): 241, (1, 3): 443, (0, 1): 70, (1, 1): 30}"", ""target_edge_count"": 6233, ""target_weight_quantile_marginal"": ""{2: 1502, 1: 1659, 0: 1622, 3: 1450}"", ""verified_exact_marginals"": true, ""weight_quantile_exact"": true}",frozen graph intervention; FIXED_NORM_MASK is not retrained valid-operator performance
Toys,44,gpr,gpr_low_similarity_high_novelty,RENORMALIZED_DELETE,6233,-0.005798502053636079,-0.007864204605052438,0.02718493342399597,0.19683265686035156,20,0.008887946605682373,0.0023967699968947894,0.0182969868183136,-0.001389224450350307,MATCHED,"{""allocated_cells"": 17, ""allocation"": {""((0, 1), 3)"": 70, ""((0, 2), 3)"": 241, ""((0, 3), 2)"": 361, ""((0, 3), 3)"": 81, ""((1, 1), 3)"": 30, ""((1, 2), 3)"": 192, ""((1, 3), 1)"": 251, ""((1, 3), 2)"": 47, ""((1, 3), 3)"": 145, ""((2, 2), 2)"": 213, ""((2, 2), 3)"": 117, ""((2, 3), 1)"": 1211, ""((2, 3), 2)"": 40, ""((2, 3), 3)"": 574, ""((3, 3), 0)"": 1622, ""((3, 3), 1)"": 197, ""((3, 3), 2)"": 841}, ""degree_pair_exact"": true, ""matched_edge_count_per_control"": 6233, ""matching_method"": ""integral max-flow with exact endpoint-degree-quantile-pair and base normalized edge-weight quantile marginals"", ""shortages"": {}, ""status"": ""MATCHED"", ""target_degree_pair_marginal"": ""{(3, 3): 2660, (0, 3): 442, (2, 2): 330, (1, 2): 192, (2, 3): 1825, (0, 2): 241, (1, 3): 443, (0, 1): 70, (1, 1): 30}"", ""target_edge_count"": 6233, ""target_weight_quantile_marginal"": ""{2: 1502, 1: 1659, 0: 1622, 3: 1450}"", ""verified_exact_marginals"": true, ""weight_quantile_exact"": true}",frozen graph intervention; FIXED_NORM_MASK is not retrained valid-operator performance
Toys,44,gpr,gpr_low_similarity_low_novelty,FIXED_NORM_MASK,1825,0.000483208504469701,0.000835469696522595,0.002052098512649536,-0.0803995132446289,20,-0.00043656826019287107,0.0005535639426855125,0.0024886667728424073,-0.0003744865909639794,MATCHED,"{""allocated_cells"": 13, ""allocation"": {""((0, 1), 3)"": 2, ""((0, 2), 3)"": 1, ""((0, 3), 1)"": 6, ""((0, 3), 3)"": 4, ""((1, 1), 3)"": 7, ""((1, 2), 3)"": 20, ""((1, 3), 3)"": 29, ""((2, 2), 2)"": 89, ""((2, 3), 0)"": 259, ""((2, 3), 3)"": 101, ""((3, 3), 0)"": 503, ""((3, 3), 1)"": 510, ""((3, 3), 2)"": 294}, ""degree_pair_exact"": true, ""matched_edge_count_per_control"": 1825, ""matching_method"": ""integral max-flow with exact endpoint-degree-quantile-pair and base normalized edge-weight quantile marginals"", ""shortages"": {}, ""status"": ""MATCHED"", ""target_degree_pair_marginal"": ""{(3, 3): 1307, (2, 2): 89, (2, 3): 360, (1, 2): 20, (1, 1): 7, (1, 3): 29, (0, 3): 10, (0, 2): 1, (0, 1): 2}"", ""target_edge_count"": 1825, ""target_weight_quantile_marginal"": ""{1: 516, 3: 164, 2: 383, 0: 762}"", ""verified_exact_marginals"": true, ""weight_quantile_exact"": true}",frozen graph intervention; FIXED_NORM_MASK is not retrained valid-operator performance
Toys,44,gpr,gpr_low_similarity_low_novelty,RENORMALIZED_DELETE,1825,0.0012080212611742525,0.0018304258629042724,-0.00030994415283203125,0.004157066345214844,20,0.000428694486618042,0.0005133971550102645,-0.0007386386394500732,6.040106305872928e-05,MATCHED,"{""allocated_cells"": 13, ""allocation"": {""((0, 1), 3)"": 2, ""((0, 2), 3)"": 1, ""((0, 3), 1)"": 6, ""((0, 3), 3)"": 4, ""((1, 1), 3)"": 7, ""((1, 2), 3)"": 20, ""((1, 3), 3)"": 29, ""((2, 2), 2)"": 89, ""((2, 3), 0)"": 259, ""((2, 3), 3)"": 101, ""((3, 3), 0)"": 503, ""((3, 3), 1)"": 510, ""((3, 3), 2)"": 294}, ""degree_pair_exact"": true, ""matched_edge_count_per_control"": 1825, ""matching_method"": ""integral max-flow with exact endpoint-degree-quantile-pair and base normalized edge-weight quantile marginals"", ""shortages"": {}, ""status"": ""MATCHED"", ""target_degree_pair_marginal"": ""{(3, 3): 1307, (2, 2): 89, (2, 3): 360, (1, 2): 20, (1, 1): 7, (1, 3): 29, (0, 3): 10, (0, 2): 1, (0, 1): 2}"", ""target_edge_count"": 1825, ""target_weight_quantile_marginal"": ""{1: 516, 3: 164, 2: 383, 0: 762}"", ""verified_exact_marginals"": true, ""weight_quantile_exact"": true}",frozen graph intervention; FIXED_NORM_MASK is not retrained valid-operator performance
Toys,44,text_uniform,text_low_similarity_high_novelty,FIXED_NORM_MASK,7237,-0.004590480792461937,-0.0014592689577683782,0.04438948631286621,-0.11232709884643555,20,0.043217554688453674,0.0015961848696529517,0.0011719316244125366,-0.004215994201497897,MATCHED,"{""allocated_cells"": 17, ""allocation"": {""((0, 1), 3)"": 97, ""((0, 2), 3)"": 271, ""((0, 3), 2)"": 392, ""((0, 3), 3)"": 78, ""((1, 1), 3)"": 38, ""((1, 2), 3)"": 231, ""((1, 3), 1)"": 173, ""((1, 3), 2)"": 125, ""((1, 3), 3)"": 218, ""((2, 2), 2)"": 208, ""((2, 2), 3)"": 200, ""((2, 3), 1)"": 1464, ""((2, 3), 2)"": 36, ""((2, 3), 3)"": 555, ""((3, 3), 0)"": 1906, ""((3, 3), 1)"": 270, ""((3, 3), 2)"": 975}, ""degree_pair_exact"": true, ""matched_edge_count_per_control"": 7237, ""matching_method"": ""integral max-flow with exact endpoint-degree-quantile-pair and base normalized edge-weight quantile marginals"", ""shortages"": {}, ""status"": ""MATCHED"", ""target_degree_pair_marginal"": ""{(2, 3): 2055, (3, 3): 3151, (1, 2): 231, (0, 3): 470, (1, 3): 516, (2, 2): 408, (1, 1): 38, (0, 2): 271, (0, 1): 97}"", ""target_edge_count"": 7237, ""target_weight_quantile_marginal"": ""{3: 1688, 2: 1736, 0: 1906, 1: 1907}"", ""verified_exact_marginals"": true, ""weight_quantile_exact"": true}",frozen graph intervention; FIXED_NORM_MASK is not retrained valid-operator performance
Toys,44,text_uniform,text_low_similarity_high_novelty,RENORMALIZED_DELETE,7237,-0.003865668035757386,-0.0006622596100174238,0.02203434705734253,0.19733738899230957,20,0.005210071802139282,0.001207102915408376,0.016824275255203247,-0.003454940806958151,MATCHED,"{""allocated_cells"": 17, ""allocation"": {""((0, 1), 3)"": 97, ""((0, 2), 3)"": 271, ""((0, 3), 2)"": 392, ""((0, 3), 3)"": 78, ""((1, 1), 3)"": 38, ""((1, 2), 3)"": 231, ""((1, 3), 1)"": 173, ""((1, 3), 2)"": 125, ""((1, 3), 3)"": 218, ""((2, 2), 2)"": 208, ""((2, 2), 3)"": 200, ""((2, 3), 1)"": 1464, ""((2, 3), 2)"": 36, ""((2, 3), 3)"": 555, ""((3, 3), 0)"": 1906, ""((3, 3), 1)"": 270, ""((3, 3), 2)"": 975}, ""degree_pair_exact"": true, ""matched_edge_count_per_control"": 7237, ""matching_method"": ""integral max-flow with exact endpoint-degree-quantile-pair and base normalized edge-weight quantile marginals"", ""shortages"": {}, ""status"": ""MATCHED"", ""target_degree_pair_marginal"": ""{(2, 3): 2055, (3, 3): 3151, (1, 2): 231, (0, 3): 470, (1, 3): 516, (2, 2): 408, (1, 1): 38, (0, 2): 271, (0, 1): 97}"", ""target_edge_count"": 7237, ""target_weight_quantile_marginal"": ""{3: 1688, 2: 1736, 0: 1906, 1: 1907}"", ""verified_exact_marginals"": true, ""weight_quantile_exact"": true}",frozen graph intervention; FIXED_NORM_MASK is not retrained valid-operator performance
Toys,44,text_uniform,text_high_similarity_low_novelty,FIXED_NORM_MASK,8108,-0.0036240637835225353,-0.0038424282641136287,0.04706275463104248,-0.35541605949401855,20,0.03562823235988617,0.0018106120829980213,0.011434522271156308,-0.0022227591205604747,MATCHED,"{""allocated_cells"": 16, ""allocation"": {""((0, 1), 3)"": 68, ""((0, 2), 3)"": 40, ""((0, 3), 1)"": 11, ""((0, 3), 3)"": 4, ""((1, 1), 3)"": 75, ""((1, 2), 3)"": 148, ""((1, 3), 1)"": 258, ""((1, 3), 3)"": 42, ""((2, 2), 2)"": 201, ""((2, 2), 3)"": 289, ""((2, 3), 0)"": 305, ""((2, 3), 1)"": 1167, ""((2, 3), 3)"": 375, ""((3, 3), 0)"": 2111, ""((3, 3), 1)"": 1198, ""((3, 3), 2)"": 1816}, ""degree_pair_exact"": true, ""matched_edge_count_per_control"": 8108, ""matching_method"": ""integral max-flow with exact endpoint-degree-quantile-pair and base normalized edge-weight quantile marginals"", ""shortages"": {}, ""status"": ""MATCHED"", ""target_degree_pair_marginal"": ""{(3, 3): 5125, (2, 2): 490, (2, 3): 1847, (1, 2): 148, (1, 1): 75, (0, 1): 68, (1, 3): 300, (0, 2): 40, (0, 3): 15}"", ""target_edge_count"": 8108, ""target_weight_quantile_marginal"": ""{1: 2634, 2: 2017, 3: 1041, 0: 2416}"", ""verified_exact_marginals"": true, ""weight_quantile_exact"": true}",frozen graph intervention; FIXED_NORM_MASK is not retrained valid-operator performance
Toys,44,text_uniform,text_high_similarity_low_novelty,RENORMALIZED_DELETE,8108,-0.001449625513408992,-0.002127705143544878,0.003285050392150879,-0.00733494758605957,20,0.0029798686504364015,0.0014886650251094008,0.00030518174171447745,-0.0021381976322782715,MATCHED,"{""allocated_cells"": 16, ""allocation"": {""((0, 1), 3)"": 68, ""((0, 2), 3)"": 40, ""((0, 3), 1)"": 11, ""((0, 3), 3)"": 4, ""((1, 1), 3)"": 75, ""((1, 2), 3)"": 148, ""((1, 3), 1)"": 258, ""((1, 3), 3)"": 42, ""((2, 2), 2)"": 201, ""((2, 2), 3)"": 289, ""((2, 3), 0)"": 305, ""((2, 3), 1)"": 1167, ""((2, 3), 3)"": 375, ""((3, 3), 0)"": 2111, ""((3, 3), 1)"": 1198, ""((3, 3), 2)"": 1816}, ""degree_pair_exact"": true, ""matched_edge_count_per_control"": 8108, ""matching_method"": ""integral max-flow with exact endpoint-degree-quantile-pair and base normalized edge-weight quantile marginals"", ""shortages"": {}, ""status"": ""MATCHED"", ""target_degree_pair_marginal"": ""{(3, 3): 5125, (2, 2): 490, (2, 3): 1847, (1, 2): 148, (1, 1): 75, (0, 1): 68, (1, 3): 300, (0, 2): 40, (0, 3): 15}"", ""target_edge_count"": 8108, ""target_weight_quantile_marginal"": ""{1: 2634, 2: 2017, 3: 1041, 0: 2416}"", ""verified_exact_marginals"": true, ""weight_quantile_exact"": true}",frozen graph intervention; FIXED_NORM_MASK is not retrained valid-operator performance
Toys,44,text_uniform,joint_low_similarity_high_novelty,FIXED_NORM_MASK,6427,-0.0016912297656438424,-0.0003728878827911064,0.03345745801925659,-0.1106104850769043,20,0.038250720500946044,0.0018685844870602,-0.004793262481689452,-0.0036723846339695053,MATCHED,"{""allocated_cells"": 17, ""allocation"": {""((0, 1), 3)"": 74, ""((0, 2), 3)"": 250, ""((0, 3), 2)"": 375, ""((0, 3), 3)"": 79, ""((1, 1), 3)"": 31, ""((1, 2), 3)"": 205, ""((1, 3), 1)"": 241, ""((1, 3), 2)"": 48, ""((1, 3), 3)"": 158, ""((2, 2), 2)"": 211, ""((2, 2), 3)"": 136, ""((2, 3), 1)"": 1255, ""((2, 3), 2)"": 38, ""((2, 3), 3)"": 570, ""((3, 3), 0)"": 1669, ""((3, 3), 1)"": 208, ""((3, 3), 2)"": 879}, ""degree_pair_exact"": true, ""matched_edge_count_per_control"": 6427, ""matching_method"": ""integral max-flow with exact endpoint-degree-quantile-pair and base normalized edge-weight quantile marginals"", ""shortages"": {}, ""status"": ""MATCHED"", ""target_degree_pair_marginal"": ""{(3, 3): 2756, (0, 3): 454, (2, 2): 347, (1, 2): 205, (2, 3): 1863, (0, 2): 250, (1, 3): 447, (0, 1): 74, (1, 1): 31}"", ""target_edge_count"": 6427, ""target_weight_quantile_marginal"": ""{2: 1551, 0: 1669, 1: 1704, 3: 1503}"", ""verified_exact_marginals"": true, ""weight_quantile_exact"": true}",frozen graph intervention; FIXED_NORM_MASK is not retrained valid-operator performance
Toys,44,text_uniform,joint_low_similarity_high_novelty,RENORMALIZED_DELETE,6427,-0.0026576467745831334,-0.0010583600577535046,0.003811776638031006,0.1664724349975586,20,0.007916721701622009,0.001962678423856591,-0.004104945063591003,-0.0037207054844164756,MATCHED,"{""allocated_cells"": 17, ""allocation"": {""((0, 1), 3)"": 74, ""((0, 2), 3)"": 250, ""((0, 3), 2)"": 375, ""((0, 3), 3)"": 79, ""((1, 1), 3)"": 31, ""((1, 2), 3)"": 205, ""((1, 3), 1)"": 241, ""((1, 3), 2)"": 48, ""((1, 3), 3)"": 158, ""((2, 2), 2)"": 211, ""((2, 2), 3)"": 136, ""((2, 3), 1)"": 1255, ""((2, 3), 2)"": 38, ""((2, 3), 3)"": 570, ""((3, 3), 0)"": 1669, ""((3, 3), 1)"": 208, ""((3, 3), 2)"": 879}, ""degree_pair_exact"": true, ""matched_edge_count_per_control"": 6427, ""matching_method"": ""integral max-flow with exact endpoint-degree-quantile-pair and base normalized edge-weight quantile marginals"", ""shortages"": {}, ""status"": ""MATCHED"", ""target_degree_pair_marginal"": ""{(3, 3): 2756, (0, 3): 454, (2, 2): 347, (1, 2): 205, (2, 3): 1863, (0, 2): 250, (1, 3): 447, (0, 1): 74, (1, 1): 31}"", ""target_edge_count"": 6427, ""target_weight_quantile_marginal"": ""{2: 1551, 0: 1669, 1: 1704, 3: 1503}"", ""verified_exact_marginals"": true, ""weight_quantile_exact"": true}",frozen graph intervention; FIXED_NORM_MASK is not retrained valid-operator performance
Toys,44,text_uniform,joint_high_similarity_low_novelty,FIXED_NORM_MASK,6919,-0.002899251026817984,-0.0024736814651068473,0.03988003730773926,-0.29537343978881836,20,0.02737816870212555,0.0010287891692660903,0.012501868605613708,-0.0016912297656438314,MATCHED,"{""allocated_cells"": 16, ""allocation"": {""((0, 1), 3)"": 38, ""((0, 2), 3)"": 22, ""((0, 3), 1)"": 7, ""((0, 3), 3)"": 4, ""((1, 1), 3)"": 60, ""((1, 2), 3)"": 116, ""((1, 3), 1)"": 169, ""((1, 3), 3)"": 42, ""((2, 2), 2)"": 202, ""((2, 2), 3)"": 255, ""((2, 3), 0)"": 353, ""((2, 3), 1)"": 872, ""((2, 3), 3)"": 343, ""((3, 3), 0)"": 1674, ""((3, 3), 1)"": 1219, ""((3, 3), 2)"": 1543}, ""degree_pair_exact"": true, ""matched_edge_count_per_control"": 6919, ""matching_method"": ""integral max-flow with exact endpoint-degree-quantile-pair and base normalized edge-weight quantile marginals"", ""shortages"": {}, ""status"": ""MATCHED"", ""target_degree_pair_marginal"": ""{(0, 2): 22, (3, 3): 4436, (2, 2): 457, (1, 3): 211, (1, 2): 116, (2, 3): 1568, (1, 1): 60, (0, 1): 38, (0, 3): 11}"", ""target_edge_count"": 6919, ""target_weight_quantile_marginal"": ""{3: 880, 1: 2267, 2: 1745, 0: 2027}"", ""verified_exact_marginals"": true, ""weight_quantile_exact"": true}",frozen graph intervention; FIXED_NORM_MASK is not retrained valid-operator performance
Toys,44,text_uniform,joint_high_similarity_low_novelty,RENORMALIZED_DELETE,6919,-0.0007248127567044405,-0.0008182872263394758,0.003980040550231934,-0.007585048675537109,20,0.001546698808670044,0.0011720323642592295,0.0024333417415618895,-0.0012805025368446022,MATCHED,"{""allocated_cells"": 16, ""allocation"": {""((0, 1), 3)"": 38, ""((0, 2), 3)"": 22, ""((0, 3), 1)"": 7, ""((0, 3), 3)"": 4, ""((1, 1), 3)"": 60, ""((1, 2), 3)"": 116, ""((1, 3), 1)"": 169, ""((1, 3), 3)"": 42, ""((2, 2), 2)"": 202, ""((2, 2), 3)"": 255, ""((2, 3), 0)"": 353, ""((2, 3), 1)"": 872, ""((2, 3), 3)"": 343, ""((3, 3), 0)"": 1674, ""((3, 3), 1)"": 1219, ""((3, 3), 2)"": 1543}, ""degree_pair_exact"": true, ""matched_edge_count_per_control"": 6919, ""matching_method"": ""integral max-flow with exact endpoint-degree-quantile-pair and base normalized edge-weight quantile marginals"", ""shortages"": {}, ""status"": ""MATCHED"", ""target_degree_pair_marginal"": ""{(0, 2): 22, (3, 3): 4436, (2, 2): 457, (1, 3): 211, (1, 2): 116, (2, 3): 1568, (1, 1): 60, (0, 1): 38, (0, 3): 11}"", ""target_edge_count"": 6919, ""target_weight_quantile_marginal"": ""{3: 880, 1: 2267, 2: 1745, 0: 2027}"", ""verified_exact_marginals"": true, ""weight_quantile_exact"": true}",frozen graph intervention; FIXED_NORM_MASK is not retrained valid-operator performance
Toys,44,visual_uniform,visual_low_similarity_high_novelty,FIXED_NORM_MASK,6665,-0.011838608359507119,-0.011271108729692059,0.04784876108169556,-0.09228706359863281,20,0.0445633053779602,0.001886059412831934,0.0032854557037353543,-0.003624063783522541,MATCHED,"{""allocated_cells"": 17, ""allocation"": {""((0, 1), 3)"": 87, ""((0, 2), 3)"": 265, ""((0, 3), 2)"": 377, ""((0, 3), 3)"": 78, ""((1, 1), 3)"": 29, ""((1, 2), 3)"": 221, ""((1, 3), 1)"": 231, ""((1, 3), 2)"": 58, ""((1, 3), 3)"": 174, ""((2, 2), 2)"": 209, ""((2, 2), 3)"": 165, ""((2, 3), 1)"": 1267, ""((2, 3), 2)"": 22, ""((2, 3), 3)"": 573, ""((3, 3), 0)"": 1811, ""((3, 3), 1)"": 220, ""((3, 3), 2)"": 878}, ""degree_pair_exact"": true, ""matched_edge_count_per_control"": 6665, ""matching_method"": ""integral max-flow with exact endpoint-degree-quantile-pair and base normalized edge-weight quantile marginals"", ""shortages"": {}, ""status"": ""MATCHED"", ""target_degree_pair_marginal"": ""{(3, 3): 2909, (0, 1): 87, (2, 2): 374, (1, 2): 221, (2, 3): 1862, (0, 3): 455, (1, 3): 463, (0, 2): 265, (1, 1): 29}"", ""target_edge_count"": 6665, ""target_weight_quantile_marginal"": ""{2: 1544, 1: 1718, 0: 1811, 3: 1592}"", ""verified_exact_marginals"": true, ""weight_quantile_exact"": true}",frozen graph intervention; FIXED_NORM_MASK is not retrained valid-operator performance
Toys,44,visual_uniform,visual_low_similarity_high_novelty,RENORMALIZED_DELETE,6665,-0.010147378593863166,-0.011475761392318318,0.038607120513916016,0.16613030433654785,20,0.00803869664669037,0.0015360086502250899,0.030568423867225646,-0.002863010388982801,MATCHED,"{""allocated_cells"": 17, ""allocation"": {""((0, 1), 3)"": 87, ""((0, 2), 3)"": 265, ""((0, 3), 2)"": 377, ""((0, 3), 3)"": 78, ""((1, 1), 3)"": 29, ""((1, 2), 3)"": 221, ""((1, 3), 1)"": 231, ""((1, 3), 2)"": 58, ""((1, 3), 3)"": 174, ""((2, 2), 2)"": 209, ""((2, 2), 3)"": 165, ""((2, 3), 1)"": 1267, ""((2, 3), 2)"": 22, ""((2, 3), 3)"": 573, ""((3, 3), 0)"": 1811, ""((3, 3), 1)"": 220, ""((3, 3), 2)"": 878}, ""degree_pair_exact"": true, ""matched_edge_count_per_control"": 6665, ""matching_method"": ""integral max-flow with exact endpoint-degree-quantile-pair and base normalized edge-weight quantile marginals"", ""shortages"": {}, ""status"": ""MATCHED"", ""target_degree_pair_marginal"": ""{(3, 3): 2909, (0, 1): 87, (2, 2): 374, (1, 2): 221, (2, 3): 1862, (0, 3): 455, (1, 3): 463, (0, 2): 265, (1, 1): 29}"", ""target_edge_count"": 6665, ""target_weight_quantile_marginal"": ""{2: 1544, 1: 1718, 0: 1811, 3: 1592}"", ""verified_exact_marginals"": true, ""weight_quantile_exact"": true}",frozen graph intervention; FIXED_NORM_MASK is not retrained valid-operator performance
Toys,44,visual_uniform,visual_high_similarity_low_novelty,FIXED_NORM_MASK,7833,0.0,0.0010495898121347658,0.046088337898254395,-0.35254573822021484,20,0.04076870381832123,0.0013638881076645172,0.005319634079933168,-0.003769026334863451,MATCHED,"{""allocated_cells"": 15, ""allocation"": {""((0, 1), 3)"": 56, ""((0, 2), 3)"": 30, ""((0, 3), 3)"": 4, ""((1, 1), 3)"": 60, ""((1, 2), 3)"": 144, ""((1, 3), 1)"": 177, ""((1, 3), 3)"": 42, ""((2, 2), 2)"": 195, ""((2, 2), 3)"": 348, ""((2, 3), 0)"": 286, ""((2, 3), 1)"": 1202, ""((2, 3), 3)"": 397, ""((3, 3), 0)"": 1987, ""((3, 3), 1)"": 1051, ""((3, 3), 2)"": 1854}, ""degree_pair_exact"": true, ""matched_edge_count_per_control"": 7833, ""matching_method"": ""integral max-flow with exact endpoint-degree-quantile-pair and base normalized edge-weight quantile marginals"", ""shortages"": {}, ""status"": ""MATCHED"", ""target_degree_pair_marginal"": ""{(0, 2): 30, (3, 3): 4892, (2, 2): 543, (2, 3): 1885, (1, 2): 144, (1, 1): 60, (0, 1): 56, (1, 3): 219, (0, 3): 4}"", ""target_edge_count"": 7833, ""target_weight_quantile_marginal"": ""{3: 1081, 1: 2430, 2: 2049, 0: 2273}"", ""verified_exact_marginals"": true, ""weight_quantile_exact"": true}",frozen graph intervention; FIXED_NORM_MASK is not retrained valid-operator performance
Toys,44,visual_uniform,visual_high_similarity_low_novelty,RENORMALIZED_DELETE,7833,0.0007248127567045515,0.0014978424148260894,-0.00014209747314453125,-0.006748676300048828,20,0.003940621018409729,0.001294061590377347,-0.00408271849155426,-0.0012442618990093745,MATCHED,"{""allocated_cells"": 15, ""allocation"": {""((0, 1), 3)"": 56, ""((0, 2), 3)"": 30, ""((0, 3), 3)"": 4, ""((1, 1), 3)"": 60, ""((1, 2), 3)"": 144, ""((1, 3), 1)"": 177, ""((1, 3), 3)"": 42, ""((2, 2), 2)"": 195, ""((2, 2), 3)"": 348, ""((2, 3), 0)"": 286, ""((2, 3), 1)"": 1202, ""((2, 3), 3)"": 397, ""((3, 3), 0)"": 1987, ""((3, 3), 1)"": 1051, ""((3, 3), 2)"": 1854}, ""degree_pair_exact"": true, ""matched_edge_count_per_control"": 7833, ""matching_method"": ""integral max-flow with exact endpoint-degree-quantile-pair and base normalized edge-weight quantile marginals"", ""shortages"": {}, ""status"": ""MATCHED"", ""target_degree_pair_marginal"": ""{(0, 2): 30, (3, 3): 4892, (2, 2): 543, (2, 3): 1885, (1, 2): 144, (1, 1): 60, (0, 1): 56, (1, 3): 219, (0, 3): 4}"", ""target_edge_count"": 7833, ""target_weight_quantile_marginal"": ""{3: 1081, 1: 2430, 2: 2049, 0: 2273}"", ""verified_exact_marginals"": true, ""weight_quantile_exact"": true}",frozen graph intervention; FIXED_NORM_MASK is not retrained valid-operator performance
Toys,44,visual_uniform,joint_low_similarity_high_novelty,FIXED_NORM_MASK,6427,-0.005315293549166378,-0.00602820496415557,0.03687006235122681,-0.10058474540710449,20,0.04388765394687653,0.0015003371097071134,-0.007017591595649721,-0.004240154626721393,MATCHED,"{""allocated_cells"": 17, ""allocation"": {""((0, 1), 3)"": 74, ""((0, 2), 3)"": 250, ""((0, 3), 2)"": 375, ""((0, 3), 3)"": 79, ""((1, 1), 3)"": 31, ""((1, 2), 3)"": 205, ""((1, 3), 1)"": 241, ""((1, 3), 2)"": 48, ""((1, 3), 3)"": 158, ""((2, 2), 2)"": 211, ""((2, 2), 3)"": 136, ""((2, 3), 1)"": 1255, ""((2, 3), 2)"": 38, ""((2, 3), 3)"": 570, ""((3, 3), 0)"": 1669, ""((3, 3), 1)"": 208, ""((3, 3), 2)"": 879}, ""degree_pair_exact"": true, ""matched_edge_count_per_control"": 6427, ""matching_method"": ""integral max-flow with exact endpoint-degree-quantile-pair and base normalized edge-weight quantile marginals"", ""shortages"": {}, ""status"": ""MATCHED"", ""target_degree_pair_marginal"": ""{(3, 3): 2756, (0, 3): 454, (2, 2): 347, (1, 2): 205, (2, 3): 1863, (0, 2): 250, (1, 3): 447, (0, 1): 74, (1, 1): 31}"", ""target_edge_count"": 6427, ""target_weight_quantile_marginal"": ""{2: 1551, 0: 1669, 1: 1704, 3: 1503}"", ""verified_exact_marginals"": true, ""weight_quantile_exact"": true}",frozen graph intervention; FIXED_NORM_MASK is not retrained valid-operator performance
Toys,44,visual_uniform,joint_low_similarity_high_novelty,RENORMALIZED_DELETE,6427,-0.004590480792461937,-0.006526660471779411,0.012975215911865234,0.16863346099853516,20,0.011492913961410523,0.0022461999377582273,0.0014823019504547116,-0.0030079729403236777,MATCHED,"{""allocated_cells"": 17, ""allocation"": {""((0, 1), 3)"": 74, ""((0, 2), 3)"": 250, ""((0, 3), 2)"": 375, ""((0, 3), 3)"": 79, ""((1, 1), 3)"": 31, ""((1, 2), 3)"": 205, ""((1, 3), 1)"": 241, ""((1, 3), 2)"": 48, ""((1, 3), 3)"": 158, ""((2, 2), 2)"": 211, ""((2, 2), 3)"": 136, ""((2, 3), 1)"": 1255, ""((2, 3), 2)"": 38, ""((2, 3), 3)"": 570, ""((3, 3), 0)"": 1669, ""((3, 3), 1)"": 208, ""((3, 3), 2)"": 879}, ""degree_pair_exact"": true, ""matched_edge_count_per_control"": 6427, ""matching_method"": ""integral max-flow with exact endpoint-degree-quantile-pair and base normalized edge-weight quantile marginals"", ""shortages"": {}, ""status"": ""MATCHED"", ""target_degree_pair_marginal"": ""{(3, 3): 2756, (0, 3): 454, (2, 2): 347, (1, 2): 205, (2, 3): 1863, (0, 2): 250, (1, 3): 447, (0, 1): 74, (1, 1): 31}"", ""target_edge_count"": 6427, ""target_weight_quantile_marginal"": ""{2: 1551, 0: 1669, 1: 1704, 3: 1503}"", ""verified_exact_marginals"": true, ""weight_quantile_exact"": true}",frozen graph intervention; FIXED_NORM_MASK is not retrained valid-operator performance
Toys,44,visual_uniform,joint_high_similarity_low_novelty,FIXED_NORM_MASK,6919,-0.0007248127567044405,0.0002800004032283976,0.040310800075531006,-0.29558444023132324,20,0.032509297132492065,0.0014909314616086923,0.00780150294303894,-0.0018603527422082044,MATCHED,"{""allocated_cells"": 16, ""allocation"": {""((0, 1), 3)"": 38, ""((0, 2), 3)"": 22, ""((0, 3), 1)"": 7, ""((0, 3), 3)"": 4, ""((1, 1), 3)"": 60, ""((1, 2), 3)"": 116, ""((1, 3), 1)"": 169, ""((1, 3), 3)"": 42, ""((2, 2), 2)"": 202, ""((2, 2), 3)"": 255, ""((2, 3), 0)"": 353, ""((2, 3), 1)"": 872, ""((2, 3), 3)"": 343, ""((3, 3), 0)"": 1674, ""((3, 3), 1)"": 1219, ""((3, 3), 2)"": 1543}, ""degree_pair_exact"": true, ""matched_edge_count_per_control"": 6919, ""matching_method"": ""integral max-flow with exact endpoint-degree-quantile-pair and base normalized edge-weight quantile marginals"", ""shortages"": {}, ""status"": ""MATCHED"", ""target_degree_pair_marginal"": ""{(0, 2): 22, (3, 3): 4436, (2, 2): 457, (1, 3): 211, (1, 2): 116, (2, 3): 1568, (1, 1): 60, (0, 1): 38, (0, 3): 11}"", ""target_edge_count"": 6919, ""target_weight_quantile_marginal"": ""{3: 880, 1: 2267, 2: 1745, 0: 2027}"", ""verified_exact_marginals"": true, ""weight_quantile_exact"": true}",frozen graph intervention; FIXED_NORM_MASK is not retrained valid-operator performance
Toys,44,visual_uniform,joint_high_similarity_low_novelty,RENORMALIZED_DELETE,6919,0.000483208504469701,0.0014053707994218234,0.0014950037002563477,0.0009310245513916016,20,0.0021991968154907227,0.0012427685486633363,-0.0007041931152343751,-0.0005919304179753115,MATCHED,"{""allocated_cells"": 16, ""allocation"": {""((0, 1), 3)"": 38, ""((0, 2), 3)"": 22, ""((0, 3), 1)"": 7, ""((0, 3), 3)"": 4, ""((1, 1), 3)"": 60, ""((1, 2), 3)"": 116, ""((1, 3), 1)"": 169, ""((1, 3), 3)"": 42, ""((2, 2), 2)"": 202, ""((2, 2), 3)"": 255, ""((2, 3), 0)"": 353, ""((2, 3), 1)"": 872, ""((2, 3), 3)"": 343, ""((3, 3), 0)"": 1674, ""((3, 3), 1)"": 1219, ""((3, 3), 2)"": 1543}, ""degree_pair_exact"": true, ""matched_edge_count_per_control"": 6919, ""matching_method"": ""integral max-flow with exact endpoint-degree-quantile-pair and base normalized edge-weight quantile marginals"", ""shortages"": {}, ""status"": ""MATCHED"", ""target_degree_pair_marginal"": ""{(0, 2): 22, (3, 3): 4436, (2, 2): 457, (1, 3): 211, (1, 2): 116, (2, 3): 1568, (1, 1): 60, (0, 1): 38, (0, 3): 11}"", ""target_edge_count"": 6919, ""target_weight_quantile_marginal"": ""{3: 880, 1: 2267, 2: 1745, 0: 2027}"", ""verified_exact_marginals"": true, ""weight_quantile_exact"": true}",frozen graph intervention; FIXED_NORM_MASK is not retrained valid-operator performance
Grocery,42,uniform,high_similarity_low_novelty,FIXED_NORM_MASK,7612,-0.0005856515373352522,-0.00015342138054907917,0.00043886899948120117,-0.41440916061401367,20,-0.004364818334579468,0.0026036599910645294,0.004803687334060669,-0.003806734992679378,MATCHED,"{""allocated_cells"": 15, ""allocation"": {""((0, 1), 3)"": 49, ""((0, 2), 3)"": 5, ""((0, 3), 1)"": 10, ""((1, 1), 3)"": 118, ""((1, 2), 3)"": 220, ""((1, 3), 1)"": 82, ""((1, 3), 3)"": 185, ""((2, 2), 3)"": 445, ""((2, 3), 0)"": 670, ""((2, 3), 1)"": 521, ""((2, 3), 3)"": 378, ""((3, 3), 0)"": 1427, ""((3, 3), 1)"": 1488, ""((3, 3), 2)"": 1874, ""((3, 3), 3)"": 140}, ""degree_pair_exact"": true, ""matched_edge_count_per_control"": 7612, ""matching_method"": ""integral max-flow with exact endpoint-degree-quantile-pair and base normalized edge-weight quantile marginals"", ""shortages"": {}, ""status"": ""MATCHED"", ""target_degree_pair_marginal"": ""{(1, 1): 118, (1, 2): 220, (2, 2): 445, (2, 3): 1569, (1, 3): 267, (3, 3): 4929, (0, 1): 49, (0, 2): 5, (0, 3): 10}"", ""target_edge_count"": 7612, ""target_weight_quantile_marginal"": ""{3: 1540, 2: 1874, 1: 2101, 0: 2097}"", ""verified_exact_marginals"": true, ""weight_quantile_exact"": true}",frozen graph intervention; FIXED_NORM_MASK is not retrained valid-operator performance
Grocery,42,uniform,high_similarity_low_novelty,RENORMALIZED_DELETE,7612,-0.0008784773060029893,-0.0010716958484533468,0.004571735858917236,-0.009443283081054688,20,0.007870683073997497,0.0031164680589614653,-0.003298947215080261,-0.002386530014641308,MATCHED,"{""allocated_cells"": 15, ""allocation"": {""((0, 1), 3)"": 49, ""((0, 2), 3)"": 5, ""((0, 3), 1)"": 10, ""((1, 1), 3)"": 118, ""((1, 2), 3)"": 220, ""((1, 3), 1)"": 82, ""((1, 3), 3)"": 185, ""((2, 2), 3)"": 445, ""((2, 3), 0)"": 670, ""((2, 3), 1)"": 521, ""((2, 3), 3)"": 378, ""((3, 3), 0)"": 1427, ""((3, 3), 1)"": 1488, ""((3, 3), 2)"": 1874, ""((3, 3), 3)"": 140}, ""degree_pair_exact"": true, ""matched_edge_count_per_control"": 7612, ""matching_method"": ""integral max-flow with exact endpoint-degree-quantile-pair and base normalized edge-weight quantile marginals"", ""shortages"": {}, ""status"": ""MATCHED"", ""target_degree_pair_marginal"": ""{(1, 1): 118, (1, 2): 220, (2, 2): 445, (2, 3): 1569, (1, 3): 267, (3, 3): 4929, (0, 1): 49, (0, 2): 5, (0, 3): 10}"", ""target_edge_count"": 7612, ""target_weight_quantile_marginal"": ""{3: 1540, 2: 1874, 1: 2101, 0: 2097}"", ""verified_exact_marginals"": true, ""weight_quantile_exact"": true}",frozen graph intervention; FIXED_NORM_MASK is not retrained valid-operator performance
Grocery,42,uniform,high_similarity_high_novelty,FIXED_NORM_MASK,2432,-0.005856515373352855,-0.008079357293349632,0.004925370216369629,-0.2655677795410156,20,0.003140076994895935,0.0038464710601900857,0.0017852932214736938,-0.0049341142020497995,MATCHED,"{""allocated_cells"": 15, ""allocation"": {""((0, 1), 3)"": 155, ""((0, 2), 3)"": 229, ""((0, 3), 1)"": 161, ""((0, 3), 2)"": 83, ""((0, 3), 3)"": 81, ""((1, 1), 3)"": 104, ""((1, 2), 3)"": 266, ""((1, 3), 2)"": 107, ""((1, 3), 3)"": 163, ""((2, 2), 3)"": 199, ""((2, 3), 2)"": 195, ""((2, 3), 3)"": 280, ""((3, 3), 0)"": 163, ""((3, 3), 1)"": 81, ""((3, 3), 3)"": 165}, ""degree_pair_exact"": true, ""matched_edge_count_per_control"": 2432, ""matching_method"": ""integral max-flow with exact endpoint-degree-quantile-pair and base normalized edge-weight quantile marginals"", ""shortages"": {}, ""status"": ""MATCHED"", ""target_degree_pair_marginal"": ""{(0, 2): 229, (2, 3): 475, (2, 2): 199, (1, 2): 266, (1, 3): 270, (1, 1): 104, (0, 1): 155, (0, 3): 325, (3, 3): 409}"", ""target_edge_count"": 2432, ""target_weight_quantile_marginal"": ""{3: 1642, 2: 385, 1: 242, 0: 163}"", ""verified_exact_marginals"": true, ""weight_quantile_exact"": true}",frozen graph intervention; FIXED_NORM_MASK is not retrained valid-operator performance
Grocery,42,uniform,high_similarity_high_novelty,RENORMALIZED_DELETE,2432,-0.0038067349926793614,-0.005814352464327044,0.020187199115753174,0.012644767761230469,20,0.02329306900501251,0.004010527340431311,-0.003105869889259337,-0.0044655929721815705,MATCHED,"{""allocated_cells"": 15, ""allocation"": {""((0, 1), 3)"": 155, ""((0, 2), 3)"": 229, ""((0, 3), 1)"": 161, ""((0, 3), 2)"": 83, ""((0, 3), 3)"": 81, ""((1, 1), 3)"": 104, ""((1, 2), 3)"": 266, ""((1, 3), 2)"": 107, ""((1, 3), 3)"": 163, ""((2, 2), 3)"": 199, ""((2, 3), 2)"": 195, ""((2, 3), 3)"": 280, ""((3, 3), 0)"": 163, ""((3, 3), 1)"": 81, ""((3, 3), 3)"": 165}, ""degree_pair_exact"": true, ""matched_edge_count_per_control"": 2432, ""matching_method"": ""integral max-flow with exact endpoint-degree-quantile-pair and base normalized edge-weight quantile marginals"", ""shortages"": {}, ""status"": ""MATCHED"", ""target_degree_pair_marginal"": ""{(0, 2): 229, (2, 3): 475, (2, 2): 199, (1, 2): 266, (1, 3): 270, (1, 1): 104, (0, 1): 155, (0, 3): 325, (3, 3): 409}"", ""target_edge_count"": 2432, ""target_weight_quantile_marginal"": ""{3: 1642, 2: 385, 1: 242, 0: 163}"", ""verified_exact_marginals"": true, ""weight_quantile_exact"": true}",frozen graph intervention; FIXED_NORM_MASK is not retrained valid-operator performance
Grocery,42,uniform,low_similarity_high_novelty,FIXED_NORM_MASK,7599,-0.0067349926793558446,-0.004239971044003754,0.007891178131103516,-0.13981199264526367,20,0.0023327946662902834,0.0025777960467656927,0.005558383464813232,-0.005959004392386558,MATCHED,"{""allocated_cells"": 17, ""allocation"": {""((0, 1), 3)"": 54, ""((0, 2), 3)"": 133, ""((0, 3), 1)"": 125, ""((0, 3), 2)"": 280, ""((0, 3), 3)"": 173, ""((1, 1), 3)"": 39, ""((1, 2), 3)"": 183, ""((1, 3), 1)"": 515, ""((1, 3), 3)"": 168, ""((2, 2), 3)"": 241, ""((2, 3), 0)"": 450, ""((2, 3), 1)"": 944, ""((2, 3), 3)"": 416, ""((3, 3), 0)"": 1822, ""((3, 3), 1)"": 430, ""((3, 3), 2)"": 1470, ""((3, 3), 3)"": 156}, ""degree_pair_exact"": true, ""matched_edge_count_per_control"": 7599, ""matching_method"": ""integral max-flow with exact endpoint-degree-quantile-pair and base normalized edge-weight quantile marginals"", ""shortages"": {}, ""status"": ""MATCHED"", ""target_degree_pair_marginal"": ""{(0, 1): 54, (1, 3): 683, (2, 3): 1810, (1, 2): 183, (0, 2): 133, (2, 2): 241, (3, 3): 3878, (0, 3): 578, (1, 1): 39}"", ""target_edge_count"": 7599, ""target_weight_quantile_marginal"": ""{3: 1563, 1: 2014, 2: 1750, 0: 2272}"", ""verified_exact_marginals"": true, ""weight_quantile_exact"": true}",frozen graph intervention; FIXED_NORM_MASK is not retrained valid-operator performance
Grocery,42,uniform,low_similarity_high_novelty,RENORMALIZED_DELETE,7599,-0.005270863836017603,0.0025877941549347083,0.03853505849838257,0.3244342803955078,20,0.022233355045318603,0.0033833077375017614,0.016301703453063966,-0.00483162518301612,MATCHED,"{""allocated_cells"": 17, ""allocation"": {""((0, 1), 3)"": 54, ""((0, 2), 3)"": 133, ""((0, 3), 1)"": 125, ""((0, 3), 2)"": 280, ""((0, 3), 3)"": 173, ""((1, 1), 3)"": 39, ""((1, 2), 3)"": 183, ""((1, 3), 1)"": 515, ""((1, 3), 3)"": 168, ""((2, 2), 3)"": 241, ""((2, 3), 0)"": 450, ""((2, 3), 1)"": 944, ""((2, 3), 3)"": 416, ""((3, 3), 0)"": 1822, ""((3, 3), 1)"": 430, ""((3, 3), 2)"": 1470, ""((3, 3), 3)"": 156}, ""degree_pair_exact"": true, ""matched_edge_count_per_control"": 7599, ""matching_method"": ""integral max-flow with exact endpoint-degree-quantile-pair and base normalized edge-weight quantile marginals"", ""shortages"": {}, ""status"": ""MATCHED"", ""target_degree_pair_marginal"": ""{(0, 1): 54, (1, 3): 683, (2, 3): 1810, (1, 2): 183, (0, 2): 133, (2, 2): 241, (3, 3): 3878, (0, 3): 578, (1, 1): 39}"", ""target_edge_count"": 7599, ""target_weight_quantile_marginal"": ""{3: 1563, 1: 2014, 2: 1750, 0: 2272}"", ""verified_exact_marginals"": true, ""weight_quantile_exact"": true}",frozen graph intervention; FIXED_NORM_MASK is not retrained valid-operator performance
Grocery,42,uniform,low_similarity_low_novelty,FIXED_NORM_MASK,2169,-0.0011713030746706155,-0.0018275742120783534,-0.007396221160888672,-0.07773685455322266,20,-0.0028289705514907837,0.0005909364148681122,-0.004567250609397888,-0.0007906295754026516,MATCHED,"{""allocated_cells"": 9, ""allocation"": {""((1, 1), 3)"": 17, ""((1, 2), 3)"": 19, ""((1, 3), 0)"": 98, ""((2, 2), 3)"": 77, ""((2, 3), 0)"": 413, ""((3, 3), 0)"": 297, ""((3, 3), 1)"": 647, ""((3, 3), 2)"": 465, ""((3, 3), 3)"": 136}, ""degree_pair_exact"": true, ""matched_edge_count_per_control"": 2169, ""matching_method"": ""integral max-flow with exact endpoint-degree-quantile-pair and base normalized edge-weight quantile marginals"", ""shortages"": {}, ""status"": ""MATCHED"", ""target_degree_pair_marginal"": ""{(3, 3): 1545, (2, 3): 413, (1, 3): 98, (1, 1): 17, (2, 2): 77, (1, 2): 19}"", ""target_edge_count"": 2169, ""target_weight_quantile_marginal"": ""{2: 465, 0: 808, 1: 647, 3: 249}"", ""verified_exact_marginals"": true, ""weight_quantile_exact"": true}",frozen graph intervention; FIXED_NORM_MASK is not retrained valid-operator performance
Grocery,42,uniform,low_similarity_low_novelty,RENORMALIZED_DELETE,2169,-0.0008784773060029893,-0.0015239428797192422,-0.0014920830726623535,0.006683826446533203,20,0.0004988312721252441,0.000721003984674601,-0.0019909143447875977,-1.4641288433397959e-05,MATCHED,"{""allocated_cells"": 9, ""allocation"": {""((1, 1), 3)"": 17, ""((1, 2), 3)"": 19, ""((1, 3), 0)"": 98, ""((2, 2), 3)"": 77, ""((2, 3), 0)"": 413, ""((3, 3), 0)"": 297, ""((3, 3), 1)"": 647, ""((3, 3), 2)"": 465, ""((3, 3), 3)"": 136}, ""degree_pair_exact"": true, ""matched_edge_count_per_control"": 2169, ""matching_method"": ""integral max-flow with exact endpoint-degree-quantile-pair and base normalized edge-weight quantile marginals"", ""shortages"": {}, ""status"": ""MATCHED"", ""target_degree_pair_marginal"": ""{(3, 3): 1545, (2, 3): 413, (1, 3): 98, (1, 1): 17, (2, 2): 77, (1, 2): 19}"", ""target_edge_count"": 2169, ""target_weight_quantile_marginal"": ""{2: 465, 0: 808, 1: 647, 3: 249}"", ""verified_exact_marginals"": true, ""weight_quantile_exact"": true}",frozen graph intervention; FIXED_NORM_MASK is not retrained valid-operator performance
Grocery,42,gpr,gpr_high_similarity_low_novelty,FIXED_NORM_MASK,7462,0.0,-0.00021163825244607803,-0.006371438503265381,-0.4675173759460449,20,-0.011335048079490661,0.0014581154396853958,0.00496360957622528,-0.003733528550512433,MATCHED,"{""allocated_cells"": 15, ""allocation"": {""((0, 1), 3)"": 43, ""((0, 2), 3)"": 4, ""((0, 3), 1)"": 7, ""((1, 1), 3)"": 117, ""((1, 2), 3)"": 202, ""((1, 3), 1)"": 58, ""((1, 3), 3)"": 186, ""((2, 2), 3)"": 420, ""((2, 3), 0)"": 697, ""((2, 3), 1)"": 502, ""((2, 3), 3)"": 348, ""((3, 3), 0)"": 1319, ""((3, 3), 1)"": 1555, ""((3, 3), 2)"": 1864, ""((3, 3), 3)"": 140}, ""degree_pair_exact"": true, ""matched_edge_count_per_control"": 7462, ""matching_method"": ""integral max-flow with exact endpoint-degree-quantile-pair and base normalized edge-weight quantile marginals"", ""shortages"": {}, ""status"": ""MATCHED"", ""target_degree_pair_marginal"": ""{(1, 1): 117, (1, 2): 202, (2, 2): 420, (2, 3): 1547, (3, 3): 4878, (1, 3): 244, (0, 1): 43, (0, 2): 4, (0, 3): 7}"", ""target_edge_count"": 7462, ""target_weight_quantile_marginal"": ""{3: 1460, 2: 1864, 1: 2122, 0: 2016}"", ""verified_exact_marginals"": true, ""weight_quantile_exact"": true}",frozen graph intervention; FIXED_NORM_MASK is not retrained valid-operator performance
Grocery,42,gpr,gpr_high_similarity_low_novelty,RENORMALIZED_DELETE,7462,0.0,-0.0008538405338801569,0.0033267736434936523,-0.014034271240234375,20,0.011189928650856018,0.002724615937748023,-0.007863155007362366,-0.0017569546120058455,MATCHED,"{""allocated_cells"": 15, ""allocation"": {""((0, 1), 3)"": 43, ""((0, 2), 3)"": 4, ""((0, 3), 1)"": 7, ""((1, 1), 3)"": 117, ""((1, 2), 3)"": 202, ""((1, 3), 1)"": 58, ""((1, 3), 3)"": 186, ""((2, 2), 3)"": 420, ""((2, 3), 0)"": 697, ""((2, 3), 1)"": 502, ""((2, 3), 3)"": 348, ""((3, 3), 0)"": 1319, ""((3, 3), 1)"": 1555, ""((3, 3), 2)"": 1864, ""((3, 3), 3)"": 140}, ""degree_pair_exact"": true, ""matched_edge_count_per_control"": 7462, ""matching_method"": ""integral max-flow with exact endpoint-degree-quantile-pair and base normalized edge-weight quantile marginals"", ""shortages"": {}, ""status"": ""MATCHED"", ""target_degree_pair_marginal"": ""{(1, 1): 117, (1, 2): 202, (2, 2): 420, (2, 3): 1547, (3, 3): 4878, (1, 3): 244, (0, 1): 43, (0, 2): 4, (0, 3): 7}"", ""target_edge_count"": 7462, ""target_weight_quantile_marginal"": ""{3: 1460, 2: 1864, 1: 2122, 0: 2016}"", ""verified_exact_marginals"": true, ""weight_quantile_exact"": true}",frozen graph intervention; FIXED_NORM_MASK is not retrained valid-operator performance
Grocery,42,gpr,gpr_high_similarity_high_novelty,FIXED_NORM_MASK,2565,-0.004392386530014614,-0.004241981716012755,-0.004958748817443848,-0.3590703010559082,20,-0.0075246840715408325,0.0030587887511506155,0.002565935254096985,-0.006120058565153718,MATCHED,"{""allocated_cells"": 15, ""allocation"": {""((0, 1), 3)"": 173, ""((0, 2), 3)"": 243, ""((0, 3), 1)"": 158, ""((0, 3), 2)"": 106, ""((0, 3), 3)"": 90, ""((1, 1), 3)"": 123, ""((1, 2), 3)"": 296, ""((1, 3), 2)"": 130, ""((1, 3), 3)"": 151, ""((2, 2), 3)"": 215, ""((2, 3), 2)"": 157, ""((2, 3), 3)"": 318, ""((3, 3), 0)"": 151, ""((3, 3), 1)"": 90, ""((3, 3), 3)"": 164}, ""degree_pair_exact"": true, ""matched_edge_count_per_control"": 2565, ""matching_method"": ""integral max-flow with exact endpoint-degree-quantile-pair and base normalized edge-weight quantile marginals"", ""shortages"": {}, ""status"": ""MATCHED"", ""target_degree_pair_marginal"": ""{(2, 3): 475, (0, 2): 243, (2, 2): 215, (0, 3): 354, (1, 2): 296, (1, 3): 281, (1, 1): 123, (0, 1): 173, (3, 3): 405}"", ""target_edge_count"": 2565, ""target_weight_quantile_marginal"": ""{2: 393, 3: 1773, 1: 248, 0: 151}"", ""verified_exact_marginals"": true, ""weight_quantile_exact"": true}",frozen graph intervention; FIXED_NORM_MASK is not retrained valid-operator performance
Grocery,42,gpr,gpr_high_similarity_high_novelty,RENORMALIZED_DELETE,2565,-0.005563689604685229,-0.006595194359357959,0.027818799018859863,0.0039844512939453125,20,0.0350355863571167,0.004743019634632322,-0.0072167873382568345,-0.004963396778916535,MATCHED,"{""allocated_cells"": 15, ""allocation"": {""((0, 1), 3)"": 173, ""((0, 2), 3)"": 243, ""((0, 3), 1)"": 158, ""((0, 3), 2)"": 106, ""((0, 3), 3)"": 90, ""((1, 1), 3)"": 123, ""((1, 2), 3)"": 296, ""((1, 3), 2)"": 130, ""((1, 3), 3)"": 151, ""((2, 2), 3)"": 215, ""((2, 3), 2)"": 157, ""((2, 3), 3)"": 318, ""((3, 3), 0)"": 151, ""((3, 3), 1)"": 90, ""((3, 3), 3)"": 164}, ""degree_pair_exact"": true, ""matched_edge_count_per_control"": 2565, ""matching_method"": ""integral max-flow with exact endpoint-degree-quantile-pair and base normalized edge-weight quantile marginals"", ""shortages"": {}, ""status"": ""MATCHED"", ""target_degree_pair_marginal"": ""{(2, 3): 475, (0, 2): 243, (2, 2): 215, (0, 3): 354, (1, 2): 296, (1, 3): 281, (1, 1): 123, (0, 1): 173, (3, 3): 405}"", ""target_edge_count"": 2565, ""target_weight_quantile_marginal"": ""{2: 393, 3: 1773, 1: 248, 0: 151}"", ""verified_exact_marginals"": true, ""weight_quantile_exact"": true}",frozen graph intervention; FIXED_NORM_MASK is not retrained valid-operator performance
Grocery,42,gpr,gpr_low_similarity_high_novelty,FIXED_NORM_MASK,7234,-0.003221083455343998,-0.002340818566893166,0.0027967095375061035,-0.15135526657104492,20,-0.009270182251930237,0.0028160322008308806,0.01206689178943634,-0.005461200585651515,MATCHED,"{""allocated_cells"": 17, ""allocation"": {""((0, 1), 3)"": 55, ""((0, 2), 3)"": 134, ""((0, 3), 1)"": 129, ""((0, 3), 2)"": 276, ""((0, 3), 3)"": 182, ""((1, 1), 3)"": 42, ""((1, 2), 3)"": 174, ""((1, 3), 1)"": 493, ""((1, 3), 3)"": 172, ""((2, 2), 3)"": 229, ""((2, 3), 0)"": 473, ""((2, 3), 1)"": 839, ""((2, 3), 3)"": 404, ""((3, 3), 0)"": 1656, ""((3, 3), 1)"": 424, ""((3, 3), 2)"": 1394, ""((3, 3), 3)"": 158}, ""degree_pair_exact"": true, ""matched_edge_count_per_control"": 7234, ""matching_method"": ""integral max-flow with exact endpoint-degree-quantile-pair and base normalized edge-weight quantile marginals"", ""shortages"": {}, ""status"": ""MATCHED"", ""target_degree_pair_marginal"": ""{(0, 1): 55, (1, 3): 665, (2, 3): 1716, (1, 2): 174, (0, 2): 134, (2, 2): 229, (3, 3): 3632, (0, 3): 587, (1, 1): 42}"", ""target_edge_count"": 7234, ""target_weight_quantile_marginal"": ""{3: 1550, 1: 1885, 2: 1670, 0: 2129}"", ""verified_exact_marginals"": true, ""weight_quantile_exact"": true}",frozen graph intervention; FIXED_NORM_MASK is not retrained valid-operator performance
Grocery,42,gpr,gpr_low_similarity_high_novelty,RENORMALIZED_DELETE,7234,-0.002635431918008746,-0.0014765030633053788,0.06281155347824097,0.38852500915527344,20,0.0306208997964859,0.003941040999820122,0.03219065368175507,-0.003982430453879915,MATCHED,"{""allocated_cells"": 17, ""allocation"": {""((0, 1), 3)"": 55, ""((0, 2), 3)"": 134, ""((0, 3), 1)"": 129, ""((0, 3), 2)"": 276, ""((0, 3), 3)"": 182, ""((1, 1), 3)"": 42, ""((1, 2), 3)"": 174, ""((1, 3), 1)"": 493, ""((1, 3), 3)"": 172, ""((2, 2), 3)"": 229, ""((2, 3), 0)"": 473, ""((2, 3), 1)"": 839, ""((2, 3), 3)"": 404, ""((3, 3), 0)"": 1656, ""((3, 3), 1)"": 424, ""((3, 3), 2)"": 1394, ""((3, 3), 3)"": 158}, ""degree_pair_exact"": true, ""matched_edge_count_per_control"": 7234, ""matching_method"": ""integral max-flow with exact endpoint-degree-quantile-pair and base normalized edge-weight quantile marginals"", ""shortages"": {}, ""status"": ""MATCHED"", ""target_degree_pair_marginal"": ""{(0, 1): 55, (1, 3): 665, (2, 3): 1716, (1, 2): 174, (0, 2): 134, (2, 2): 229, (3, 3): 3632, (0, 3): 587, (1, 1): 42}"", ""target_edge_count"": 7234, ""target_weight_quantile_marginal"": ""{3: 1550, 1: 1885, 2: 1670, 0: 2129}"", ""verified_exact_marginals"": true, ""weight_quantile_exact"": true}",frozen graph intervention; FIXED_NORM_MASK is not retrained valid-operator performance
Grocery,42,gpr,gpr_low_similarity_low_novelty,FIXED_NORM_MASK,2160,-0.0020497803806734938,-0.0016887005895328544,-0.007589101791381836,-0.08453178405761719,20,-0.004886859655380249,0.0009825935160861891,-0.0027022421360015873,-2.928257686675151e-05,MATCHED,"{""allocated_cells"": 9, ""allocation"": {""((1, 1), 3)"": 14, ""((1, 2), 3)"": 14, ""((1, 3), 0)"": 111, ""((2, 2), 3)"": 69, ""((2, 3), 0)"": 399, ""((3, 3), 0)"": 323, ""((3, 3), 1)"": 642, ""((3, 3), 2)"": 462, ""((3, 3), 3)"": 126}, ""degree_pair_exact"": true, ""matched_edge_count_per_control"": 2160, ""matching_method"": ""integral max-flow with exact endpoint-degree-quantile-pair and base normalized edge-weight quantile marginals"", ""shortages"": {}, ""status"": ""MATCHED"", ""target_degree_pair_marginal"": ""{(3, 3): 1553, (2, 3): 399, (1, 3): 111, (1, 1): 14, (2, 2): 69, (1, 2): 14}"", ""target_edge_count"": 2160, ""target_weight_quantile_marginal"": ""{2: 462, 0: 833, 1: 642, 3: 223}"", ""verified_exact_marginals"": true, ""weight_quantile_exact"": true}",frozen graph intervention; FIXED_NORM_MASK is not retrained valid-operator performance
Grocery,42,gpr,gpr_low_similarity_low_novelty,RENORMALIZED_DELETE,2160,-0.0011713030746705044,-0.0002549008289962629,-0.00023889541625976562,0.00811910629272461,20,0.0006055623292922973,0.0006622859604912681,-0.000844457745552063,0.00036603221083455486,MATCHED,"{""allocated_cells"": 9, ""allocation"": {""((1, 1), 3)"": 14, ""((1, 2), 3)"": 14, ""((1, 3), 0)"": 111, ""((2, 2), 3)"": 69, ""((2, 3), 0)"": 399, ""((3, 3), 0)"": 323, ""((3, 3), 1)"": 642, ""((3, 3), 2)"": 462, ""((3, 3), 3)"": 126}, ""degree_pair_exact"": true, ""matched_edge_count_per_control"": 2160, ""matching_method"": ""integral max-flow with exact endpoint-degree-quantile-pair and base normalized edge-weight quantile marginals"", ""shortages"": {}, ""status"": ""MATCHED"", ""target_degree_pair_marginal"": ""{(3, 3): 1553, (2, 3): 399, (1, 3): 111, (1, 1): 14, (2, 2): 69, (1, 2): 14}"", ""target_edge_count"": 2160, ""target_weight_quantile_marginal"": ""{2: 462, 0: 833, 1: 642, 3: 223}"", ""verified_exact_marginals"": true, ""weight_quantile_exact"": true}",frozen graph intervention; FIXED_NORM_MASK is not retrained valid-operator performance
Grocery,42,text_uniform,text_low_similarity_high_novelty,FIXED_NORM_MASK,8313,-0.006442166910688107,-0.005972734783391664,0.015287280082702637,-0.019727230072021484,20,0.01825181543827057,0.002016126438173445,-0.0029645353555679335,-0.006617862371888728,MATCHED,"{""allocated_cells"": 16, ""allocation"": {""((0, 1), 3)"": 55, ""((0, 2), 3)"": 113, ""((0, 3), 1)"": 193, ""((0, 3), 2)"": 252, ""((1, 1), 3)"": 39, ""((1, 2), 3)"": 171, ""((1, 3), 1)"": 521, ""((1, 3), 3)"": 170, ""((2, 2), 3)"": 217, ""((2, 3), 0)"": 225, ""((2, 3), 1)"": 1207, ""((2, 3), 3)"": 604, ""((3, 3), 0)"": 2481, ""((3, 3), 1)"": 275, ""((3, 3), 2)"": 1634, ""((3, 3), 3)"": 156}, ""degree_pair_exact"": true, ""matched_edge_count_per_control"": 8313, ""matching_method"": ""integral max-flow with exact endpoint-degree-quantile-pair and base normalized edge-weight quantile marginals"", ""shortages"": {}, ""status"": ""MATCHED"", ""target_degree_pair_marginal"": ""{(0, 1): 55, (1, 3): 691, (2, 3): 2036, (1, 2): 171, (0, 3): 445, (3, 3): 4546, (0, 2): 113, (2, 2): 217, (1, 1): 39}"", ""target_edge_count"": 8313, ""target_weight_quantile_marginal"": ""{3: 1525, 1: 2196, 2: 1886, 0: 2706}"", ""verified_exact_marginals"": true, ""weight_quantile_exact"": true}",frozen graph intervention; FIXED_NORM_MASK is not retrained valid-operator performance
Grocery,42,text_uniform,text_low_similarity_high_novelty,RENORMALIZED_DELETE,8313,0.0002928257686676261,-0.00033322310255701204,0.0258142352104187,0.3668036460876465,20,0.008021965622901917,0.002171122183222626,0.017792269587516785,-0.0034407027818448123,MATCHED,"{""allocated_cells"": 16, ""allocation"": {""((0, 1), 3)"": 55, ""((0, 2), 3)"": 113, ""((0, 3), 1)"": 193, ""((0, 3), 2)"": 252, ""((1, 1), 3)"": 39, ""((1, 2), 3)"": 171, ""((1, 3), 1)"": 521, ""((1, 3), 3)"": 170, ""((2, 2), 3)"": 217, ""((2, 3), 0)"": 225, ""((2, 3), 1)"": 1207, ""((2, 3), 3)"": 604, ""((3, 3), 0)"": 2481, ""((3, 3), 1)"": 275, ""((3, 3), 2)"": 1634, ""((3, 3), 3)"": 156}, ""degree_pair_exact"": true, ""matched_edge_count_per_control"": 8313, ""matching_method"": ""integral max-flow with exact endpoint-degree-quantile-pair and base normalized edge-weight quantile marginals"", ""shortages"": {}, ""status"": ""MATCHED"", ""target_degree_pair_marginal"": ""{(0, 1): 55, (1, 3): 691, (2, 3): 2036, (1, 2): 171, (0, 3): 445, (3, 3): 4546, (0, 2): 113, (2, 2): 217, (1, 1): 39}"", ""target_edge_count"": 8313, ""target_weight_quantile_marginal"": ""{3: 1525, 1: 2196, 2: 1886, 0: 2706}"", ""verified_exact_marginals"": true, ""weight_quantile_exact"": true}",frozen graph intervention; FIXED_NORM_MASK is not retrained valid-operator performance
Grocery,42,text_uniform,text_high_similarity_low_novelty,FIXED_NORM_MASK,8138,-0.0032210834553441092,-0.0033965486982556747,0.0202980637550354,-0.3838965892791748,20,0.018500784039497377,0.0015350910305865844,0.0017972797155380235,-0.005461200585651543,MATCHED,"{""allocated_cells"": 15, ""allocation"": {""((0, 1), 3)"": 56, ""((0, 2), 3)"": 11, ""((0, 3), 1)"": 14, ""((1, 1), 3)"": 147, ""((1, 2), 3)"": 249, ""((1, 3), 1)"": 101, ""((1, 3), 3)"": 183, ""((2, 2), 3)"": 517, ""((2, 3), 0)"": 571, ""((2, 3), 1)"": 611, ""((2, 3), 3)"": 472, ""((3, 3), 0)"": 1562, ""((3, 3), 1)"": 1481, ""((3, 3), 2)"": 2028, ""((3, 3), 3)"": 135}, ""degree_pair_exact"": true, ""matched_edge_count_per_control"": 8138, ""matching_method"": ""integral max-flow with exact endpoint-degree-quantile-pair and base normalized edge-weight quantile marginals"", ""shortages"": {}, ""status"": ""MATCHED"", ""target_degree_pair_marginal"": ""{(1, 1): 147, (1, 2): 249, (3, 3): 5206, (2, 2): 517, (2, 3): 1654, (0, 2): 11, (1, 3): 284, (0, 3): 14, (0, 1): 56}"", ""target_edge_count"": 8138, ""target_weight_quantile_marginal"": ""{3: 1770, 2: 2028, 1: 2207, 0: 2133}"", ""verified_exact_marginals"": true, ""weight_quantile_exact"": true}",frozen graph intervention; FIXED_NORM_MASK is not retrained valid-operator performance
Grocery,42,text_uniform,text_high_similarity_low_novelty,RENORMALIZED_DELETE,8138,-0.0020497803806734938,-0.0036328169319127523,0.005485236644744873,-0.024327993392944336,20,0.007630506157875061,0.001894798459007438,-0.0021452695131301876,-0.0024890190336749663,MATCHED,"{""allocated_cells"": 15, ""allocation"": {""((0, 1), 3)"": 56, ""((0, 2), 3)"": 11, ""((0, 3), 1)"": 14, ""((1, 1), 3)"": 147, ""((1, 2), 3)"": 249, ""((1, 3), 1)"": 101, ""((1, 3), 3)"": 183, ""((2, 2), 3)"": 517, ""((2, 3), 0)"": 571, ""((2, 3), 1)"": 611, ""((2, 3), 3)"": 472, ""((3, 3), 0)"": 1562, ""((3, 3), 1)"": 1481, ""((3, 3), 2)"": 2028, ""((3, 3), 3)"": 135}, ""degree_pair_exact"": true, ""matched_edge_count_per_control"": 8138, ""matching_method"": ""integral max-flow with exact endpoint-degree-quantile-pair and base normalized edge-weight quantile marginals"", ""shortages"": {}, ""status"": ""MATCHED"", ""target_degree_pair_marginal"": ""{(1, 1): 147, (1, 2): 249, (3, 3): 5206, (2, 2): 517, (2, 3): 1654, (0, 2): 11, (1, 3): 284, (0, 3): 14, (0, 1): 56}"", ""target_edge_count"": 8138, ""target_weight_quantile_marginal"": ""{3: 1770, 2: 2028, 1: 2207, 0: 2133}"", ""verified_exact_marginals"": true, ""weight_quantile_exact"": true}",frozen graph intervention; FIXED_NORM_MASK is not retrained valid-operator performance
Grocery,42,text_uniform,joint_low_similarity_high_novelty,FIXED_NORM_MASK,7599,-0.004392386530014614,-0.005129429335242186,0.009887516498565674,-0.05137276649475098,20,0.021584028005599977,0.0025252529463124064,-0.011696511507034303,-0.007745241581259166,MATCHED,"{""allocated_cells"": 17, ""allocation"": {""((0, 1), 3)"": 54, ""((0, 2), 3)"": 133, ""((0, 3), 1)"": 125, ""((0, 3), 2)"": 280, ""((0, 3), 3)"": 173, ""((1, 1), 3)"": 39, ""((1, 2), 3)"": 183, ""((1, 3), 1)"": 515, ""((1, 3), 3)"": 168, ""((2, 2), 3)"": 241, ""((2, 3), 0)"": 450, ""((2, 3), 1)"": 944, ""((2, 3), 3)"": 416, ""((3, 3), 0)"": 1822, ""((3, 3), 1)"": 430, ""((3, 3), 2)"": 1470, ""((3, 3), 3)"": 156}, ""degree_pair_exact"": true, ""matched_edge_count_per_control"": 7599, ""matching_method"": ""integral max-flow with exact endpoint-degree-quantile-pair and base normalized edge-weight quantile marginals"", ""shortages"": {}, ""status"": ""MATCHED"", ""target_degree_pair_marginal"": ""{(0, 1): 54, (1, 3): 683, (2, 3): 1810, (1, 2): 183, (0, 2): 133, (2, 2): 241, (3, 3): 3878, (0, 3): 578, (1, 1): 39}"", ""target_edge_count"": 7599, ""target_weight_quantile_marginal"": ""{3: 1563, 1: 2014, 2: 1750, 0: 2272}"", ""verified_exact_marginals"": true, ""weight_quantile_exact"": true}",frozen graph intervention; FIXED_NORM_MASK is not retrained valid-operator performance
Grocery,42,text_uniform,joint_low_similarity_high_novelty,RENORMALIZED_DELETE,7599,-0.0014641288433382416,-0.00287773637489952,0.016945600509643555,0.3269166946411133,20,0.018163764476776124,0.0030089529022829607,-0.0012181639671325697,-0.005344070278184498,MATCHED,"{""allocated_cells"": 17, ""allocation"": {""((0, 1), 3)"": 54, ""((0, 2), 3)"": 133, ""((0, 3), 1)"": 125, ""((0, 3), 2)"": 280, ""((0, 3), 3)"": 173, ""((1, 1), 3)"": 39, ""((1, 2), 3)"": 183, ""((1, 3), 1)"": 515, ""((1, 3), 3)"": 168, ""((2, 2), 3)"": 241, ""((2, 3), 0)"": 450, ""((2, 3), 1)"": 944, ""((2, 3), 3)"": 416, ""((3, 3), 0)"": 1822, ""((3, 3), 1)"": 430, ""((3, 3), 2)"": 1470, ""((3, 3), 3)"": 156}, ""degree_pair_exact"": true, ""matched_edge_count_per_control"": 7599, ""matching_method"": ""integral max-flow with exact endpoint-degree-quantile-pair and base normalized edge-weight quantile marginals"", ""shortages"": {}, ""status"": ""MATCHED"", ""target_degree_pair_marginal"": ""{(0, 1): 54, (1, 3): 683, (2, 3): 1810, (1, 2): 183, (0, 2): 133, (2, 2): 241, (3, 3): 3878, (0, 3): 578, (1, 1): 39}"", ""target_edge_count"": 7599, ""target_weight_quantile_marginal"": ""{3: 1563, 1: 2014, 2: 1750, 0: 2272}"", ""verified_exact_marginals"": true, ""weight_quantile_exact"": true}",frozen graph intervention; FIXED_NORM_MASK is not retrained valid-operator performance
Grocery,42,text_uniform,joint_high_similarity_low_novelty,FIXED_NORM_MASK,7612,-0.0002928257686676261,-0.00022178433734310055,0.02193748950958252,-0.339214563369751,20,0.014915975928306579,0.0023781251241997577,0.007021513581275941,-0.005021961932650093,MATCHED,"{""allocated_cells"": 15, ""allocation"": {""((0, 1), 3)"": 49, ""((0, 2), 3)"": 5, ""((0, 3), 1)"": 10, ""((1, 1), 3)"": 118, ""((1, 2), 3)"": 220, ""((1, 3), 1)"": 82, ""((1, 3), 3)"": 185, ""((2, 2), 3)"": 445, ""((2, 3), 0)"": 670, ""((2, 3), 1)"": 521, ""((2, 3), 3)"": 378, ""((3, 3), 0)"": 1427, ""((3, 3), 1)"": 1488, ""((3, 3), 2)"": 1874, ""((3, 3), 3)"": 140}, ""degree_pair_exact"": true, ""matched_edge_count_per_control"": 7612, ""matching_method"": ""integral max-flow with exact endpoint-degree-quantile-pair and base normalized edge-weight quantile marginals"", ""shortages"": {}, ""status"": ""MATCHED"", ""target_degree_pair_marginal"": ""{(1, 1): 118, (1, 2): 220, (2, 2): 445, (2, 3): 1569, (1, 3): 267, (3, 3): 4929, (0, 1): 49, (0, 2): 5, (0, 3): 10}"", ""target_edge_count"": 7612, ""target_weight_quantile_marginal"": ""{3: 1540, 2: 1874, 1: 2101, 0: 2097}"", ""verified_exact_marginals"": true, ""weight_quantile_exact"": true}",frozen graph intervention; FIXED_NORM_MASK is not retrained valid-operator performance
Grocery,42,text_uniform,joint_high_similarity_low_novelty,RENORMALIZED_DELETE,7612,-0.0002928257686676261,-0.0022993032333967767,0.003595411777496338,-0.014719963073730469,20,0.004958534240722656,0.0023469411019832434,-0.001363122463226318,-0.001449487554904838,MATCHED,"{""allocated_cells"": 15, ""allocation"": {""((0, 1), 3)"": 49, ""((0, 2), 3)"": 5, ""((0, 3), 1)"": 10, ""((1, 1), 3)"": 118, ""((1, 2), 3)"": 220, ""((1, 3), 1)"": 82, ""((1, 3), 3)"": 185, ""((2, 2), 3)"": 445, ""((2, 3), 0)"": 670, ""((2, 3), 1)"": 521, ""((2, 3), 3)"": 378, ""((3, 3), 0)"": 1427, ""((3, 3), 1)"": 1488, ""((3, 3), 2)"": 1874, ""((3, 3), 3)"": 140}, ""degree_pair_exact"": true, ""matched_edge_count_per_control"": 7612, ""matching_method"": ""integral max-flow with exact endpoint-degree-quantile-pair and base normalized edge-weight quantile marginals"", ""shortages"": {}, ""status"": ""MATCHED"", ""target_degree_pair_marginal"": ""{(1, 1): 118, (1, 2): 220, (2, 2): 445, (2, 3): 1569, (1, 3): 267, (3, 3): 4929, (0, 1): 49, (0, 2): 5, (0, 3): 10}"", ""target_edge_count"": 7612, ""target_weight_quantile_marginal"": ""{3: 1540, 2: 1874, 1: 2101, 0: 2097}"", ""verified_exact_marginals"": true, ""weight_quantile_exact"": true}",frozen graph intervention; FIXED_NORM_MASK is not retrained valid-operator performance
Grocery,42,visual_uniform,visual_low_similarity_high_novelty,FIXED_NORM_MASK,7669,-0.015226939970717446,-0.020027909085175266,0.0431286096572876,-0.052014827728271484,20,0.030510440468788147,0.002408927195528376,0.01261816918849945,-0.011273792093704289,MATCHED,"{""allocated_cells"": 17, ""allocation"": {""((0, 1), 3)"": 66, ""((0, 2), 3)"": 161, ""((0, 3), 1)"": 127, ""((0, 3), 2)"": 265, ""((0, 3), 3)"": 235, ""((1, 1), 3)"": 53, ""((1, 2), 3)"": 204, ""((1, 3), 1)"": 541, ""((1, 3), 3)"": 170, ""((2, 2), 3)"": 247, ""((2, 3), 0)"": 437, ""((2, 3), 1)"": 932, ""((2, 3), 3)"": 439, ""((3, 3), 0)"": 1786, ""((3, 3), 1)"": 362, ""((3, 3), 2)"": 1485, ""((3, 3), 3)"": 159}, ""degree_pair_exact"": true, ""matched_edge_count_per_control"": 7669, ""matching_method"": ""integral max-flow with exact endpoint-degree-quantile-pair and base normalized edge-weight quantile marginals"", ""shortages"": {}, ""status"": ""MATCHED"", ""target_degree_pair_marginal"": ""{(0, 1): 66, (1, 3): 711, (1, 2): 204, (2, 3): 1808, (2, 2): 247, (0, 2): 161, (1, 1): 53, (3, 3): 3792, (0, 3): 627}"", ""target_edge_count"": 7669, ""target_weight_quantile_marginal"": ""{3: 1734, 1: 1962, 2: 1750, 0: 2223}"", ""verified_exact_marginals"": true, ""weight_quantile_exact"": true}",frozen graph intervention; FIXED_NORM_MASK is not retrained valid-operator performance
Grocery,42,visual_uniform,visual_low_similarity_high_novelty,RENORMALIZED_DELETE,7669,-0.011127379209370458,-0.01642986623196563,0.10091972351074219,0.34912896156311035,20,0.03689890205860138,0.003709269107837147,0.0640208214521408,-0.0078184480234261,MATCHED,"{""allocated_cells"": 17, ""allocation"": {""((0, 1), 3)"": 66, ""((0, 2), 3)"": 161, ""((0, 3), 1)"": 127, ""((0, 3), 2)"": 265, ""((0, 3), 3)"": 235, ""((1, 1), 3)"": 53, ""((1, 2), 3)"": 204, ""((1, 3), 1)"": 541, ""((1, 3), 3)"": 170, ""((2, 2), 3)"": 247, ""((2, 3), 0)"": 437, ""((2, 3), 1)"": 932, ""((2, 3), 3)"": 439, ""((3, 3), 0)"": 1786, ""((3, 3), 1)"": 362, ""((3, 3), 2)"": 1485, ""((3, 3), 3)"": 159}, ""degree_pair_exact"": true, ""matched_edge_count_per_control"": 7669, ""matching_method"": ""integral max-flow with exact endpoint-degree-quantile-pair and base normalized edge-weight quantile marginals"", ""shortages"": {}, ""status"": ""MATCHED"", ""target_degree_pair_marginal"": ""{(0, 1): 66, (1, 3): 711, (1, 2): 204, (2, 3): 1808, (2, 2): 247, (0, 2): 161, (1, 1): 53, (3, 3): 3792, (0, 3): 627}"", ""target_edge_count"": 7669, ""target_weight_quantile_marginal"": ""{3: 1734, 1: 1962, 2: 1750, 0: 2223}"", ""verified_exact_marginals"": true, ""weight_quantile_exact"": true}",frozen graph intervention; FIXED_NORM_MASK is not retrained valid-operator performance
Grocery,42,visual_uniform,visual_high_similarity_low_novelty,FIXED_NORM_MASK,7509,-0.002635431918008857,-0.0021933489346561696,0.013397932052612305,-0.35508036613464355,20,0.019966083765029907,0.0025660074615569016,-0.006568151712417602,-0.0069399707174231775,MATCHED,"{""allocated_cells"": 15, ""allocation"": {""((0, 1), 3)"": 41, ""((0, 2), 3)"": 6, ""((0, 3), 1)"": 13, ""((1, 1), 3)"": 101, ""((1, 2), 3)"": 183, ""((1, 3), 1)"": 9, ""((1, 3), 3)"": 188, ""((2, 2), 3)"": 391, ""((2, 3), 0)"": 748, ""((2, 3), 1)"": 397, ""((2, 3), 3)"": 303, ""((3, 3), 0)"": 1665, ""((3, 3), 1)"": 1646, ""((3, 3), 2)"": 1676, ""((3, 3), 3)"": 142}, ""degree_pair_exact"": true, ""matched_edge_count_per_control"": 7509, ""matching_method"": ""integral max-flow with exact endpoint-degree-quantile-pair and base normalized edge-weight quantile marginals"", ""shortages"": {}, ""status"": ""MATCHED"", ""target_degree_pair_marginal"": ""{(1, 1): 101, (1, 2): 183, (2, 2): 391, (0, 2): 6, (2, 3): 1448, (1, 3): 197, (3, 3): 5129, (0, 3): 13, (0, 1): 41}"", ""target_edge_count"": 7509, ""target_weight_quantile_marginal"": ""{3: 1355, 2: 1676, 1: 2065, 0: 2413}"", ""verified_exact_marginals"": true, ""weight_quantile_exact"": true}",frozen graph intervention; FIXED_NORM_MASK is not retrained valid-operator performance
Grocery,42,visual_uniform,visual_high_similarity_low_novelty,RENORMALIZED_DELETE,7509,-0.0005856515373353632,-0.0007640840341318622,0.0008234977722167969,-0.020033836364746094,20,0.008081841468811034,0.002122915927836796,-0.007258343696594238,-0.0037920937042460134,MATCHED,"{""allocated_cells"": 15, ""allocation"": {""((0, 1), 3)"": 41, ""((0, 2), 3)"": 6, ""((0, 3), 1)"": 13, ""((1, 1), 3)"": 101, ""((1, 2), 3)"": 183, ""((1, 3), 1)"": 9, ""((1, 3), 3)"": 188, ""((2, 2), 3)"": 391, ""((2, 3), 0)"": 748, ""((2, 3), 1)"": 397, ""((2, 3), 3)"": 303, ""((3, 3), 0)"": 1665, ""((3, 3), 1)"": 1646, ""((3, 3), 2)"": 1676, ""((3, 3), 3)"": 142}, ""degree_pair_exact"": true, ""matched_edge_count_per_control"": 7509, ""matching_method"": ""integral max-flow with exact endpoint-degree-quantile-pair and base normalized edge-weight quantile marginals"", ""shortages"": {}, ""status"": ""MATCHED"", ""target_degree_pair_marginal"": ""{(1, 1): 101, (1, 2): 183, (2, 2): 391, (0, 2): 6, (2, 3): 1448, (1, 3): 197, (3, 3): 5129, (0, 3): 13, (0, 1): 41}"", ""target_edge_count"": 7509, ""target_weight_quantile_marginal"": ""{3: 1355, 2: 1676, 1: 2065, 0: 2413}"", ""verified_exact_marginals"": true, ""weight_quantile_exact"": true}",frozen graph intervention; FIXED_NORM_MASK is not retrained valid-operator performance
Grocery,42,visual_uniform,joint_low_similarity_high_novelty,FIXED_NORM_MASK,7599,-0.009663250366032217,-0.019891481256329002,0.02495288848876953,-0.050281524658203125,20,0.030410629510879517,0.0029327661919483407,-0.005457741022109986,-0.010761346998535926,MATCHED,"{""allocated_cells"": 17, ""allocation"": {""((0, 1), 3)"": 54, ""((0, 2), 3)"": 133, ""((0, 3), 1)"": 125, ""((0, 3), 2)"": 280, ""((0, 3), 3)"": 173, ""((1, 1), 3)"": 39, ""((1, 2), 3)"": 183, ""((1, 3), 1)"": 515, ""((1, 3), 3)"": 168, ""((2, 2), 3)"": 241, ""((2, 3), 0)"": 450, ""((2, 3), 1)"": 944, ""((2, 3), 3)"": 416, ""((3, 3), 0)"": 1822, ""((3, 3), 1)"": 430, ""((3, 3), 2)"": 1470, ""((3, 3), 3)"": 156}, ""degree_pair_exact"": true, ""matched_edge_count_per_control"": 7599, ""matching_method"": ""integral max-flow with exact endpoint-degree-quantile-pair and base normalized edge-weight quantile marginals"", ""shortages"": {}, ""status"": ""MATCHED"", ""target_degree_pair_marginal"": ""{(0, 1): 54, (1, 3): 683, (2, 3): 1810, (1, 2): 183, (0, 2): 133, (2, 2): 241, (3, 3): 3878, (0, 3): 578, (1, 1): 39}"", ""target_edge_count"": 7599, ""target_weight_quantile_marginal"": ""{3: 1563, 1: 2014, 2: 1750, 0: 2272}"", ""verified_exact_marginals"": true, ""weight_quantile_exact"": true}",frozen graph intervention; FIXED_NORM_MASK is not retrained valid-operator performance
Grocery,42,visual_uniform,joint_low_similarity_high_novelty,RENORMALIZED_DELETE,7599,-0.004978038067349977,-0.013486547744738897,0.04138463735580444,0.3378183841705322,20,0.03638490438461304,0.004290874754452173,0.004999732971191405,-0.007218155197657427,MATCHED,"{""allocated_cells"": 17, ""allocation"": {""((0, 1), 3)"": 54, ""((0, 2), 3)"": 133, ""((0, 3), 1)"": 125, ""((0, 3), 2)"": 280, ""((0, 3), 3)"": 173, ""((1, 1), 3)"": 39, ""((1, 2), 3)"": 183, ""((1, 3), 1)"": 515, ""((1, 3), 3)"": 168, ""((2, 2), 3)"": 241, ""((2, 3), 0)"": 450, ""((2, 3), 1)"": 944, ""((2, 3), 3)"": 416, ""((3, 3), 0)"": 1822, ""((3, 3), 1)"": 430, ""((3, 3), 2)"": 1470, ""((3, 3), 3)"": 156}, ""degree_pair_exact"": true, ""matched_edge_count_per_control"": 7599, ""matching_method"": ""integral max-flow with exact endpoint-degree-quantile-pair and base normalized edge-weight quantile marginals"", ""shortages"": {}, ""status"": ""MATCHED"", ""target_degree_pair_marginal"": ""{(0, 1): 54, (1, 3): 683, (2, 3): 1810, (1, 2): 183, (0, 2): 133, (2, 2): 241, (3, 3): 3878, (0, 3): 578, (1, 1): 39}"", ""target_edge_count"": 7599, ""target_weight_quantile_marginal"": ""{3: 1563, 1: 2014, 2: 1750, 0: 2272}"", ""verified_exact_marginals"": true, ""weight_quantile_exact"": true}",frozen graph intervention; FIXED_NORM_MASK is not retrained valid-operator performance
Grocery,42,visual_uniform,joint_high_similarity_low_novelty,FIXED_NORM_MASK,7612,-0.0040995607613469875,-0.0030752518233406745,0.020997345447540283,-0.3693063259124756,20,0.024130293726921083,0.002308581963559782,-0.0031329482793807997,-0.008667642752562266,MATCHED,"{""allocated_cells"": 15, ""allocation"": {""((0, 1), 3)"": 49, ""((0, 2), 3)"": 5, ""((0, 3), 1)"": 10, ""((1, 1), 3)"": 118, ""((1, 2), 3)"": 220, ""((1, 3), 1)"": 82, ""((1, 3), 3)"": 185, ""((2, 2), 3)"": 445, ""((2, 3), 0)"": 670, ""((2, 3), 1)"": 521, ""((2, 3), 3)"": 378, ""((3, 3), 0)"": 1427, ""((3, 3), 1)"": 1488, ""((3, 3), 2)"": 1874, ""((3, 3), 3)"": 140}, ""degree_pair_exact"": true, ""matched_edge_count_per_control"": 7612, ""matching_method"": ""integral max-flow with exact endpoint-degree-quantile-pair and base normalized edge-weight quantile marginals"", ""shortages"": {}, ""status"": ""MATCHED"", ""target_degree_pair_marginal"": ""{(1, 1): 118, (1, 2): 220, (2, 2): 445, (2, 3): 1569, (1, 3): 267, (3, 3): 4929, (0, 1): 49, (0, 2): 5, (0, 3): 10}"", ""target_edge_count"": 7612, ""target_weight_quantile_marginal"": ""{3: 1540, 2: 1874, 1: 2101, 0: 2097}"", ""verified_exact_marginals"": true, ""weight_quantile_exact"": true}",frozen graph intervention; FIXED_NORM_MASK is not retrained valid-operator performance
Grocery,42,visual_uniform,joint_high_similarity_low_novelty,RENORMALIZED_DELETE,7612,-0.0020497803806734938,-0.0019110125168932957,0.007704019546508789,-0.018713951110839844,20,0.011252719163894653,0.0026358707546983414,-0.0035486996173858636,-0.004421669106881437,MATCHED,"{""allocated_cells"": 15, ""allocation"": {""((0, 1), 3)"": 49, ""((0, 2), 3)"": 5, ""((0, 3), 1)"": 10, ""((1, 1), 3)"": 118, ""((1, 2), 3)"": 220, ""((1, 3), 1)"": 82, ""((1, 3), 3)"": 185, ""((2, 2), 3)"": 445, ""((2, 3), 0)"": 670, ""((2, 3), 1)"": 521, ""((2, 3), 3)"": 378, ""((3, 3), 0)"": 1427, ""((3, 3), 1)"": 1488, ""((3, 3), 2)"": 1874, ""((3, 3), 3)"": 140}, ""degree_pair_exact"": true, ""matched_edge_count_per_control"": 7612, ""matching_method"": ""integral max-flow with exact endpoint-degree-quantile-pair and base normalized edge-weight quantile marginals"", ""shortages"": {}, ""status"": ""MATCHED"", ""target_degree_pair_marginal"": ""{(1, 1): 118, (1, 2): 220, (2, 2): 445, (2, 3): 1569, (1, 3): 267, (3, 3): 4929, (0, 1): 49, (0, 2): 5, (0, 3): 10}"", ""target_edge_count"": 7612, ""target_weight_quantile_marginal"": ""{3: 1540, 2: 1874, 1: 2101, 0: 2097}"", ""verified_exact_marginals"": true, ""weight_quantile_exact"": true}",frozen graph intervention; FIXED_NORM_MASK is not retrained valid-operator performance
Grocery,43,uniform,high_similarity_low_novelty,FIXED_NORM_MASK,7504,-0.0011713030746706155,-0.003798422095768861,0.006689220666885376,-0.4968528747558594,20,0.0004967659711837769,0.0016200419687080942,0.006192454695701599,0.0006734992679355622,MATCHED,"{""allocated_cells"": 15, ""allocation"": {""((0, 1), 3)"": 44, ""((0, 2), 3)"": 4, ""((0, 3), 1)"": 5, ""((1, 1), 3)"": 119, ""((1, 2), 3)"": 190, ""((1, 3), 1)"": 74, ""((1, 3), 3)"": 183, ""((2, 2), 3)"": 415, ""((2, 3), 0)"": 701, ""((2, 3), 1)"": 461, ""((2, 3), 3)"": 348, ""((3, 3), 0)"": 1405, ""((3, 3), 1)"": 1568, ""((3, 3), 2)"": 1847, ""((3, 3), 3)"": 140}, ""degree_pair_exact"": true, ""matched_edge_count_per_control"": 7504, ""matching_method"": ""integral max-flow with exact endpoint-degree-quantile-pair and base normalized edge-weight quantile marginals"", ""shortages"": {}, ""status"": ""MATCHED"", ""target_degree_pair_marginal"": ""{(1, 1): 119, (3, 3): 4960, (1, 2): 190, (2, 2): 415, (2, 3): 1510, (1, 3): 257, (0, 1): 44, (0, 2): 4, (0, 3): 5}"", ""target_edge_count"": 7504, ""target_weight_quantile_marginal"": ""{3: 1443, 1: 2108, 2: 1847, 0: 2106}"", ""verified_exact_marginals"": true, ""weight_quantile_exact"": true}",frozen graph intervention; FIXED_NORM_MASK is not retrained valid-operator performance
Grocery,43,uniform,high_similarity_low_novelty,RENORMALIZED_DELETE,7504,-0.0011713030746706155,-0.0013546462026876593,0.0022584199905395508,-0.027471065521240234,20,0.002970772981643677,0.0019305320934420223,-0.0007123529911041262,-0.0008345534407027899,MATCHED,"{""allocated_cells"": 15, ""allocation"": {""((0, 1), 3)"": 44, ""((0, 2), 3)"": 4, ""((0, 3), 1)"": 5, ""((1, 1), 3)"": 119, ""((1, 2), 3)"": 190, ""((1, 3), 1)"": 74, ""((1, 3), 3)"": 183, ""((2, 2), 3)"": 415, ""((2, 3), 0)"": 701, ""((2, 3), 1)"": 461, ""((2, 3), 3)"": 348, ""((3, 3), 0)"": 1405, ""((3, 3), 1)"": 1568, ""((3, 3), 2)"": 1847, ""((3, 3), 3)"": 140}, ""degree_pair_exact"": true, ""matched_edge_count_per_control"": 7504, ""matching_method"": ""integral max-flow with exact endpoint-degree-quantile-pair and base normalized edge-weight quantile marginals"", ""shortages"": {}, ""status"": ""MATCHED"", ""target_degree_pair_marginal"": ""{(1, 1): 119, (3, 3): 4960, (1, 2): 190, (2, 2): 415, (2, 3): 1510, (1, 3): 257, (0, 1): 44, (0, 2): 4, (0, 3): 5}"", ""target_edge_count"": 7504, ""target_weight_quantile_marginal"": ""{3: 1443, 1: 2108, 2: 1847, 0: 2106}"", ""verified_exact_marginals"": true, ""weight_quantile_exact"": true}",frozen graph intervention; FIXED_NORM_MASK is not retrained valid-operator performance
Grocery,43,uniform,high_similarity_high_novelty,FIXED_NORM_MASK,2593,0.0,-0.0006366248642288852,0.011025458574295044,-0.33405160903930664,20,0.008550727367401123,0.0021338948707553106,0.0024747312068939212,-0.0027232796486091003,MATCHED,"{""allocated_cells"": 15, ""allocation"": {""((0, 1), 3)"": 176, ""((0, 2), 3)"": 249, ""((0, 3), 1)"": 162, ""((0, 3), 2)"": 100, ""((0, 3), 3)"": 90, ""((1, 1), 3)"": 98, ""((1, 2), 3)"": 300, ""((1, 3), 2)"": 127, ""((1, 3), 3)"": 147, ""((2, 2), 3)"": 213, ""((2, 3), 2)"": 190, ""((2, 3), 3)"": 340, ""((3, 3), 0)"": 147, ""((3, 3), 1)"": 90, ""((3, 3), 3)"": 164}, ""degree_pair_exact"": true, ""matched_edge_count_per_control"": 2593, ""matching_method"": ""integral max-flow with exact endpoint-degree-quantile-pair and base normalized edge-weight quantile marginals"", ""shortages"": {}, ""status"": ""MATCHED"", ""target_degree_pair_marginal"": ""{(2, 3): 530, (0, 2): 249, (2, 2): 213, (1, 2): 300, (1, 1): 98, (1, 3): 274, (0, 3): 352, (0, 1): 176, (3, 3): 401}"", ""target_edge_count"": 2593, ""target_weight_quantile_marginal"": ""{2: 417, 3: 1777, 1: 252, 0: 147}"", ""verified_exact_marginals"": true, ""weight_quantile_exact"": true}",frozen graph intervention; FIXED_NORM_MASK is not retrained valid-operator performance
Grocery,43,uniform,high_similarity_high_novelty,RENORMALIZED_DELETE,2593,-0.0020497803806734938,-0.0034821653222780746,0.015621811151504517,0.01128244400024414,20,0.011519899964332581,0.002744167916926855,0.004101911187171936,-0.0032796486090776234,MATCHED,"{""allocated_cells"": 15, ""allocation"": {""((0, 1), 3)"": 176, ""((0, 2), 3)"": 249, ""((0, 3), 1)"": 162, ""((0, 3), 2)"": 100, ""((0, 3), 3)"": 90, ""((1, 1), 3)"": 98, ""((1, 2), 3)"": 300, ""((1, 3), 2)"": 127, ""((1, 3), 3)"": 147, ""((2, 2), 3)"": 213, ""((2, 3), 2)"": 190, ""((2, 3), 3)"": 340, ""((3, 3), 0)"": 147, ""((3, 3), 1)"": 90, ""((3, 3), 3)"": 164}, ""degree_pair_exact"": true, ""matched_edge_count_per_control"": 2593, ""matching_method"": ""integral max-flow with exact endpoint-degree-quantile-pair and base normalized edge-weight quantile marginals"", ""shortages"": {}, ""status"": ""MATCHED"", ""target_degree_pair_marginal"": ""{(2, 3): 530, (0, 2): 249, (2, 2): 213, (1, 2): 300, (1, 1): 98, (1, 3): 274, (0, 3): 352, (0, 1): 176, (3, 3): 401}"", ""target_edge_count"": 2593, ""target_weight_quantile_marginal"": ""{2: 417, 3: 1777, 1: 252, 0: 147}"", ""verified_exact_marginals"": true, ""weight_quantile_exact"": true}",frozen graph intervention; FIXED_NORM_MASK is not retrained valid-operator performance
Grocery,43,uniform,low_similarity_high_novelty,FIXED_NORM_MASK,7806,-0.002928257686676483,-0.017368063930624178,0.010095834732055664,-0.14596891403198242,20,0.007993660867214203,0.002804232579675268,0.002102173864841461,-0.0018740849194729293,MATCHED,"{""allocated_cells"": 17, ""allocation"": {""((0, 1), 3)"": 61, ""((0, 2), 3)"": 151, ""((0, 3), 1)"": 130, ""((0, 3), 2)"": 267, ""((0, 3), 3)"": 215, ""((1, 1), 3)"": 46, ""((1, 2), 3)"": 202, ""((1, 3), 1)"": 547, ""((1, 3), 3)"": 170, ""((2, 2), 3)"": 249, ""((2, 3), 0)"": 396, ""((2, 3), 1)"": 1015, ""((2, 3), 3)"": 468, ""((3, 3), 0)"": 1867, ""((3, 3), 1)"": 335, ""((3, 3), 2)"": 1528, ""((3, 3), 3)"": 159}, ""degree_pair_exact"": true, ""matched_edge_count_per_control"": 7806, ""matching_method"": ""integral max-flow with exact endpoint-degree-quantile-pair and base normalized edge-weight quantile marginals"", ""shortages"": {}, ""status"": ""MATCHED"", ""target_degree_pair_marginal"": ""{(0, 1): 61, (1, 3): 717, (2, 3): 1879, (1, 2): 202, (0, 2): 151, (2, 2): 249, (3, 3): 3889, (0, 3): 612, (1, 1): 46}"", ""target_edge_count"": 7806, ""target_weight_quantile_marginal"": ""{3: 1721, 1: 2027, 2: 1795, 0: 2263}"", ""verified_exact_marginals"": true, ""weight_quantile_exact"": true}",frozen graph intervention; FIXED_NORM_MASK is not retrained valid-operator performance
Grocery,43,uniform,low_similarity_high_novelty,RENORMALIZED_DELETE,7806,-0.007027818448023471,-0.020410847054167958,0.02634727954864502,0.43300628662109375,20,0.010759584605693817,0.0023732354092150217,0.015587694942951202,-0.003923865300146429,MATCHED,"{""allocated_cells"": 17, ""allocation"": {""((0, 1), 3)"": 61, ""((0, 2), 3)"": 151, ""((0, 3), 1)"": 130, ""((0, 3), 2)"": 267, ""((0, 3), 3)"": 215, ""((1, 1), 3)"": 46, ""((1, 2), 3)"": 202, ""((1, 3), 1)"": 547, ""((1, 3), 3)"": 170, ""((2, 2), 3)"": 249, ""((2, 3), 0)"": 396, ""((2, 3), 1)"": 1015, ""((2, 3), 3)"": 468, ""((3, 3), 0)"": 1867, ""((3, 3), 1)"": 335, ""((3, 3), 2)"": 1528, ""((3, 3), 3)"": 159}, ""degree_pair_exact"": true, ""matched_edge_count_per_control"": 7806, ""matching_method"": ""integral max-flow with exact endpoint-degree-quantile-pair and base normalized edge-weight quantile marginals"", ""shortages"": {}, ""status"": ""MATCHED"", ""target_degree_pair_marginal"": ""{(0, 1): 61, (1, 3): 717, (2, 3): 1879, (1, 2): 202, (0, 2): 151, (2, 2): 249, (3, 3): 3889, (0, 3): 612, (1, 1): 46}"", ""target_edge_count"": 7806, ""target_weight_quantile_marginal"": ""{3: 1721, 1: 2027, 2: 1795, 0: 2263}"", ""verified_exact_marginals"": true, ""weight_quantile_exact"": true}",frozen graph intervention; FIXED_NORM_MASK is not retrained valid-operator performance
Grocery,43,uniform,low_similarity_low_novelty,FIXED_NORM_MASK,2193,0.0,-0.00012243890175611671,-0.003310471773147583,-0.08977460861206055,20,-0.002002733945846558,0.0006511675295645563,-0.0013077378273010252,-0.0005270863836017547,MATCHED,"{""allocated_cells"": 9, ""allocation"": {""((1, 1), 3)"": 16, ""((1, 2), 3)"": 19, ""((1, 3), 0)"": 108, ""((2, 2), 3)"": 69, ""((2, 3), 0)"": 393, ""((3, 3), 0)"": 284, ""((3, 3), 1)"": 725, ""((3, 3), 2)"": 462, ""((3, 3), 3)"": 117}, ""degree_pair_exact"": true, ""matched_edge_count_per_control"": 2193, ""matching_method"": ""integral max-flow with exact endpoint-degree-quantile-pair and base normalized edge-weight quantile marginals"", ""shortages"": {}, ""status"": ""MATCHED"", ""target_degree_pair_marginal"": ""{(1, 2): 19, (3, 3): 1588, (2, 3): 393, (1, 3): 108, (2, 2): 69, (1, 1): 16}"", ""target_edge_count"": 2193, ""target_weight_quantile_marginal"": ""{3: 221, 2: 462, 0: 785, 1: 725}"", ""verified_exact_marginals"": true, ""weight_quantile_exact"": true}",frozen graph intervention; FIXED_NORM_MASK is not retrained valid-operator performance
Grocery,43,uniform,low_similarity_low_novelty,RENORMALIZED_DELETE,2193,0.0002928257686676261,0.0005912825504662544,-0.00019127130508422852,0.007249355316162109,20,-0.000262904167175293,0.000556043418518811,7.163286209106446e-05,-0.00010248901903369134,MATCHED,"{""allocated_cells"": 9, ""allocation"": {""((1, 1), 3)"": 16, ""((1, 2), 3)"": 19, ""((1, 3), 0)"": 108, ""((2, 2), 3)"": 69, ""((2, 3), 0)"": 393, ""((3, 3), 0)"": 284, ""((3, 3), 1)"": 725, ""((3, 3), 2)"": 462, ""((3, 3), 3)"": 117}, ""degree_pair_exact"": true, ""matched_edge_count_per_control"": 2193, ""matching_method"": ""integral max-flow with exact endpoint-degree-quantile-pair and base normalized edge-weight quantile marginals"", ""shortages"": {}, ""status"": ""MATCHED"", ""target_degree_pair_marginal"": ""{(1, 2): 19, (3, 3): 1588, (2, 3): 393, (1, 3): 108, (2, 2): 69, (1, 1): 16}"", ""target_edge_count"": 2193, ""target_weight_quantile_marginal"": ""{3: 221, 2: 462, 0: 785, 1: 725}"", ""verified_exact_marginals"": true, ""weight_quantile_exact"": true}",frozen graph intervention; FIXED_NORM_MASK is not retrained valid-operator performance
Grocery,43,gpr,gpr_high_similarity_low_novelty,FIXED_NORM_MASK,7410,0.0,-0.00036703643131086316,0.009731948375701904,-0.4361121654510498,20,0.003264997899532318,0.0014267036233349855,0.006466950476169586,-0.00046852122986822397,MATCHED,"{""allocated_cells"": 15, ""allocation"": {""((0, 1), 3)"": 49, ""((0, 2), 3)"": 4, ""((0, 3), 1)"": 5, ""((1, 1), 3)"": 113, ""((1, 2), 3)"": 192, ""((1, 3), 1)"": 78, ""((1, 3), 3)"": 184, ""((2, 2), 3)"": 421, ""((2, 3), 0)"": 712, ""((2, 3), 1)"": 441, ""((2, 3), 3)"": 337, ""((3, 3), 0)"": 1339, ""((3, 3), 1)"": 1556, ""((3, 3), 2)"": 1838, ""((3, 3), 3)"": 141}, ""degree_pair_exact"": true, ""matched_edge_count_per_control"": 7410, ""matching_method"": ""integral max-flow with exact endpoint-degree-quantile-pair and base normalized edge-weight quantile marginals"", ""shortages"": {}, ""status"": ""MATCHED"", ""target_degree_pair_marginal"": ""{(1, 1): 113, (3, 3): 4874, (1, 2): 192, (2, 2): 421, (2, 3): 1490, (1, 3): 262, (0, 1): 49, (0, 2): 4, (0, 3): 5}"", ""target_edge_count"": 7410, ""target_weight_quantile_marginal"": ""{3: 1441, 1: 2080, 2: 1838, 0: 2051}"", ""verified_exact_marginals"": true, ""weight_quantile_exact"": true}",frozen graph intervention; FIXED_NORM_MASK is not retrained valid-operator performance
Grocery,43,gpr,gpr_high_similarity_low_novelty,RENORMALIZED_DELETE,7410,-0.0005856515373352522,-0.00016018308409804227,0.001223146915435791,-0.024152755737304688,20,0.002471531927585602,0.0014885687948713116,-0.001248385012149811,-0.000966325036603205,MATCHED,"{""allocated_cells"": 15, ""allocation"": {""((0, 1), 3)"": 49, ""((0, 2), 3)"": 4, ""((0, 3), 1)"": 5, ""((1, 1), 3)"": 113, ""((1, 2), 3)"": 192, ""((1, 3), 1)"": 78, ""((1, 3), 3)"": 184, ""((2, 2), 3)"": 421, ""((2, 3), 0)"": 712, ""((2, 3), 1)"": 441, ""((2, 3), 3)"": 337, ""((3, 3), 0)"": 1339, ""((3, 3), 1)"": 1556, ""((3, 3), 2)"": 1838, ""((3, 3), 3)"": 141}, ""degree_pair_exact"": true, ""matched_edge_count_per_control"": 7410, ""matching_method"": ""integral max-flow with exact endpoint-degree-quantile-pair and base normalized edge-weight quantile marginals"", ""shortages"": {}, ""status"": ""MATCHED"", ""target_degree_pair_marginal"": ""{(1, 1): 113, (3, 3): 4874, (1, 2): 192, (2, 2): 421, (2, 3): 1490, (1, 3): 262, (0, 1): 49, (0, 2): 4, (0, 3): 5}"", ""target_edge_count"": 7410, ""target_weight_quantile_marginal"": ""{3: 1441, 1: 2080, 2: 1838, 0: 2051}"", ""verified_exact_marginals"": true, ""weight_quantile_exact"": true}",frozen graph intervention; FIXED_NORM_MASK is not retrained valid-operator performance
Grocery,43,gpr,gpr_high_similarity_high_novelty,FIXED_NORM_MASK,2558,-0.00234260614934112,-0.0024561040753989793,0.012963026762008667,-0.27953290939331055,20,0.010961493849754334,0.0022796946608365726,0.002001532912254333,-0.0021815519765739253,MATCHED,"{""allocated_cells"": 15, ""allocation"": {""((0, 1), 3)"": 164, ""((0, 2), 3)"": 237, ""((0, 3), 1)"": 163, ""((0, 3), 2)"": 86, ""((0, 3), 3)"": 90, ""((1, 1), 3)"": 96, ""((1, 2), 3)"": 295, ""((1, 3), 2)"": 115, ""((1, 3), 3)"": 158, ""((2, 2), 3)"": 223, ""((2, 3), 2)"": 214, ""((2, 3), 3)"": 305, ""((3, 3), 0)"": 158, ""((3, 3), 1)"": 90, ""((3, 3), 3)"": 164}, ""degree_pair_exact"": true, ""matched_edge_count_per_control"": 2558, ""matching_method"": ""integral max-flow with exact endpoint-degree-quantile-pair and base normalized edge-weight quantile marginals"", ""shortages"": {}, ""status"": ""MATCHED"", ""target_degree_pair_marginal"": ""{(2, 3): 519, (0, 2): 237, (2, 2): 223, (1, 3): 273, (1, 2): 295, (1, 1): 96, (0, 3): 339, (0, 1): 164, (3, 3): 412}"", ""target_edge_count"": 2558, ""target_weight_quantile_marginal"": ""{2: 415, 3: 1732, 1: 253, 0: 158}"", ""verified_exact_marginals"": true, ""weight_quantile_exact"": true}",frozen graph intervention; FIXED_NORM_MASK is not retrained valid-operator performance
Grocery,43,gpr,gpr_high_similarity_high_novelty,RENORMALIZED_DELETE,2558,-0.0035139092240117353,-0.0038370400692003814,0.012161612510681152,0.010299205780029297,20,0.00942041426897049,0.0029069156219734033,0.002741198241710662,-0.002137628111273776,MATCHED,"{""allocated_cells"": 15, ""allocation"": {""((0, 1), 3)"": 164, ""((0, 2), 3)"": 237, ""((0, 3), 1)"": 163, ""((0, 3), 2)"": 86, ""((0, 3), 3)"": 90, ""((1, 1), 3)"": 96, ""((1, 2), 3)"": 295, ""((1, 3), 2)"": 115, ""((1, 3), 3)"": 158, ""((2, 2), 3)"": 223, ""((2, 3), 2)"": 214, ""((2, 3), 3)"": 305, ""((3, 3), 0)"": 158, ""((3, 3), 1)"": 90, ""((3, 3), 3)"": 164}, ""degree_pair_exact"": true, ""matched_edge_count_per_control"": 2558, ""matching_method"": ""integral max-flow with exact endpoint-degree-quantile-pair and base normalized edge-weight quantile marginals"", ""shortages"": {}, ""status"": ""MATCHED"", ""target_degree_pair_marginal"": ""{(2, 3): 519, (0, 2): 237, (2, 2): 223, (1, 3): 273, (1, 2): 295, (1, 1): 96, (0, 3): 339, (0, 1): 164, (3, 3): 412}"", ""target_edge_count"": 2558, ""target_weight_quantile_marginal"": ""{2: 415, 3: 1732, 1: 253, 0: 158}"", ""verified_exact_marginals"": true, ""weight_quantile_exact"": true}",frozen graph intervention; FIXED_NORM_MASK is not retrained valid-operator performance
Grocery,43,gpr,gpr_low_similarity_high_novelty,FIXED_NORM_MASK,7800,-0.006149341142020481,-0.018460171660006797,0.011448442935943604,-0.12220954895019531,20,0.01157289296388626,0.0027930254802429923,-0.00012445002794265678,-0.0013909224011712852,MATCHED,"{""allocated_cells"": 17, ""allocation"": {""((0, 1), 3)"": 62, ""((0, 2), 3)"": 145, ""((0, 3), 1)"": 137, ""((0, 3), 2)"": 266, ""((0, 3), 3)"": 200, ""((1, 1), 3)"": 44, ""((1, 2), 3)"": 200, ""((1, 3), 1)"": 549, ""((1, 3), 3)"": 169, ""((2, 2), 3)"": 239, ""((2, 3), 0)"": 384, ""((2, 3), 1)"": 992, ""((2, 3), 3)"": 477, ""((3, 3), 0)"": 1903, ""((3, 3), 1)"": 372, ""((3, 3), 2)"": 1505, ""((3, 3), 3)"": 156}, ""degree_pair_exact"": true, ""matched_edge_count_per_control"": 7800, ""matching_method"": ""integral max-flow with exact endpoint-degree-quantile-pair and base normalized edge-weight quantile marginals"", ""shortages"": {}, ""status"": ""MATCHED"", ""target_degree_pair_marginal"": ""{(0, 1): 62, (1, 3): 718, (2, 3): 1853, (1, 2): 200, (0, 2): 145, (0, 3): 603, (2, 2): 239, (3, 3): 3936, (1, 1): 44}"", ""target_edge_count"": 7800, ""target_weight_quantile_marginal"": ""{3: 1692, 1: 2050, 2: 1771, 0: 2287}"", ""verified_exact_marginals"": true, ""weight_quantile_exact"": true}",frozen graph intervention; FIXED_NORM_MASK is not retrained valid-operator performance
Grocery,43,gpr,gpr_low_similarity_high_novelty,RENORMALIZED_DELETE,7800,-0.006442166910688107,-0.019940018990206476,0.020005136728286743,0.3777437210083008,20,0.010676376521587372,0.002425012290528919,0.009328760206699371,-0.001903367496339664,MATCHED,"{""allocated_cells"": 17, ""allocation"": {""((0, 1), 3)"": 62, ""((0, 2), 3)"": 145, ""((0, 3), 1)"": 137, ""((0, 3), 2)"": 266, ""((0, 3), 3)"": 200, ""((1, 1), 3)"": 44, ""((1, 2), 3)"": 200, ""((1, 3), 1)"": 549, ""((1, 3), 3)"": 169, ""((2, 2), 3)"": 239, ""((2, 3), 0)"": 384, ""((2, 3), 1)"": 992, ""((2, 3), 3)"": 477, ""((3, 3), 0)"": 1903, ""((3, 3), 1)"": 372, ""((3, 3), 2)"": 1505, ""((3, 3), 3)"": 156}, ""degree_pair_exact"": true, ""matched_edge_count_per_control"": 7800, ""matching_method"": ""integral max-flow with exact endpoint-degree-quantile-pair and base normalized edge-weight quantile marginals"", ""shortages"": {}, ""status"": ""MATCHED"", ""target_degree_pair_marginal"": ""{(0, 1): 62, (1, 3): 718, (2, 3): 1853, (1, 2): 200, (0, 2): 145, (0, 3): 603, (2, 2): 239, (3, 3): 3936, (1, 1): 44}"", ""target_edge_count"": 7800, ""target_weight_quantile_marginal"": ""{3: 1692, 1: 2050, 2: 1771, 0: 2287}"", ""verified_exact_marginals"": true, ""weight_quantile_exact"": true}",frozen graph intervention; FIXED_NORM_MASK is not retrained valid-operator performance
Grocery,43,gpr,gpr_low_similarity_low_novelty,FIXED_NORM_MASK,2173,0.0,0.00017715191324185753,-0.0014936625957489014,-0.07734203338623047,20,-0.0013944149017333985,0.0006068829554670936,-9.924769401550284e-05,0.000161054172767211,MATCHED,"{""allocated_cells"": 9, ""allocation"": {""((1, 1), 3)"": 18, ""((1, 2), 3)"": 20, ""((1, 3), 0)"": 96, ""((2, 2), 3)"": 70, ""((2, 3), 0)"": 394, ""((3, 3), 0)"": 296, ""((3, 3), 1)"": 691, ""((3, 3), 2)"": 472, ""((3, 3), 3)"": 116}, ""degree_pair_exact"": true, ""matched_edge_count_per_control"": 2173, ""matching_method"": ""integral max-flow with exact endpoint-degree-quantile-pair and base normalized edge-weight quantile marginals"", ""shortages"": {}, ""status"": ""MATCHED"", ""target_degree_pair_marginal"": ""{(1, 2): 20, (3, 3): 1575, (2, 3): 394, (1, 3): 96, (2, 2): 70, (1, 1): 18}"", ""target_edge_count"": 2173, ""target_weight_quantile_marginal"": ""{3: 224, 0: 786, 2: 472, 1: 691}"", ""verified_exact_marginals"": true, ""weight_quantile_exact"": true}",frozen graph intervention; FIXED_NORM_MASK is not retrained valid-operator performance
Grocery,43,gpr,gpr_low_similarity_low_novelty,RENORMALIZED_DELETE,2173,0.0,0.00021488431499749883,0.00021982192993164062,0.003966808319091797,20,-0.0007013007998466492,0.0005373544133976155,0.0009211227297782898,0.0002342606149341231,MATCHED,"{""allocated_cells"": 9, ""allocation"": {""((1, 1), 3)"": 18, ""((1, 2), 3)"": 20, ""((1, 3), 0)"": 96, ""((2, 2), 3)"": 70, ""((2, 3), 0)"": 394, ""((3, 3), 0)"": 296, ""((3, 3), 1)"": 691, ""((3, 3), 2)"": 472, ""((3, 3), 3)"": 116}, ""degree_pair_exact"": true, ""matched_edge_count_per_control"": 2173, ""matching_method"": ""integral max-flow with exact endpoint-degree-quantile-pair and base normalized edge-weight quantile marginals"", ""shortages"": {}, ""status"": ""MATCHED"", ""target_degree_pair_marginal"": ""{(1, 2): 20, (3, 3): 1575, (2, 3): 394, (1, 3): 96, (2, 2): 70, (1, 1): 18}"", ""target_edge_count"": 2173, ""target_weight_quantile_marginal"": ""{3: 224, 0: 786, 2: 472, 1: 691}"", ""verified_exact_marginals"": true, ""weight_quantile_exact"": true}",frozen graph intervention; FIXED_NORM_MASK is not retrained valid-operator performance
Grocery,43,text_uniform,text_low_similarity_high_novelty,FIXED_NORM_MASK,8912,-0.008491947291361712,-0.008123153972861674,0.020102739334106445,-0.028230667114257812,20,0.027776250243186952,0.001643927385215587,-0.007673510909080507,-0.003147877013177214,MATCHED,"{""allocated_cells"": 17, ""allocation"": {""((0, 1), 3)"": 54, ""((0, 2), 3)"": 119, ""((0, 3), 1)"": 155, ""((0, 3), 2)"": 290, ""((0, 3), 3)"": 95, ""((1, 1), 3)"": 44, ""((1, 2), 3)"": 194, ""((1, 3), 1)"": 571, ""((1, 3), 3)"": 169, ""((2, 2), 3)"": 234, ""((2, 3), 0)"": 203, ""((2, 3), 1)"": 1393, ""((2, 3), 3)"": 613, ""((3, 3), 0)"": 2629, ""((3, 3), 1)"": 235, ""((3, 3), 2)"": 1762, ""((3, 3), 3)"": 152}, ""degree_pair_exact"": true, ""matched_edge_count_per_control"": 8912, ""matching_method"": ""integral max-flow with exact endpoint-degree-quantile-pair and base normalized edge-weight quantile marginals"", ""shortages"": {}, ""status"": ""MATCHED"", ""target_degree_pair_marginal"": ""{(0, 1): 54, (1, 3): 740, (2, 3): 2209, (1, 2): 194, (0, 3): 540, (2, 2): 234, (3, 3): 4778, (0, 2): 119, (1, 1): 44}"", ""target_edge_count"": 8912, ""target_weight_quantile_marginal"": ""{3: 1674, 1: 2354, 2: 2052, 0: 2832}"", ""verified_exact_marginals"": true, ""weight_quantile_exact"": true}",frozen graph intervention; FIXED_NORM_MASK is not retrained valid-operator performance
Grocery,43,text_uniform,text_low_similarity_high_novelty,RENORMALIZED_DELETE,8912,-0.00937042459736459,-0.011862319375687158,0.005045443773269653,0.4108390808105469,20,0.0032990515232086183,0.001905382338090888,0.001746392250061035,-0.002474377745241646,MATCHED,"{""allocated_cells"": 17, ""allocation"": {""((0, 1), 3)"": 54, ""((0, 2), 3)"": 119, ""((0, 3), 1)"": 155, ""((0, 3), 2)"": 290, ""((0, 3), 3)"": 95, ""((1, 1), 3)"": 44, ""((1, 2), 3)"": 194, ""((1, 3), 1)"": 571, ""((1, 3), 3)"": 169, ""((2, 2), 3)"": 234, ""((2, 3), 0)"": 203, ""((2, 3), 1)"": 1393, ""((2, 3), 3)"": 613, ""((3, 3), 0)"": 2629, ""((3, 3), 1)"": 235, ""((3, 3), 2)"": 1762, ""((3, 3), 3)"": 152}, ""degree_pair_exact"": true, ""matched_edge_count_per_control"": 8912, ""matching_method"": ""integral max-flow with exact endpoint-degree-quantile-pair and base normalized edge-weight quantile marginals"", ""shortages"": {}, ""status"": ""MATCHED"", ""target_degree_pair_marginal"": ""{(0, 1): 54, (1, 3): 740, (2, 3): 2209, (1, 2): 194, (0, 3): 540, (2, 2): 234, (3, 3): 4778, (0, 2): 119, (1, 1): 44}"", ""target_edge_count"": 8912, ""target_weight_quantile_marginal"": ""{3: 1674, 1: 2354, 2: 2052, 0: 2832}"", ""verified_exact_marginals"": true, ""weight_quantile_exact"": true}",frozen graph intervention; FIXED_NORM_MASK is not retrained valid-operator performance
Grocery,43,text_uniform,text_high_similarity_low_novelty,FIXED_NORM_MASK,8046,0.0002928257686676261,0.0006165629027889974,0.02791011333465576,-0.3825092315673828,20,0.023025666177272797,0.001347891867090615,0.004884447157382964,-0.0034553440702782324,MATCHED,"{""allocated_cells"": 15, ""allocation"": {""((0, 1), 3)"": 56, ""((0, 2), 3)"": 8, ""((0, 3), 1)"": 18, ""((1, 1), 3)"": 131, ""((1, 2), 3)"": 245, ""((1, 3), 1)"": 99, ""((1, 3), 3)"": 187, ""((2, 2), 3)"": 511, ""((2, 3), 0)"": 573, ""((2, 3), 1)"": 561, ""((2, 3), 3)"": 478, ""((3, 3), 0)"": 1546, ""((3, 3), 1)"": 1490, ""((3, 3), 2)"": 2005, ""((3, 3), 3)"": 138}, ""degree_pair_exact"": true, ""matched_edge_count_per_control"": 8046, ""matching_method"": ""integral max-flow with exact endpoint-degree-quantile-pair and base normalized edge-weight quantile marginals"", ""shortages"": {}, ""status"": ""MATCHED"", ""target_degree_pair_marginal"": ""{(1, 1): 131, (1, 2): 245, (2, 3): 1612, (2, 2): 511, (1, 3): 286, (0, 2): 8, (3, 3): 5179, (0, 3): 18, (0, 1): 56}"", ""target_edge_count"": 8046, ""target_weight_quantile_marginal"": ""{3: 1754, 2: 2005, 1: 2168, 0: 2119}"", ""verified_exact_marginals"": true, ""weight_quantile_exact"": true}",frozen graph intervention; FIXED_NORM_MASK is not retrained valid-operator performance
Grocery,43,text_uniform,text_high_similarity_low_novelty,RENORMALIZED_DELETE,8046,-0.00029282576866773713,0.0006794730454113829,0.0013528764247894287,-0.0331575870513916,20,0.002148084342479706,0.0013650189701426658,-0.0007952079176902771,-0.0027232796486091394,MATCHED,"{""allocated_cells"": 15, ""allocation"": {""((0, 1), 3)"": 56, ""((0, 2), 3)"": 8, ""((0, 3), 1)"": 18, ""((1, 1), 3)"": 131, ""((1, 2), 3)"": 245, ""((1, 3), 1)"": 99, ""((1, 3), 3)"": 187, ""((2, 2), 3)"": 511, ""((2, 3), 0)"": 573, ""((2, 3), 1)"": 561, ""((2, 3), 3)"": 478, ""((3, 3), 0)"": 1546, ""((3, 3), 1)"": 1490, ""((3, 3), 2)"": 2005, ""((3, 3), 3)"": 138}, ""degree_pair_exact"": true, ""matched_edge_count_per_control"": 8046, ""matching_method"": ""integral max-flow with exact endpoint-degree-quantile-pair and base normalized edge-weight quantile marginals"", ""shortages"": {}, ""status"": ""MATCHED"", ""target_degree_pair_marginal"": ""{(1, 1): 131, (1, 2): 245, (2, 3): 1612, (2, 2): 511, (1, 3): 286, (0, 2): 8, (3, 3): 5179, (0, 3): 18, (0, 1): 56}"", ""target_edge_count"": 8046, ""target_weight_quantile_marginal"": ""{3: 1754, 2: 2005, 1: 2168, 0: 2119}"", ""verified_exact_marginals"": true, ""weight_quantile_exact"": true}",frozen graph intervention; FIXED_NORM_MASK is not retrained valid-operator performance
Grocery,43,text_uniform,joint_low_similarity_high_novelty,FIXED_NORM_MASK,7806,-0.005563689604685229,-0.0068414764844272336,0.014098942279815674,-0.06904458999633789,20,0.029288271069526674,0.0018719572743749466,-0.015189328789711,-0.0039677891654466115,MATCHED,"{""allocated_cells"": 17, ""allocation"": {""((0, 1), 3)"": 61, ""((0, 2), 3)"": 151, ""((0, 3), 1)"": 130, ""((0, 3), 2)"": 267, ""((0, 3), 3)"": 215, ""((1, 1), 3)"": 46, ""((1, 2), 3)"": 202, ""((1, 3), 1)"": 547, ""((1, 3), 3)"": 170, ""((2, 2), 3)"": 249, ""((2, 3), 0)"": 396, ""((2, 3), 1)"": 1015, ""((2, 3), 3)"": 468, ""((3, 3), 0)"": 1867, ""((3, 3), 1)"": 335, ""((3, 3), 2)"": 1528, ""((3, 3), 3)"": 159}, ""degree_pair_exact"": true, ""matched_edge_count_per_control"": 7806, ""matching_method"": ""integral max-flow with exact endpoint-degree-quantile-pair and base normalized edge-weight quantile marginals"", ""shortages"": {}, ""status"": ""MATCHED"", ""target_degree_pair_marginal"": ""{(0, 1): 61, (1, 3): 717, (2, 3): 1879, (1, 2): 202, (0, 2): 151, (2, 2): 249, (3, 3): 3889, (0, 3): 612, (1, 1): 46}"", ""target_edge_count"": 7806, ""target_weight_quantile_marginal"": ""{3: 1721, 1: 2027, 2: 1795, 0: 2263}"", ""verified_exact_marginals"": true, ""weight_quantile_exact"": true}",frozen graph intervention; FIXED_NORM_MASK is not retrained valid-operator performance
Grocery,43,text_uniform,joint_low_similarity_high_novelty,RENORMALIZED_DELETE,7806,-0.004099560761347099,-0.005092585854594156,-0.0056050121784210205,0.34680724143981934,20,0.009055592119693756,0.0028832519224783262,-0.014660604298114777,-0.0034992679355783985,MATCHED,"{""allocated_cells"": 17, ""allocation"": {""((0, 1), 3)"": 61, ""((0, 2), 3)"": 151, ""((0, 3), 1)"": 130, ""((0, 3), 2)"": 267, ""((0, 3), 3)"": 215, ""((1, 1), 3)"": 46, ""((1, 2), 3)"": 202, ""((1, 3), 1)"": 547, ""((1, 3), 3)"": 170, ""((2, 2), 3)"": 249, ""((2, 3), 0)"": 396, ""((2, 3), 1)"": 1015, ""((2, 3), 3)"": 468, ""((3, 3), 0)"": 1867, ""((3, 3), 1)"": 335, ""((3, 3), 2)"": 1528, ""((3, 3), 3)"": 159}, ""degree_pair_exact"": true, ""matched_edge_count_per_control"": 7806, ""matching_method"": ""integral max-flow with exact endpoint-degree-quantile-pair and base normalized edge-weight quantile marginals"", ""shortages"": {}, ""status"": ""MATCHED"", ""target_degree_pair_marginal"": ""{(0, 1): 61, (1, 3): 717, (2, 3): 1879, (1, 2): 202, (0, 2): 151, (2, 2): 249, (3, 3): 3889, (0, 3): 612, (1, 1): 46}"", ""target_edge_count"": 7806, ""target_weight_quantile_marginal"": ""{3: 1721, 1: 2027, 2: 1795, 0: 2263}"", ""verified_exact_marginals"": true, ""weight_quantile_exact"": true}",frozen graph intervention; FIXED_NORM_MASK is not retrained valid-operator performance
Grocery,43,text_uniform,joint_high_similarity_low_novelty,FIXED_NORM_MASK,7504,-0.0005856515373353632,0.00010128757130445365,0.03061830997467041,-0.3410325050354004,20,0.018444910645484924,0.001354563595323836,0.012173399329185486,-0.0024597364568082537,MATCHED,"{""allocated_cells"": 15, ""allocation"": {""((0, 1), 3)"": 44, ""((0, 2), 3)"": 4, ""((0, 3), 1)"": 5, ""((1, 1), 3)"": 119, ""((1, 2), 3)"": 190, ""((1, 3), 1)"": 74, ""((1, 3), 3)"": 183, ""((2, 2), 3)"": 415, ""((2, 3), 0)"": 701, ""((2, 3), 1)"": 461, ""((2, 3), 3)"": 348, ""((3, 3), 0)"": 1405, ""((3, 3), 1)"": 1568, ""((3, 3), 2)"": 1847, ""((3, 3), 3)"": 140}, ""degree_pair_exact"": true, ""matched_edge_count_per_control"": 7504, ""matching_method"": ""integral max-flow with exact endpoint-degree-quantile-pair and base normalized edge-weight quantile marginals"", ""shortages"": {}, ""status"": ""MATCHED"", ""target_degree_pair_marginal"": ""{(1, 1): 119, (3, 3): 4960, (1, 2): 190, (2, 2): 415, (2, 3): 1510, (1, 3): 257, (0, 1): 44, (0, 2): 4, (0, 3): 5}"", ""target_edge_count"": 7504, ""target_weight_quantile_marginal"": ""{3: 1443, 1: 2108, 2: 1847, 0: 2106}"", ""verified_exact_marginals"": true, ""weight_quantile_exact"": true}",frozen graph intervention; FIXED_NORM_MASK is not retrained valid-operator performance
Grocery,43,text_uniform,joint_high_similarity_low_novelty,RENORMALIZED_DELETE,7504,-0.0008784773060029893,-0.0007271326184160598,0.0028065741062164307,-0.03046894073486328,20,0.0004587322473526001,0.0017574047741618403,0.0023478418588638306,-0.0015812591508053142,MATCHED,"{""allocated_cells"": 15, ""allocation"": {""((0, 1), 3)"": 44, ""((0, 2), 3)"": 4, ""((0, 3), 1)"": 5, ""((1, 1), 3)"": 119, ""((1, 2), 3)"": 190, ""((1, 3), 1)"": 74, ""((1, 3), 3)"": 183, ""((2, 2), 3)"": 415, ""((2, 3), 0)"": 701, ""((2, 3), 1)"": 461, ""((2, 3), 3)"": 348, ""((3, 3), 0)"": 1405, ""((3, 3), 1)"": 1568, ""((3, 3), 2)"": 1847, ""((3, 3), 3)"": 140}, ""degree_pair_exact"": true, ""matched_edge_count_per_control"": 7504, ""matching_method"": ""integral max-flow with exact endpoint-degree-quantile-pair and base normalized edge-weight quantile marginals"", ""shortages"": {}, ""status"": ""MATCHED"", ""target_degree_pair_marginal"": ""{(1, 1): 119, (3, 3): 4960, (1, 2): 190, (2, 2): 415, (2, 3): 1510, (1, 3): 257, (0, 1): 44, (0, 2): 4, (0, 3): 5}"", ""target_edge_count"": 7504, ""target_weight_quantile_marginal"": ""{3: 1443, 1: 2108, 2: 1847, 0: 2106}"", ""verified_exact_marginals"": true, ""weight_quantile_exact"": true}",frozen graph intervention; FIXED_NORM_MASK is not retrained valid-operator performance
Grocery,43,visual_uniform,visual_low_similarity_high_novelty,FIXED_NORM_MASK,8003,-0.005856515373352855,-0.008169122268178564,0.033132731914520264,-0.045670270919799805,20,0.03732895255088806,0.001987974609848481,-0.004196220636367799,-0.0030893118594436607,MATCHED,"{""allocated_cells"": 17, ""allocation"": {""((0, 1), 3)"": 72, ""((0, 2), 3)"": 177, ""((0, 3), 1)"": 128, ""((0, 3), 2)"": 271, ""((0, 3), 3)"": 243, ""((1, 1), 3)"": 48, ""((1, 2), 3)"": 221, ""((1, 3), 1)"": 568, ""((1, 3), 3)"": 172, ""((2, 2), 3)"": 268, ""((2, 3), 0)"": 368, ""((2, 3), 1)"": 1024, ""((2, 3), 3)"": 495, ""((3, 3), 0)"": 1927, ""((3, 3), 1)"": 303, ""((3, 3), 2)"": 1557, ""((3, 3), 3)"": 161}, ""degree_pair_exact"": true, ""matched_edge_count_per_control"": 8003, ""matching_method"": ""integral max-flow with exact endpoint-degree-quantile-pair and base normalized edge-weight quantile marginals"", ""shortages"": {}, ""status"": ""MATCHED"", ""target_degree_pair_marginal"": ""{(0, 1): 72, (1, 3): 740, (2, 3): 1887, (1, 2): 221, (0, 2): 177, (0, 3): 642, (2, 2): 268, (3, 3): 3948, (1, 1): 48}"", ""target_edge_count"": 8003, ""target_weight_quantile_marginal"": ""{3: 1857, 1: 2023, 2: 1828, 0: 2295}"", ""verified_exact_marginals"": true, ""weight_quantile_exact"": true}",frozen graph intervention; FIXED_NORM_MASK is not retrained valid-operator performance
Grocery,43,visual_uniform,visual_low_similarity_high_novelty,RENORMALIZED_DELETE,8003,-0.0067349926793558446,-0.008264419124791922,0.04077422618865967,0.4150521755218506,20,0.013310740888118743,0.0034141232310895657,0.027463485300540925,-0.0019765739385066206,MATCHED,"{""allocated_cells"": 17, ""allocation"": {""((0, 1), 3)"": 72, ""((0, 2), 3)"": 177, ""((0, 3), 1)"": 128, ""((0, 3), 2)"": 271, ""((0, 3), 3)"": 243, ""((1, 1), 3)"": 48, ""((1, 2), 3)"": 221, ""((1, 3), 1)"": 568, ""((1, 3), 3)"": 172, ""((2, 2), 3)"": 268, ""((2, 3), 0)"": 368, ""((2, 3), 1)"": 1024, ""((2, 3), 3)"": 495, ""((3, 3), 0)"": 1927, ""((3, 3), 1)"": 303, ""((3, 3), 2)"": 1557, ""((3, 3), 3)"": 161}, ""degree_pair_exact"": true, ""matched_edge_count_per_control"": 8003, ""matching_method"": ""integral max-flow with exact endpoint-degree-quantile-pair and base normalized edge-weight quantile marginals"", ""shortages"": {}, ""status"": ""MATCHED"", ""target_degree_pair_marginal"": ""{(0, 1): 72, (1, 3): 740, (2, 3): 1887, (1, 2): 221, (0, 2): 177, (0, 3): 642, (2, 2): 268, (3, 3): 3948, (1, 1): 48}"", ""target_edge_count"": 8003, ""target_weight_quantile_marginal"": ""{3: 1857, 1: 2023, 2: 1828, 0: 2295}"", ""verified_exact_marginals"": true, ""weight_quantile_exact"": true}",frozen graph intervention; FIXED_NORM_MASK is not retrained valid-operator performance
Grocery,43,visual_uniform,visual_high_similarity_low_novelty,FIXED_NORM_MASK,7390,0.0005856515373352522,0.0003295300945900248,0.024250328540802002,-0.36194920539855957,20,0.02139655202627182,0.001662798848391641,0.002853776514530181,-0.0007320644216691208,MATCHED,"{""allocated_cells"": 15, ""allocation"": {""((0, 1), 3)"": 34, ""((0, 2), 3)"": 8, ""((0, 3), 1)"": 10, ""((1, 1), 3)"": 104, ""((1, 2), 3)"": 189, ""((1, 3), 1)"": 14, ""((1, 3), 3)"": 187, ""((2, 2), 3)"": 366, ""((2, 3), 0)"": 763, ""((2, 3), 1)"": 310, ""((2, 3), 3)"": 292, ""((3, 3), 0)"": 1700, ""((3, 3), 1)"": 1641, ""((3, 3), 2)"": 1628, ""((3, 3), 3)"": 144}, ""degree_pair_exact"": true, ""matched_edge_count_per_control"": 7390, ""matching_method"": ""integral max-flow with exact endpoint-degree-quantile-pair and base normalized edge-weight quantile marginals"", ""shortages"": {}, ""status"": ""MATCHED"", ""target_degree_pair_marginal"": ""{(1, 1): 104, (1, 2): 189, (2, 2): 366, (2, 3): 1365, (1, 3): 201, (3, 3): 5113, (0, 3): 10, (0, 1): 34, (0, 2): 8}"", ""target_edge_count"": 7390, ""target_weight_quantile_marginal"": ""{3: 1324, 2: 1628, 1: 1975, 0: 2463}"", ""verified_exact_marginals"": true, ""weight_quantile_exact"": true}",frozen graph intervention; FIXED_NORM_MASK is not retrained valid-operator performance
Grocery,43,visual_uniform,visual_high_similarity_low_novelty,RENORMALIZED_DELETE,7390,0.0014641288433382416,0.002685068453330719,-0.00020635128021240234,-0.02311396598815918,20,0.00120631605386734,0.0017036519418199578,-0.0014126673340797424,-0.0003660322108345604,MATCHED,"{""allocated_cells"": 15, ""allocation"": {""((0, 1), 3)"": 34, ""((0, 2), 3)"": 8, ""((0, 3), 1)"": 10, ""((1, 1), 3)"": 104, ""((1, 2), 3)"": 189, ""((1, 3), 1)"": 14, ""((1, 3), 3)"": 187, ""((2, 2), 3)"": 366, ""((2, 3), 0)"": 763, ""((2, 3), 1)"": 310, ""((2, 3), 3)"": 292, ""((3, 3), 0)"": 1700, ""((3, 3), 1)"": 1641, ""((3, 3), 2)"": 1628, ""((3, 3), 3)"": 144}, ""degree_pair_exact"": true, ""matched_edge_count_per_control"": 7390, ""matching_method"": ""integral max-flow with exact endpoint-degree-quantile-pair and base normalized edge-weight quantile marginals"", ""shortages"": {}, ""status"": ""MATCHED"", ""target_degree_pair_marginal"": ""{(1, 1): 104, (1, 2): 189, (2, 2): 366, (2, 3): 1365, (1, 3): 201, (3, 3): 5113, (0, 3): 10, (0, 1): 34, (0, 2): 8}"", ""target_edge_count"": 7390, ""target_weight_quantile_marginal"": ""{3: 1324, 2: 1628, 1: 1975, 0: 2463}"", ""verified_exact_marginals"": true, ""weight_quantile_exact"": true}",frozen graph intervention; FIXED_NORM_MASK is not retrained valid-operator performance
Grocery,43,visual_uniform,joint_low_similarity_high_novelty,FIXED_NORM_MASK,7806,-0.005563689604685229,-0.009468452933568794,0.022814452648162842,-0.05715155601501465,20,0.03574351966381073,0.00215302802753397,-0.012929067015647888,-0.0038945827232796824,MATCHED,"{""allocated_cells"": 17, ""allocation"": {""((0, 1), 3)"": 61, ""((0, 2), 3)"": 151, ""((0, 3), 1)"": 130, ""((0, 3), 2)"": 267, ""((0, 3), 3)"": 215, ""((1, 1), 3)"": 46, ""((1, 2), 3)"": 202, ""((1, 3), 1)"": 547, ""((1, 3), 3)"": 170, ""((2, 2), 3)"": 249, ""((2, 3), 0)"": 396, ""((2, 3), 1)"": 1015, ""((2, 3), 3)"": 468, ""((3, 3), 0)"": 1867, ""((3, 3), 1)"": 335, ""((3, 3), 2)"": 1528, ""((3, 3), 3)"": 159}, ""degree_pair_exact"": true, ""matched_edge_count_per_control"": 7806, ""matching_method"": ""integral max-flow with exact endpoint-degree-quantile-pair and base normalized edge-weight quantile marginals"", ""shortages"": {}, ""status"": ""MATCHED"", ""target_degree_pair_marginal"": ""{(0, 1): 61, (1, 3): 717, (2, 3): 1879, (1, 2): 202, (0, 2): 151, (2, 2): 249, (3, 3): 3889, (0, 3): 612, (1, 1): 46}"", ""target_edge_count"": 7806, ""target_weight_quantile_marginal"": ""{3: 1721, 1: 2027, 2: 1795, 0: 2263}"", ""verified_exact_marginals"": true, ""weight_quantile_exact"": true}",frozen graph intervention; FIXED_NORM_MASK is not retrained valid-operator performance
Grocery,43,visual_uniform,joint_low_similarity_high_novelty,RENORMALIZED_DELETE,7806,-0.0038067349926793614,-0.008054566188936962,0.013591349124908447,0.37728428840637207,20,0.014470213651657104,0.003868358629616772,-0.0008788645267486569,-0.0029721815519765994,MATCHED,"{""allocated_cells"": 17, ""allocation"": {""((0, 1), 3)"": 61, ""((0, 2), 3)"": 151, ""((0, 3), 1)"": 130, ""((0, 3), 2)"": 267, ""((0, 3), 3)"": 215, ""((1, 1), 3)"": 46, ""((1, 2), 3)"": 202, ""((1, 3), 1)"": 547, ""((1, 3), 3)"": 170, ""((2, 2), 3)"": 249, ""((2, 3), 0)"": 396, ""((2, 3), 1)"": 1015, ""((2, 3), 3)"": 468, ""((3, 3), 0)"": 1867, ""((3, 3), 1)"": 335, ""((3, 3), 2)"": 1528, ""((3, 3), 3)"": 159}, ""degree_pair_exact"": true, ""matched_edge_count_per_control"": 7806, ""matching_method"": ""integral max-flow with exact endpoint-degree-quantile-pair and base normalized edge-weight quantile marginals"", ""shortages"": {}, ""status"": ""MATCHED"", ""target_degree_pair_marginal"": ""{(0, 1): 61, (1, 3): 717, (2, 3): 1879, (1, 2): 202, (0, 2): 151, (2, 2): 249, (3, 3): 3889, (0, 3): 612, (1, 1): 46}"", ""target_edge_count"": 7806, ""target_weight_quantile_marginal"": ""{3: 1721, 1: 2027, 2: 1795, 0: 2263}"", ""verified_exact_marginals"": true, ""weight_quantile_exact"": true}",frozen graph intervention; FIXED_NORM_MASK is not retrained valid-operator performance
Grocery,43,visual_uniform,joint_high_similarity_low_novelty,FIXED_NORM_MASK,7504,-0.0011713030746706155,-0.002626208676177022,0.028287231922149658,-0.37890100479125977,20,0.02430872917175293,0.001658199292347378,0.003978502750396729,-0.0005270863836017714,MATCHED,"{""allocated_cells"": 15, ""allocation"": {""((0, 1), 3)"": 44, ""((0, 2), 3)"": 4, ""((0, 3), 1)"": 5, ""((1, 1), 3)"": 119, ""((1, 2), 3)"": 190, ""((1, 3), 1)"": 74, ""((1, 3), 3)"": 183, ""((2, 2), 3)"": 415, ""((2, 3), 0)"": 701, ""((2, 3), 1)"": 461, ""((2, 3), 3)"": 348, ""((3, 3), 0)"": 1405, ""((3, 3), 1)"": 1568, ""((3, 3), 2)"": 1847, ""((3, 3), 3)"": 140}, ""degree_pair_exact"": true, ""matched_edge_count_per_control"": 7504, ""matching_method"": ""integral max-flow with exact endpoint-degree-quantile-pair and base normalized edge-weight quantile marginals"", ""shortages"": {}, ""status"": ""MATCHED"", ""target_degree_pair_marginal"": ""{(1, 1): 119, (3, 3): 4960, (1, 2): 190, (2, 2): 415, (2, 3): 1510, (1, 3): 257, (0, 1): 44, (0, 2): 4, (0, 3): 5}"", ""target_edge_count"": 7504, ""target_weight_quantile_marginal"": ""{3: 1443, 1: 2108, 2: 1847, 0: 2106}"", ""verified_exact_marginals"": true, ""weight_quantile_exact"": true}",frozen graph intervention; FIXED_NORM_MASK is not retrained valid-operator performance
Grocery,43,visual_uniform,joint_high_similarity_low_novelty,RENORMALIZED_DELETE,7504,0.00234260614934112,0.0027809815201047527,0.0013907849788665771,-0.035115957260131836,20,0.0017030715942382812,0.002467581937653759,-0.00031228661537170406,-0.00021961932650074178,MATCHED,"{""allocated_cells"": 15, ""allocation"": {""((0, 1), 3)"": 44, ""((0, 2), 3)"": 4, ""((0, 3), 1)"": 5, ""((1, 1), 3)"": 119, ""((1, 2), 3)"": 190, ""((1, 3), 1)"": 74, ""((1, 3), 3)"": 183, ""((2, 2), 3)"": 415, ""((2, 3), 0)"": 701, ""((2, 3), 1)"": 461, ""((2, 3), 3)"": 348, ""((3, 3), 0)"": 1405, ""((3, 3), 1)"": 1568, ""((3, 3), 2)"": 1847, ""((3, 3), 3)"": 140}, ""degree_pair_exact"": true, ""matched_edge_count_per_control"": 7504, ""matching_method"": ""integral max-flow with exact endpoint-degree-quantile-pair and base normalized edge-weight quantile marginals"", ""shortages"": {}, ""status"": ""MATCHED"", ""target_degree_pair_marginal"": ""{(1, 1): 119, (3, 3): 4960, (1, 2): 190, (2, 2): 415, (2, 3): 1510, (1, 3): 257, (0, 1): 44, (0, 2): 4, (0, 3): 5}"", ""target_edge_count"": 7504, ""target_weight_quantile_marginal"": ""{3: 1443, 1: 2108, 2: 1847, 0: 2106}"", ""verified_exact_marginals"": true, ""weight_quantile_exact"": true}",frozen graph intervention; FIXED_NORM_MASK is not retrained valid-operator performance
Grocery,44,uniform,high_similarity_low_novelty,FIXED_NORM_MASK,7231,-0.0008784773060029893,-0.00012776319044738305,0.0016697943210601807,-0.48511791229248047,20,-0.0024910598993301393,0.0011610500505898893,0.00416085422039032,1.4641288433320243e-05,MATCHED,"{""allocated_cells"": 15, ""allocation"": {""((0, 1), 3)"": 38, ""((0, 2), 3)"": 4, ""((0, 3), 1)"": 8, ""((1, 1), 3)"": 115, ""((1, 2), 3)"": 212, ""((1, 3), 1)"": 52, ""((1, 3), 3)"": 186, ""((2, 2), 3)"": 418, ""((2, 3), 0)"": 711, ""((2, 3), 1)"": 462, ""((2, 3), 3)"": 336, ""((3, 3), 0)"": 1216, ""((3, 3), 1)"": 1508, ""((3, 3), 2)"": 1829, ""((3, 3), 3)"": 136}, ""degree_pair_exact"": true, ""matched_edge_count_per_control"": 7231, ""matching_method"": ""integral max-flow with exact endpoint-degree-quantile-pair and base normalized edge-weight quantile marginals"", ""shortages"": {}, ""status"": ""MATCHED"", ""target_degree_pair_marginal"": ""{(1, 1): 115, (1, 2): 212, (2, 2): 418, (2, 3): 1509, (3, 3): 4689, (1, 3): 238, (0, 1): 38, (0, 2): 4, (0, 3): 8}"", ""target_edge_count"": 7231, ""target_weight_quantile_marginal"": ""{3: 1445, 2: 1829, 1: 2030, 0: 1927}"", ""verified_exact_marginals"": true, ""weight_quantile_exact"": true}",frozen graph intervention; FIXED_NORM_MASK is not retrained valid-operator performance
Grocery,44,uniform,high_similarity_low_novelty,RENORMALIZED_DELETE,7231,-0.0011713030746706155,-0.0007234665321100842,0.0025758445262908936,-0.03503131866455078,20,0.00636059045791626,0.001605671476174682,-0.003784745931625366,-0.001200585651537378,MATCHED,"{""allocated_cells"": 15, ""allocation"": {""((0, 1), 3)"": 38, ""((0, 2), 3)"": 4, ""((0, 3), 1)"": 8, ""((1, 1), 3)"": 115, ""((1, 2), 3)"": 212, ""((1, 3), 1)"": 52, ""((1, 3), 3)"": 186, ""((2, 2), 3)"": 418, ""((2, 3), 0)"": 711, ""((2, 3), 1)"": 462, ""((2, 3), 3)"": 336, ""((3, 3), 0)"": 1216, ""((3, 3), 1)"": 1508, ""((3, 3), 2)"": 1829, ""((3, 3), 3)"": 136}, ""degree_pair_exact"": true, ""matched_edge_count_per_control"": 7231, ""matching_method"": ""integral max-flow with exact endpoint-degree-quantile-pair and base normalized edge-weight quantile marginals"", ""shortages"": {}, ""status"": ""MATCHED"", ""target_degree_pair_marginal"": ""{(1, 1): 115, (1, 2): 212, (2, 2): 418, (2, 3): 1509, (3, 3): 4689, (1, 3): 238, (0, 1): 38, (0, 2): 4, (0, 3): 8}"", ""target_edge_count"": 7231, ""target_weight_quantile_marginal"": ""{3: 1445, 2: 1829, 1: 2030, 0: 1927}"", ""verified_exact_marginals"": true, ""weight_quantile_exact"": true}",frozen graph intervention; FIXED_NORM_MASK is not retrained valid-operator performance
Grocery,44,uniform,high_similarity_high_novelty,FIXED_NORM_MASK,2664,-0.0032210834553441092,-0.0035331610804567593,0.00847715139389038,-0.3872380256652832,20,0.005990037322044372,0.0022311975250402247,0.0024871140718460086,-0.0032503660322108887,MATCHED,"{""allocated_cells"": 15, ""allocation"": {""((0, 1), 3)"": 175, ""((0, 2), 3)"": 248, ""((0, 3), 1)"": 157, ""((0, 3), 2)"": 132, ""((0, 3), 3)"": 95, ""((1, 1), 3)"": 110, ""((1, 2), 3)"": 307, ""((1, 3), 2)"": 160, ""((1, 3), 3)"": 137, ""((2, 2), 3)"": 226, ""((2, 3), 2)"": 131, ""((2, 3), 3)"": 389, ""((3, 3), 0)"": 137, ""((3, 3), 1)"": 95, ""((3, 3), 3)"": 165}, ""degree_pair_exact"": true, ""matched_edge_count_per_control"": 2664, ""matching_method"": ""integral max-flow with exact endpoint-degree-quantile-pair and base normalized edge-weight quantile marginals"", ""shortages"": {}, ""status"": ""MATCHED"", ""target_degree_pair_marginal"": ""{(2, 3): 520, (0, 2): 248, (2, 2): 226, (0, 3): 384, (1, 3): 297, (1, 2): 307, (3, 3): 397, (1, 1): 110, (0, 1): 175}"", ""target_edge_count"": 2664, ""target_weight_quantile_marginal"": ""{2: 423, 3: 1852, 1: 252, 0: 137}"", ""verified_exact_marginals"": true, ""weight_quantile_exact"": true}",frozen graph intervention; FIXED_NORM_MASK is not retrained valid-operator performance
Grocery,44,uniform,high_similarity_high_novelty,RENORMALIZED_DELETE,2664,-0.002928257686676483,-0.003628864218058525,0.010978460311889648,0.01026010513305664,20,0.01629079580307007,0.0036365153740624536,-0.005312335491180421,-0.003674963396778963,MATCHED,"{""allocated_cells"": 15, ""allocation"": {""((0, 1), 3)"": 175, ""((0, 2), 3)"": 248, ""((0, 3), 1)"": 157, ""((0, 3), 2)"": 132, ""((0, 3), 3)"": 95, ""((1, 1), 3)"": 110, ""((1, 2), 3)"": 307, ""((1, 3), 2)"": 160, ""((1, 3), 3)"": 137, ""((2, 2), 3)"": 226, ""((2, 3), 2)"": 131, ""((2, 3), 3)"": 389, ""((3, 3), 0)"": 137, ""((3, 3), 1)"": 95, ""((3, 3), 3)"": 165}, ""degree_pair_exact"": true, ""matched_edge_count_per_control"": 2664, ""matching_method"": ""integral max-flow with exact endpoint-degree-quantile-pair and base normalized edge-weight quantile marginals"", ""shortages"": {}, ""status"": ""MATCHED"", ""target_degree_pair_marginal"": ""{(2, 3): 520, (0, 2): 248, (2, 2): 226, (0, 3): 384, (1, 3): 297, (1, 2): 307, (3, 3): 397, (1, 1): 110, (0, 1): 175}"", ""target_edge_count"": 2664, ""target_weight_quantile_marginal"": ""{2: 423, 3: 1852, 1: 252, 0: 137}"", ""verified_exact_marginals"": true, ""weight_quantile_exact"": true}",frozen graph intervention; FIXED_NORM_MASK is not retrained valid-operator performance
Grocery,44,uniform,low_similarity_high_novelty,FIXED_NORM_MASK,7774,-0.004685212298682351,-0.006721352417452309,0.013204097747802734,-0.1899409294128418,20,0.0009909301996231079,0.001937352370302137,0.012213167548179627,-0.0021522693997072296,MATCHED,"{""allocated_cells"": 17, ""allocation"": {""((0, 1), 3)"": 60, ""((0, 2), 3)"": 152, ""((0, 3), 1)"": 107, ""((0, 3), 2)"": 259, ""((0, 3), 3)"": 282, ""((1, 1), 3)"": 47, ""((1, 2), 3)"": 197, ""((1, 3), 1)"": 547, ""((1, 3), 3)"": 171, ""((2, 2), 3)"": 240, ""((2, 3), 0)"": 480, ""((2, 3), 1)"": 1011, ""((2, 3), 3)"": 369, ""((3, 3), 0)"": 1767, ""((3, 3), 1)"": 383, ""((3, 3), 2)"": 1542, ""((3, 3), 3)"": 160}, ""degree_pair_exact"": true, ""matched_edge_count_per_control"": 7774, ""matching_method"": ""integral max-flow with exact endpoint-degree-quantile-pair and base normalized edge-weight quantile marginals"", ""shortages"": {}, ""status"": ""MATCHED"", ""target_degree_pair_marginal"": ""{(0, 1): 60, (1, 3): 718, (2, 3): 1860, (1, 2): 197, (0, 2): 152, (0, 3): 648, (2, 2): 240, (3, 3): 3852, (1, 1): 47}"", ""target_edge_count"": 7774, ""target_weight_quantile_marginal"": ""{3: 1678, 1: 2048, 0: 2247, 2: 1801}"", ""verified_exact_marginals"": true, ""weight_quantile_exact"": true}",frozen graph intervention; FIXED_NORM_MASK is not retrained valid-operator performance
Grocery,44,uniform,low_similarity_high_novelty,RENORMALIZED_DELETE,7774,-0.005563689604685229,-0.014463840530637095,0.04171651601791382,0.5143485069274902,20,0.010263481736183166,0.0024910893685173682,0.03145303428173065,-0.002503660322108403,MATCHED,"{""allocated_cells"": 17, ""allocation"": {""((0, 1), 3)"": 60, ""((0, 2), 3)"": 152, ""((0, 3), 1)"": 107, ""((0, 3), 2)"": 259, ""((0, 3), 3)"": 282, ""((1, 1), 3)"": 47, ""((1, 2), 3)"": 197, ""((1, 3), 1)"": 547, ""((1, 3), 3)"": 171, ""((2, 2), 3)"": 240, ""((2, 3), 0)"": 480, ""((2, 3), 1)"": 1011, ""((2, 3), 3)"": 369, ""((3, 3), 0)"": 1767, ""((3, 3), 1)"": 383, ""((3, 3), 2)"": 1542, ""((3, 3), 3)"": 160}, ""degree_pair_exact"": true, ""matched_edge_count_per_control"": 7774, ""matching_method"": ""integral max-flow with exact endpoint-degree-quantile-pair and base normalized edge-weight quantile marginals"", ""shortages"": {}, ""status"": ""MATCHED"", ""target_degree_pair_marginal"": ""{(0, 1): 60, (1, 3): 718, (2, 3): 1860, (1, 2): 197, (0, 2): 152, (0, 3): 648, (2, 2): 240, (3, 3): 3852, (1, 1): 47}"", ""target_edge_count"": 7774, ""target_weight_quantile_marginal"": ""{3: 1678, 1: 2048, 0: 2247, 2: 1801}"", ""verified_exact_marginals"": true, ""weight_quantile_exact"": true}",frozen graph intervention; FIXED_NORM_MASK is not retrained valid-operator performance
Grocery,44,uniform,low_similarity_low_novelty,FIXED_NORM_MASK,2128,-0.0008784773060029893,-0.0005814521677426354,0.0012880563735961914,-0.08243036270141602,20,-0.0025098025798797607,0.0008836037030150013,0.003797858953475952,-3.8857805861880476e-17,MATCHED,"{""allocated_cells"": 10, ""allocation"": {""((0, 1), 3)"": 2, ""((1, 1), 3)"": 15, ""((1, 2), 3)"": 13, ""((1, 3), 0)"": 106, ""((2, 2), 3)"": 62, ""((2, 3), 0)"": 386, ""((3, 3), 0)"": 322, ""((3, 3), 1)"": 670, ""((3, 3), 2)"": 445, ""((3, 3), 3)"": 107}, ""degree_pair_exact"": true, ""matched_edge_count_per_control"": 2128, ""matching_method"": ""integral max-flow with exact endpoint-degree-quantile-pair and base normalized edge-weight quantile marginals"", ""shortages"": {}, ""status"": ""MATCHED"", ""target_degree_pair_marginal"": ""{(3, 3): 1544, (2, 3): 386, (1, 1): 15, (1, 3): 106, (2, 2): 62, (1, 2): 13, (0, 1): 2}"", ""target_edge_count"": 2128, ""target_weight_quantile_marginal"": ""{2: 445, 0: 814, 3: 199, 1: 670}"", ""verified_exact_marginals"": true, ""weight_quantile_exact"": true}",frozen graph intervention; FIXED_NORM_MASK is not retrained valid-operator performance
Grocery,44,uniform,low_similarity_low_novelty,RENORMALIZED_DELETE,2128,-0.0008784773060029893,-0.0008381609349019659,0.0010836422443389893,0.002010822296142578,20,-2.9651820659637453e-05,0.0006841818325256659,0.0011132940649986266,-0.00024890190336754325,MATCHED,"{""allocated_cells"": 10, ""allocation"": {""((0, 1), 3)"": 2, ""((1, 1), 3)"": 15, ""((1, 2), 3)"": 13, ""((1, 3), 0)"": 106, ""((2, 2), 3)"": 62, ""((2, 3), 0)"": 386, ""((3, 3), 0)"": 322, ""((3, 3), 1)"": 670, ""((3, 3), 2)"": 445, ""((3, 3), 3)"": 107}, ""degree_pair_exact"": true, ""matched_edge_count_per_control"": 2128, ""matching_method"": ""integral max-flow with exact endpoint-degree-quantile-pair and base normalized edge-weight quantile marginals"", ""shortages"": {}, ""status"": ""MATCHED"", ""target_degree_pair_marginal"": ""{(3, 3): 1544, (2, 3): 386, (1, 1): 15, (1, 3): 106, (2, 2): 62, (1, 2): 13, (0, 1): 2}"", ""target_edge_count"": 2128, ""target_weight_quantile_marginal"": ""{2: 445, 0: 814, 3: 199, 1: 670}"", ""verified_exact_marginals"": true, ""weight_quantile_exact"": true}",frozen graph intervention; FIXED_NORM_MASK is not retrained valid-operator performance
Grocery,44,gpr,gpr_high_similarity_low_novelty,FIXED_NORM_MASK,7222,-0.0017569546120058677,-0.00107851116089408,0.002705991268157959,-0.44902610778808594,20,-0.00011354684829711914,0.001854135221074312,0.002819538116455078,-0.001595900439238701,MATCHED,"{""allocated_cells"": 15, ""allocation"": {""((0, 1), 3)"": 42, ""((0, 2), 3)"": 4, ""((0, 3), 1)"": 8, ""((1, 1), 3)"": 117, ""((1, 2), 3)"": 206, ""((1, 3), 1)"": 54, ""((1, 3), 3)"": 185, ""((2, 2), 3)"": 423, ""((2, 3), 0)"": 716, ""((2, 3), 1)"": 465, ""((2, 3), 3)"": 331, ""((3, 3), 0)"": 1231, ""((3, 3), 1)"": 1492, ""((3, 3), 2)"": 1808, ""((3, 3), 3)"": 140}, ""degree_pair_exact"": true, ""matched_edge_count_per_control"": 7222, ""matching_method"": ""integral max-flow with exact endpoint-degree-quantile-pair and base normalized edge-weight quantile marginals"", ""shortages"": {}, ""status"": ""MATCHED"", ""target_degree_pair_marginal"": ""{(1, 1): 117, (1, 2): 206, (2, 2): 423, (2, 3): 1512, (3, 3): 4671, (1, 3): 239, (0, 1): 42, (0, 2): 4, (0, 3): 8}"", ""target_edge_count"": 7222, ""target_weight_quantile_marginal"": ""{3: 1448, 2: 1808, 1: 2019, 0: 1947}"", ""verified_exact_marginals"": true, ""weight_quantile_exact"": true}",frozen graph intervention; FIXED_NORM_MASK is not retrained valid-operator performance
Grocery,44,gpr,gpr_high_similarity_low_novelty,RENORMALIZED_DELETE,7222,-0.0020497803806734938,-0.001782892688944826,0.001875370740890503,-0.030087947845458984,20,0.0062197625637054445,0.0019559598380199414,-0.004344391822814942,-0.0020058565153734053,MATCHED,"{""allocated_cells"": 15, ""allocation"": {""((0, 1), 3)"": 42, ""((0, 2), 3)"": 4, ""((0, 3), 1)"": 8, ""((1, 1), 3)"": 117, ""((1, 2), 3)"": 206, ""((1, 3), 1)"": 54, ""((1, 3), 3)"": 185, ""((2, 2), 3)"": 423, ""((2, 3), 0)"": 716, ""((2, 3), 1)"": 465, ""((2, 3), 3)"": 331, ""((3, 3), 0)"": 1231, ""((3, 3), 1)"": 1492, ""((3, 3), 2)"": 1808, ""((3, 3), 3)"": 140}, ""degree_pair_exact"": true, ""matched_edge_count_per_control"": 7222, ""matching_method"": ""integral max-flow with exact endpoint-degree-quantile-pair and base normalized edge-weight quantile marginals"", ""shortages"": {}, ""status"": ""MATCHED"", ""target_degree_pair_marginal"": ""{(1, 1): 117, (1, 2): 206, (2, 2): 423, (2, 3): 1512, (3, 3): 4671, (1, 3): 239, (0, 1): 42, (0, 2): 4, (0, 3): 8}"", ""target_edge_count"": 7222, ""target_weight_quantile_marginal"": ""{3: 1448, 2: 1808, 1: 2019, 0: 1947}"", ""verified_exact_marginals"": true, ""weight_quantile_exact"": true}",frozen graph intervention; FIXED_NORM_MASK is not retrained valid-operator performance
Grocery,44,gpr,gpr_high_similarity_high_novelty,FIXED_NORM_MASK,2657,0.0,0.0029738740946652076,0.00904586911201477,-0.34697675704956055,20,0.006333532929420471,0.0018474745986160493,0.002712336182594299,-0.003587115666178653,MATCHED,"{""allocated_cells"": 15, ""allocation"": {""((0, 1), 3)"": 171, ""((0, 2), 3)"": 245, ""((0, 3), 1)"": 156, ""((0, 3), 2)"": 118, ""((0, 3), 3)"": 107, ""((1, 1), 3)"": 105, ""((1, 2), 3)"": 305, ""((1, 3), 2)"": 145, ""((1, 3), 3)"": 145, ""((2, 2), 3)"": 222, ""((2, 3), 2)"": 160, ""((2, 3), 3)"": 362, ""((3, 3), 0)"": 145, ""((3, 3), 1)"": 107, ""((3, 3), 3)"": 164}, ""degree_pair_exact"": true, ""matched_edge_count_per_control"": 2657, ""matching_method"": ""integral max-flow with exact endpoint-degree-quantile-pair and base normalized edge-weight quantile marginals"", ""shortages"": {}, ""status"": ""MATCHED"", ""target_degree_pair_marginal"": ""{(2, 3): 522, (0, 2): 245, (2, 2): 222, (0, 3): 381, (1, 3): 290, (1, 2): 305, (1, 1): 105, (0, 1): 171, (3, 3): 416}"", ""target_edge_count"": 2657, ""target_weight_quantile_marginal"": ""{2: 423, 3: 1826, 1: 263, 0: 145}"", ""verified_exact_marginals"": true, ""weight_quantile_exact"": true}",frozen graph intervention; FIXED_NORM_MASK is not retrained valid-operator performance
Grocery,44,gpr,gpr_high_similarity_high_novelty,RENORMALIZED_DELETE,2657,-0.0014641288433382416,0.0010697653076724434,0.0071974992752075195,0.017978191375732422,20,0.011917863786220551,0.0024009688678056714,-0.004720364511013032,-0.0037920937042460134,MATCHED,"{""allocated_cells"": 15, ""allocation"": {""((0, 1), 3)"": 171, ""((0, 2), 3)"": 245, ""((0, 3), 1)"": 156, ""((0, 3), 2)"": 118, ""((0, 3), 3)"": 107, ""((1, 1), 3)"": 105, ""((1, 2), 3)"": 305, ""((1, 3), 2)"": 145, ""((1, 3), 3)"": 145, ""((2, 2), 3)"": 222, ""((2, 3), 2)"": 160, ""((2, 3), 3)"": 362, ""((3, 3), 0)"": 145, ""((3, 3), 1)"": 107, ""((3, 3), 3)"": 164}, ""degree_pair_exact"": true, ""matched_edge_count_per_control"": 2657, ""matching_method"": ""integral max-flow with exact endpoint-degree-quantile-pair and base normalized edge-weight quantile marginals"", ""shortages"": {}, ""status"": ""MATCHED"", ""target_degree_pair_marginal"": ""{(2, 3): 522, (0, 2): 245, (2, 2): 222, (0, 3): 381, (1, 3): 290, (1, 2): 305, (1, 1): 105, (0, 1): 171, (3, 3): 416}"", ""target_edge_count"": 2657, ""target_weight_quantile_marginal"": ""{2: 423, 3: 1826, 1: 263, 0: 145}"", ""verified_exact_marginals"": true, ""weight_quantile_exact"": true}",frozen graph intervention; FIXED_NORM_MASK is not retrained valid-operator performance
Grocery,44,gpr,gpr_low_similarity_high_novelty,FIXED_NORM_MASK,7894,-0.0035139092240117353,0.004418852387897632,0.014024406671524048,-0.18310165405273438,20,0.003693516552448273,0.001714830448256358,0.010330890119075776,-0.00270863836017573,MATCHED,"{""allocated_cells"": 17, ""allocation"": {""((0, 1), 3)"": 59, ""((0, 2), 3)"": 163, ""((0, 3), 1)"": 99, ""((0, 3), 2)"": 264, ""((0, 3), 3)"": 289, ""((1, 1), 3)"": 47, ""((1, 2), 3)"": 199, ""((1, 3), 1)"": 569, ""((1, 3), 3)"": 168, ""((2, 2), 3)"": 243, ""((2, 3), 0)"": 461, ""((2, 3), 1)"": 1031, ""((2, 3), 3)"": 390, ""((3, 3), 0)"": 1820, ""((3, 3), 1)"": 386, ""((3, 3), 2)"": 1548, ""((3, 3), 3)"": 158}, ""degree_pair_exact"": true, ""matched_edge_count_per_control"": 7894, ""matching_method"": ""integral max-flow with exact endpoint-degree-quantile-pair and base normalized edge-weight quantile marginals"", ""shortages"": {}, ""status"": ""MATCHED"", ""target_degree_pair_marginal"": ""{(0, 1): 59, (1, 3): 737, (2, 3): 1882, (1, 2): 199, (0, 2): 163, (0, 3): 652, (2, 2): 243, (3, 3): 3912, (1, 1): 47}"", ""target_edge_count"": 7894, ""target_weight_quantile_marginal"": ""{3: 1716, 1: 2085, 2: 1812, 0: 2281}"", ""verified_exact_marginals"": true, ""weight_quantile_exact"": true}",frozen graph intervention; FIXED_NORM_MASK is not retrained valid-operator performance
Grocery,44,gpr,gpr_low_similarity_high_novelty,RENORMALIZED_DELETE,7894,-0.002928257686676483,0.0005036815949353013,0.035189419984817505,0.4598088264465332,20,0.008787335455417633,0.002221924300145572,0.02640208452939987,-0.003074670571010285,MATCHED,"{""allocated_cells"": 17, ""allocation"": {""((0, 1), 3)"": 59, ""((0, 2), 3)"": 163, ""((0, 3), 1)"": 99, ""((0, 3), 2)"": 264, ""((0, 3), 3)"": 289, ""((1, 1), 3)"": 47, ""((1, 2), 3)"": 199, ""((1, 3), 1)"": 569, ""((1, 3), 3)"": 168, ""((2, 2), 3)"": 243, ""((2, 3), 0)"": 461, ""((2, 3), 1)"": 1031, ""((2, 3), 3)"": 390, ""((3, 3), 0)"": 1820, ""((3, 3), 1)"": 386, ""((3, 3), 2)"": 1548, ""((3, 3), 3)"": 158}, ""degree_pair_exact"": true, ""matched_edge_count_per_control"": 7894, ""matching_method"": ""integral max-flow with exact endpoint-degree-quantile-pair and base normalized edge-weight quantile marginals"", ""shortages"": {}, ""status"": ""MATCHED"", ""target_degree_pair_marginal"": ""{(0, 1): 59, (1, 3): 737, (2, 3): 1882, (1, 2): 199, (0, 2): 163, (0, 3): 652, (2, 2): 243, (3, 3): 3912, (1, 1): 47}"", ""target_edge_count"": 7894, ""target_weight_quantile_marginal"": ""{3: 1716, 1: 2085, 2: 1812, 0: 2281}"", ""verified_exact_marginals"": true, ""weight_quantile_exact"": true}",frozen graph intervention; FIXED_NORM_MASK is not retrained valid-operator performance
Grocery,44,gpr,gpr_low_similarity_low_novelty,FIXED_NORM_MASK,2129,-0.0014641288433382416,-0.001275575559638864,0.0011918246746063232,-0.08006668090820312,20,-0.0019622504711151122,0.000760201609783724,0.0031540751457214355,-0.0007320644216691596,MATCHED,"{""allocated_cells"": 10, ""allocation"": {""((0, 1), 3)"": 2, ""((1, 1), 3)"": 18, ""((1, 2), 3)"": 16, ""((1, 3), 0)"": 106, ""((2, 2), 3)"": 62, ""((2, 3), 0)"": 385, ""((3, 3), 0)"": 320, ""((3, 3), 1)"": 670, ""((3, 3), 2)"": 436, ""((3, 3), 3)"": 114}, ""degree_pair_exact"": true, ""matched_edge_count_per_control"": 2129, ""matching_method"": ""integral max-flow with exact endpoint-degree-quantile-pair and base normalized edge-weight quantile marginals"", ""shortages"": {}, ""status"": ""MATCHED"", ""target_degree_pair_marginal"": ""{(1, 2): 16, (3, 3): 1540, (2, 3): 385, (1, 3): 106, (1, 1): 18, (2, 2): 62, (0, 1): 2}"", ""target_edge_count"": 2129, ""target_weight_quantile_marginal"": ""{3: 212, 2: 436, 0: 811, 1: 670}"", ""verified_exact_marginals"": true, ""weight_quantile_exact"": true}",frozen graph intervention; FIXED_NORM_MASK is not retrained valid-operator performance
Grocery,44,gpr,gpr_low_similarity_low_novelty,RENORMALIZED_DELETE,2129,-0.0005856515373353632,-0.0007297638102705672,0.0009348094463348389,0.0019192695617675781,20,0.00011309534311294555,0.0005237653464071173,0.0008217141032218934,-0.0009663250366032661,MATCHED,"{""allocated_cells"": 10, ""allocation"": {""((0, 1), 3)"": 2, ""((1, 1), 3)"": 18, ""((1, 2), 3)"": 16, ""((1, 3), 0)"": 106, ""((2, 2), 3)"": 62, ""((2, 3), 0)"": 385, ""((3, 3), 0)"": 320, ""((3, 3), 1)"": 670, ""((3, 3), 2)"": 436, ""((3, 3), 3)"": 114}, ""degree_pair_exact"": true, ""matched_edge_count_per_control"": 2129, ""matching_method"": ""integral max-flow with exact endpoint-degree-quantile-pair and base normalized edge-weight quantile marginals"", ""shortages"": {}, ""status"": ""MATCHED"", ""target_degree_pair_marginal"": ""{(1, 2): 16, (3, 3): 1540, (2, 3): 385, (1, 3): 106, (1, 1): 18, (2, 2): 62, (0, 1): 2}"", ""target_edge_count"": 2129, ""target_weight_quantile_marginal"": ""{3: 212, 2: 436, 0: 811, 1: 670}"", ""verified_exact_marginals"": true, ""weight_quantile_exact"": true}",frozen graph intervention; FIXED_NORM_MASK is not retrained valid-operator performance
Grocery,44,text_uniform,text_low_similarity_high_novelty,FIXED_NORM_MASK,8601,-0.007027818448023471,-0.006786796866723455,0.021390140056610107,-0.018062591552734375,20,0.02244611978530884,0.0017965887226908184,-0.0010559797286987319,-0.0028696925329429355,MATCHED,"{""allocated_cells"": 17, ""allocation"": {""((0, 1), 3)"": 59, ""((0, 2), 3)"": 122, ""((0, 3), 1)"": 138, ""((0, 3), 2)"": 295, ""((0, 3), 3)"": 109, ""((1, 1), 3)"": 37, ""((1, 2), 3)"": 188, ""((1, 3), 1)"": 543, ""((1, 3), 3)"": 169, ""((2, 2), 3)"": 227, ""((2, 3), 0)"": 286, ""((2, 3), 1)"": 1256, ""((2, 3), 3)"": 533, ""((3, 3), 0)"": 2497, ""((3, 3), 1)"": 349, ""((3, 3), 2)"": 1637, ""((3, 3), 3)"": 156}, ""degree_pair_exact"": true, ""matched_edge_count_per_control"": 8601, ""matching_method"": ""integral max-flow with exact endpoint-degree-quantile-pair and base normalized edge-weight quantile marginals"", ""shortages"": {}, ""status"": ""MATCHED"", ""target_degree_pair_marginal"": ""{(0, 1): 59, (1, 3): 712, (2, 3): 2075, (1, 2): 188, (0, 3): 542, (2, 2): 227, (3, 3): 4639, (0, 2): 122, (1, 1): 37}"", ""target_edge_count"": 8601, ""target_weight_quantile_marginal"": ""{3: 1600, 1: 2286, 2: 1932, 0: 2783}"", ""verified_exact_marginals"": true, ""weight_quantile_exact"": true}",frozen graph intervention; FIXED_NORM_MASK is not retrained valid-operator performance
Grocery,44,text_uniform,text_low_similarity_high_novelty,RENORMALIZED_DELETE,8601,-0.0064421669106882185,-0.010156770412686256,0.00643765926361084,0.4116017818450928,20,0.0023403197526931764,0.0026706241996716606,0.004097339510917663,-0.0033235724743778004,MATCHED,"{""allocated_cells"": 17, ""allocation"": {""((0, 1), 3)"": 59, ""((0, 2), 3)"": 122, ""((0, 3), 1)"": 138, ""((0, 3), 2)"": 295, ""((0, 3), 3)"": 109, ""((1, 1), 3)"": 37, ""((1, 2), 3)"": 188, ""((1, 3), 1)"": 543, ""((1, 3), 3)"": 169, ""((2, 2), 3)"": 227, ""((2, 3), 0)"": 286, ""((2, 3), 1)"": 1256, ""((2, 3), 3)"": 533, ""((3, 3), 0)"": 2497, ""((3, 3), 1)"": 349, ""((3, 3), 2)"": 1637, ""((3, 3), 3)"": 156}, ""degree_pair_exact"": true, ""matched_edge_count_per_control"": 8601, ""matching_method"": ""integral max-flow with exact endpoint-degree-quantile-pair and base normalized edge-weight quantile marginals"", ""shortages"": {}, ""status"": ""MATCHED"", ""target_degree_pair_marginal"": ""{(0, 1): 59, (1, 3): 712, (2, 3): 2075, (1, 2): 188, (0, 3): 542, (2, 2): 227, (3, 3): 4639, (0, 2): 122, (1, 1): 37}"", ""target_edge_count"": 8601, ""target_weight_quantile_marginal"": ""{3: 1600, 1: 2286, 2: 1932, 0: 2783}"", ""verified_exact_marginals"": true, ""weight_quantile_exact"": true}",frozen graph intervention; FIXED_NORM_MASK is not retrained valid-operator performance
Grocery,44,text_uniform,text_high_similarity_low_novelty,FIXED_NORM_MASK,8074,-0.0014641288433382416,-0.0020541663592164028,0.024467676877975464,-0.3774898052215576,20,0.022248011827468873,0.001700293794657211,0.002219665050506591,-0.0033235724743778004,MATCHED,"{""allocated_cells"": 15, ""allocation"": {""((0, 1), 3)"": 60, ""((0, 2), 3)"": 12, ""((0, 3), 1)"": 11, ""((1, 1), 3)"": 142, ""((1, 2), 3)"": 257, ""((1, 3), 1)"": 88, ""((1, 3), 3)"": 187, ""((2, 2), 3)"": 508, ""((2, 3), 0)"": 607, ""((2, 3), 1)"": 550, ""((2, 3), 3)"": 447, ""((3, 3), 0)"": 1518, ""((3, 3), 1)"": 1527, ""((3, 3), 2)"": 2024, ""((3, 3), 3)"": 136}, ""degree_pair_exact"": true, ""matched_edge_count_per_control"": 8074, ""matching_method"": ""integral max-flow with exact endpoint-degree-quantile-pair and base normalized edge-weight quantile marginals"", ""shortages"": {}, ""status"": ""MATCHED"", ""target_degree_pair_marginal"": ""{(1, 1): 142, (1, 2): 257, (3, 3): 5205, (2, 2): 508, (2, 3): 1604, (0, 2): 12, (1, 3): 275, (0, 3): 11, (0, 1): 60}"", ""target_edge_count"": 8074, ""target_weight_quantile_marginal"": ""{3: 1749, 2: 2024, 1: 2176, 0: 2125}"", ""verified_exact_marginals"": true, ""weight_quantile_exact"": true}",frozen graph intervention; FIXED_NORM_MASK is not retrained valid-operator performance
Grocery,44,text_uniform,text_high_similarity_low_novelty,RENORMALIZED_DELETE,8074,-0.0008784773060029893,-0.0015577951615399765,0.0018802881240844727,-0.024149179458618164,20,0.0036077916622161863,0.0021523980381039838,-0.0017275035381317137,-0.002913616398243085,MATCHED,"{""allocated_cells"": 15, ""allocation"": {""((0, 1), 3)"": 60, ""((0, 2), 3)"": 12, ""((0, 3), 1)"": 11, ""((1, 1), 3)"": 142, ""((1, 2), 3)"": 257, ""((1, 3), 1)"": 88, ""((1, 3), 3)"": 187, ""((2, 2), 3)"": 508, ""((2, 3), 0)"": 607, ""((2, 3), 1)"": 550, ""((2, 3), 3)"": 447, ""((3, 3), 0)"": 1518, ""((3, 3), 1)"": 1527, ""((3, 3), 2)"": 2024, ""((3, 3), 3)"": 136}, ""degree_pair_exact"": true, ""matched_edge_count_per_control"": 8074, ""matching_method"": ""integral max-flow with exact endpoint-degree-quantile-pair and base normalized edge-weight quantile marginals"", ""shortages"": {}, ""status"": ""MATCHED"", ""target_degree_pair_marginal"": ""{(1, 1): 142, (1, 2): 257, (3, 3): 5205, (2, 2): 508, (2, 3): 1604, (0, 2): 12, (1, 3): 275, (0, 3): 11, (0, 1): 60}"", ""target_edge_count"": 8074, ""target_weight_quantile_marginal"": ""{3: 1749, 2: 2024, 1: 2176, 0: 2125}"", ""verified_exact_marginals"": true, ""weight_quantile_exact"": true}",frozen graph intervention; FIXED_NORM_MASK is not retrained valid-operator performance
Grocery,44,text_uniform,joint_low_similarity_high_novelty,FIXED_NORM_MASK,7774,-0.002928257686676483,-0.0064132269401154796,0.015896618366241455,-0.06473231315612793,20,0.02441156804561615,0.002288558000580128,-0.008514949679374696,-0.0037335285505124883,MATCHED,"{""allocated_cells"": 17, ""allocation"": {""((0, 1), 3)"": 60, ""((0, 2), 3)"": 152, ""((0, 3), 1)"": 107, ""((0, 3), 2)"": 259, ""((0, 3), 3)"": 282, ""((1, 1), 3)"": 47, ""((1, 2), 3)"": 197, ""((1, 3), 1)"": 547, ""((1, 3), 3)"": 171, ""((2, 2), 3)"": 240, ""((2, 3), 0)"": 480, ""((2, 3), 1)"": 1011, ""((2, 3), 3)"": 369, ""((3, 3), 0)"": 1767, ""((3, 3), 1)"": 383, ""((3, 3), 2)"": 1542, ""((3, 3), 3)"": 160}, ""degree_pair_exact"": true, ""matched_edge_count_per_control"": 7774, ""matching_method"": ""integral max-flow with exact endpoint-degree-quantile-pair and base normalized edge-weight quantile marginals"", ""shortages"": {}, ""status"": ""MATCHED"", ""target_degree_pair_marginal"": ""{(0, 1): 60, (1, 3): 718, (2, 3): 1860, (1, 2): 197, (0, 2): 152, (0, 3): 648, (2, 2): 240, (3, 3): 3852, (1, 1): 47}"", ""target_edge_count"": 7774, ""target_weight_quantile_marginal"": ""{3: 1678, 1: 2048, 0: 2247, 2: 1801}"", ""verified_exact_marginals"": true, ""weight_quantile_exact"": true}",frozen graph intervention; FIXED_NORM_MASK is not retrained valid-operator performance
Grocery,44,text_uniform,joint_low_similarity_high_novelty,RENORMALIZED_DELETE,7774,-0.002342606149341231,-0.005001750422375606,0.0004023313522338867,0.37108707427978516,20,0.0030194878578186034,0.0027213577979181137,-0.0026171565055847167,-0.0037774524158126267,MATCHED,"{""allocated_cells"": 17, ""allocation"": {""((0, 1), 3)"": 60, ""((0, 2), 3)"": 152, ""((0, 3), 1)"": 107, ""((0, 3), 2)"": 259, ""((0, 3), 3)"": 282, ""((1, 1), 3)"": 47, ""((1, 2), 3)"": 197, ""((1, 3), 1)"": 547, ""((1, 3), 3)"": 171, ""((2, 2), 3)"": 240, ""((2, 3), 0)"": 480, ""((2, 3), 1)"": 1011, ""((2, 3), 3)"": 369, ""((3, 3), 0)"": 1767, ""((3, 3), 1)"": 383, ""((3, 3), 2)"": 1542, ""((3, 3), 3)"": 160}, ""degree_pair_exact"": true, ""matched_edge_count_per_control"": 7774, ""matching_method"": ""integral max-flow with exact endpoint-degree-quantile-pair and base normalized edge-weight quantile marginals"", ""shortages"": {}, ""status"": ""MATCHED"", ""target_degree_pair_marginal"": ""{(0, 1): 60, (1, 3): 718, (2, 3): 1860, (1, 2): 197, (0, 2): 152, (0, 3): 648, (2, 2): 240, (3, 3): 3852, (1, 1): 47}"", ""target_edge_count"": 7774, ""target_weight_quantile_marginal"": ""{3: 1678, 1: 2048, 0: 2247, 2: 1801}"", ""verified_exact_marginals"": true, ""weight_quantile_exact"": true}",frozen graph intervention; FIXED_NORM_MASK is not retrained valid-operator performance
Grocery,44,text_uniform,joint_high_similarity_low_novelty,FIXED_NORM_MASK,7231,0.0002928257686676261,-6.955773488570571e-05,0.02334672212600708,-0.3260927200317383,20,0.018224699795246123,0.00152621063477976,0.005122022330760957,-0.002693997071742371,MATCHED,"{""allocated_cells"": 15, ""allocation"": {""((0, 1), 3)"": 38, ""((0, 2), 3)"": 4, ""((0, 3), 1)"": 8, ""((1, 1), 3)"": 115, ""((1, 2), 3)"": 212, ""((1, 3), 1)"": 52, ""((1, 3), 3)"": 186, ""((2, 2), 3)"": 418, ""((2, 3), 0)"": 711, ""((2, 3), 1)"": 462, ""((2, 3), 3)"": 336, ""((3, 3), 0)"": 1216, ""((3, 3), 1)"": 1508, ""((3, 3), 2)"": 1829, ""((3, 3), 3)"": 136}, ""degree_pair_exact"": true, ""matched_edge_count_per_control"": 7231, ""matching_method"": ""integral max-flow with exact endpoint-degree-quantile-pair and base normalized edge-weight quantile marginals"", ""shortages"": {}, ""status"": ""MATCHED"", ""target_degree_pair_marginal"": ""{(1, 1): 115, (1, 2): 212, (2, 2): 418, (2, 3): 1509, (3, 3): 4689, (1, 3): 238, (0, 1): 38, (0, 2): 4, (0, 3): 8}"", ""target_edge_count"": 7231, ""target_weight_quantile_marginal"": ""{3: 1445, 2: 1829, 1: 2030, 0: 1927}"", ""verified_exact_marginals"": true, ""weight_quantile_exact"": true}",frozen graph intervention; FIXED_NORM_MASK is not retrained valid-operator performance
Grocery,44,text_uniform,joint_high_similarity_low_novelty,RENORMALIZED_DELETE,7231,-0.0005856515373353632,-0.0006656074192878947,0.0027945637702941895,-0.026098251342773438,20,0.002560551464557648,0.001974168691199069,0.00023401230573654157,-0.0023572474377745734,MATCHED,"{""allocated_cells"": 15, ""allocation"": {""((0, 1), 3)"": 38, ""((0, 2), 3)"": 4, ""((0, 3), 1)"": 8, ""((1, 1), 3)"": 115, ""((1, 2), 3)"": 212, ""((1, 3), 1)"": 52, ""((1, 3), 3)"": 186, ""((2, 2), 3)"": 418, ""((2, 3), 0)"": 711, ""((2, 3), 1)"": 462, ""((2, 3), 3)"": 336, ""((3, 3), 0)"": 1216, ""((3, 3), 1)"": 1508, ""((3, 3), 2)"": 1829, ""((3, 3), 3)"": 136}, ""degree_pair_exact"": true, ""matched_edge_count_per_control"": 7231, ""matching_method"": ""integral max-flow with exact endpoint-degree-quantile-pair and base normalized edge-weight quantile marginals"", ""shortages"": {}, ""status"": ""MATCHED"", ""target_degree_pair_marginal"": ""{(1, 1): 115, (1, 2): 212, (2, 2): 418, (2, 3): 1509, (3, 3): 4689, (1, 3): 238, (0, 1): 38, (0, 2): 4, (0, 3): 8}"", ""target_edge_count"": 7231, ""target_weight_quantile_marginal"": ""{3: 1445, 2: 1829, 1: 2030, 0: 1927}"", ""verified_exact_marginals"": true, ""weight_quantile_exact"": true}",frozen graph intervention; FIXED_NORM_MASK is not retrained valid-operator performance
Grocery,44,visual_uniform,visual_low_similarity_high_novelty,FIXED_NORM_MASK,8180,-0.015812591508052698,-0.012659177963155632,0.038073956966400146,-0.03327655792236328,20,0.044093137979507445,0.002318931612669314,-0.006019181013107298,-0.0067789165446558945,MATCHED,"{""allocated_cells"": 17, ""allocation"": {""((0, 1), 3)"": 72, ""((0, 2), 3)"": 158, ""((0, 3), 1)"": 136, ""((0, 3), 2)"": 284, ""((0, 3), 3)"": 176, ""((1, 1), 3)"": 50, ""((1, 2), 3)"": 226, ""((1, 3), 1)"": 573, ""((1, 3), 3)"": 173, ""((2, 2), 3)"": 254, ""((2, 3), 0)"": 349, ""((2, 3), 1)"": 1060, ""((2, 3), 3)"": 506, ""((3, 3), 0)"": 2066, ""((3, 3), 1)"": 357, ""((3, 3), 2)"": 1582, ""((3, 3), 3)"": 158}, ""degree_pair_exact"": true, ""matched_edge_count_per_control"": 8180, ""matching_method"": ""integral max-flow with exact endpoint-degree-quantile-pair and base normalized edge-weight quantile marginals"", ""shortages"": {}, ""status"": ""MATCHED"", ""target_degree_pair_marginal"": ""{(0, 1): 72, (1, 3): 746, (2, 3): 1915, (1, 2): 226, (2, 2): 254, (0, 2): 158, (0, 3): 596, (3, 3): 4163, (1, 1): 50}"", ""target_edge_count"": 8180, ""target_weight_quantile_marginal"": ""{3: 1773, 1: 2126, 2: 1866, 0: 2415}"", ""verified_exact_marginals"": true, ""weight_quantile_exact"": true}",frozen graph intervention; FIXED_NORM_MASK is not retrained valid-operator performance
Grocery,44,visual_uniform,visual_low_similarity_high_novelty,RENORMALIZED_DELETE,8180,-0.010834553440702721,-0.011789649261961244,0.015805184841156006,0.341367244720459,20,0.003529366850852966,0.002533025321688704,0.012275817990303039,-0.004202049780380629,MATCHED,"{""allocated_cells"": 17, ""allocation"": {""((0, 1), 3)"": 72, ""((0, 2), 3)"": 158, ""((0, 3), 1)"": 136, ""((0, 3), 2)"": 284, ""((0, 3), 3)"": 176, ""((1, 1), 3)"": 50, ""((1, 2), 3)"": 226, ""((1, 3), 1)"": 573, ""((1, 3), 3)"": 173, ""((2, 2), 3)"": 254, ""((2, 3), 0)"": 349, ""((2, 3), 1)"": 1060, ""((2, 3), 3)"": 506, ""((3, 3), 0)"": 2066, ""((3, 3), 1)"": 357, ""((3, 3), 2)"": 1582, ""((3, 3), 3)"": 158}, ""degree_pair_exact"": true, ""matched_edge_count_per_control"": 8180, ""matching_method"": ""integral max-flow with exact endpoint-degree-quantile-pair and base normalized edge-weight quantile marginals"", ""shortages"": {}, ""status"": ""MATCHED"", ""target_degree_pair_marginal"": ""{(0, 1): 72, (1, 3): 746, (2, 3): 1915, (1, 2): 226, (2, 2): 254, (0, 2): 158, (0, 3): 596, (3, 3): 4163, (1, 1): 50}"", ""target_edge_count"": 8180, ""target_weight_quantile_marginal"": ""{3: 1773, 1: 2126, 2: 1866, 0: 2415}"", ""verified_exact_marginals"": true, ""weight_quantile_exact"": true}",frozen graph intervention; FIXED_NORM_MASK is not retrained valid-operator performance
Grocery,44,visual_uniform,visual_high_similarity_low_novelty,FIXED_NORM_MASK,7281,-0.0017569546120058677,-0.0025796086514079386,0.030952751636505127,-0.30550527572631836,20,0.031810921430587766,0.0014240201584332147,-0.0008581697940826388,-0.0049487554904831255,MATCHED,"{""allocated_cells"": 15, ""allocation"": {""((0, 1), 3)"": 44, ""((0, 2), 3)"": 11, ""((0, 3), 1)"": 24, ""((1, 1), 3)"": 103, ""((1, 2), 3)"": 210, ""((1, 3), 1)"": 33, ""((1, 3), 3)"": 187, ""((2, 2), 3)"": 396, ""((2, 3), 0)"": 702, ""((2, 3), 1)"": 367, ""((2, 3), 3)"": 356, ""((3, 3), 0)"": 1575, ""((3, 3), 1)"": 1452, ""((3, 3), 2)"": 1680, ""((3, 3), 3)"": 141}, ""degree_pair_exact"": true, ""matched_edge_count_per_control"": 7281, ""matching_method"": ""integral max-flow with exact endpoint-degree-quantile-pair and base normalized edge-weight quantile marginals"", ""shortages"": {}, ""status"": ""MATCHED"", ""target_degree_pair_marginal"": ""{(1, 1): 103, (1, 2): 210, (2, 3): 1425, (2, 2): 396, (0, 2): 11, (1, 3): 220, (3, 3): 4848, (0, 3): 24, (0, 1): 44}"", ""target_edge_count"": 7281, ""target_weight_quantile_marginal"": ""{3: 1448, 2: 1680, 1: 1876, 0: 2277}"", ""verified_exact_marginals"": true, ""weight_quantile_exact"": true}",frozen graph intervention; FIXED_NORM_MASK is not retrained valid-operator performance
Grocery,44,visual_uniform,visual_high_similarity_low_novelty,RENORMALIZED_DELETE,7281,-0.0002928257686676261,-0.0011258358871760743,0.0015110373497009277,-0.023470640182495117,20,0.001996418833732605,0.0015908911970519259,-0.00048538148403167716,-0.001727672035139044,MATCHED,"{""allocated_cells"": 15, ""allocation"": {""((0, 1), 3)"": 44, ""((0, 2), 3)"": 11, ""((0, 3), 1)"": 24, ""((1, 1), 3)"": 103, ""((1, 2), 3)"": 210, ""((1, 3), 1)"": 33, ""((1, 3), 3)"": 187, ""((2, 2), 3)"": 396, ""((2, 3), 0)"": 702, ""((2, 3), 1)"": 367, ""((2, 3), 3)"": 356, ""((3, 3), 0)"": 1575, ""((3, 3), 1)"": 1452, ""((3, 3), 2)"": 1680, ""((3, 3), 3)"": 141}, ""degree_pair_exact"": true, ""matched_edge_count_per_control"": 7281, ""matching_method"": ""integral max-flow with exact endpoint-degree-quantile-pair and base normalized edge-weight quantile marginals"", ""shortages"": {}, ""status"": ""MATCHED"", ""target_degree_pair_marginal"": ""{(1, 1): 103, (1, 2): 210, (2, 3): 1425, (2, 2): 396, (0, 2): 11, (1, 3): 220, (3, 3): 4848, (0, 3): 24, (0, 1): 44}"", ""target_edge_count"": 7281, ""target_weight_quantile_marginal"": ""{3: 1448, 2: 1680, 1: 1876, 0: 2277}"", ""verified_exact_marginals"": true, ""weight_quantile_exact"": true}",frozen graph intervention; FIXED_NORM_MASK is not retrained valid-operator performance
Grocery,44,visual_uniform,joint_low_similarity_high_novelty,FIXED_NORM_MASK,7774,-0.01171303074670571,-0.012576711300594678,0.029823243618011475,-0.043962955474853516,20,0.04234796762466431,0.0014813219231605448,-0.012524724006652832,-0.007598828696925292,MATCHED,"{""allocated_cells"": 17, ""allocation"": {""((0, 1), 3)"": 60, ""((0, 2), 3)"": 152, ""((0, 3), 1)"": 107, ""((0, 3), 2)"": 259, ""((0, 3), 3)"": 282, ""((1, 1), 3)"": 47, ""((1, 2), 3)"": 197, ""((1, 3), 1)"": 547, ""((1, 3), 3)"": 171, ""((2, 2), 3)"": 240, ""((2, 3), 0)"": 480, ""((2, 3), 1)"": 1011, ""((2, 3), 3)"": 369, ""((3, 3), 0)"": 1767, ""((3, 3), 1)"": 383, ""((3, 3), 2)"": 1542, ""((3, 3), 3)"": 160}, ""degree_pair_exact"": true, ""matched_edge_count_per_control"": 7774, ""matching_method"": ""integral max-flow with exact endpoint-degree-quantile-pair and base normalized edge-weight quantile marginals"", ""shortages"": {}, ""status"": ""MATCHED"", ""target_degree_pair_marginal"": ""{(0, 1): 60, (1, 3): 718, (2, 3): 1860, (1, 2): 197, (0, 2): 152, (0, 3): 648, (2, 2): 240, (3, 3): 3852, (1, 1): 47}"", ""target_edge_count"": 7774, ""target_weight_quantile_marginal"": ""{3: 1678, 1: 2048, 0: 2247, 2: 1801}"", ""verified_exact_marginals"": true, ""weight_quantile_exact"": true}",frozen graph intervention; FIXED_NORM_MASK is not retrained valid-operator performance
Grocery,44,visual_uniform,joint_low_similarity_high_novelty,RENORMALIZED_DELETE,7774,-0.007906295754026349,-0.008750576195132087,-0.0010120272636413574,0.3272361755371094,20,0.006795123219490051,0.0025194445369791617,-0.007807150483131409,-0.005051244509516789,MATCHED,"{""allocated_cells"": 17, ""allocation"": {""((0, 1), 3)"": 60, ""((0, 2), 3)"": 152, ""((0, 3), 1)"": 107, ""((0, 3), 2)"": 259, ""((0, 3), 3)"": 282, ""((1, 1), 3)"": 47, ""((1, 2), 3)"": 197, ""((1, 3), 1)"": 547, ""((1, 3), 3)"": 171, ""((2, 2), 3)"": 240, ""((2, 3), 0)"": 480, ""((2, 3), 1)"": 1011, ""((2, 3), 3)"": 369, ""((3, 3), 0)"": 1767, ""((3, 3), 1)"": 383, ""((3, 3), 2)"": 1542, ""((3, 3), 3)"": 160}, ""degree_pair_exact"": true, ""matched_edge_count_per_control"": 7774, ""matching_method"": ""integral max-flow with exact endpoint-degree-quantile-pair and base normalized edge-weight quantile marginals"", ""shortages"": {}, ""status"": ""MATCHED"", ""target_degree_pair_marginal"": ""{(0, 1): 60, (1, 3): 718, (2, 3): 1860, (1, 2): 197, (0, 2): 152, (0, 3): 648, (2, 2): 240, (3, 3): 3852, (1, 1): 47}"", ""target_edge_count"": 7774, ""target_weight_quantile_marginal"": ""{3: 1678, 1: 2048, 0: 2247, 2: 1801}"", ""verified_exact_marginals"": true, ""weight_quantile_exact"": true}",frozen graph intervention; FIXED_NORM_MASK is not retrained valid-operator performance
Grocery,44,visual_uniform,joint_high_similarity_low_novelty,FIXED_NORM_MASK,7231,-0.0014641288433381305,-0.0019465239445388693,0.03414487838745117,-0.3085489273071289,20,0.03151940107345581,0.0016080604859983287,0.0026254773139953586,-0.004992679355783264,MATCHED,"{""allocated_cells"": 15, ""allocation"": {""((0, 1), 3)"": 38, ""((0, 2), 3)"": 4, ""((0, 3), 1)"": 8, ""((1, 1), 3)"": 115, ""((1, 2), 3)"": 212, ""((1, 3), 1)"": 52, ""((1, 3), 3)"": 186, ""((2, 2), 3)"": 418, ""((2, 3), 0)"": 711, ""((2, 3), 1)"": 462, ""((2, 3), 3)"": 336, ""((3, 3), 0)"": 1216, ""((3, 3), 1)"": 1508, ""((3, 3), 2)"": 1829, ""((3, 3), 3)"": 136}, ""degree_pair_exact"": true, ""matched_edge_count_per_control"": 7231, ""matching_method"": ""integral max-flow with exact endpoint-degree-quantile-pair and base normalized edge-weight quantile marginals"", ""shortages"": {}, ""status"": ""MATCHED"", ""target_degree_pair_marginal"": ""{(1, 1): 115, (1, 2): 212, (2, 2): 418, (2, 3): 1509, (3, 3): 4689, (1, 3): 238, (0, 1): 38, (0, 2): 4, (0, 3): 8}"", ""target_edge_count"": 7231, ""target_weight_quantile_marginal"": ""{3: 1445, 2: 1829, 1: 2030, 0: 1927}"", ""verified_exact_marginals"": true, ""weight_quantile_exact"": true}",frozen graph intervention; FIXED_NORM_MASK is not retrained valid-operator performance
Grocery,44,visual_uniform,joint_high_similarity_low_novelty,RENORMALIZED_DELETE,7231,-0.0002928257686676261,-0.0007791697701564626,0.002324402332305908,-0.025701045989990234,20,0.0011968404054641725,0.0014570190063971026,0.0011275619268417358,-0.0018008784773059562,MATCHED,"{""allocated_cells"": 15, ""allocation"": {""((0, 1), 3)"": 38, ""((0, 2), 3)"": 4, ""((0, 3), 1)"": 8, ""((1, 1), 3)"": 115, ""((1, 2), 3)"": 212, ""((1, 3), 1)"": 52, ""((1, 3), 3)"": 186, ""((2, 2), 3)"": 418, ""((2, 3), 0)"": 711, ""((2, 3), 1)"": 462, ""((2, 3), 3)"": 336, ""((3, 3), 0)"": 1216, ""((3, 3), 1)"": 1508, ""((3, 3), 2)"": 1829, ""((3, 3), 3)"": 136}, ""degree_pair_exact"": true, ""matched_edge_count_per_control"": 7231, ""matching_method"": ""integral max-flow with exact endpoint-degree-quantile-pair and base normalized edge-weight quantile marginals"", ""shortages"": {}, ""status"": ""MATCHED"", ""target_degree_pair_marginal"": ""{(1, 1): 115, (1, 2): 212, (2, 2): 418, (2, 3): 1509, (3, 3): 4689, (1, 3): 238, (0, 1): 38, (0, 2): 4, (0, 3): 8}"", ""target_edge_count"": 7231, ""target_weight_quantile_marginal"": ""{3: 1445, 2: 1829, 1: 2030, 0: 1927}"", ""verified_exact_marginals"": true, ""weight_quantile_exact"": true}",frozen graph intervention; FIXED_NORM_MASK is not retrained valid-operator performance
ele-fashion,42,uniform,high_similarity_low_novelty,FIXED_NORM_MASK,17730,-0.00030684258975144374,-0.001783415015439882,-0.0020554661750793457,-0.26909494400024414,20,-0.0036705851554870604,0.0008203511431545833,0.0016151189804077147,-0.0003937813235143528,MATCHED,"{""allocated_cells"": 8, ""allocation"": {""((0, 2), 3)"": 558, ""((0, 3), 0)"": 1800, ""((2, 2), 3)"": 462, ""((2, 3), 0)"": 2709, ""((2, 3), 1)"": 916, ""((3, 3), 1)"": 3534, ""((3, 3), 2)"": 4386, ""((3, 3), 3)"": 3365}, ""degree_pair_exact"": true, ""matched_edge_count_per_control"": 17730, ""matching_method"": ""integral max-flow with exact endpoint-degree-quantile-pair and base normalized edge-weight quantile marginals"", ""shortages"": {}, ""status"": ""MATCHED"", ""target_degree_pair_marginal"": ""{(3, 3): 11285, (2, 3): 3625, (0, 3): 1800, (0, 2): 558, (2, 2): 462}"", ""target_edge_count"": 17730, ""target_weight_quantile_marginal"": ""{0: 4509, 2: 4386, 3: 4385, 1: 4450}"", ""verified_exact_marginals"": true, ""weight_quantile_exact"": true}",frozen graph intervention; FIXED_NORM_MASK is not retrained valid-operator performance
ele-fashion,42,uniform,high_similarity_low_novelty,RENORMALIZED_DELETE,17730,0.00030684258975144374,0.0007513242282272126,0.00010707974433898926,0.01022195816040039,20,0.0031526491045951845,0.001059705818909996,-0.0030455693602561952,-0.0014472742149943929,MATCHED,"{""allocated_cells"": 8, ""allocation"": {""((0, 2), 3)"": 558, ""((0, 3), 0)"": 1800, ""((2, 2), 3)"": 462, ""((2, 3), 0)"": 2709, ""((2, 3), 1)"": 916, ""((3, 3), 1)"": 3534, ""((3, 3), 2)"": 4386, ""((3, 3), 3)"": 3365}, ""degree_pair_exact"": true, ""matched_edge_count_per_control"": 17730, ""matching_method"": ""integral max-flow with exact endpoint-degree-quantile-pair and base normalized edge-weight quantile marginals"", ""shortages"": {}, ""status"": ""MATCHED"", ""target_degree_pair_marginal"": ""{(3, 3): 11285, (2, 3): 3625, (0, 3): 1800, (0, 2): 558, (2, 2): 462}"", ""target_edge_count"": 17730, ""target_weight_quantile_marginal"": ""{0: 4509, 2: 4386, 3: 4385, 1: 4450}"", ""verified_exact_marginals"": true, ""weight_quantile_exact"": true}",frozen graph intervention; FIXED_NORM_MASK is not retrained valid-operator performance
ele-fashion,42,uniform,high_similarity_high_novelty,FIXED_NORM_MASK,7321,-0.0011250894957552937,-0.002129323199777211,0.00036916136741638184,-0.15258026123046875,20,-0.00243467390537262,0.0007481674157872051,0.0028038352727890016,-0.0005114043162524118,MATCHED,"{""allocated_cells"": 8, ""allocation"": {""((0, 2), 3)"": 590, ""((0, 3), 0)"": 999, ""((0, 3), 1)"": 307, ""((2, 2), 3)"": 340, ""((2, 3), 1)"": 911, ""((2, 3), 2)"": 1696, ""((2, 3), 3)"": 389, ""((3, 3), 3)"": 2089}, ""degree_pair_exact"": true, ""matched_edge_count_per_control"": 7321, ""matching_method"": ""integral max-flow with exact endpoint-degree-quantile-pair and base normalized edge-weight quantile marginals"", ""shortages"": {}, ""status"": ""MATCHED"", ""target_degree_pair_marginal"": ""{(3, 3): 2089, (0, 3): 1306, (2, 3): 2996, (0, 2): 590, (2, 2): 340}"", ""target_edge_count"": 7321, ""target_weight_quantile_marginal"": ""{0: 999, 2: 1696, 1: 1218, 3: 3408}"", ""verified_exact_marginals"": true, ""weight_quantile_exact"": true}",frozen graph intervention; FIXED_NORM_MASK is not retrained valid-operator performance
ele-fashion,42,uniform,high_similarity_high_novelty,RENORMALIZED_DELETE,7321,-0.0009205277692543312,-0.0011668389787643507,0.00596243143081665,0.006319522857666016,20,0.002876730263233185,0.0011764130378212991,0.0030857011675834655,-0.001237598445330873,MATCHED,"{""allocated_cells"": 8, ""allocation"": {""((0, 2), 3)"": 590, ""((0, 3), 0)"": 999, ""((0, 3), 1)"": 307, ""((2, 2), 3)"": 340, ""((2, 3), 1)"": 911, ""((2, 3), 2)"": 1696, ""((2, 3), 3)"": 389, ""((3, 3), 3)"": 2089}, ""degree_pair_exact"": true, ""matched_edge_count_per_control"": 7321, ""matching_method"": ""integral max-flow with exact endpoint-degree-quantile-pair and base normalized edge-weight quantile marginals"", ""shortages"": {}, ""status"": ""MATCHED"", ""target_degree_pair_marginal"": ""{(3, 3): 2089, (0, 3): 1306, (2, 3): 2996, (0, 2): 590, (2, 2): 340}"", ""target_edge_count"": 7321, ""target_weight_quantile_marginal"": ""{0: 999, 2: 1696, 1: 1218, 3: 3408}"", ""verified_exact_marginals"": true, ""weight_quantile_exact"": true}",frozen graph intervention; FIXED_NORM_MASK is not retrained valid-operator performance
ele-fashion,42,uniform,low_similarity_high_novelty,FIXED_NORM_MASK,22135,0.00030684258975144374,0.0011188355581651654,-0.0041921138763427734,-0.2042088508605957,20,-0.002005690336227417,0.0007670421708510099,-0.0021864235401153564,-0.0009000715966042683,MATCHED,"{""allocated_cells"": 9, ""allocation"": {""((0, 2), 3)"": 402, ""((0, 3), 0)"": 2641, ""((0, 3), 1)"": 1979, ""((2, 2), 3)"": 342, ""((2, 3), 0)"": 3241, ""((2, 3), 1)"": 3842, ""((2, 3), 2)"": 987, ""((3, 3), 2)"": 4550, ""((3, 3), 3)"": 4151}, ""degree_pair_exact"": true, ""matched_edge_count_per_control"": 22135, ""matching_method"": ""integral max-flow with exact endpoint-degree-quantile-pair and base normalized edge-weight quantile marginals"", ""shortages"": {}, ""status"": ""MATCHED"", ""target_degree_pair_marginal"": ""{(3, 3): 8701, (2, 3): 8070, (0, 3): 4620, (0, 2): 402, (2, 2): 342}"", ""target_edge_count"": 22135, ""target_weight_quantile_marginal"": ""{0: 5882, 1: 5821, 2: 5537, 3: 4895}"", ""verified_exact_marginals"": true, ""weight_quantile_exact"": true}",frozen graph intervention; FIXED_NORM_MASK is not retrained valid-operator performance
ele-fashion,42,uniform,low_similarity_high_novelty,RENORMALIZED_DELETE,22135,-0.0015342129487573297,-0.002250347248336504,0.010372549295425415,0.2212820053100586,20,0.005229537189006805,0.0011253547087250154,0.00514301210641861,-0.0022859772936483667,MATCHED,"{""allocated_cells"": 9, ""allocation"": {""((0, 2), 3)"": 402, ""((0, 3), 0)"": 2641, ""((0, 3), 1)"": 1979, ""((2, 2), 3)"": 342, ""((2, 3), 0)"": 3241, ""((2, 3), 1)"": 3842, ""((2, 3), 2)"": 987, ""((3, 3), 2)"": 4550, ""((3, 3), 3)"": 4151}, ""degree_pair_exact"": true, ""matched_edge_count_per_control"": 22135, ""matching_method"": ""integral max-flow with exact endpoint-degree-quantile-pair and base normalized edge-weight quantile marginals"", ""shortages"": {}, ""status"": ""MATCHED"", ""target_degree_pair_marginal"": ""{(3, 3): 8701, (2, 3): 8070, (0, 3): 4620, (0, 2): 402, (2, 2): 342}"", ""target_edge_count"": 22135, ""target_weight_quantile_marginal"": ""{0: 5882, 1: 5821, 2: 5537, 3: 4895}"", ""verified_exact_marginals"": true, ""weight_quantile_exact"": true}",frozen graph intervention; FIXED_NORM_MASK is not retrained valid-operator performance
ele-fashion,42,uniform,low_similarity_low_novelty,FIXED_NORM_MASK,6164,-0.00030684258975144374,-0.0009017681228239427,-0.0019668936729431152,-0.07552003860473633,20,-0.0016092553734779358,0.0005636735745032764,-0.0003576382994651794,9.205277692543312e-05,MATCHED,"{""allocated_cells"": 8, ""allocation"": {""((0, 2), 3)"": 57, ""((0, 3), 0)"": 271, ""((2, 2), 3)"": 65, ""((2, 3), 0)"": 1344, ""((3, 3), 0)"": 698, ""((3, 3), 1)"": 1882, ""((3, 3), 2)"": 1116, ""((3, 3), 3)"": 731}, ""degree_pair_exact"": true, ""matched_edge_count_per_control"": 6164, ""matching_method"": ""integral max-flow with exact endpoint-degree-quantile-pair and base normalized edge-weight quantile marginals"", ""shortages"": {}, ""status"": ""MATCHED"", ""target_degree_pair_marginal"": ""{(3, 3): 4427, (2, 3): 1344, (0, 3): 271, (0, 2): 57, (2, 2): 65}"", ""target_edge_count"": 6164, ""target_weight_quantile_marginal"": ""{0: 2313, 1: 1882, 2: 1116, 3: 853}"", ""verified_exact_marginals"": true, ""weight_quantile_exact"": true}",frozen graph intervention; FIXED_NORM_MASK is not retrained valid-operator performance
ele-fashion,42,uniform,low_similarity_low_novelty,RENORMALIZED_DELETE,6164,-0.0002045617265009625,-0.0002464304854185029,-0.0013222098350524902,0.016309738159179688,20,0.0007059633731842041,0.0006030452111033125,-0.0020281732082366942,-0.00033241280556406405,MATCHED,"{""allocated_cells"": 8, ""allocation"": {""((0, 2), 3)"": 57, ""((0, 3), 0)"": 271, ""((2, 2), 3)"": 65, ""((2, 3), 0)"": 1344, ""((3, 3), 0)"": 698, ""((3, 3), 1)"": 1882, ""((3, 3), 2)"": 1116, ""((3, 3), 3)"": 731}, ""degree_pair_exact"": true, ""matched_edge_count_per_control"": 6164, ""matching_method"": ""integral max-flow with exact endpoint-degree-quantile-pair and base normalized edge-weight quantile marginals"", ""shortages"": {}, ""status"": ""MATCHED"", ""target_degree_pair_marginal"": ""{(3, 3): 4427, (2, 3): 1344, (0, 3): 271, (0, 2): 57, (2, 2): 65}"", ""target_edge_count"": 6164, ""target_weight_quantile_marginal"": ""{0: 2313, 1: 1882, 2: 1116, 3: 853}"", ""verified_exact_marginals"": true, ""weight_quantile_exact"": true}",frozen graph intervention; FIXED_NORM_MASK is not retrained valid-operator performance
ele-fashion,42,gpr,gpr_high_similarity_low_novelty,FIXED_NORM_MASK,18372,-0.0005114043162524062,-0.0014237821844677034,-0.006971180438995361,-0.2779717445373535,20,-0.006942762434482575,0.0008507359567229885,-2.8418004512786518e-05,-0.0011608877978930622,MATCHED,"{""allocated_cells"": 8, ""allocation"": {""((0, 2), 3)"": 573, ""((0, 3), 0)"": 1725, ""((2, 2), 3)"": 477, ""((2, 3), 0)"": 3131, ""((2, 3), 1)"": 534, ""((3, 3), 1)"": 4121, ""((3, 3), 2)"": 4448, ""((3, 3), 3)"": 3363}, ""degree_pair_exact"": true, ""matched_edge_count_per_control"": 18372, ""matching_method"": ""integral max-flow with exact endpoint-degree-quantile-pair and base normalized edge-weight quantile marginals"", ""shortages"": {}, ""status"": ""MATCHED"", ""target_degree_pair_marginal"": ""{(3, 3): 11932, (2, 3): 3665, (0, 3): 1725, (2, 2): 477, (0, 2): 573}"", ""target_edge_count"": 18372, ""target_weight_quantile_marginal"": ""{0: 4856, 1: 4655, 2: 4448, 3: 4413}"", ""verified_exact_marginals"": true, ""weight_quantile_exact"": true}",frozen graph intervention; FIXED_NORM_MASK is not retrained valid-operator performance
ele-fashion,42,gpr,gpr_high_similarity_low_novelty,RENORMALIZED_DELETE,18372,-0.0002045617265009625,-0.0011599812833097412,0.0009899139404296875,0.008707046508789062,20,0.003606007993221283,0.0010083162865337863,-0.0026160940527915955,-0.0013552214380689875,MATCHED,"{""allocated_cells"": 8, ""allocation"": {""((0, 2), 3)"": 573, ""((0, 3), 0)"": 1725, ""((2, 2), 3)"": 477, ""((2, 3), 0)"": 3131, ""((2, 3), 1)"": 534, ""((3, 3), 1)"": 4121, ""((3, 3), 2)"": 4448, ""((3, 3), 3)"": 3363}, ""degree_pair_exact"": true, ""matched_edge_count_per_control"": 18372, ""matching_method"": ""integral max-flow with exact endpoint-degree-quantile-pair and base normalized edge-weight quantile marginals"", ""shortages"": {}, ""status"": ""MATCHED"", ""target_degree_pair_marginal"": ""{(3, 3): 11932, (2, 3): 3665, (0, 3): 1725, (2, 2): 477, (0, 2): 573}"", ""target_edge_count"": 18372, ""target_weight_quantile_marginal"": ""{0: 4856, 1: 4655, 2: 4448, 3: 4413}"", ""verified_exact_marginals"": true, ""weight_quantile_exact"": true}",frozen graph intervention; FIXED_NORM_MASK is not retrained valid-operator performance
ele-fashion,42,gpr,gpr_high_similarity_high_novelty,FIXED_NORM_MASK,7608,-0.001227370359005886,-0.00269452470982412,-0.003992646932601929,-0.15916776657104492,20,-0.004341691732406616,0.0009703861534065364,0.0003490447998046875,-0.0005727728342027449,MATCHED,"{""allocated_cells"": 8, ""allocation"": {""((0, 2), 3)"": 615, ""((0, 3), 0)"": 987, ""((0, 3), 1)"": 449, ""((2, 2), 3)"": 363, ""((2, 3), 1)"": 769, ""((2, 3), 2)"": 1750, ""((2, 3), 3)"": 578, ""((3, 3), 3)"": 2097}, ""degree_pair_exact"": true, ""matched_edge_count_per_control"": 7608, ""matching_method"": ""integral max-flow with exact endpoint-degree-quantile-pair and base normalized edge-weight quantile marginals"", ""shortages"": {}, ""status"": ""MATCHED"", ""target_degree_pair_marginal"": ""{(3, 3): 2097, (0, 3): 1436, (2, 3): 3097, (0, 2): 615, (2, 2): 363}"", ""target_edge_count"": 7608, ""target_weight_quantile_marginal"": ""{0: 987, 2: 1750, 1: 1218, 3: 3653}"", ""verified_exact_marginals"": true, ""weight_quantile_exact"": true}",frozen graph intervention; FIXED_NORM_MASK is not retrained valid-operator performance
ele-fashion,42,gpr,gpr_high_similarity_high_novelty,RENORMALIZED_DELETE,7608,-0.0014319320855068485,-0.002939938108701856,0.006077945232391357,0.006957530975341797,20,0.002899862825870514,0.0011374773418741276,0.0031780824065208435,-0.0007057379564283817,MATCHED,"{""allocated_cells"": 8, ""allocation"": {""((0, 2), 3)"": 615, ""((0, 3), 0)"": 987, ""((0, 3), 1)"": 449, ""((2, 2), 3)"": 363, ""((2, 3), 1)"": 769, ""((2, 3), 2)"": 1750, ""((2, 3), 3)"": 578, ""((3, 3), 3)"": 2097}, ""degree_pair_exact"": true, ""matched_edge_count_per_control"": 7608, ""matching_method"": ""integral max-flow with exact endpoint-degree-quantile-pair and base normalized edge-weight quantile marginals"", ""shortages"": {}, ""status"": ""MATCHED"", ""target_degree_pair_marginal"": ""{(3, 3): 2097, (0, 3): 1436, (2, 3): 3097, (0, 2): 615, (2, 2): 363}"", ""target_edge_count"": 7608, ""target_weight_quantile_marginal"": ""{0: 987, 2: 1750, 1: 1218, 3: 3653}"", ""verified_exact_marginals"": true, ""weight_quantile_exact"": true}",frozen graph intervention; FIXED_NORM_MASK is not retrained valid-operator performance
ele-fashion,42,gpr,gpr_low_similarity_high_novelty,FIXED_NORM_MASK,21594,-0.000409123453001925,0.0009436566996868789,-0.007540762424468994,-0.20192861557006836,20,-0.007203704118728638,0.0006211373913560368,-0.0003370583057403561,-0.0015802393372200464,MATCHED,"{""allocated_cells"": 9, ""allocation"": {""((0, 2), 3)"": 395, ""((0, 3), 0)"": 2700, ""((0, 3), 1)"": 1706, ""((2, 2), 3)"": 337, ""((2, 3), 0)"": 2998, ""((2, 3), 1)"": 3978, ""((2, 3), 2)"": 1005, ""((3, 3), 2)"": 4393, ""((3, 3), 3)"": 4082}, ""degree_pair_exact"": true, ""matched_edge_count_per_control"": 21594, ""matching_method"": ""integral max-flow with exact endpoint-degree-quantile-pair and base normalized edge-weight quantile marginals"", ""shortages"": {}, ""status"": ""MATCHED"", ""target_degree_pair_marginal"": ""{(3, 3): 8475, (2, 3): 7981, (0, 3): 4406, (0, 2): 395, (2, 2): 337}"", ""target_edge_count"": 21594, ""target_weight_quantile_marginal"": ""{0: 5698, 1: 5684, 2: 5398, 3: 4814}"", ""verified_exact_marginals"": true, ""weight_quantile_exact"": true}",frozen graph intervention; FIXED_NORM_MASK is not retrained valid-operator performance
ele-fashion,42,gpr,gpr_low_similarity_high_novelty,RENORMALIZED_DELETE,21594,-0.001636493812007811,-0.0038302191540289243,0.012893855571746826,0.20167064666748047,20,0.004672577977180481,0.0010410268158014774,0.008221277594566345,-0.0015393269919198537,MATCHED,"{""allocated_cells"": 9, ""allocation"": {""((0, 2), 3)"": 395, ""((0, 3), 0)"": 2700, ""((0, 3), 1)"": 1706, ""((2, 2), 3)"": 337, ""((2, 3), 0)"": 2998, ""((2, 3), 1)"": 3978, ""((2, 3), 2)"": 1005, ""((3, 3), 2)"": 4393, ""((3, 3), 3)"": 4082}, ""degree_pair_exact"": true, ""matched_edge_count_per_control"": 21594, ""matching_method"": ""integral max-flow with exact endpoint-degree-quantile-pair and base normalized edge-weight quantile marginals"", ""shortages"": {}, ""status"": ""MATCHED"", ""target_degree_pair_marginal"": ""{(3, 3): 8475, (2, 3): 7981, (0, 3): 4406, (0, 2): 395, (2, 2): 337}"", ""target_edge_count"": 21594, ""target_weight_quantile_marginal"": ""{0: 5698, 1: 5684, 2: 5398, 3: 4814}"", ""verified_exact_marginals"": true, ""weight_quantile_exact"": true}",frozen graph intervention; FIXED_NORM_MASK is not retrained valid-operator performance
ele-fashion,42,gpr,gpr_low_similarity_low_novelty,FIXED_NORM_MASK,6260,-0.00010228086325048125,0.0001536605491746501,-0.0025570690631866455,-0.07631492614746094,20,-0.002367721498012543,0.00033622382117535696,-0.0001893475651741027,-0.0004244655824895083,MATCHED,"{""allocated_cells"": 8, ""allocation"": {""((0, 2), 3)"": 66, ""((0, 3), 0)"": 272, ""((2, 2), 3)"": 66, ""((2, 3), 0)"": 1352, ""((3, 3), 0)"": 731, ""((3, 3), 1)"": 1905, ""((3, 3), 2)"": 1119, ""((3, 3), 3)"": 749}, ""degree_pair_exact"": true, ""matched_edge_count_per_control"": 6260, ""matching_method"": ""integral max-flow with exact endpoint-degree-quantile-pair and base normalized edge-weight quantile marginals"", ""shortages"": {}, ""status"": ""MATCHED"", ""target_degree_pair_marginal"": ""{(3, 3): 4504, (2, 3): 1352, (0, 3): 272, (0, 2): 66, (2, 2): 66}"", ""target_edge_count"": 6260, ""target_weight_quantile_marginal"": ""{0: 2355, 2: 1119, 1: 1905, 3: 881}"", ""verified_exact_marginals"": true, ""weight_quantile_exact"": true}",frozen graph intervention; FIXED_NORM_MASK is not retrained valid-operator performance
ele-fashion,42,gpr,gpr_low_similarity_low_novelty,RENORMALIZED_DELETE,6260,-0.0002045617265009625,0.0003031663086922043,-0.0008784234523773193,0.015758514404296875,20,0.00062551349401474,0.00042402234823713593,-0.0015039369463920593,-0.00029661450342640674,MATCHED,"{""allocated_cells"": 8, ""allocation"": {""((0, 2), 3)"": 66, ""((0, 3), 0)"": 272, ""((2, 2), 3)"": 66, ""((2, 3), 0)"": 1352, ""((3, 3), 0)"": 731, ""((3, 3), 1)"": 1905, ""((3, 3), 2)"": 1119, ""((3, 3), 3)"": 749}, ""degree_pair_exact"": true, ""matched_edge_count_per_control"": 6260, ""matching_method"": ""integral max-flow with exact endpoint-degree-quantile-pair and base normalized edge-weight quantile marginals"", ""shortages"": {}, ""status"": ""MATCHED"", ""target_degree_pair_marginal"": ""{(3, 3): 4504, (2, 3): 1352, (0, 3): 272, (0, 2): 66, (2, 2): 66}"", ""target_edge_count"": 6260, ""target_weight_quantile_marginal"": ""{0: 2355, 2: 1119, 1: 1905, 3: 881}"", ""verified_exact_marginals"": true, ""weight_quantile_exact"": true}",frozen graph intervention; FIXED_NORM_MASK is not retrained valid-operator performance
ele-fashion,42,text_uniform,text_low_similarity_high_novelty,FIXED_NORM_MASK,24199,0.0019433364017592547,0.0026146703591215514,0.00196269154548645,-0.067108154296875,20,0.01067192405462265,0.0006057006968269499,-0.0087092325091362,-0.00025570215812617536,MATCHED,"{""allocated_cells"": 9, ""allocation"": {""((0, 2), 3)"": 345, ""((0, 3), 0)"": 2560, ""((0, 3), 1)"": 2142, ""((2, 2), 3)"": 284, ""((2, 3), 0)"": 4432, ""((2, 3), 1)"": 4504, ""((3, 3), 1)"": 16, ""((3, 3), 2)"": 5925, ""((3, 3), 3)"": 3991}, ""degree_pair_exact"": true, ""matched_edge_count_per_control"": 24199, ""matching_method"": ""integral max-flow with exact endpoint-degree-quantile-pair and base normalized edge-weight quantile marginals"", ""shortages"": {}, ""status"": ""MATCHED"", ""target_degree_pair_marginal"": ""{(3, 3): 9932, (2, 3): 8936, (0, 3): 4702, (0, 2): 345, (2, 2): 284}"", ""target_edge_count"": 24199, ""target_weight_quantile_marginal"": ""{0: 6992, 1: 6662, 2: 5925, 3: 4620}"", ""verified_exact_marginals"": true, ""weight_quantile_exact"": true}",frozen graph intervention; FIXED_NORM_MASK is not retrained valid-operator performance
ele-fashion,42,text_uniform,text_low_similarity_high_novelty,RENORMALIZED_DELETE,24199,0.0018410555385087735,0.0016353445373052944,0.0018194615840911865,0.30748558044433594,20,0.0027235716581344603,0.00080656309278463,-0.0009041100740432738,-0.0005216324025774488,MATCHED,"{""allocated_cells"": 9, ""allocation"": {""((0, 2), 3)"": 345, ""((0, 3), 0)"": 2560, ""((0, 3), 1)"": 2142, ""((2, 2), 3)"": 284, ""((2, 3), 0)"": 4432, ""((2, 3), 1)"": 4504, ""((3, 3), 1)"": 16, ""((3, 3), 2)"": 5925, ""((3, 3), 3)"": 3991}, ""degree_pair_exact"": true, ""matched_edge_count_per_control"": 24199, ""matching_method"": ""integral max-flow with exact endpoint-degree-quantile-pair and base normalized edge-weight quantile marginals"", ""shortages"": {}, ""status"": ""MATCHED"", ""target_degree_pair_marginal"": ""{(3, 3): 9932, (2, 3): 8936, (0, 3): 4702, (0, 2): 345, (2, 2): 284}"", ""target_edge_count"": 24199, ""target_weight_quantile_marginal"": ""{0: 6992, 1: 6662, 2: 5925, 3: 4620}"", ""verified_exact_marginals"": true, ""weight_quantile_exact"": true}",frozen graph intervention; FIXED_NORM_MASK is not retrained valid-operator performance
ele-fashion,42,text_uniform,text_high_similarity_low_novelty,FIXED_NORM_MASK,34609,-0.0010228086325048125,0.00036781104246008667,0.014220267534255981,-0.4002869129180908,20,0.012999744713306427,0.0007584492206470108,0.0012205228209495548,0.00015342129487578294,MATCHED,"{""allocated_cells"": 11, ""allocation"": {""((0, 2), 3)"": 1006, ""((0, 3), 0)"": 1919, ""((0, 3), 1)"": 1123, ""((0, 3), 3)"": 1057, ""((2, 2), 3)"": 749, ""((2, 3), 0)"": 6141, ""((2, 3), 1)"": 1189, ""((3, 3), 0)"": 1057, ""((3, 3), 1)"": 6069, ""((3, 3), 2)"": 8532, ""((3, 3), 3)"": 5767}, ""degree_pair_exact"": true, ""matched_edge_count_per_control"": 34609, ""matching_method"": ""integral max-flow with exact endpoint-degree-quantile-pair and base normalized edge-weight quantile marginals"", ""shortages"": {}, ""status"": ""MATCHED"", ""target_degree_pair_marginal"": ""{(3, 3): 21425, (2, 3): 7330, (0, 3): 4099, (0, 2): 1006, (2, 2): 749}"", ""target_edge_count"": 34609, ""target_weight_quantile_marginal"": ""{0: 9117, 1: 8381, 2: 8532, 3: 8579}"", ""verified_exact_marginals"": true, ""weight_quantile_exact"": true}",frozen graph intervention; FIXED_NORM_MASK is not retrained valid-operator performance
ele-fashion,42,text_uniform,text_high_similarity_low_novelty,RENORMALIZED_DELETE,34609,-0.0011250894957552937,0.00023383289481204717,0.002101898193359375,0.036804914474487305,20,0.004686307907104492,0.0015699374295149418,-0.002584409713745117,-0.0008693873376290795,MATCHED,"{""allocated_cells"": 11, ""allocation"": {""((0, 2), 3)"": 1006, ""((0, 3), 0)"": 1919, ""((0, 3), 1)"": 1123, ""((0, 3), 3)"": 1057, ""((2, 2), 3)"": 749, ""((2, 3), 0)"": 6141, ""((2, 3), 1)"": 1189, ""((3, 3), 0)"": 1057, ""((3, 3), 1)"": 6069, ""((3, 3), 2)"": 8532, ""((3, 3), 3)"": 5767}, ""degree_pair_exact"": true, ""matched_edge_count_per_control"": 34609, ""matching_method"": ""integral max-flow with exact endpoint-degree-quantile-pair and base normalized edge-weight quantile marginals"", ""shortages"": {}, ""status"": ""MATCHED"", ""target_degree_pair_marginal"": ""{(3, 3): 21425, (2, 3): 7330, (0, 3): 4099, (0, 2): 1006, (2, 2): 749}"", ""target_edge_count"": 34609, ""target_weight_quantile_marginal"": ""{0: 9117, 1: 8381, 2: 8532, 3: 8579}"", ""verified_exact_marginals"": true, ""weight_quantile_exact"": true}",frozen graph intervention; FIXED_NORM_MASK is not retrained valid-operator performance
ele-fashion,42,text_uniform,joint_low_similarity_high_novelty,FIXED_NORM_MASK,22135,0.002454740718011661,0.0026438147099278053,0.001418083906173706,-0.07516622543334961,20,0.00985288918018341,0.0004650005991217554,-0.008434805274009704,-0.0003528689782141381,MATCHED,"{""allocated_cells"": 9, ""allocation"": {""((0, 2), 3)"": 402, ""((0, 3), 0)"": 2641, ""((0, 3), 1)"": 1979, ""((2, 2), 3)"": 342, ""((2, 3), 0)"": 3241, ""((2, 3), 1)"": 3842, ""((2, 3), 2)"": 987, ""((3, 3), 2)"": 4550, ""((3, 3), 3)"": 4151}, ""degree_pair_exact"": true, ""matched_edge_count_per_control"": 22135, ""matching_method"": ""integral max-flow with exact endpoint-degree-quantile-pair and base normalized edge-weight quantile marginals"", ""shortages"": {}, ""status"": ""MATCHED"", ""target_degree_pair_marginal"": ""{(3, 3): 8701, (2, 3): 8070, (0, 3): 4620, (0, 2): 402, (2, 2): 342}"", ""target_edge_count"": 22135, ""target_weight_quantile_marginal"": ""{0: 5882, 1: 5821, 2: 5537, 3: 4895}"", ""verified_exact_marginals"": true, ""weight_quantile_exact"": true}",frozen graph intervention; FIXED_NORM_MASK is not retrained valid-operator performance
ele-fashion,42,text_uniform,joint_low_similarity_high_novelty,RENORMALIZED_DELETE,22135,0.0022501789915106984,0.001449331650782093,0.0007629096508026123,0.2797856330871582,20,0.00405166894197464,0.0010629188872122817,-0.003288759291172028,-0.0007619924312160853,MATCHED,"{""allocated_cells"": 9, ""allocation"": {""((0, 2), 3)"": 402, ""((0, 3), 0)"": 2641, ""((0, 3), 1)"": 1979, ""((2, 2), 3)"": 342, ""((2, 3), 0)"": 3241, ""((2, 3), 1)"": 3842, ""((2, 3), 2)"": 987, ""((3, 3), 2)"": 4550, ""((3, 3), 3)"": 4151}, ""degree_pair_exact"": true, ""matched_edge_count_per_control"": 22135, ""matching_method"": ""integral max-flow with exact endpoint-degree-quantile-pair and base normalized edge-weight quantile marginals"", ""shortages"": {}, ""status"": ""MATCHED"", ""target_degree_pair_marginal"": ""{(3, 3): 8701, (2, 3): 8070, (0, 3): 4620, (0, 2): 402, (2, 2): 342}"", ""target_edge_count"": 22135, ""target_weight_quantile_marginal"": ""{0: 5882, 1: 5821, 2: 5537, 3: 4895}"", ""verified_exact_marginals"": true, ""weight_quantile_exact"": true}",frozen graph intervention; FIXED_NORM_MASK is not retrained valid-operator performance
ele-fashion,42,text_uniform,joint_high_similarity_low_novelty,FIXED_NORM_MASK,17730,-0.00030684258975144374,0.0004190783493971395,0.0058051347732543945,-0.21692562103271484,20,0.0042910903692245485,0.0009279708013525459,0.001514044404029846,-0.00022501789915104208,MATCHED,"{""allocated_cells"": 8, ""allocation"": {""((0, 2), 3)"": 558, ""((0, 3), 0)"": 1800, ""((2, 2), 3)"": 462, ""((2, 3), 0)"": 2709, ""((2, 3), 1)"": 916, ""((3, 3), 1)"": 3534, ""((3, 3), 2)"": 4386, ""((3, 3), 3)"": 3365}, ""degree_pair_exact"": true, ""matched_edge_count_per_control"": 17730, ""matching_method"": ""integral max-flow with exact endpoint-degree-quantile-pair and base normalized edge-weight quantile marginals"", ""shortages"": {}, ""status"": ""MATCHED"", ""target_degree_pair_marginal"": ""{(3, 3): 11285, (2, 3): 3625, (0, 3): 1800, (0, 2): 558, (2, 2): 462}"", ""target_edge_count"": 17730, ""target_weight_quantile_marginal"": ""{0: 4509, 2: 4386, 3: 4385, 1: 4450}"", ""verified_exact_marginals"": true, ""weight_quantile_exact"": true}",frozen graph intervention; FIXED_NORM_MASK is not retrained valid-operator performance
ele-fashion,42,text_uniform,joint_high_similarity_low_novelty,RENORMALIZED_DELETE,17730,-0.0002045617265009625,0.0007957163308084381,0.00020995736122131348,0.0121612548828125,20,0.002249385416507721,0.0009628987527684071,-0.0020394280552864076,-0.00034264089188910664,MATCHED,"{""allocated_cells"": 8, ""allocation"": {""((0, 2), 3)"": 558, ""((0, 3), 0)"": 1800, ""((2, 2), 3)"": 462, ""((2, 3), 0)"": 2709, ""((2, 3), 1)"": 916, ""((3, 3), 1)"": 3534, ""((3, 3), 2)"": 4386, ""((3, 3), 3)"": 3365}, ""degree_pair_exact"": true, ""matched_edge_count_per_control"": 17730, ""matching_method"": ""integral max-flow with exact endpoint-degree-quantile-pair and base normalized edge-weight quantile marginals"", ""shortages"": {}, ""status"": ""MATCHED"", ""target_degree_pair_marginal"": ""{(3, 3): 11285, (2, 3): 3625, (0, 3): 1800, (0, 2): 558, (2, 2): 462}"", ""target_edge_count"": 17730, ""target_weight_quantile_marginal"": ""{0: 4509, 2: 4386, 3: 4385, 1: 4450}"", ""verified_exact_marginals"": true, ""weight_quantile_exact"": true}",frozen graph intervention; FIXED_NORM_MASK is not retrained valid-operator performance
ele-fashion,42,visual_uniform,visual_low_similarity_high_novelty,FIXED_NORM_MASK,21865,-0.005830009205277764,-0.005905787485527281,0.01612904667854309,-0.10331439971923828,20,0.009944121539592742,0.0010200374567778908,0.006184925138950349,-0.0016722921141454794,MATCHED,"{""allocated_cells"": 9, ""allocation"": {""((0, 2), 3)"": 480, ""((0, 3), 0)"": 2610, ""((0, 3), 1)"": 2573, ""((2, 2), 3)"": 391, ""((2, 3), 0)"": 2689, ""((2, 3), 1)"": 2963, ""((2, 3), 2)"": 2173, ""((3, 3), 2)"": 3335, ""((3, 3), 3)"": 4651}, ""degree_pair_exact"": true, ""matched_edge_count_per_control"": 21865, ""matching_method"": ""integral max-flow with exact endpoint-degree-quantile-pair and base normalized edge-weight quantile marginals"", ""shortages"": {}, ""status"": ""MATCHED"", ""target_degree_pair_marginal"": ""{(3, 3): 7986, (2, 3): 7825, (0, 3): 5183, (0, 2): 480, (2, 2): 391}"", ""target_edge_count"": 21865, ""target_weight_quantile_marginal"": ""{0: 5299, 1: 5536, 2: 5508, 3: 5522}"", ""verified_exact_marginals"": true, ""weight_quantile_exact"": true}",frozen graph intervention; FIXED_NORM_MASK is not retrained valid-operator performance
ele-fashion,42,visual_uniform,visual_low_similarity_high_novelty,RENORMALIZED_DELETE,21865,-0.005216324025774766,-0.004828137881446648,0.029456764459609985,0.24199891090393066,20,0.010856644809246063,0.0014640061711620796,0.01860011965036392,-0.001610923596195185,MATCHED,"{""allocated_cells"": 9, ""allocation"": {""((0, 2), 3)"": 480, ""((0, 3), 0)"": 2610, ""((0, 3), 1)"": 2573, ""((2, 2), 3)"": 391, ""((2, 3), 0)"": 2689, ""((2, 3), 1)"": 2963, ""((2, 3), 2)"": 2173, ""((3, 3), 2)"": 3335, ""((3, 3), 3)"": 4651}, ""degree_pair_exact"": true, ""matched_edge_count_per_control"": 21865, ""matching_method"": ""integral max-flow with exact endpoint-degree-quantile-pair and base normalized edge-weight quantile marginals"", ""shortages"": {}, ""status"": ""MATCHED"", ""target_degree_pair_marginal"": ""{(3, 3): 7986, (2, 3): 7825, (0, 3): 5183, (0, 2): 480, (2, 2): 391}"", ""target_edge_count"": 21865, ""target_weight_quantile_marginal"": ""{0: 5299, 1: 5536, 2: 5508, 3: 5522}"", ""verified_exact_marginals"": true, ""weight_quantile_exact"": true}",frozen graph intervention; FIXED_NORM_MASK is not retrained valid-operator performance
ele-fashion,42,visual_uniform,visual_high_similarity_low_novelty,FIXED_NORM_MASK,21213,-0.0010228086325049235,-0.0024380606440972397,0.006985455751419067,-0.24697446823120117,20,0.0060454592108726505,0.0008151969432960594,0.0009399965405464169,-0.0016620640278204256,MATCHED,"{""allocated_cells"": 8, ""allocation"": {""((0, 2), 3)"": 530, ""((0, 3), 0)"": 1911, ""((2, 2), 3)"": 474, ""((2, 3), 0)"": 4395, ""((3, 3), 0)"": 53, ""((3, 3), 1)"": 5474, ""((3, 3), 2)"": 4841, ""((3, 3), 3)"": 3535}, ""degree_pair_exact"": true, ""matched_edge_count_per_control"": 21213, ""matching_method"": ""integral max-flow with exact endpoint-degree-quantile-pair and base normalized edge-weight quantile marginals"", ""shortages"": {}, ""status"": ""MATCHED"", ""target_degree_pair_marginal"": ""{(3, 3): 13903, (2, 3): 4395, (0, 3): 1911, (2, 2): 474, (0, 2): 530}"", ""target_edge_count"": 21213, ""target_weight_quantile_marginal"": ""{0: 6359, 1: 5474, 2: 4841, 3: 4539}"", ""verified_exact_marginals"": true, ""weight_quantile_exact"": true}",frozen graph intervention; FIXED_NORM_MASK is not retrained valid-operator performance
ele-fashion,42,visual_uniform,visual_high_similarity_low_novelty,RENORMALIZED_DELETE,21213,-0.0015342129487573297,-0.00426692815894969,0.0017713308334350586,0.01928400993347168,20,0.006005516648292542,0.0010519318035465957,-0.004234185814857483,-0.0014165899560192707,MATCHED,"{""allocated_cells"": 8, ""allocation"": {""((0, 2), 3)"": 530, ""((0, 3), 0)"": 1911, ""((2, 2), 3)"": 474, ""((2, 3), 0)"": 4395, ""((3, 3), 0)"": 53, ""((3, 3), 1)"": 5474, ""((3, 3), 2)"": 4841, ""((3, 3), 3)"": 3535}, ""degree_pair_exact"": true, ""matched_edge_count_per_control"": 21213, ""matching_method"": ""integral max-flow with exact endpoint-degree-quantile-pair and base normalized edge-weight quantile marginals"", ""shortages"": {}, ""status"": ""MATCHED"", ""target_degree_pair_marginal"": ""{(3, 3): 13903, (2, 3): 4395, (0, 3): 1911, (2, 2): 474, (0, 2): 530}"", ""target_edge_count"": 21213, ""target_weight_quantile_marginal"": ""{0: 6359, 1: 5474, 2: 4841, 3: 4539}"", ""verified_exact_marginals"": true, ""weight_quantile_exact"": true}",frozen graph intervention; FIXED_NORM_MASK is not retrained valid-operator performance
ele-fashion,42,visual_uniform,joint_low_similarity_high_novelty,FIXED_NORM_MASK,22135,-0.0031707067607651407,-0.005304538944642223,0.007888108491897583,-0.08867549896240234,20,0.010521361231803894,0.0004543681518247567,-0.0026332527399063107,-0.0016825202004705276,MATCHED,"{""allocated_cells"": 9, ""allocation"": {""((0, 2), 3)"": 402, ""((0, 3), 0)"": 2641, ""((0, 3), 1)"": 1979, ""((2, 2), 3)"": 342, ""((2, 3), 0)"": 3241, ""((2, 3), 1)"": 3842, ""((2, 3), 2)"": 987, ""((3, 3), 2)"": 4550, ""((3, 3), 3)"": 4151}, ""degree_pair_exact"": true, ""matched_edge_count_per_control"": 22135, ""matching_method"": ""integral max-flow with exact endpoint-degree-quantile-pair and base normalized edge-weight quantile marginals"", ""shortages"": {}, ""status"": ""MATCHED"", ""target_degree_pair_marginal"": ""{(3, 3): 8701, (2, 3): 8070, (0, 3): 4620, (0, 2): 402, (2, 2): 342}"", ""target_edge_count"": 22135, ""target_weight_quantile_marginal"": ""{0: 5882, 1: 5821, 2: 5537, 3: 4895}"", ""verified_exact_marginals"": true, ""weight_quantile_exact"": true}",frozen graph intervention; FIXED_NORM_MASK is not retrained valid-operator performance
ele-fashion,42,visual_uniform,joint_low_similarity_high_novelty,RENORMALIZED_DELETE,22135,-0.002863864171013586,-0.004007311722542428,0.01888224482536316,0.25228428840637207,20,0.010127797722816467,0.0015870617313335498,0.008754447102546692,-0.0013910197402066504,MATCHED,"{""allocated_cells"": 9, ""allocation"": {""((0, 2), 3)"": 402, ""((0, 3), 0)"": 2641, ""((0, 3), 1)"": 1979, ""((2, 2), 3)"": 342, ""((2, 3), 0)"": 3241, ""((2, 3), 1)"": 3842, ""((2, 3), 2)"": 987, ""((3, 3), 2)"": 4550, ""((3, 3), 3)"": 4151}, ""degree_pair_exact"": true, ""matched_edge_count_per_control"": 22135, ""matching_method"": ""integral max-flow with exact endpoint-degree-quantile-pair and base normalized edge-weight quantile marginals"", ""shortages"": {}, ""status"": ""MATCHED"", ""target_degree_pair_marginal"": ""{(3, 3): 8701, (2, 3): 8070, (0, 3): 4620, (0, 2): 402, (2, 2): 342}"", ""target_edge_count"": 22135, ""target_weight_quantile_marginal"": ""{0: 5882, 1: 5821, 2: 5537, 3: 4895}"", ""verified_exact_marginals"": true, ""weight_quantile_exact"": true}",frozen graph intervention; FIXED_NORM_MASK is not retrained valid-operator performance
ele-fashion,42,visual_uniform,joint_high_similarity_low_novelty,FIXED_NORM_MASK,17730,-0.0007159660427534797,-0.0018605062487787594,0.005177825689315796,-0.2258286476135254,20,0.005034016072750091,0.0008667327676885509,0.0001438096165657047,-0.001437046128669356,MATCHED,"{""allocated_cells"": 8, ""allocation"": {""((0, 2), 3)"": 558, ""((0, 3), 0)"": 1800, ""((2, 2), 3)"": 462, ""((2, 3), 0)"": 2709, ""((2, 3), 1)"": 916, ""((3, 3), 1)"": 3534, ""((3, 3), 2)"": 4386, ""((3, 3), 3)"": 3365}, ""degree_pair_exact"": true, ""matched_edge_count_per_control"": 17730, ""matching_method"": ""integral max-flow with exact endpoint-degree-quantile-pair and base normalized edge-weight quantile marginals"", ""shortages"": {}, ""status"": ""MATCHED"", ""target_degree_pair_marginal"": ""{(3, 3): 11285, (2, 3): 3625, (0, 3): 1800, (0, 2): 558, (2, 2): 462}"", ""target_edge_count"": 17730, ""target_weight_quantile_marginal"": ""{0: 4509, 2: 4386, 3: 4385, 1: 4450}"", ""verified_exact_marginals"": true, ""weight_quantile_exact"": true}",frozen graph intervention; FIXED_NORM_MASK is not retrained valid-operator performance
ele-fashion,42,visual_uniform,joint_high_similarity_low_novelty,RENORMALIZED_DELETE,17730,-0.000818246906003961,-0.0020358927974097885,0.0026246309280395508,0.009524106979370117,20,0.005328920483589172,0.0011704044389320037,-0.0027042895555496214,-0.0010944052367802327,MATCHED,"{""allocated_cells"": 8, ""allocation"": {""((0, 2), 3)"": 558, ""((0, 3), 0)"": 1800, ""((2, 2), 3)"": 462, ""((2, 3), 0)"": 2709, ""((2, 3), 1)"": 916, ""((3, 3), 1)"": 3534, ""((3, 3), 2)"": 4386, ""((3, 3), 3)"": 3365}, ""degree_pair_exact"": true, ""matched_edge_count_per_control"": 17730, ""matching_method"": ""integral max-flow with exact endpoint-degree-quantile-pair and base normalized edge-weight quantile marginals"", ""shortages"": {}, ""status"": ""MATCHED"", ""target_degree_pair_marginal"": ""{(3, 3): 11285, (2, 3): 3625, (0, 3): 1800, (0, 2): 558, (2, 2): 462}"", ""target_edge_count"": 17730, ""target_weight_quantile_marginal"": ""{0: 4509, 2: 4386, 3: 4385, 1: 4450}"", ""verified_exact_marginals"": true, ""weight_quantile_exact"": true}",frozen graph intervention; FIXED_NORM_MASK is not retrained valid-operator performance
ele-fashion,43,uniform,high_similarity_low_novelty,FIXED_NORM_MASK,17614,-0.00030684258975144374,-0.0010479803921047415,-0.0039300620555877686,-0.2948470115661621,20,-0.00540395975112915,0.000797422574610599,0.0014738976955413815,0.00011762299273805343,MATCHED,"{""allocated_cells"": 8, ""allocation"": {""((0, 2), 3)"": 529, ""((0, 3), 0)"": 1693, ""((2, 2), 3)"": 448, ""((2, 3), 0)"": 2916, ""((2, 3), 1)"": 675, ""((3, 3), 1)"": 3609, ""((3, 3), 2)"": 4290, ""((3, 3), 3)"": 3454}, ""degree_pair_exact"": true, ""matched_edge_count_per_control"": 17614, ""matching_method"": ""integral max-flow with exact endpoint-degree-quantile-pair and base normalized edge-weight quantile marginals"", ""shortages"": {}, ""status"": ""MATCHED"", ""target_degree_pair_marginal"": ""{(3, 3): 11353, (2, 3): 3591, (0, 3): 1693, (0, 2): 529, (2, 2): 448}"", ""target_edge_count"": 17614, ""target_weight_quantile_marginal"": ""{0: 4609, 2: 4290, 3: 4431, 1: 4284}"", ""verified_exact_marginals"": true, ""weight_quantile_exact"": true}",frozen graph intervention; FIXED_NORM_MASK is not retrained valid-operator performance
ele-fashion,43,uniform,high_similarity_low_novelty,RENORMALIZED_DELETE,17614,-0.0002045617265009625,0.0004398915617138677,-2.002716064453125e-05,0.008919715881347656,20,0.004640133678913116,0.0010101309566178558,-0.004660160839557647,-0.0003426408918891677,MATCHED,"{""allocated_cells"": 8, ""allocation"": {""((0, 2), 3)"": 529, ""((0, 3), 0)"": 1693, ""((2, 2), 3)"": 448, ""((2, 3), 0)"": 2916, ""((2, 3), 1)"": 675, ""((3, 3), 1)"": 3609, ""((3, 3), 2)"": 4290, ""((3, 3), 3)"": 3454}, ""degree_pair_exact"": true, ""matched_edge_count_per_control"": 17614, ""matching_method"": ""integral max-flow with exact endpoint-degree-quantile-pair and base normalized edge-weight quantile marginals"", ""shortages"": {}, ""status"": ""MATCHED"", ""target_degree_pair_marginal"": ""{(3, 3): 11353, (2, 3): 3591, (0, 3): 1693, (0, 2): 529, (2, 2): 448}"", ""target_edge_count"": 17614, ""target_weight_quantile_marginal"": ""{0: 4609, 2: 4290, 3: 4431, 1: 4284}"", ""verified_exact_marginals"": true, ""weight_quantile_exact"": true}",frozen graph intervention; FIXED_NORM_MASK is not retrained valid-operator performance
ele-fashion,43,uniform,high_similarity_high_novelty,FIXED_NORM_MASK,7182,-0.000409123453001925,0.002492875849007481,-0.001358717679977417,-0.16120338439941406,20,-0.003974045813083649,0.0006563157153340113,0.002615328133106232,-3.579830213767399e-05,MATCHED,"{""allocated_cells"": 8, ""allocation"": {""((0, 2), 3)"": 606, ""((0, 3), 0)"": 905, ""((0, 3), 1)"": 398, ""((2, 2), 3)"": 350, ""((2, 3), 1)"": 812, ""((2, 3), 2)"": 1643, ""((2, 3), 3)"": 505, ""((3, 3), 3)"": 1963}, ""degree_pair_exact"": true, ""matched_edge_count_per_control"": 7182, ""matching_method"": ""integral max-flow with exact endpoint-degree-quantile-pair and base normalized edge-weight quantile marginals"", ""shortages"": {}, ""status"": ""MATCHED"", ""target_degree_pair_marginal"": ""{(3, 3): 1963, (2, 3): 2960, (0, 3): 1303, (0, 2): 606, (2, 2): 350}"", ""target_edge_count"": 7182, ""target_weight_quantile_marginal"": ""{0: 905, 1: 1210, 2: 1643, 3: 3424}"", ""verified_exact_marginals"": true, ""weight_quantile_exact"": true}",frozen graph intervention; FIXED_NORM_MASK is not retrained valid-operator performance
ele-fashion,43,uniform,high_similarity_high_novelty,RENORMALIZED_DELETE,7182,-0.0009205277692544422,-0.0018310149654356955,0.006843298673629761,0.012745857238769531,20,0.0029025882482528686,0.0009681331862668039,0.003940710425376892,-0.0004193515393270231,MATCHED,"{""allocated_cells"": 8, ""allocation"": {""((0, 2), 3)"": 606, ""((0, 3), 0)"": 905, ""((0, 3), 1)"": 398, ""((2, 2), 3)"": 350, ""((2, 3), 1)"": 812, ""((2, 3), 2)"": 1643, ""((2, 3), 3)"": 505, ""((3, 3), 3)"": 1963}, ""degree_pair_exact"": true, ""matched_edge_count_per_control"": 7182, ""matching_method"": ""integral max-flow with exact endpoint-degree-quantile-pair and base normalized edge-weight quantile marginals"", ""shortages"": {}, ""status"": ""MATCHED"", ""target_degree_pair_marginal"": ""{(3, 3): 1963, (2, 3): 2960, (0, 3): 1303, (0, 2): 606, (2, 2): 350}"", ""target_edge_count"": 7182, ""target_weight_quantile_marginal"": ""{0: 905, 1: 1210, 2: 1643, 3: 3424}"", ""verified_exact_marginals"": true, ""weight_quantile_exact"": true}",frozen graph intervention; FIXED_NORM_MASK is not retrained valid-operator performance
ele-fashion,43,uniform,low_similarity_high_novelty,FIXED_NORM_MASK,22373,0.0010228086325048125,0.006735472514371343,-0.005596369504928589,-0.21288490295410156,20,-0.0063981696963310245,0.00050942504264794,0.0008018001914024356,0.00021990385598852358,MATCHED,"{""allocated_cells"": 9, ""allocation"": {""((0, 2), 3)"": 398, ""((0, 3), 0)"": 2618, ""((0, 3), 1)"": 2051, ""((2, 2), 3)"": 327, ""((2, 3), 0)"": 3414, ""((2, 3), 1)"": 3801, ""((2, 3), 2)"": 998, ""((3, 3), 2)"": 4557, ""((3, 3), 3)"": 4209}, ""degree_pair_exact"": true, ""matched_edge_count_per_control"": 22373, ""matching_method"": ""integral max-flow with exact endpoint-degree-quantile-pair and base normalized edge-weight quantile marginals"", ""shortages"": {}, ""status"": ""MATCHED"", ""target_degree_pair_marginal"": ""{(3, 3): 8766, (2, 3): 8213, (0, 3): 4669, (0, 2): 398, (2, 2): 327}"", ""target_edge_count"": 22373, ""target_weight_quantile_marginal"": ""{0: 6032, 1: 5852, 2: 5555, 3: 4934}"", ""verified_exact_marginals"": true, ""weight_quantile_exact"": true}",frozen graph intervention; FIXED_NORM_MASK is not retrained valid-operator performance
ele-fashion,43,uniform,low_similarity_high_novelty,RENORMALIZED_DELETE,22373,0.0007159660427533687,0.005750948520810373,0.011841177940368652,0.24612712860107422,20,0.006124643981456757,0.001519183964610465,0.005716533958911895,-0.00032729876240157884,MATCHED,"{""allocated_cells"": 9, ""allocation"": {""((0, 2), 3)"": 398, ""((0, 3), 0)"": 2618, ""((0, 3), 1)"": 2051, ""((2, 2), 3)"": 327, ""((2, 3), 0)"": 3414, ""((2, 3), 1)"": 3801, ""((2, 3), 2)"": 998, ""((3, 3), 2)"": 4557, ""((3, 3), 3)"": 4209}, ""degree_pair_exact"": true, ""matched_edge_count_per_control"": 22373, ""matching_method"": ""integral max-flow with exact endpoint-degree-quantile-pair and base normalized edge-weight quantile marginals"", ""shortages"": {}, ""status"": ""MATCHED"", ""target_degree_pair_marginal"": ""{(3, 3): 8766, (2, 3): 8213, (0, 3): 4669, (0, 2): 398, (2, 2): 327}"", ""target_edge_count"": 22373, ""target_weight_quantile_marginal"": ""{0: 6032, 1: 5852, 2: 5555, 3: 4934}"", ""verified_exact_marginals"": true, ""weight_quantile_exact"": true}",frozen graph intervention; FIXED_NORM_MASK is not retrained valid-operator performance
ele-fashion,43,uniform,low_similarity_low_novelty,FIXED_NORM_MASK,6423,0.0002045617265009625,9.099685472524488e-05,-0.002191603183746338,-0.08088111877441406,20,-0.002186015248298645,0.0005532840409054192,-5.587935447692871e-06,-2.557021581262031e-05,MATCHED,"{""allocated_cells"": 8, ""allocation"": {""((0, 2), 3)"": 63, ""((0, 3), 0)"": 257, ""((2, 2), 3)"": 75, ""((2, 3), 0)"": 1383, ""((3, 3), 0)"": 810, ""((3, 3), 1)"": 1961, ""((3, 3), 2)"": 1110, ""((3, 3), 3)"": 764}, ""degree_pair_exact"": true, ""matched_edge_count_per_control"": 6423, ""matching_method"": ""integral max-flow with exact endpoint-degree-quantile-pair and base normalized edge-weight quantile marginals"", ""shortages"": {}, ""status"": ""MATCHED"", ""target_degree_pair_marginal"": ""{(3, 3): 4645, (2, 3): 1383, (0, 3): 257, (0, 2): 63, (2, 2): 75}"", ""target_edge_count"": 6423, ""target_weight_quantile_marginal"": ""{0: 2450, 1: 1961, 2: 1110, 3: 902}"", ""verified_exact_marginals"": true, ""weight_quantile_exact"": true}",frozen graph intervention; FIXED_NORM_MASK is not retrained valid-operator performance
ele-fashion,43,uniform,low_similarity_low_novelty,RENORMALIZED_DELETE,6423,0.00030684258975144374,0.00012742685210609395,-0.001955181360244751,0.02025604248046875,20,0.0008114933967590332,0.0006007066470212851,-0.002766674757003784,2.0456172650096248e-05,MATCHED,"{""allocated_cells"": 8, ""allocation"": {""((0, 2), 3)"": 63, ""((0, 3), 0)"": 257, ""((2, 2), 3)"": 75, ""((2, 3), 0)"": 1383, ""((3, 3), 0)"": 810, ""((3, 3), 1)"": 1961, ""((3, 3), 2)"": 1110, ""((3, 3), 3)"": 764}, ""degree_pair_exact"": true, ""matched_edge_count_per_control"": 6423, ""matching_method"": ""integral max-flow with exact endpoint-degree-quantile-pair and base normalized edge-weight quantile marginals"", ""shortages"": {}, ""status"": ""MATCHED"", ""target_degree_pair_marginal"": ""{(3, 3): 4645, (2, 3): 1383, (0, 3): 257, (0, 2): 63, (2, 2): 75}"", ""target_edge_count"": 6423, ""target_weight_quantile_marginal"": ""{0: 2450, 1: 1961, 2: 1110, 3: 902}"", ""verified_exact_marginals"": true, ""weight_quantile_exact"": true}",frozen graph intervention; FIXED_NORM_MASK is not retrained valid-operator performance
ele-fashion,43,gpr,gpr_high_similarity_low_novelty,FIXED_NORM_MASK,17871,-0.00030684258975144374,-0.0017706052989615584,-0.00720900297164917,-0.32294225692749023,20,-0.008795371651649475,0.001024971621996213,0.0015863686800003055,-0.0003682111077017325,MATCHED,"{""allocated_cells"": 8, ""allocation"": {""((0, 2), 3)"": 529, ""((0, 3), 0)"": 1609, ""((2, 2), 3)"": 447, ""((2, 3), 0)"": 3150, ""((2, 3), 1)"": 469, ""((3, 3), 1)"": 3946, ""((3, 3), 2)"": 4330, ""((3, 3), 3)"": 3391}, ""degree_pair_exact"": true, ""matched_edge_count_per_control"": 17871, ""matching_method"": ""integral max-flow with exact endpoint-degree-quantile-pair and base normalized edge-weight quantile marginals"", ""shortages"": {}, ""status"": ""MATCHED"", ""target_degree_pair_marginal"": ""{(2, 3): 3619, (3, 3): 11667, (0, 3): 1609, (0, 2): 529, (2, 2): 447}"", ""target_edge_count"": 17871, ""target_weight_quantile_marginal"": ""{0: 4759, 1: 4415, 2: 4330, 3: 4367}"", ""verified_exact_marginals"": true, ""weight_quantile_exact"": true}",frozen graph intervention; FIXED_NORM_MASK is not retrained valid-operator performance
ele-fashion,43,gpr,gpr_high_similarity_low_novelty,RENORMALIZED_DELETE,17871,-0.0002045617265009625,-0.0002537854476308832,0.0003418922424316406,0.007564067840576172,20,0.004167969524860382,0.0008611259581542709,-0.0038260772824287416,-0.0014677303876444447,MATCHED,"{""allocated_cells"": 8, ""allocation"": {""((0, 2), 3)"": 529, ""((0, 3), 0)"": 1609, ""((2, 2), 3)"": 447, ""((2, 3), 0)"": 3150, ""((2, 3), 1)"": 469, ""((3, 3), 1)"": 3946, ""((3, 3), 2)"": 4330, ""((3, 3), 3)"": 3391}, ""degree_pair_exact"": true, ""matched_edge_count_per_control"": 17871, ""matching_method"": ""integral max-flow with exact endpoint-degree-quantile-pair and base normalized edge-weight quantile marginals"", ""shortages"": {}, ""status"": ""MATCHED"", ""target_degree_pair_marginal"": ""{(2, 3): 3619, (3, 3): 11667, (0, 3): 1609, (0, 2): 529, (2, 2): 447}"", ""target_edge_count"": 17871, ""target_weight_quantile_marginal"": ""{0: 4759, 1: 4415, 2: 4330, 3: 4367}"", ""verified_exact_marginals"": true, ""weight_quantile_exact"": true}",frozen graph intervention; FIXED_NORM_MASK is not retrained valid-operator performance
ele-fashion,43,gpr,gpr_high_similarity_high_novelty,FIXED_NORM_MASK,7471,-0.0007159660427533687,-0.0013563164742531608,-0.005863368511199951,-0.18033552169799805,20,-0.00516873300075531,0.0006449866915389543,-0.0006946355104446413,-0.0003835532371893047,MATCHED,"{""allocated_cells"": 8, ""allocation"": {""((0, 2), 3)"": 636, ""((0, 3), 0)"": 945, ""((0, 3), 1)"": 463, ""((2, 2), 3)"": 368, ""((2, 3), 1)"": 761, ""((2, 3), 2)"": 1684, ""((2, 3), 3)"": 613, ""((3, 3), 3)"": 2001}, ""degree_pair_exact"": true, ""matched_edge_count_per_control"": 7471, ""matching_method"": ""integral max-flow with exact endpoint-degree-quantile-pair and base normalized edge-weight quantile marginals"", ""shortages"": {}, ""status"": ""MATCHED"", ""target_degree_pair_marginal"": ""{(3, 3): 2001, (2, 3): 3058, (0, 3): 1408, (0, 2): 636, (2, 2): 368}"", ""target_edge_count"": 7471, ""target_weight_quantile_marginal"": ""{0: 945, 1: 1224, 2: 1684, 3: 3618}"", ""verified_exact_marginals"": true, ""weight_quantile_exact"": true}",frozen graph intervention; FIXED_NORM_MASK is not retrained valid-operator performance
ele-fashion,43,gpr,gpr_high_similarity_high_novelty,RENORMALIZED_DELETE,7471,-0.0010228086325048125,-0.002600382898220288,0.006428807973861694,0.014111995697021484,20,0.0030817419290542604,0.0007829323920160547,0.003347066044807434,-0.0007210800859158928,MATCHED,"{""allocated_cells"": 8, ""allocation"": {""((0, 2), 3)"": 636, ""((0, 3), 0)"": 945, ""((0, 3), 1)"": 463, ""((2, 2), 3)"": 368, ""((2, 3), 1)"": 761, ""((2, 3), 2)"": 1684, ""((2, 3), 3)"": 613, ""((3, 3), 3)"": 2001}, ""degree_pair_exact"": true, ""matched_edge_count_per_control"": 7471, ""matching_method"": ""integral max-flow with exact endpoint-degree-quantile-pair and base normalized edge-weight quantile marginals"", ""shortages"": {}, ""status"": ""MATCHED"", ""target_degree_pair_marginal"": ""{(3, 3): 2001, (2, 3): 3058, (0, 3): 1408, (0, 2): 636, (2, 2): 368}"", ""target_edge_count"": 7471, ""target_weight_quantile_marginal"": ""{0: 945, 1: 1224, 2: 1684, 3: 3618}"", ""verified_exact_marginals"": true, ""weight_quantile_exact"": true}",frozen graph intervention; FIXED_NORM_MASK is not retrained valid-operator performance
ele-fashion,43,gpr,gpr_low_similarity_high_novelty,FIXED_NORM_MASK,22093,-0.00010228086325048125,0.0010671741224784759,-0.008059918880462646,-0.24916887283325195,20,-0.00926477313041687,0.0009021916153435368,0.001204854249954224,-0.0009460979850669515,MATCHED,"{""allocated_cells"": 9, ""allocation"": {""((0, 2), 3)"": 389, ""((0, 3), 0)"": 2616, ""((0, 3), 1)"": 2013, ""((2, 2), 3)"": 329, ""((2, 3), 0)"": 3362, ""((2, 3), 1)"": 3760, ""((2, 3), 2)"": 1035, ""((3, 3), 2)"": 4421, ""((3, 3), 3)"": 4168}, ""degree_pair_exact"": true, ""matched_edge_count_per_control"": 22093, ""matching_method"": ""integral max-flow with exact endpoint-degree-quantile-pair and base normalized edge-weight quantile marginals"", ""shortages"": {}, ""status"": ""MATCHED"", ""target_degree_pair_marginal"": ""{(3, 3): 8589, (2, 3): 8157, (0, 3): 4629, (0, 2): 389, (2, 2): 329}"", ""target_edge_count"": 22093, ""target_weight_quantile_marginal"": ""{0: 5978, 1: 5773, 2: 5456, 3: 4886}"", ""verified_exact_marginals"": true, ""weight_quantile_exact"": true}",frozen graph intervention; FIXED_NORM_MASK is not retrained valid-operator performance
ele-fashion,43,gpr,gpr_low_similarity_high_novelty,RENORMALIZED_DELETE,22093,-0.0010228086325048125,-0.00170877120102908,0.013864308595657349,0.2240591049194336,20,0.006021638214588165,0.0009199493416753849,0.007842670381069183,-0.0018103712795335847,MATCHED,"{""allocated_cells"": 9, ""allocation"": {""((0, 2), 3)"": 389, ""((0, 3), 0)"": 2616, ""((0, 3), 1)"": 2013, ""((2, 2), 3)"": 329, ""((2, 3), 0)"": 3362, ""((2, 3), 1)"": 3760, ""((2, 3), 2)"": 1035, ""((3, 3), 2)"": 4421, ""((3, 3), 3)"": 4168}, ""degree_pair_exact"": true, ""matched_edge_count_per_control"": 22093, ""matching_method"": ""integral max-flow with exact endpoint-degree-quantile-pair and base normalized edge-weight quantile marginals"", ""shortages"": {}, ""status"": ""MATCHED"", ""target_degree_pair_marginal"": ""{(3, 3): 8589, (2, 3): 8157, (0, 3): 4629, (0, 2): 389, (2, 2): 329}"", ""target_edge_count"": 22093, ""target_weight_quantile_marginal"": ""{0: 5978, 1: 5773, 2: 5456, 3: 4886}"", ""verified_exact_marginals"": true, ""weight_quantile_exact"": true}",frozen graph intervention; FIXED_NORM_MASK is not retrained valid-operator performance
ele-fashion,43,gpr,gpr_low_similarity_low_novelty,FIXED_NORM_MASK,6424,0.0002045617265009625,0.0006478738722135446,-0.0026477575302124023,-0.09042835235595703,20,-0.0029684394598007203,0.0005150820461615265,0.00032068192958831796,-0.00011762299273805343,MATCHED,"{""allocated_cells"": 8, ""allocation"": {""((0, 2), 3)"": 59, ""((0, 3), 0)"": 233, ""((2, 2), 3)"": 78, ""((2, 3), 0)"": 1383, ""((3, 3), 0)"": 834, ""((3, 3), 1)"": 1954, ""((3, 3), 2)"": 1137, ""((3, 3), 3)"": 746}, ""degree_pair_exact"": true, ""matched_edge_count_per_control"": 6424, ""matching_method"": ""integral max-flow with exact endpoint-degree-quantile-pair and base normalized edge-weight quantile marginals"", ""shortages"": {}, ""status"": ""MATCHED"", ""target_degree_pair_marginal"": ""{(3, 3): 4671, (2, 3): 1383, (0, 3): 233, (0, 2): 59, (2, 2): 78}"", ""target_edge_count"": 6424, ""target_weight_quantile_marginal"": ""{0: 2450, 2: 1137, 1: 1954, 3: 883}"", ""verified_exact_marginals"": true, ""weight_quantile_exact"": true}",frozen graph intervention; FIXED_NORM_MASK is not retrained valid-operator performance
ele-fashion,43,gpr,gpr_low_similarity_low_novelty,RENORMALIZED_DELETE,6424,-0.0002045617265009625,1.9051517501367243e-06,-0.0006269514560699463,0.01801776885986328,20,0.0008988603949546814,0.0004922808894086865,-0.0015258118510246277,-0.0005062902730898821,MATCHED,"{""allocated_cells"": 8, ""allocation"": {""((0, 2), 3)"": 59, ""((0, 3), 0)"": 233, ""((2, 2), 3)"": 78, ""((2, 3), 0)"": 1383, ""((3, 3), 0)"": 834, ""((3, 3), 1)"": 1954, ""((3, 3), 2)"": 1137, ""((3, 3), 3)"": 746}, ""degree_pair_exact"": true, ""matched_edge_count_per_control"": 6424, ""matching_method"": ""integral max-flow with exact endpoint-degree-quantile-pair and base normalized edge-weight quantile marginals"", ""shortages"": {}, ""status"": ""MATCHED"", ""target_degree_pair_marginal"": ""{(3, 3): 4671, (2, 3): 1383, (0, 3): 233, (0, 2): 59, (2, 2): 78}"", ""target_edge_count"": 6424, ""target_weight_quantile_marginal"": ""{0: 2450, 2: 1137, 1: 1954, 3: 883}"", ""verified_exact_marginals"": true, ""weight_quantile_exact"": true}",frozen graph intervention; FIXED_NORM_MASK is not retrained valid-operator performance
ele-fashion,43,text_uniform,text_low_similarity_high_novelty,FIXED_NORM_MASK,23103,-0.000409123453001925,-0.0007687891149039672,0.0008877217769622803,-0.08343124389648438,20,0.0037025585770606995,0.0008822693128642708,-0.002814836800098419,0.00012785107906312376,MATCHED,"{""allocated_cells"": 9, ""allocation"": {""((0, 2), 3)"": 327, ""((0, 3), 0)"": 2574, ""((0, 3), 1)"": 1904, ""((2, 2), 3)"": 263, ""((2, 3), 0)"": 4151, ""((2, 3), 1)"": 4459, ""((2, 3), 2)"": 111, ""((3, 3), 2)"": 5573, ""((3, 3), 3)"": 3741}, ""degree_pair_exact"": true, ""matched_edge_count_per_control"": 23103, ""matching_method"": ""integral max-flow with exact endpoint-degree-quantile-pair and base normalized edge-weight quantile marginals"", ""shortages"": {}, ""status"": ""MATCHED"", ""target_degree_pair_marginal"": ""{(3, 3): 9314, (2, 3): 8721, (0, 3): 4478, (0, 2): 327, (2, 2): 263}"", ""target_edge_count"": 23103, ""target_weight_quantile_marginal"": ""{0: 6725, 1: 6363, 2: 5684, 3: 4331}"", ""verified_exact_marginals"": true, ""weight_quantile_exact"": true}",frozen graph intervention; FIXED_NORM_MASK is not retrained valid-operator performance
ele-fashion,43,text_uniform,text_low_similarity_high_novelty,RENORMALIZED_DELETE,23103,0.0,-0.0015309773972785878,0.012712210416793823,0.3285856246948242,20,0.004655003547668457,0.0010456404202232967,0.008057206869125366,0.00017387746752585144,MATCHED,"{""allocated_cells"": 9, ""allocation"": {""((0, 2), 3)"": 327, ""((0, 3), 0)"": 2574, ""((0, 3), 1)"": 1904, ""((2, 2), 3)"": 263, ""((2, 3), 0)"": 4151, ""((2, 3), 1)"": 4459, ""((2, 3), 2)"": 111, ""((3, 3), 2)"": 5573, ""((3, 3), 3)"": 3741}, ""degree_pair_exact"": true, ""matched_edge_count_per_control"": 23103, ""matching_method"": ""integral max-flow with exact endpoint-degree-quantile-pair and base normalized edge-weight quantile marginals"", ""shortages"": {}, ""status"": ""MATCHED"", ""target_degree_pair_marginal"": ""{(3, 3): 9314, (2, 3): 8721, (0, 3): 4478, (0, 2): 327, (2, 2): 263}"", ""target_edge_count"": 23103, ""target_weight_quantile_marginal"": ""{0: 6725, 1: 6363, 2: 5684, 3: 4331}"", ""verified_exact_marginals"": true, ""weight_quantile_exact"": true}",frozen graph intervention; FIXED_NORM_MASK is not retrained valid-operator performance
ele-fashion,43,text_uniform,text_high_similarity_low_novelty,FIXED_NORM_MASK,35275,-0.0011250894957552937,0.0006411777798746021,0.00784251093864441,-0.4665341377258301,20,0.005056111514568329,0.0015643186160974967,0.00278639942407608,-0.0006239132658279412,MATCHED,"{""allocated_cells"": 11, ""allocation"": {""((0, 2), 3)"": 995, ""((0, 3), 0)"": 2132, ""((0, 3), 1)"": 558, ""((0, 3), 3)"": 912, ""((2, 2), 3)"": 743, ""((2, 3), 0)"": 6708, ""((2, 3), 1)"": 430, ""((3, 3), 0)"": 912, ""((3, 3), 1)"": 7571, ""((3, 3), 2)"": 8593, ""((3, 3), 3)"": 5721}, ""degree_pair_exact"": true, ""matched_edge_count_per_control"": 35275, ""matching_method"": ""integral max-flow with exact endpoint-degree-quantile-pair and base normalized edge-weight quantile marginals"", ""shortages"": {}, ""status"": ""MATCHED"", ""target_degree_pair_marginal"": ""{(3, 3): 22797, (2, 3): 7138, (0, 3): 3602, (0, 2): 995, (2, 2): 743}"", ""target_edge_count"": 35275, ""target_weight_quantile_marginal"": ""{0: 9752, 2: 8593, 1: 8559, 3: 8371}"", ""verified_exact_marginals"": true, ""weight_quantile_exact"": true}",frozen graph intervention; FIXED_NORM_MASK is not retrained valid-operator performance
ele-fashion,43,text_uniform,text_high_similarity_low_novelty,RENORMALIZED_DELETE,35275,-0.00081824690600385,0.0013996652290785283,0.0035864710807800293,0.04360365867614746,20,0.00836515873670578,0.0017857142457614187,-0.004778687655925751,-0.0015290989055947225,MATCHED,"{""allocated_cells"": 11, ""allocation"": {""((0, 2), 3)"": 995, ""((0, 3), 0)"": 2132, ""((0, 3), 1)"": 558, ""((0, 3), 3)"": 912, ""((2, 2), 3)"": 743, ""((2, 3), 0)"": 6708, ""((2, 3), 1)"": 430, ""((3, 3), 0)"": 912, ""((3, 3), 1)"": 7571, ""((3, 3), 2)"": 8593, ""((3, 3), 3)"": 5721}, ""degree_pair_exact"": true, ""matched_edge_count_per_control"": 35275, ""matching_method"": ""integral max-flow with exact endpoint-degree-quantile-pair and base normalized edge-weight quantile marginals"", ""shortages"": {}, ""status"": ""MATCHED"", ""target_degree_pair_marginal"": ""{(3, 3): 22797, (2, 3): 7138, (0, 3): 3602, (0, 2): 995, (2, 2): 743}"", ""target_edge_count"": 35275, ""target_weight_quantile_marginal"": ""{0: 9752, 2: 8593, 1: 8559, 3: 8371}"", ""verified_exact_marginals"": true, ""weight_quantile_exact"": true}",frozen graph intervention; FIXED_NORM_MASK is not retrained valid-operator performance
ele-fashion,43,text_uniform,joint_low_similarity_high_novelty,FIXED_NORM_MASK,22373,0.0005114043162525173,0.0012790718633599596,-0.000232011079788208,-0.10231447219848633,20,0.0035905376076698302,0.0007383245492953223,-0.0038225486874580382,3.068425897516658e-05,MATCHED,"{""allocated_cells"": 9, ""allocation"": {""((0, 2), 3)"": 398, ""((0, 3), 0)"": 2618, ""((0, 3), 1)"": 2051, ""((2, 2), 3)"": 327, ""((2, 3), 0)"": 3414, ""((2, 3), 1)"": 3801, ""((2, 3), 2)"": 998, ""((3, 3), 2)"": 4557, ""((3, 3), 3)"": 4209}, ""degree_pair_exact"": true, ""matched_edge_count_per_control"": 22373, ""matching_method"": ""integral max-flow with exact endpoint-degree-quantile-pair and base normalized edge-weight quantile marginals"", ""shortages"": {}, ""status"": ""MATCHED"", ""target_degree_pair_marginal"": ""{(3, 3): 8766, (2, 3): 8213, (0, 3): 4669, (0, 2): 398, (2, 2): 327}"", ""target_edge_count"": 22373, ""target_weight_quantile_marginal"": ""{0: 6032, 1: 5852, 2: 5555, 3: 4934}"", ""verified_exact_marginals"": true, ""weight_quantile_exact"": true}",frozen graph intervention; FIXED_NORM_MASK is not retrained valid-operator performance
ele-fashion,43,text_uniform,joint_low_similarity_high_novelty,RENORMALIZED_DELETE,22373,0.00010228086325048125,0.0009844825281319913,0.008434683084487915,0.31379222869873047,20,0.006447842717170716,0.0011290964346924275,0.0019868403673171994,-0.0002505881149636735,MATCHED,"{""allocated_cells"": 9, ""allocation"": {""((0, 2), 3)"": 398, ""((0, 3), 0)"": 2618, ""((0, 3), 1)"": 2051, ""((2, 2), 3)"": 327, ""((2, 3), 0)"": 3414, ""((2, 3), 1)"": 3801, ""((2, 3), 2)"": 998, ""((3, 3), 2)"": 4557, ""((3, 3), 3)"": 4209}, ""degree_pair_exact"": true, ""matched_edge_count_per_control"": 22373, ""matching_method"": ""integral max-flow with exact endpoint-degree-quantile-pair and base normalized edge-weight quantile marginals"", ""shortages"": {}, ""status"": ""MATCHED"", ""target_degree_pair_marginal"": ""{(3, 3): 8766, (2, 3): 8213, (0, 3): 4669, (0, 2): 398, (2, 2): 327}"", ""target_edge_count"": 22373, ""target_weight_quantile_marginal"": ""{0: 6032, 1: 5852, 2: 5555, 3: 4934}"", ""verified_exact_marginals"": true, ""weight_quantile_exact"": true}",frozen graph intervention; FIXED_NORM_MASK is not retrained valid-operator performance
ele-fashion,43,text_uniform,joint_high_similarity_low_novelty,FIXED_NORM_MASK,17614,-0.00030684258975144374,0.00023123999248886307,0.001841515302658081,-0.2507059574127197,20,0.0004337936639785767,0.000795369111752351,0.0014077216386795045,0.000603457093177906,MATCHED,"{""allocated_cells"": 8, ""allocation"": {""((0, 2), 3)"": 529, ""((0, 3), 0)"": 1693, ""((2, 2), 3)"": 448, ""((2, 3), 0)"": 2916, ""((2, 3), 1)"": 675, ""((3, 3), 1)"": 3609, ""((3, 3), 2)"": 4290, ""((3, 3), 3)"": 3454}, ""degree_pair_exact"": true, ""matched_edge_count_per_control"": 17614, ""matching_method"": ""integral max-flow with exact endpoint-degree-quantile-pair and base normalized edge-weight quantile marginals"", ""shortages"": {}, ""status"": ""MATCHED"", ""target_degree_pair_marginal"": ""{(3, 3): 11353, (2, 3): 3591, (0, 3): 1693, (0, 2): 529, (2, 2): 448}"", ""target_edge_count"": 17614, ""target_weight_quantile_marginal"": ""{0: 4609, 2: 4290, 3: 4431, 1: 4284}"", ""verified_exact_marginals"": true, ""weight_quantile_exact"": true}",frozen graph intervention; FIXED_NORM_MASK is not retrained valid-operator performance
ele-fashion,43,text_uniform,joint_high_similarity_low_novelty,RENORMALIZED_DELETE,17614,-0.0006136851795028875,-0.0006581474827368483,-8.034706115722656e-05,0.012687206268310547,20,0.003662779927253723,0.001208451346293019,-0.0037431269884109497,-0.00032218471923901594,MATCHED,"{""allocated_cells"": 8, ""allocation"": {""((0, 2), 3)"": 529, ""((0, 3), 0)"": 1693, ""((2, 2), 3)"": 448, ""((2, 3), 0)"": 2916, ""((2, 3), 1)"": 675, ""((3, 3), 1)"": 3609, ""((3, 3), 2)"": 4290, ""((3, 3), 3)"": 3454}, ""degree_pair_exact"": true, ""matched_edge_count_per_control"": 17614, ""matching_method"": ""integral max-flow with exact endpoint-degree-quantile-pair and base normalized edge-weight quantile marginals"", ""shortages"": {}, ""status"": ""MATCHED"", ""target_degree_pair_marginal"": ""{(3, 3): 11353, (2, 3): 3591, (0, 3): 1693, (0, 2): 529, (2, 2): 448}"", ""target_edge_count"": 17614, ""target_weight_quantile_marginal"": ""{0: 4609, 2: 4290, 3: 4431, 1: 4284}"", ""verified_exact_marginals"": true, ""weight_quantile_exact"": true}",frozen graph intervention; FIXED_NORM_MASK is not retrained valid-operator performance
ele-fashion,43,visual_uniform,visual_low_similarity_high_novelty,FIXED_NORM_MASK,20891,-0.003988953666768991,-0.00312042964201642,0.014318257570266724,-0.09366369247436523,20,0.009085933864116668,0.0008249593336856615,0.005232323706150056,-0.0029047765163138285,MATCHED,"{""allocated_cells"": 9, ""allocation"": {""((0, 2), 3)"": 445, ""((0, 3), 0)"": 2663, ""((0, 3), 1)"": 2351, ""((2, 2), 3)"": 396, ""((2, 3), 0)"": 2369, ""((2, 3), 1)"": 2989, ""((2, 3), 2)"": 2079, ""((3, 3), 2)"": 3196, ""((3, 3), 3)"": 4403}, ""degree_pair_exact"": true, ""matched_edge_count_per_control"": 20891, ""matching_method"": ""integral max-flow with exact endpoint-degree-quantile-pair and base normalized edge-weight quantile marginals"", ""shortages"": {}, ""status"": ""MATCHED"", ""target_degree_pair_marginal"": ""{(3, 3): 7599, (0, 3): 5014, (2, 3): 7437, (0, 2): 445, (2, 2): 396}"", ""target_edge_count"": 20891, ""target_weight_quantile_marginal"": ""{0: 5032, 1: 5340, 2: 5275, 3: 5244}"", ""verified_exact_marginals"": true, ""weight_quantile_exact"": true}",frozen graph intervention; FIXED_NORM_MASK is not retrained valid-operator performance
ele-fashion,43,visual_uniform,visual_low_similarity_high_novelty,RENORMALIZED_DELETE,20891,-0.004193515393269953,-0.005364770085759973,0.027331382036209106,0.2325732707977295,20,0.010064361989498139,0.0014337180498070038,0.01726702004671097,-0.002347345811598678,MATCHED,"{""allocated_cells"": 9, ""allocation"": {""((0, 2), 3)"": 445, ""((0, 3), 0)"": 2663, ""((0, 3), 1)"": 2351, ""((2, 2), 3)"": 396, ""((2, 3), 0)"": 2369, ""((2, 3), 1)"": 2989, ""((2, 3), 2)"": 2079, ""((3, 3), 2)"": 3196, ""((3, 3), 3)"": 4403}, ""degree_pair_exact"": true, ""matched_edge_count_per_control"": 20891, ""matching_method"": ""integral max-flow with exact endpoint-degree-quantile-pair and base normalized edge-weight quantile marginals"", ""shortages"": {}, ""status"": ""MATCHED"", ""target_degree_pair_marginal"": ""{(3, 3): 7599, (0, 3): 5014, (2, 3): 7437, (0, 2): 445, (2, 2): 396}"", ""target_edge_count"": 20891, ""target_weight_quantile_marginal"": ""{0: 5032, 1: 5340, 2: 5275, 3: 5244}"", ""verified_exact_marginals"": true, ""weight_quantile_exact"": true}",frozen graph intervention; FIXED_NORM_MASK is not retrained valid-operator performance
ele-fashion,43,visual_uniform,visual_high_similarity_low_novelty,FIXED_NORM_MASK,21304,-0.0010228086325049235,-0.003025948055680572,0.00603899359703064,-0.2507035732269287,20,0.005600777268409729,0.0009449530251820396,0.0004382163286209108,-0.002664416487675181,MATCHED,"{""allocated_cells"": 8, ""allocation"": {""((0, 2), 3)"": 511, ""((0, 3), 0)"": 1654, ""((2, 2), 3)"": 462, ""((2, 3), 0)"": 4245, ""((3, 3), 0)"": 789, ""((3, 3), 1)"": 5307, ""((3, 3), 2)"": 4807, ""((3, 3), 3)"": 3529}, ""degree_pair_exact"": true, ""matched_edge_count_per_control"": 21304, ""matching_method"": ""integral max-flow with exact endpoint-degree-quantile-pair and base normalized edge-weight quantile marginals"", ""shortages"": {}, ""status"": ""MATCHED"", ""target_degree_pair_marginal"": ""{(3, 3): 14432, (2, 3): 4245, (0, 3): 1654, (2, 2): 462, (0, 2): 511}"", ""target_edge_count"": 21304, ""target_weight_quantile_marginal"": ""{0: 6688, 2: 4807, 3: 4502, 1: 5307}"", ""verified_exact_marginals"": true, ""weight_quantile_exact"": true}",frozen graph intervention; FIXED_NORM_MASK is not retrained valid-operator performance
ele-fashion,43,visual_uniform,visual_high_similarity_low_novelty,RENORMALIZED_DELETE,21304,-0.0007159660427534797,-0.0033202899248465645,0.001681208610534668,0.012495994567871094,20,0.005293838679790497,0.0012566511151208908,-0.003612630069255829,-0.0013040810064437359,MATCHED,"{""allocated_cells"": 8, ""allocation"": {""((0, 2), 3)"": 511, ""((0, 3), 0)"": 1654, ""((2, 2), 3)"": 462, ""((2, 3), 0)"": 4245, ""((3, 3), 0)"": 789, ""((3, 3), 1)"": 5307, ""((3, 3), 2)"": 4807, ""((3, 3), 3)"": 3529}, ""degree_pair_exact"": true, ""matched_edge_count_per_control"": 21304, ""matching_method"": ""integral max-flow with exact endpoint-degree-quantile-pair and base normalized edge-weight quantile marginals"", ""shortages"": {}, ""status"": ""MATCHED"", ""target_degree_pair_marginal"": ""{(3, 3): 14432, (2, 3): 4245, (0, 3): 1654, (2, 2): 462, (0, 2): 511}"", ""target_edge_count"": 21304, ""target_weight_quantile_marginal"": ""{0: 6688, 2: 4807, 3: 4502, 1: 5307}"", ""verified_exact_marginals"": true, ""weight_quantile_exact"": true}",frozen graph intervention; FIXED_NORM_MASK is not retrained valid-operator performance
ele-fashion,43,visual_uniform,joint_low_similarity_high_novelty,FIXED_NORM_MASK,22373,-0.0026593024445126234,-0.001298844255073539,0.00986906886100769,-0.09072995185852051,20,0.010490980744361878,0.0008236086222823843,-0.0006219118833541877,-0.0030581978111895725,MATCHED,"{""allocated_cells"": 9, ""allocation"": {""((0, 2), 3)"": 398, ""((0, 3), 0)"": 2618, ""((0, 3), 1)"": 2051, ""((2, 2), 3)"": 327, ""((2, 3), 0)"": 3414, ""((2, 3), 1)"": 3801, ""((2, 3), 2)"": 998, ""((3, 3), 2)"": 4557, ""((3, 3), 3)"": 4209}, ""degree_pair_exact"": true, ""matched_edge_count_per_control"": 22373, ""matching_method"": ""integral max-flow with exact endpoint-degree-quantile-pair and base normalized edge-weight quantile marginals"", ""shortages"": {}, ""status"": ""MATCHED"", ""target_degree_pair_marginal"": ""{(3, 3): 8766, (2, 3): 8213, (0, 3): 4669, (0, 2): 398, (2, 2): 327}"", ""target_edge_count"": 22373, ""target_weight_quantile_marginal"": ""{0: 6032, 1: 5852, 2: 5555, 3: 4934}"", ""verified_exact_marginals"": true, ""weight_quantile_exact"": true}",frozen graph intervention; FIXED_NORM_MASK is not retrained valid-operator performance
ele-fashion,43,visual_uniform,joint_low_similarity_high_novelty,RENORMALIZED_DELETE,22373,-0.002045617265009736,-0.0021464112490109377,0.01713833212852478,0.25016117095947266,20,0.010189126431941985,0.0014732554650086897,0.006949205696582795,-0.00208141556714741,MATCHED,"{""allocated_cells"": 9, ""allocation"": {""((0, 2), 3)"": 398, ""((0, 3), 0)"": 2618, ""((0, 3), 1)"": 2051, ""((2, 2), 3)"": 327, ""((2, 3), 0)"": 3414, ""((2, 3), 1)"": 3801, ""((2, 3), 2)"": 998, ""((3, 3), 2)"": 4557, ""((3, 3), 3)"": 4209}, ""degree_pair_exact"": true, ""matched_edge_count_per_control"": 22373, ""matching_method"": ""integral max-flow with exact endpoint-degree-quantile-pair and base normalized edge-weight quantile marginals"", ""shortages"": {}, ""status"": ""MATCHED"", ""target_degree_pair_marginal"": ""{(3, 3): 8766, (2, 3): 8213, (0, 3): 4669, (0, 2): 398, (2, 2): 327}"", ""target_edge_count"": 22373, ""target_weight_quantile_marginal"": ""{0: 6032, 1: 5852, 2: 5555, 3: 4934}"", ""verified_exact_marginals"": true, ""weight_quantile_exact"": true}",frozen graph intervention; FIXED_NORM_MASK is not retrained valid-operator performance
ele-fashion,43,visual_uniform,joint_high_similarity_low_novelty,FIXED_NORM_MASK,17614,-0.001227370359005886,-0.0034260310259390803,0.005822032690048218,-0.22750544548034668,20,0.004894177615642548,0.0011489997963582024,0.00092785507440567,-0.002122327912447608,MATCHED,"{""allocated_cells"": 8, ""allocation"": {""((0, 2), 3)"": 529, ""((0, 3), 0)"": 1693, ""((2, 2), 3)"": 448, ""((2, 3), 0)"": 2916, ""((2, 3), 1)"": 675, ""((3, 3), 1)"": 3609, ""((3, 3), 2)"": 4290, ""((3, 3), 3)"": 3454}, ""degree_pair_exact"": true, ""matched_edge_count_per_control"": 17614, ""matching_method"": ""integral max-flow with exact endpoint-degree-quantile-pair and base normalized edge-weight quantile marginals"", ""shortages"": {}, ""status"": ""MATCHED"", ""target_degree_pair_marginal"": ""{(3, 3): 11353, (2, 3): 3591, (0, 3): 1693, (0, 2): 529, (2, 2): 448}"", ""target_edge_count"": 17614, ""target_weight_quantile_marginal"": ""{0: 4609, 2: 4290, 3: 4431, 1: 4284}"", ""verified_exact_marginals"": true, ""weight_quantile_exact"": true}",frozen graph intervention; FIXED_NORM_MASK is not retrained valid-operator performance
ele-fashion,43,visual_uniform,joint_high_similarity_low_novelty,RENORMALIZED_DELETE,17614,-0.0011250894957554047,-0.0038105911739509946,0.0008490681648254395,0.009003162384033203,20,0.005098257958889007,0.0010873059900820662,-0.004249189794063568,-0.0011966861000307304,MATCHED,"{""allocated_cells"": 8, ""allocation"": {""((0, 2), 3)"": 529, ""((0, 3), 0)"": 1693, ""((2, 2), 3)"": 448, ""((2, 3), 0)"": 2916, ""((2, 3), 1)"": 675, ""((3, 3), 1)"": 3609, ""((3, 3), 2)"": 4290, ""((3, 3), 3)"": 3454}, ""degree_pair_exact"": true, ""matched_edge_count_per_control"": 17614, ""matching_method"": ""integral max-flow with exact endpoint-degree-quantile-pair and base normalized edge-weight quantile marginals"", ""shortages"": {}, ""status"": ""MATCHED"", ""target_degree_pair_marginal"": ""{(3, 3): 11353, (2, 3): 3591, (0, 3): 1693, (0, 2): 529, (2, 2): 448}"", ""target_edge_count"": 17614, ""target_weight_quantile_marginal"": ""{0: 4609, 2: 4290, 3: 4431, 1: 4284}"", ""verified_exact_marginals"": true, ""weight_quantile_exact"": true}",frozen graph intervention; FIXED_NORM_MASK is not retrained valid-operator performance
ele-fashion,44,uniform,high_similarity_low_novelty,FIXED_NORM_MASK,17581,-0.00010228086325048125,-0.0008435784537154101,-0.002168029546737671,-0.28493452072143555,20,-0.004997928440570831,0.0007798802546241169,0.0028298988938331602,-0.00016364938120080885,MATCHED,"{""allocated_cells"": 8, ""allocation"": {""((0, 2), 3)"": 530, ""((0, 3), 0)"": 1798, ""((2, 2), 3)"": 455, ""((2, 3), 0)"": 2855, ""((2, 3), 1)"": 804, ""((3, 3), 1)"": 3447, ""((3, 3), 2)"": 4292, ""((3, 3), 3)"": 3400}, ""degree_pair_exact"": true, ""matched_edge_count_per_control"": 17581, ""matching_method"": ""integral max-flow with exact endpoint-degree-quantile-pair and base normalized edge-weight quantile marginals"", ""shortages"": {}, ""status"": ""MATCHED"", ""target_degree_pair_marginal"": ""{(3, 3): 11139, (2, 3): 3659, (0, 3): 1798, (0, 2): 530, (2, 2): 455}"", ""target_edge_count"": 17581, ""target_weight_quantile_marginal"": ""{0: 4653, 1: 4251, 2: 4292, 3: 4385}"", ""verified_exact_marginals"": true, ""weight_quantile_exact"": true}",frozen graph intervention; FIXED_NORM_MASK is not retrained valid-operator performance
ele-fashion,44,uniform,high_similarity_low_novelty,RENORMALIZED_DELETE,17581,-0.0005114043162525173,-0.001046095060561525,0.0013040006160736084,0.01271820068359375,20,0.0035348355770111082,0.0013779088015661823,-0.0022308349609375,-0.0008438171218165646,MATCHED,"{""allocated_cells"": 8, ""allocation"": {""((0, 2), 3)"": 530, ""((0, 3), 0)"": 1798, ""((2, 2), 3)"": 455, ""((2, 3), 0)"": 2855, ""((2, 3), 1)"": 804, ""((3, 3), 1)"": 3447, ""((3, 3), 2)"": 4292, ""((3, 3), 3)"": 3400}, ""degree_pair_exact"": true, ""matched_edge_count_per_control"": 17581, ""matching_method"": ""integral max-flow with exact endpoint-degree-quantile-pair and base normalized edge-weight quantile marginals"", ""shortages"": {}, ""status"": ""MATCHED"", ""target_degree_pair_marginal"": ""{(3, 3): 11139, (2, 3): 3659, (0, 3): 1798, (0, 2): 530, (2, 2): 455}"", ""target_edge_count"": 17581, ""target_weight_quantile_marginal"": ""{0: 4653, 1: 4251, 2: 4292, 3: 4385}"", ""verified_exact_marginals"": true, ""weight_quantile_exact"": true}",frozen graph intervention; FIXED_NORM_MASK is not retrained valid-operator performance
ele-fashion,44,uniform,high_similarity_high_novelty,FIXED_NORM_MASK,7376,-0.0002045617265009625,0.0026173042069119745,-0.0013245940208435059,-0.166046142578125,20,-0.0036198243498802183,0.0007330747279107563,0.0022952303290367125,-0.0004295796256520767,MATCHED,"{""allocated_cells"": 8, ""allocation"": {""((0, 2), 3)"": 613, ""((0, 3), 0)"": 907, ""((0, 3), 1)"": 439, ""((2, 2), 3)"": 340, ""((2, 3), 1)"": 845, ""((2, 3), 2)"": 1709, ""((2, 3), 3)"": 387, ""((3, 3), 3)"": 2136}, ""degree_pair_exact"": true, ""matched_edge_count_per_control"": 7376, ""matching_method"": ""integral max-flow with exact endpoint-degree-quantile-pair and base normalized edge-weight quantile marginals"", ""shortages"": {}, ""status"": ""MATCHED"", ""target_degree_pair_marginal"": ""{(3, 3): 2136, (2, 3): 2941, (0, 3): 1346, (0, 2): 613, (2, 2): 340}"", ""target_edge_count"": 7376, ""target_weight_quantile_marginal"": ""{0: 907, 1: 1284, 2: 1709, 3: 3476}"", ""verified_exact_marginals"": true, ""weight_quantile_exact"": true}",frozen graph intervention; FIXED_NORM_MASK is not retrained valid-operator performance
ele-fashion,44,uniform,high_similarity_high_novelty,RENORMALIZED_DELETE,7376,-0.0005114043162525173,0.0019068749252735273,0.006262987852096558,0.008591175079345703,20,0.0023688063025474547,0.0009216640604689242,0.003894181549549103,-0.00045514984146469704,MATCHED,"{""allocated_cells"": 8, ""allocation"": {""((0, 2), 3)"": 613, ""((0, 3), 0)"": 907, ""((0, 3), 1)"": 439, ""((2, 2), 3)"": 340, ""((2, 3), 1)"": 845, ""((2, 3), 2)"": 1709, ""((2, 3), 3)"": 387, ""((3, 3), 3)"": 2136}, ""degree_pair_exact"": true, ""matched_edge_count_per_control"": 7376, ""matching_method"": ""integral max-flow with exact endpoint-degree-quantile-pair and base normalized edge-weight quantile marginals"", ""shortages"": {}, ""status"": ""MATCHED"", ""target_degree_pair_marginal"": ""{(3, 3): 2136, (2, 3): 2941, (0, 3): 1346, (0, 2): 613, (2, 2): 340}"", ""target_edge_count"": 7376, ""target_weight_quantile_marginal"": ""{0: 907, 1: 1284, 2: 1709, 3: 3476}"", ""verified_exact_marginals"": true, ""weight_quantile_exact"": true}",frozen graph intervention; FIXED_NORM_MASK is not retrained valid-operator performance
ele-fashion,44,uniform,low_similarity_high_novelty,FIXED_NORM_MASK,22297,0.0007159660427533687,0.0065961864970841555,-0.006396383047103882,-0.2182760238647461,20,-0.004142005741596222,0.0009266047512569928,-0.00225437730550766,-0.00029661450342645114,MATCHED,"{""allocated_cells"": 9, ""allocation"": {""((0, 2), 3)"": 409, ""((0, 3), 0)"": 2673, ""((0, 3), 1)"": 1914, ""((2, 2), 3)"": 356, ""((2, 3), 0)"": 3237, ""((2, 3), 1)"": 3954, ""((2, 3), 2)"": 908, ""((3, 3), 2)"": 4603, ""((3, 3), 3)"": 4243}, ""degree_pair_exact"": true, ""matched_edge_count_per_control"": 22297, ""matching_method"": ""integral max-flow with exact endpoint-degree-quantile-pair and base normalized edge-weight quantile marginals"", ""shortages"": {}, ""status"": ""MATCHED"", ""target_degree_pair_marginal"": ""{(3, 3): 8846, (2, 3): 8099, (0, 3): 4587, (0, 2): 409, (2, 2): 356}"", ""target_edge_count"": 22297, ""target_weight_quantile_marginal"": ""{0: 5910, 1: 5868, 2: 5511, 3: 5008}"", ""verified_exact_marginals"": true, ""weight_quantile_exact"": true}",frozen graph intervention; FIXED_NORM_MASK is not retrained valid-operator performance
ele-fashion,44,uniform,low_similarity_high_novelty,RENORMALIZED_DELETE,22297,-0.0009205277692544422,0.0037820536161619067,0.010615676641464233,0.23411798477172852,20,0.005157218873500824,0.0011296721453553566,0.00545845776796341,-0.0009409839419045162,MATCHED,"{""allocated_cells"": 9, ""allocation"": {""((0, 2), 3)"": 409, ""((0, 3), 0)"": 2673, ""((0, 3), 1)"": 1914, ""((2, 2), 3)"": 356, ""((2, 3), 0)"": 3237, ""((2, 3), 1)"": 3954, ""((2, 3), 2)"": 908, ""((3, 3), 2)"": 4603, ""((3, 3), 3)"": 4243}, ""degree_pair_exact"": true, ""matched_edge_count_per_control"": 22297, ""matching_method"": ""integral max-flow with exact endpoint-degree-quantile-pair and base normalized edge-weight quantile marginals"", ""shortages"": {}, ""status"": ""MATCHED"", ""target_degree_pair_marginal"": ""{(3, 3): 8846, (2, 3): 8099, (0, 3): 4587, (0, 2): 409, (2, 2): 356}"", ""target_edge_count"": 22297, ""target_weight_quantile_marginal"": ""{0: 5910, 1: 5868, 2: 5511, 3: 5008}"", ""verified_exact_marginals"": true, ""weight_quantile_exact"": true}",frozen graph intervention; FIXED_NORM_MASK is not retrained valid-operator performance
ele-fashion,44,uniform,low_similarity_low_novelty,FIXED_NORM_MASK,6597,0.0,-7.810686637643727e-05,-0.0019147396087646484,-0.08228588104248047,20,-0.002386048436164856,0.00046524129834336594,0.0004713088274002075,5.1140431625235073e-05,MATCHED,"{""allocated_cells"": 8, ""allocation"": {""((0, 2), 3)"": 63, ""((0, 3), 0)"": 264, ""((2, 2), 3)"": 72, ""((2, 3), 0)"": 1457, ""((3, 3), 0)"": 845, ""((3, 3), 1)"": 2036, ""((3, 3), 2)"": 1114, ""((3, 3), 3)"": 746}, ""degree_pair_exact"": true, ""matched_edge_count_per_control"": 6597, ""matching_method"": ""integral max-flow with exact endpoint-degree-quantile-pair and base normalized edge-weight quantile marginals"", ""shortages"": {}, ""status"": ""MATCHED"", ""target_degree_pair_marginal"": ""{(2, 3): 1457, (3, 3): 4741, (0, 3): 264, (0, 2): 63, (2, 2): 72}"", ""target_edge_count"": 6597, ""target_weight_quantile_marginal"": ""{0: 2566, 1: 2036, 2: 1114, 3: 881}"", ""verified_exact_marginals"": true, ""weight_quantile_exact"": true}",frozen graph intervention; FIXED_NORM_MASK is not retrained valid-operator performance
ele-fashion,44,uniform,low_similarity_low_novelty,RENORMALIZED_DELETE,6597,0.0,-0.00037041941369575504,-0.0020450949668884277,0.02026510238647461,20,0.0006222754716873169,0.0005347930527139865,-0.002667370438575745,-0.00017387746752584588,MATCHED,"{""allocated_cells"": 8, ""allocation"": {""((0, 2), 3)"": 63, ""((0, 3), 0)"": 264, ""((2, 2), 3)"": 72, ""((2, 3), 0)"": 1457, ""((3, 3), 0)"": 845, ""((3, 3), 1)"": 2036, ""((3, 3), 2)"": 1114, ""((3, 3), 3)"": 746}, ""degree_pair_exact"": true, ""matched_edge_count_per_control"": 6597, ""matching_method"": ""integral max-flow with exact endpoint-degree-quantile-pair and base normalized edge-weight quantile marginals"", ""shortages"": {}, ""status"": ""MATCHED"", ""target_degree_pair_marginal"": ""{(2, 3): 1457, (3, 3): 4741, (0, 3): 264, (0, 2): 63, (2, 2): 72}"", ""target_edge_count"": 6597, ""target_weight_quantile_marginal"": ""{0: 2566, 1: 2036, 2: 1114, 3: 881}"", ""verified_exact_marginals"": true, ""weight_quantile_exact"": true}",frozen graph intervention; FIXED_NORM_MASK is not retrained valid-operator performance
ele-fashion,44,gpr,gpr_high_similarity_low_novelty,FIXED_NORM_MASK,18223,0.00010228086325048125,0.0005058552631836966,-0.003550112247467041,-0.2595672607421875,20,-0.00538976639509201,0.0007392835453133216,0.0018396541476249691,-0.0007313081722409409,MATCHED,"{""allocated_cells"": 8, ""allocation"": {""((0, 2), 3)"": 550, ""((0, 3), 0)"": 1786, ""((2, 2), 3)"": 462, ""((2, 3), 0)"": 3115, ""((2, 3), 1)"": 620, ""((3, 3), 1)"": 3873, ""((3, 3), 2)"": 4357, ""((3, 3), 3)"": 3460}, ""degree_pair_exact"": true, ""matched_edge_count_per_control"": 18223, ""matching_method"": ""integral max-flow with exact endpoint-degree-quantile-pair and base normalized edge-weight quantile marginals"", ""shortages"": {}, ""status"": ""MATCHED"", ""target_degree_pair_marginal"": ""{(2, 3): 3735, (3, 3): 11690, (0, 3): 1786, (0, 2): 550, (2, 2): 462}"", ""target_edge_count"": 18223, ""target_weight_quantile_marginal"": ""{0: 4901, 1: 4493, 2: 4357, 3: 4472}"", ""verified_exact_marginals"": true, ""weight_quantile_exact"": true}",frozen graph intervention; FIXED_NORM_MASK is not retrained valid-operator performance
ele-fashion,44,gpr,gpr_high_similarity_low_novelty,RENORMALIZED_DELETE,18223,-0.0002045617265009625,-0.00033769248236903415,0.0014787912368774414,0.011686325073242188,20,0.003735923767089844,0.0010541569585753193,-0.0022571325302124024,-0.0005420885752275506,MATCHED,"{""allocated_cells"": 8, ""allocation"": {""((0, 2), 3)"": 550, ""((0, 3), 0)"": 1786, ""((2, 2), 3)"": 462, ""((2, 3), 0)"": 3115, ""((2, 3), 1)"": 620, ""((3, 3), 1)"": 3873, ""((3, 3), 2)"": 4357, ""((3, 3), 3)"": 3460}, ""degree_pair_exact"": true, ""matched_edge_count_per_control"": 18223, ""matching_method"": ""integral max-flow with exact endpoint-degree-quantile-pair and base normalized edge-weight quantile marginals"", ""shortages"": {}, ""status"": ""MATCHED"", ""target_degree_pair_marginal"": ""{(2, 3): 3735, (3, 3): 11690, (0, 3): 1786, (0, 2): 550, (2, 2): 462}"", ""target_edge_count"": 18223, ""target_weight_quantile_marginal"": ""{0: 4901, 1: 4493, 2: 4357, 3: 4472}"", ""verified_exact_marginals"": true, ""weight_quantile_exact"": true}",frozen graph intervention; FIXED_NORM_MASK is not retrained valid-operator performance
ele-fashion,44,gpr,gpr_high_similarity_high_novelty,FIXED_NORM_MASK,7697,-0.001227370359005775,-0.001891839092893144,-0.0030926764011383057,-0.16044330596923828,20,-0.0033386901021003725,0.0008108569457553283,0.0002460137009620668,-0.00019433364017590882,MATCHED,"{""allocated_cells"": 8, ""allocation"": {""((0, 2), 3)"": 663, ""((0, 3), 0)"": 907, ""((0, 3), 1)"": 571, ""((2, 2), 3)"": 385, ""((2, 3), 1)"": 692, ""((2, 3), 2)"": 1750, ""((2, 3), 3)"": 596, ""((3, 3), 3)"": 2133}, ""degree_pair_exact"": true, ""matched_edge_count_per_control"": 7697, ""matching_method"": ""integral max-flow with exact endpoint-degree-quantile-pair and base normalized edge-weight quantile marginals"", ""shortages"": {}, ""status"": ""MATCHED"", ""target_degree_pair_marginal"": ""{(3, 3): 2133, (2, 3): 3038, (0, 3): 1478, (0, 2): 663, (2, 2): 385}"", ""target_edge_count"": 7697, ""target_weight_quantile_marginal"": ""{0: 907, 1: 1263, 2: 1750, 3: 3777}"", ""verified_exact_marginals"": true, ""weight_quantile_exact"": true}",frozen graph intervention; FIXED_NORM_MASK is not retrained valid-operator performance
ele-fashion,44,gpr,gpr_high_similarity_high_novelty,RENORMALIZED_DELETE,7697,-0.0011250894957552937,-0.0017701532583209723,0.005927383899688721,0.006011962890625,20,0.0027075886726379396,0.000700469093294055,0.003219795227050781,-0.00016364938120076445,MATCHED,"{""allocated_cells"": 8, ""allocation"": {""((0, 2), 3)"": 663, ""((0, 3), 0)"": 907, ""((0, 3), 1)"": 571, ""((2, 2), 3)"": 385, ""((2, 3), 1)"": 692, ""((2, 3), 2)"": 1750, ""((2, 3), 3)"": 596, ""((3, 3), 3)"": 2133}, ""degree_pair_exact"": true, ""matched_edge_count_per_control"": 7697, ""matching_method"": ""integral max-flow with exact endpoint-degree-quantile-pair and base normalized edge-weight quantile marginals"", ""shortages"": {}, ""status"": ""MATCHED"", ""target_degree_pair_marginal"": ""{(3, 3): 2133, (2, 3): 3038, (0, 3): 1478, (0, 2): 663, (2, 2): 385}"", ""target_edge_count"": 7697, ""target_weight_quantile_marginal"": ""{0: 907, 1: 1263, 2: 1750, 3: 3777}"", ""verified_exact_marginals"": true, ""weight_quantile_exact"": true}",frozen graph intervention; FIXED_NORM_MASK is not retrained valid-operator performance
ele-fashion,44,gpr,gpr_low_similarity_high_novelty,FIXED_NORM_MASK,21871,-0.0007159660427533687,0.0025212076306673215,-0.005019456148147583,-0.1822338104248047,20,-0.005493552982807159,0.0007149916931058607,0.00047409683465957607,-0.0008693873376290961,MATCHED,"{""allocated_cells"": 9, ""allocation"": {""((0, 2), 3)"": 405, ""((0, 3), 0)"": 2704, ""((0, 3), 1)"": 1748, ""((2, 2), 3)"": 355, ""((2, 3), 0)"": 3134, ""((2, 3), 1)"": 3951, ""((2, 3), 2)"": 913, ""((3, 3), 2)"": 4468, ""((3, 3), 3)"": 4193}, ""degree_pair_exact"": true, ""matched_edge_count_per_control"": 21871, ""matching_method"": ""integral max-flow with exact endpoint-degree-quantile-pair and base normalized edge-weight quantile marginals"", ""shortages"": {}, ""status"": ""MATCHED"", ""target_degree_pair_marginal"": ""{(3, 3): 8661, (2, 3): 7998, (0, 3): 4452, (0, 2): 405, (2, 2): 355}"", ""target_edge_count"": 21871, ""target_weight_quantile_marginal"": ""{0: 5838, 1: 5699, 2: 5381, 3: 4953}"", ""verified_exact_marginals"": true, ""weight_quantile_exact"": true}",frozen graph intervention; FIXED_NORM_MASK is not retrained valid-operator performance
ele-fashion,44,gpr,gpr_low_similarity_high_novelty,RENORMALIZED_DELETE,21871,-0.0016364938120077,0.00020382914015359965,0.01422947645187378,0.22018766403198242,20,0.004865437746047974,0.0010524094507329855,0.009364038705825806,-0.0005676587910401709,MATCHED,"{""allocated_cells"": 9, ""allocation"": {""((0, 2), 3)"": 405, ""((0, 3), 0)"": 2704, ""((0, 3), 1)"": 1748, ""((2, 2), 3)"": 355, ""((2, 3), 0)"": 3134, ""((2, 3), 1)"": 3951, ""((2, 3), 2)"": 913, ""((3, 3), 2)"": 4468, ""((3, 3), 3)"": 4193}, ""degree_pair_exact"": true, ""matched_edge_count_per_control"": 21871, ""matching_method"": ""integral max-flow with exact endpoint-degree-quantile-pair and base normalized edge-weight quantile marginals"", ""shortages"": {}, ""status"": ""MATCHED"", ""target_degree_pair_marginal"": ""{(3, 3): 8661, (2, 3): 7998, (0, 3): 4452, (0, 2): 405, (2, 2): 355}"", ""target_edge_count"": 21871, ""target_weight_quantile_marginal"": ""{0: 5838, 1: 5699, 2: 5381, 3: 4953}"", ""verified_exact_marginals"": true, ""weight_quantile_exact"": true}",frozen graph intervention; FIXED_NORM_MASK is not retrained valid-operator performance
ele-fashion,44,gpr,gpr_low_similarity_low_novelty,FIXED_NORM_MASK,6689,0.0002045617265009625,0.0001817599633816558,-0.0017726123332977295,-0.07228755950927734,20,-0.0018280103802680969,0.00034883787954869696,5.539804697036739e-05,-0.00020967576966348655,MATCHED,"{""allocated_cells"": 8, ""allocation"": {""((0, 2), 3)"": 58, ""((0, 3), 0)"": 246, ""((2, 2), 3)"": 67, ""((2, 3), 0)"": 1466, ""((3, 3), 0)"": 849, ""((3, 3), 1)"": 2077, ""((3, 3), 2)"": 1165, ""((3, 3), 3)"": 761}, ""degree_pair_exact"": true, ""matched_edge_count_per_control"": 6689, ""matching_method"": ""integral max-flow with exact endpoint-degree-quantile-pair and base normalized edge-weight quantile marginals"", ""shortages"": {}, ""status"": ""MATCHED"", ""target_degree_pair_marginal"": ""{(2, 3): 1466, (3, 3): 4852, (0, 3): 246, (0, 2): 58, (2, 2): 67}"", ""target_edge_count"": 6689, ""target_weight_quantile_marginal"": ""{0: 2561, 1: 2077, 2: 1165, 3: 886}"", ""verified_exact_marginals"": true, ""weight_quantile_exact"": true}",frozen graph intervention; FIXED_NORM_MASK is not retrained valid-operator performance
ele-fashion,44,gpr,gpr_low_similarity_low_novelty,RENORMALIZED_DELETE,6689,0.0002045617265009625,0.0001888649311019286,-0.0015569627285003662,0.015892505645751953,20,0.0006838545203208923,0.0005314920083133137,-0.0022408172488212587,2.557021581262031e-05,MATCHED,"{""allocated_cells"": 8, ""allocation"": {""((0, 2), 3)"": 58, ""((0, 3), 0)"": 246, ""((2, 2), 3)"": 67, ""((2, 3), 0)"": 1466, ""((3, 3), 0)"": 849, ""((3, 3), 1)"": 2077, ""((3, 3), 2)"": 1165, ""((3, 3), 3)"": 761}, ""degree_pair_exact"": true, ""matched_edge_count_per_control"": 6689, ""matching_method"": ""integral max-flow with exact endpoint-degree-quantile-pair and base normalized edge-weight quantile marginals"", ""shortages"": {}, ""status"": ""MATCHED"", ""target_degree_pair_marginal"": ""{(2, 3): 1466, (3, 3): 4852, (0, 3): 246, (0, 2): 58, (2, 2): 67}"", ""target_edge_count"": 6689, ""target_weight_quantile_marginal"": ""{0: 2561, 1: 2077, 2: 1165, 3: 886}"", ""verified_exact_marginals"": true, ""weight_quantile_exact"": true}",frozen graph intervention; FIXED_NORM_MASK is not retrained valid-operator performance
ele-fashion,44,text_uniform,text_low_similarity_high_novelty,FIXED_NORM_MASK,24501,0.00030684258975144374,-0.0021636386873997715,1.7195940017700195e-05,-0.11160659790039062,20,0.0025023922324180605,0.0006912347688551427,-0.0024851962924003603,0.0004909481436023378,MATCHED,"{""allocated_cells"": 9, ""allocation"": {""((0, 2), 3)"": 368, ""((0, 3), 0)"": 2608, ""((0, 3), 1)"": 1889, ""((2, 2), 3)"": 282, ""((2, 3), 0)"": 4467, ""((2, 3), 1)"": 4865, ""((2, 3), 2)"": 35, ""((3, 3), 2)"": 5933, ""((3, 3), 3)"": 4054}, ""degree_pair_exact"": true, ""matched_edge_count_per_control"": 24501, ""matching_method"": ""integral max-flow with exact endpoint-degree-quantile-pair and base normalized edge-weight quantile marginals"", ""shortages"": {}, ""status"": ""MATCHED"", ""target_degree_pair_marginal"": ""{(3, 3): 9987, (2, 3): 9367, (0, 3): 4497, (0, 2): 368, (2, 2): 282}"", ""target_edge_count"": 24501, ""target_weight_quantile_marginal"": ""{0: 7075, 1: 6754, 2: 5968, 3: 4704}"", ""verified_exact_marginals"": true, ""weight_quantile_exact"": true}",frozen graph intervention; FIXED_NORM_MASK is not retrained valid-operator performance
ele-fashion,44,text_uniform,text_low_similarity_high_novelty,RENORMALIZED_DELETE,24501,0.001636493812007811,0.00026858724653255894,0.011313021183013916,0.3166844844818115,20,0.0034592211246490478,0.0010919985187446482,0.007853800058364868,-4.0912345300186946e-05,MATCHED,"{""allocated_cells"": 9, ""allocation"": {""((0, 2), 3)"": 368, ""((0, 3), 0)"": 2608, ""((0, 3), 1)"": 1889, ""((2, 2), 3)"": 282, ""((2, 3), 0)"": 4467, ""((2, 3), 1)"": 4865, ""((2, 3), 2)"": 35, ""((3, 3), 2)"": 5933, ""((3, 3), 3)"": 4054}, ""degree_pair_exact"": true, ""matched_edge_count_per_control"": 24501, ""matching_method"": ""integral max-flow with exact endpoint-degree-quantile-pair and base normalized edge-weight quantile marginals"", ""shortages"": {}, ""status"": ""MATCHED"", ""target_degree_pair_marginal"": ""{(3, 3): 9987, (2, 3): 9367, (0, 3): 4497, (0, 2): 368, (2, 2): 282}"", ""target_edge_count"": 24501, ""target_weight_quantile_marginal"": ""{0: 7075, 1: 6754, 2: 5968, 3: 4704}"", ""verified_exact_marginals"": true, ""weight_quantile_exact"": true}",frozen graph intervention; FIXED_NORM_MASK is not retrained valid-operator performance
ele-fashion,44,text_uniform,text_high_similarity_low_novelty,FIXED_NORM_MASK,35006,-0.00010228086325048125,0.0031846571096484366,0.006597071886062622,-0.46034765243530273,20,0.0036822929978370667,0.0010416605023078039,0.0029147788882255554,0.0006903958269407984,MATCHED,"{""allocated_cells"": 11, ""allocation"": {""((0, 2), 3)"": 976, ""((0, 3), 0)"": 2219, ""((0, 3), 1)"": 538, ""((0, 3), 3)"": 819, ""((2, 2), 3)"": 727, ""((2, 3), 0)"": 6706, ""((2, 3), 1)"": 458, ""((3, 3), 0)"": 819, ""((3, 3), 1)"": 7491, ""((3, 3), 2)"": 8499, ""((3, 3), 3)"": 5754}, ""degree_pair_exact"": true, ""matched_edge_count_per_control"": 35006, ""matching_method"": ""integral max-flow with exact endpoint-degree-quantile-pair and base normalized edge-weight quantile marginals"", ""shortages"": {}, ""status"": ""MATCHED"", ""target_degree_pair_marginal"": ""{(3, 3): 22563, (2, 3): 7164, (0, 3): 3576, (0, 2): 976, (2, 2): 727}"", ""target_edge_count"": 35006, ""target_weight_quantile_marginal"": ""{0: 9744, 1: 8487, 2: 8499, 3: 8276}"", ""verified_exact_marginals"": true, ""weight_quantile_exact"": true}",frozen graph intervention; FIXED_NORM_MASK is not retrained valid-operator performance
ele-fashion,44,text_uniform,text_high_similarity_low_novelty,RENORMALIZED_DELETE,35006,-0.00030684258975144374,0.0009945190237584667,0.003276228904724121,0.04459261894226074,20,0.007076779007911682,0.0013972356876404174,-0.0038005501031875607,-2.0456172650096248e-05,MATCHED,"{""allocated_cells"": 11, ""allocation"": {""((0, 2), 3)"": 976, ""((0, 3), 0)"": 2219, ""((0, 3), 1)"": 538, ""((0, 3), 3)"": 819, ""((2, 2), 3)"": 727, ""((2, 3), 0)"": 6706, ""((2, 3), 1)"": 458, ""((3, 3), 0)"": 819, ""((3, 3), 1)"": 7491, ""((3, 3), 2)"": 8499, ""((3, 3), 3)"": 5754}, ""degree_pair_exact"": true, ""matched_edge_count_per_control"": 35006, ""matching_method"": ""integral max-flow with exact endpoint-degree-quantile-pair and base normalized edge-weight quantile marginals"", ""shortages"": {}, ""status"": ""MATCHED"", ""target_degree_pair_marginal"": ""{(3, 3): 22563, (2, 3): 7164, (0, 3): 3576, (0, 2): 976, (2, 2): 727}"", ""target_edge_count"": 35006, ""target_weight_quantile_marginal"": ""{0: 9744, 1: 8487, 2: 8499, 3: 8276}"", ""verified_exact_marginals"": true, ""weight_quantile_exact"": true}",frozen graph intervention; FIXED_NORM_MASK is not retrained valid-operator performance
ele-fashion,44,text_uniform,joint_low_similarity_high_novelty,FIXED_NORM_MASK,22297,0.0011250894957554047,-0.0008974401233913243,-0.0009629726409912109,-0.10814642906188965,20,0.002264383435249329,0.000903299008702098,-0.0032273560762405397,0.0005420885752275894,MATCHED,"{""allocated_cells"": 9, ""allocation"": {""((0, 2), 3)"": 409, ""((0, 3), 0)"": 2673, ""((0, 3), 1)"": 1914, ""((2, 2), 3)"": 356, ""((2, 3), 0)"": 3237, ""((2, 3), 1)"": 3954, ""((2, 3), 2)"": 908, ""((3, 3), 2)"": 4603, ""((3, 3), 3)"": 4243}, ""degree_pair_exact"": true, ""matched_edge_count_per_control"": 22297, ""matching_method"": ""integral max-flow with exact endpoint-degree-quantile-pair and base normalized edge-weight quantile marginals"", ""shortages"": {}, ""status"": ""MATCHED"", ""target_degree_pair_marginal"": ""{(3, 3): 8846, (2, 3): 8099, (0, 3): 4587, (0, 2): 409, (2, 2): 356}"", ""target_edge_count"": 22297, ""target_weight_quantile_marginal"": ""{0: 5910, 1: 5868, 2: 5511, 3: 5008}"", ""verified_exact_marginals"": true, ""weight_quantile_exact"": true}",frozen graph intervention; FIXED_NORM_MASK is not retrained valid-operator performance
ele-fashion,44,text_uniform,joint_low_similarity_high_novelty,RENORMALIZED_DELETE,22297,0.0018410555385087735,-0.000684223098916692,0.007666826248168945,0.29754090309143066,20,0.005412688851356507,0.0016074109568762018,0.0022541373968124386,0.00013296512222564228,MATCHED,"{""allocated_cells"": 9, ""allocation"": {""((0, 2), 3)"": 409, ""((0, 3), 0)"": 2673, ""((0, 3), 1)"": 1914, ""((2, 2), 3)"": 356, ""((2, 3), 0)"": 3237, ""((2, 3), 1)"": 3954, ""((2, 3), 2)"": 908, ""((3, 3), 2)"": 4603, ""((3, 3), 3)"": 4243}, ""degree_pair_exact"": true, ""matched_edge_count_per_control"": 22297, ""matching_method"": ""integral max-flow with exact endpoint-degree-quantile-pair and base normalized edge-weight quantile marginals"", ""shortages"": {}, ""status"": ""MATCHED"", ""target_degree_pair_marginal"": ""{(3, 3): 8846, (2, 3): 8099, (0, 3): 4587, (0, 2): 409, (2, 2): 356}"", ""target_edge_count"": 22297, ""target_weight_quantile_marginal"": ""{0: 5910, 1: 5868, 2: 5511, 3: 5008}"", ""verified_exact_marginals"": true, ""weight_quantile_exact"": true}",frozen graph intervention; FIXED_NORM_MASK is not retrained valid-operator performance
ele-fashion,44,text_uniform,joint_high_similarity_low_novelty,FIXED_NORM_MASK,17581,-0.00010228086325048125,0.0005434347236932258,0.001427292823791504,-0.2473011016845703,20,-0.0003863617777824402,0.0006746814887253104,0.0018136546015739441,0.0005676587910402098,MATCHED,"{""allocated_cells"": 8, ""allocation"": {""((0, 2), 3)"": 530, ""((0, 3), 0)"": 1798, ""((2, 2), 3)"": 455, ""((2, 3), 0)"": 2855, ""((2, 3), 1)"": 804, ""((3, 3), 1)"": 3447, ""((3, 3), 2)"": 4292, ""((3, 3), 3)"": 3400}, ""degree_pair_exact"": true, ""matched_edge_count_per_control"": 17581, ""matching_method"": ""integral max-flow with exact endpoint-degree-quantile-pair and base normalized edge-weight quantile marginals"", ""shortages"": {}, ""status"": ""MATCHED"", ""target_degree_pair_marginal"": ""{(3, 3): 11139, (2, 3): 3659, (0, 3): 1798, (0, 2): 530, (2, 2): 455}"", ""target_edge_count"": 17581, ""target_weight_quantile_marginal"": ""{0: 4653, 1: 4251, 2: 4292, 3: 4385}"", ""verified_exact_marginals"": true, ""weight_quantile_exact"": true}",frozen graph intervention; FIXED_NORM_MASK is not retrained valid-operator performance
ele-fashion,44,text_uniform,joint_high_similarity_low_novelty,RENORMALIZED_DELETE,17581,-0.0002045617265009625,-0.00019463985114243076,0.0009744763374328613,0.01457834243774414,20,0.003542928397655487,0.0008751214551824495,-0.0025684520602226256,0.00026593024445126234,MATCHED,"{""allocated_cells"": 8, ""allocation"": {""((0, 2), 3)"": 530, ""((0, 3), 0)"": 1798, ""((2, 2), 3)"": 455, ""((2, 3), 0)"": 2855, ""((2, 3), 1)"": 804, ""((3, 3), 1)"": 3447, ""((3, 3), 2)"": 4292, ""((3, 3), 3)"": 3400}, ""degree_pair_exact"": true, ""matched_edge_count_per_control"": 17581, ""matching_method"": ""integral max-flow with exact endpoint-degree-quantile-pair and base normalized edge-weight quantile marginals"", ""shortages"": {}, ""status"": ""MATCHED"", ""target_degree_pair_marginal"": ""{(3, 3): 11139, (2, 3): 3659, (0, 3): 1798, (0, 2): 530, (2, 2): 455}"", ""target_edge_count"": 17581, ""target_weight_quantile_marginal"": ""{0: 4653, 1: 4251, 2: 4292, 3: 4385}"", ""verified_exact_marginals"": true, ""weight_quantile_exact"": true}",frozen graph intervention; FIXED_NORM_MASK is not retrained valid-operator performance
ele-fashion,44,visual_uniform,visual_low_similarity_high_novelty,FIXED_NORM_MASK,22514,-0.00398895366676888,-0.0007508599913448322,0.016366302967071533,-0.11291670799255371,20,0.007910072803497314,0.0008716170517513919,0.008456230163574219,-0.0012324844021683046,MATCHED,"{""allocated_cells"": 9, ""allocation"": {""((0, 2), 3)"": 480, ""((0, 3), 0)"": 2663, ""((0, 3), 1)"": 2608, ""((2, 2), 3)"": 412, ""((2, 3), 0)"": 2779, ""((2, 3), 1)"": 3084, ""((2, 3), 2)"": 2125, ""((3, 3), 2)"": 3524, ""((3, 3), 3)"": 4839}, ""degree_pair_exact"": true, ""matched_edge_count_per_control"": 22514, ""matching_method"": ""integral max-flow with exact endpoint-degree-quantile-pair and base normalized edge-weight quantile marginals"", ""shortages"": {}, ""status"": ""MATCHED"", ""target_degree_pair_marginal"": ""{(3, 3): 8363, (2, 3): 7988, (0, 3): 5271, (0, 2): 480, (2, 2): 412}"", ""target_edge_count"": 22514, ""target_weight_quantile_marginal"": ""{0: 5442, 1: 5692, 2: 5649, 3: 5731}"", ""verified_exact_marginals"": true, ""weight_quantile_exact"": true}",frozen graph intervention; FIXED_NORM_MASK is not retrained valid-operator performance
ele-fashion,44,visual_uniform,visual_low_similarity_high_novelty,RENORMALIZED_DELETE,22514,-0.0031707067607650297,0.0006045981923715749,0.029279053211212158,0.24272608757019043,20,0.00987168848514557,0.0017965915910764163,0.01940736472606659,-0.0006750536974531651,MATCHED,"{""allocated_cells"": 9, ""allocation"": {""((0, 2), 3)"": 480, ""((0, 3), 0)"": 2663, ""((0, 3), 1)"": 2608, ""((2, 2), 3)"": 412, ""((2, 3), 0)"": 2779, ""((2, 3), 1)"": 3084, ""((2, 3), 2)"": 2125, ""((3, 3), 2)"": 3524, ""((3, 3), 3)"": 4839}, ""degree_pair_exact"": true, ""matched_edge_count_per_control"": 22514, ""matching_method"": ""integral max-flow with exact endpoint-degree-quantile-pair and base normalized edge-weight quantile marginals"", ""shortages"": {}, ""status"": ""MATCHED"", ""target_degree_pair_marginal"": ""{(3, 3): 8363, (2, 3): 7988, (0, 3): 5271, (0, 2): 480, (2, 2): 412}"", ""target_edge_count"": 22514, ""target_weight_quantile_marginal"": ""{0: 5442, 1: 5692, 2: 5649, 3: 5731}"", ""verified_exact_marginals"": true, ""weight_quantile_exact"": true}",frozen graph intervention; FIXED_NORM_MASK is not retrained valid-operator performance
ele-fashion,44,visual_uniform,visual_high_similarity_low_novelty,FIXED_NORM_MASK,20833,-0.0014319320855067375,-0.003634434815116605,0.005375862121582031,-0.250133752822876,20,0.005198431015014648,0.000708778895765866,0.00017743110656738299,-0.001079063107292577,MATCHED,"{""allocated_cells"": 8, ""allocation"": {""((0, 2), 3)"": 515, ""((0, 3), 0)"": 2241, ""((2, 2), 3)"": 452, ""((2, 3), 0)"": 3891, ""((2, 3), 1)"": 429, ""((3, 3), 1)"": 4773, ""((3, 3), 2)"": 4822, ""((3, 3), 3)"": 3710}, ""degree_pair_exact"": true, ""matched_edge_count_per_control"": 20833, ""matching_method"": ""integral max-flow with exact endpoint-degree-quantile-pair and base normalized edge-weight quantile marginals"", ""shortages"": {}, ""status"": ""MATCHED"", ""target_degree_pair_marginal"": ""{(3, 3): 13305, (2, 3): 4320, (0, 3): 2241, (0, 2): 515, (2, 2): 452}"", ""target_edge_count"": 20833, ""target_weight_quantile_marginal"": ""{0: 6132, 2: 4822, 1: 5202, 3: 4677}"", ""verified_exact_marginals"": true, ""weight_quantile_exact"": true}",frozen graph intervention; FIXED_NORM_MASK is not retrained valid-operator performance
ele-fashion,44,visual_uniform,visual_high_similarity_low_novelty,RENORMALIZED_DELETE,20833,-0.0007159660427533687,-0.0026969187885863555,0.0023152828216552734,0.016135215759277344,20,0.006207495927810669,0.0009797014551911746,-0.0038922131061553955,-0.0005523166615525821,MATCHED,"{""allocated_cells"": 8, ""allocation"": {""((0, 2), 3)"": 515, ""((0, 3), 0)"": 2241, ""((2, 2), 3)"": 452, ""((2, 3), 0)"": 3891, ""((2, 3), 1)"": 429, ""((3, 3), 1)"": 4773, ""((3, 3), 2)"": 4822, ""((3, 3), 3)"": 3710}, ""degree_pair_exact"": true, ""matched_edge_count_per_control"": 20833, ""matching_method"": ""integral max-flow with exact endpoint-degree-quantile-pair and base normalized edge-weight quantile marginals"", ""shortages"": {}, ""status"": ""MATCHED"", ""target_degree_pair_marginal"": ""{(3, 3): 13305, (2, 3): 4320, (0, 3): 2241, (0, 2): 515, (2, 2): 452}"", ""target_edge_count"": 20833, ""target_weight_quantile_marginal"": ""{0: 6132, 2: 4822, 1: 5202, 3: 4677}"", ""verified_exact_marginals"": true, ""weight_quantile_exact"": true}",frozen graph intervention; FIXED_NORM_MASK is not retrained valid-operator performance
ele-fashion,44,visual_uniform,joint_low_similarity_high_novelty,FIXED_NORM_MASK,22297,-0.0007159660427533687,0.0017186718946331503,0.009906411170959473,-0.10111141204833984,20,0.008410140872001648,0.0008435532159272326,0.0014962702989578247,-0.0012836248337935396,MATCHED,"{""allocated_cells"": 9, ""allocation"": {""((0, 2), 3)"": 409, ""((0, 3), 0)"": 2673, ""((0, 3), 1)"": 1914, ""((2, 2), 3)"": 356, ""((2, 3), 0)"": 3237, ""((2, 3), 1)"": 3954, ""((2, 3), 2)"": 908, ""((3, 3), 2)"": 4603, ""((3, 3), 3)"": 4243}, ""degree_pair_exact"": true, ""matched_edge_count_per_control"": 22297, ""matching_method"": ""integral max-flow with exact endpoint-degree-quantile-pair and base normalized edge-weight quantile marginals"", ""shortages"": {}, ""status"": ""MATCHED"", ""target_degree_pair_marginal"": ""{(3, 3): 8846, (2, 3): 8099, (0, 3): 4587, (0, 2): 409, (2, 2): 356}"", ""target_edge_count"": 22297, ""target_weight_quantile_marginal"": ""{0: 5910, 1: 5868, 2: 5511, 3: 5008}"", ""verified_exact_marginals"": true, ""weight_quantile_exact"": true}",frozen graph intervention; FIXED_NORM_MASK is not retrained valid-operator performance
ele-fashion,44,visual_uniform,joint_low_similarity_high_novelty,RENORMALIZED_DELETE,22297,-0.00030684258975144374,0.0019534204084865614,0.018995702266693115,0.23923969268798828,20,0.009158292412757873,0.0011670359381289273,0.009837409853935242,-0.0007210800859158928,MATCHED,"{""allocated_cells"": 9, ""allocation"": {""((0, 2), 3)"": 409, ""((0, 3), 0)"": 2673, ""((0, 3), 1)"": 1914, ""((2, 2), 3)"": 356, ""((2, 3), 0)"": 3237, ""((2, 3), 1)"": 3954, ""((2, 3), 2)"": 908, ""((3, 3), 2)"": 4603, ""((3, 3), 3)"": 4243}, ""degree_pair_exact"": true, ""matched_edge_count_per_control"": 22297, ""matching_method"": ""integral max-flow with exact endpoint-degree-quantile-pair and base normalized edge-weight quantile marginals"", ""shortages"": {}, ""status"": ""MATCHED"", ""target_degree_pair_marginal"": ""{(3, 3): 8846, (2, 3): 8099, (0, 3): 4587, (0, 2): 409, (2, 2): 356}"", ""target_edge_count"": 22297, ""target_weight_quantile_marginal"": ""{0: 5910, 1: 5868, 2: 5511, 3: 5008}"", ""verified_exact_marginals"": true, ""weight_quantile_exact"": true}",frozen graph intervention; FIXED_NORM_MASK is not retrained valid-operator performance
ele-fashion,44,visual_uniform,joint_high_similarity_low_novelty,FIXED_NORM_MASK,17581,-0.0014319320855067375,-0.002956617472557599,0.005306124687194824,-0.22247028350830078,20,0.003650161623954773,0.0007339289914071463,0.001655963063240051,-0.0007415362585659835,MATCHED,"{""allocated_cells"": 8, ""allocation"": {""((0, 2), 3)"": 530, ""((0, 3), 0)"": 1798, ""((2, 2), 3)"": 455, ""((2, 3), 0)"": 2855, ""((2, 3), 1)"": 804, ""((3, 3), 1)"": 3447, ""((3, 3), 2)"": 4292, ""((3, 3), 3)"": 3400}, ""degree_pair_exact"": true, ""matched_edge_count_per_control"": 17581, ""matching_method"": ""integral max-flow with exact endpoint-degree-quantile-pair and base normalized edge-weight quantile marginals"", ""shortages"": {}, ""status"": ""MATCHED"", ""target_degree_pair_marginal"": ""{(3, 3): 11139, (2, 3): 3659, (0, 3): 1798, (0, 2): 530, (2, 2): 455}"", ""target_edge_count"": 17581, ""target_weight_quantile_marginal"": ""{0: 4653, 1: 4251, 2: 4292, 3: 4385}"", ""verified_exact_marginals"": true, ""weight_quantile_exact"": true}",frozen graph intervention; FIXED_NORM_MASK is not retrained valid-operator performance
ele-fashion,44,visual_uniform,joint_high_similarity_low_novelty,RENORMALIZED_DELETE,17581,-0.0009205277692543312,-0.0024661961786879294,0.0027801990509033203,0.013913154602050781,20,0.004990416765213013,0.0012835041492189048,-0.0022102177143096926,-0.00036309706453919175,MATCHED,"{""allocated_cells"": 8, ""allocation"": {""((0, 2), 3)"": 530, ""((0, 3), 0)"": 1798, ""((2, 2), 3)"": 455, ""((2, 3), 0)"": 2855, ""((2, 3), 1)"": 804, ""((3, 3), 1)"": 3447, ""((3, 3), 2)"": 4292, ""((3, 3), 3)"": 3400}, ""degree_pair_exact"": true, ""matched_edge_count_per_control"": 17581, ""matching_method"": ""integral max-flow with exact endpoint-degree-quantile-pair and base normalized edge-weight quantile marginals"", ""shortages"": {}, ""status"": ""MATCHED"", ""target_degree_pair_marginal"": ""{(3, 3): 11139, (2, 3): 3659, (0, 3): 1798, (0, 2): 530, (2, 2): 455}"", ""target_edge_count"": 17581, ""target_weight_quantile_marginal"": ""{0: 4653, 1: 4251, 2: 4292, 3: 4385}"", ""verified_exact_marginals"": true, ""weight_quantile_exact"": true}",frozen graph intervention; FIXED_NORM_MASK is not retrained valid-operator performance
Reddit-S,42,uniform,high_similarity_low_novelty,FIXED_NORM_MASK,15149,-0.0006291286568103072,-0.00048508309828410034,0.0049654096364974976,-0.5258297920227051,20,-0.003506552428007126,0.0016870228480824119,0.008471962064504623,-0.000393205410506442,MATCHED,"{""allocated_cells"": 6, ""allocation"": {""((1, 1), 3)"": 348, ""((2, 2), 3)"": 904, ""((3, 3), 0)"": 7283, ""((3, 3), 1)"": 2311, ""((3, 3), 2)"": 2693, ""((3, 3), 3)"": 1610}, ""degree_pair_exact"": true, ""matched_edge_count_per_control"": 15149, ""matching_method"": ""integral max-flow with exact endpoint-degree-quantile-pair and base normalized edge-weight quantile marginals"", ""shortages"": {}, ""status"": ""MATCHED"", ""target_degree_pair_marginal"": ""{(1, 1): 348, (2, 2): 904, (3, 3): 13897}"", ""target_edge_count"": 15149, ""target_weight_quantile_marginal"": ""{3: 2862, 0: 7283, 1: 2311, 2: 2693}"", ""verified_exact_marginals"": true, ""weight_quantile_exact"": true}",frozen graph intervention; FIXED_NORM_MASK is not retrained valid-operator performance
Reddit-S,42,uniform,high_similarity_low_novelty,RENORMALIZED_DELETE,15149,-0.0006291286568103072,-0.0008962881971651404,0.0023230761289596558,-0.03193235397338867,20,-0.000325862318277359,0.0013560255590708164,0.0026489384472370148,-0.00020446681346334984,MATCHED,"{""allocated_cells"": 6, ""allocation"": {""((1, 1), 3)"": 348, ""((2, 2), 3)"": 904, ""((3, 3), 0)"": 7283, ""((3, 3), 1)"": 2311, ""((3, 3), 2)"": 2693, ""((3, 3), 3)"": 1610}, ""degree_pair_exact"": true, ""matched_edge_count_per_control"": 15149, ""matching_method"": ""integral max-flow with exact endpoint-degree-quantile-pair and base normalized edge-weight quantile marginals"", ""shortages"": {}, ""status"": ""MATCHED"", ""target_degree_pair_marginal"": ""{(1, 1): 348, (2, 2): 904, (3, 3): 13897}"", ""target_edge_count"": 15149, ""target_weight_quantile_marginal"": ""{3: 2862, 0: 7283, 1: 2311, 2: 2693}"", ""verified_exact_marginals"": true, ""weight_quantile_exact"": true}",frozen graph intervention; FIXED_NORM_MASK is not retrained valid-operator performance
Reddit-S,42,uniform,high_similarity_high_novelty,FIXED_NORM_MASK,14058,-0.0003145643284051536,-0.0005388412336591042,0.007038086652755737,-0.6828117370605469,20,-0.0023936644196510316,0.0018635603765481778,0.009431751072406768,-0.0004246618433469573,MATCHED,"{""allocated_cells"": 6, ""allocation"": {""((1, 1), 3)"": 594, ""((2, 2), 3)"": 1316, ""((3, 3), 0)"": 4358, ""((3, 3), 1)"": 3387, ""((3, 3), 2)"": 2737, ""((3, 3), 3)"": 1666}, ""degree_pair_exact"": true, ""matched_edge_count_per_control"": 14058, ""matching_method"": ""integral max-flow with exact endpoint-degree-quantile-pair and base normalized edge-weight quantile marginals"", ""shortages"": {}, ""status"": ""MATCHED"", ""target_degree_pair_marginal"": ""{(1, 1): 594, (2, 2): 1316, (3, 3): 12148}"", ""target_edge_count"": 14058, ""target_weight_quantile_marginal"": ""{3: 3576, 0: 4358, 1: 3387, 2: 2737}"", ""verified_exact_marginals"": true, ""weight_quantile_exact"": true}",frozen graph intervention; FIXED_NORM_MASK is not retrained valid-operator performance
Reddit-S,42,uniform,high_similarity_high_novelty,RENORMALIZED_DELETE,14058,0.0,0.0,0.0040327757596969604,-0.03355884552001953,20,-0.0010062314569950104,0.0018560599222232426,0.005039007216691971,-0.00023592324630386519,MATCHED,"{""allocated_cells"": 6, ""allocation"": {""((1, 1), 3)"": 594, ""((2, 2), 3)"": 1316, ""((3, 3), 0)"": 4358, ""((3, 3), 1)"": 3387, ""((3, 3), 2)"": 2737, ""((3, 3), 3)"": 1666}, ""degree_pair_exact"": true, ""matched_edge_count_per_control"": 14058, ""matching_method"": ""integral max-flow with exact endpoint-degree-quantile-pair and base normalized edge-weight quantile marginals"", ""shortages"": {}, ""status"": ""MATCHED"", ""target_degree_pair_marginal"": ""{(1, 1): 594, (2, 2): 1316, (3, 3): 12148}"", ""target_edge_count"": 14058, ""target_weight_quantile_marginal"": ""{3: 3576, 0: 4358, 1: 3387, 2: 2737}"", ""verified_exact_marginals"": true, ""weight_quantile_exact"": true}",frozen graph intervention; FIXED_NORM_MASK is not retrained valid-operator performance
Reddit-S,42,uniform,low_similarity_high_novelty,FIXED_NORM_MASK,9643,-0.0012582573136206143,-0.0013042327669054998,0.01113884150981903,-0.6211361885070801,20,-0.0010078631341457367,0.0019593064855636163,0.012146704643964768,-0.0008021390374331417,MATCHED,"{""allocated_cells"": 6, ""allocation"": {""((1, 1), 3)"": 646, ""((2, 2), 3)"": 1442, ""((3, 3), 0)"": 791, ""((3, 3), 1)"": 1876, ""((3, 3), 2)"": 2664, ""((3, 3), 3)"": 2224}, ""degree_pair_exact"": true, ""matched_edge_count_per_control"": 9643, ""matching_method"": ""integral max-flow with exact endpoint-degree-quantile-pair and base normalized edge-weight quantile marginals"", ""shortages"": {}, ""status"": ""MATCHED"", ""target_degree_pair_marginal"": ""{(1, 1): 646, (3, 3): 7555, (2, 2): 1442}"", ""target_edge_count"": 9643, ""target_weight_quantile_marginal"": ""{3: 4312, 0: 791, 1: 1876, 2: 2664}"", ""verified_exact_marginals"": true, ""weight_quantile_exact"": true}",frozen graph intervention; FIXED_NORM_MASK is not retrained valid-operator performance
Reddit-S,42,uniform,low_similarity_high_novelty,RENORMALIZED_DELETE,9643,-0.0012582573136206143,-0.0013520041332061306,0.008188441395759583,-0.0057125091552734375,20,0.0007465243339538574,0.0014614690659094528,0.007441917061805725,-0.0005033029254482458,MATCHED,"{""allocated_cells"": 6, ""allocation"": {""((1, 1), 3)"": 646, ""((2, 2), 3)"": 1442, ""((3, 3), 0)"": 791, ""((3, 3), 1)"": 1876, ""((3, 3), 2)"": 2664, ""((3, 3), 3)"": 2224}, ""degree_pair_exact"": true, ""matched_edge_count_per_control"": 9643, ""matching_method"": ""integral max-flow with exact endpoint-degree-quantile-pair and base normalized edge-weight quantile marginals"", ""shortages"": {}, ""status"": ""MATCHED"", ""target_degree_pair_marginal"": ""{(1, 1): 646, (3, 3): 7555, (2, 2): 1442}"", ""target_edge_count"": 9643, ""target_weight_quantile_marginal"": ""{3: 4312, 0: 791, 1: 1876, 2: 2664}"", ""verified_exact_marginals"": true, ""weight_quantile_exact"": true}",frozen graph intervention; FIXED_NORM_MASK is not retrained valid-operator performance
Reddit-S,42,uniform,low_similarity_low_novelty,FIXED_NORM_MASK,15772,-0.005347593582887722,-0.006924609699881179,0.012585684657096863,-0.5208950042724609,20,-0.001951386034488678,0.0012699517134304686,0.014537070691585541,-0.0006920415224913379,MATCHED,"{""allocated_cells"": 6, ""allocation"": {""((1, 1), 3)"": 482, ""((2, 2), 3)"": 1020, ""((3, 3), 0)"": 2939, ""((3, 3), 1)"": 4740, ""((3, 3), 2)"": 4896, ""((3, 3), 3)"": 1695}, ""degree_pair_exact"": true, ""matched_edge_count_per_control"": 15772, ""matching_method"": ""integral max-flow with exact endpoint-degree-quantile-pair and base normalized edge-weight quantile marginals"", ""shortages"": {}, ""status"": ""MATCHED"", ""target_degree_pair_marginal"": ""{(1, 1): 482, (2, 2): 1020, (3, 3): 14270}"", ""target_edge_count"": 15772, ""target_weight_quantile_marginal"": ""{3: 3197, 0: 2939, 2: 4896, 1: 4740}"", ""verified_exact_marginals"": true, ""weight_quantile_exact"": true}",frozen graph intervention; FIXED_NORM_MASK is not retrained valid-operator performance
Reddit-S,42,uniform,low_similarity_low_novelty,RENORMALIZED_DELETE,15772,-0.003774771940861954,-0.005523688385565606,0.011071890592575073,0.011846542358398438,20,0.0007348895072937012,0.0010407536027682962,0.010337001085281372,-0.0005662157911292765,MATCHED,"{""allocated_cells"": 6, ""allocation"": {""((1, 1), 3)"": 482, ""((2, 2), 3)"": 1020, ""((3, 3), 0)"": 2939, ""((3, 3), 1)"": 4740, ""((3, 3), 2)"": 4896, ""((3, 3), 3)"": 1695}, ""degree_pair_exact"": true, ""matched_edge_count_per_control"": 15772, ""matching_method"": ""integral max-flow with exact endpoint-degree-quantile-pair and base normalized edge-weight quantile marginals"", ""shortages"": {}, ""status"": ""MATCHED"", ""target_degree_pair_marginal"": ""{(1, 1): 482, (2, 2): 1020, (3, 3): 14270}"", ""target_edge_count"": 15772, ""target_weight_quantile_marginal"": ""{3: 3197, 0: 2939, 2: 4896, 1: 4740}"", ""verified_exact_marginals"": true, ""weight_quantile_exact"": true}",frozen graph intervention; FIXED_NORM_MASK is not retrained valid-operator performance
Reddit-S,42,gpr,gpr_high_similarity_low_novelty,FIXED_NORM_MASK,13899,-0.0012582573136206143,-0.0016473463178903192,0.006013840436935425,-0.5859270095825195,20,-0.0026187166571617127,0.0018393311592133906,0.008632557094097137,-0.0006763133060710802,MATCHED,"{""allocated_cells"": 6, ""allocation"": {""((1, 1), 3)"": 470, ""((2, 2), 3)"": 970, ""((3, 3), 0)"": 5750, ""((3, 3), 1)"": 4287, ""((3, 3), 2)"": 974, ""((3, 3), 3)"": 1448}, ""degree_pair_exact"": true, ""matched_edge_count_per_control"": 13899, ""matching_method"": ""integral max-flow with exact endpoint-degree-quantile-pair and base normalized edge-weight quantile marginals"", ""shortages"": {}, ""status"": ""MATCHED"", ""target_degree_pair_marginal"": ""{(1, 1): 470, (3, 3): 12459, (2, 2): 970}"", ""target_edge_count"": 13899, ""target_weight_quantile_marginal"": ""{3: 2888, 0: 5750, 2: 974, 1: 4287}"", ""verified_exact_marginals"": true, ""weight_quantile_exact"": true}",frozen graph intervention; FIXED_NORM_MASK is not retrained valid-operator performance
Reddit-S,42,gpr,gpr_high_similarity_low_novelty,RENORMALIZED_DELETE,13899,-0.0009436929852154607,-0.0012814914789250897,0.0027590394020080566,-0.038433074951171875,20,-0.0002895735204219818,0.0017918404806255216,0.0030486129224300386,-0.00018873859704309214,MATCHED,"{""allocated_cells"": 6, ""allocation"": {""((1, 1), 3)"": 470, ""((2, 2), 3)"": 970, ""((3, 3), 0)"": 5750, ""((3, 3), 1)"": 4287, ""((3, 3), 2)"": 974, ""((3, 3), 3)"": 1448}, ""degree_pair_exact"": true, ""matched_edge_count_per_control"": 13899, ""matching_method"": ""integral max-flow with exact endpoint-degree-quantile-pair and base normalized edge-weight quantile marginals"", ""shortages"": {}, ""status"": ""MATCHED"", ""target_degree_pair_marginal"": ""{(1, 1): 470, (3, 3): 12459, (2, 2): 970}"", ""target_edge_count"": 13899, ""target_weight_quantile_marginal"": ""{3: 2888, 0: 5750, 2: 974, 1: 4287}"", ""verified_exact_marginals"": true, ""weight_quantile_exact"": true}",frozen graph intervention; FIXED_NORM_MASK is not retrained valid-operator performance
Reddit-S,42,gpr,gpr_high_similarity_high_novelty,FIXED_NORM_MASK,17645,-0.0009436929852154607,-0.0017197326919630163,0.004584208130836487,-0.7417645454406738,20,-0.006112562865018845,0.0018209147879734856,0.010696770995855332,-0.00047184649260773037,MATCHED,"{""allocated_cells"": 6, ""allocation"": {""((1, 1), 3)"": 501, ""((2, 2), 3)"": 1335, ""((3, 3), 0)"": 4598, ""((3, 3), 1)"": 2582, ""((3, 3), 2)"": 6742, ""((3, 3), 3)"": 1887}, ""degree_pair_exact"": true, ""matched_edge_count_per_control"": 17645, ""matching_method"": ""integral max-flow with exact endpoint-degree-quantile-pair and base normalized edge-weight quantile marginals"", ""shortages"": {}, ""status"": ""MATCHED"", ""target_degree_pair_marginal"": ""{(1, 1): 501, (2, 2): 1335, (3, 3): 15809}"", ""target_edge_count"": 17645, ""target_weight_quantile_marginal"": ""{3: 3723, 0: 4598, 1: 2582, 2: 6742}"", ""verified_exact_marginals"": true, ""weight_quantile_exact"": true}",frozen graph intervention; FIXED_NORM_MASK is not retrained valid-operator performance
Reddit-S,42,gpr,gpr_high_similarity_high_novelty,RENORMALIZED_DELETE,17645,-0.0006291286568103072,-0.0011746160288608198,0.005838677287101746,-0.02956867218017578,20,-0.002115340530872345,0.001502203325495158,0.00795401781797409,-9.436929852154607e-05,MATCHED,"{""allocated_cells"": 6, ""allocation"": {""((1, 1), 3)"": 501, ""((2, 2), 3)"": 1335, ""((3, 3), 0)"": 4598, ""((3, 3), 1)"": 2582, ""((3, 3), 2)"": 6742, ""((3, 3), 3)"": 1887}, ""degree_pair_exact"": true, ""matched_edge_count_per_control"": 17645, ""matching_method"": ""integral max-flow with exact endpoint-degree-quantile-pair and base normalized edge-weight quantile marginals"", ""shortages"": {}, ""status"": ""MATCHED"", ""target_degree_pair_marginal"": ""{(1, 1): 501, (2, 2): 1335, (3, 3): 15809}"", ""target_edge_count"": 17645, ""target_weight_quantile_marginal"": ""{3: 3723, 0: 4598, 1: 2582, 2: 6742}"", ""verified_exact_marginals"": true, ""weight_quantile_exact"": true}",frozen graph intervention; FIXED_NORM_MASK is not retrained valid-operator performance
Reddit-S,42,gpr,gpr_low_similarity_high_novelty,FIXED_NORM_MASK,17420,-0.003774771940861954,-0.004250819439328923,0.008041739463806152,-0.7457551956176758,20,-0.0017529085278511047,0.0018529486629161565,0.009794647991657256,-0.0012425290972003622,MATCHED,"{""allocated_cells"": 6, ""allocation"": {""((1, 1), 3)"": 646, ""((2, 2), 3)"": 1293, ""((3, 3), 0)"": 379, ""((3, 3), 1)"": 6549, ""((3, 3), 2)"": 6180, ""((3, 3), 3)"": 2373}, ""degree_pair_exact"": true, ""matched_edge_count_per_control"": 17420, ""matching_method"": ""integral max-flow with exact endpoint-degree-quantile-pair and base normalized edge-weight quantile marginals"", ""shortages"": {}, ""status"": ""MATCHED"", ""target_degree_pair_marginal"": ""{(1, 1): 646, (2, 2): 1293, (3, 3): 15481}"", ""target_edge_count"": 17420, ""target_weight_quantile_marginal"": ""{3: 4312, 0: 379, 1: 6549, 2: 6180}"", ""verified_exact_marginals"": true, ""weight_quantile_exact"": true}",frozen graph intervention; FIXED_NORM_MASK is not retrained valid-operator performance
Reddit-S,42,gpr,gpr_low_similarity_high_novelty,RENORMALIZED_DELETE,17420,-0.001572821642025768,-0.0019203291669976918,0.010290265083312988,-0.02007293701171875,20,0.000990436226129532,0.0017482775085076467,0.009299828857183456,-0.0007077697389115956,MATCHED,"{""allocated_cells"": 6, ""allocation"": {""((1, 1), 3)"": 646, ""((2, 2), 3)"": 1293, ""((3, 3), 0)"": 379, ""((3, 3), 1)"": 6549, ""((3, 3), 2)"": 6180, ""((3, 3), 3)"": 2373}, ""degree_pair_exact"": true, ""matched_edge_count_per_control"": 17420, ""matching_method"": ""integral max-flow with exact endpoint-degree-quantile-pair and base normalized edge-weight quantile marginals"", ""shortages"": {}, ""status"": ""MATCHED"", ""target_degree_pair_marginal"": ""{(1, 1): 646, (2, 2): 1293, (3, 3): 15481}"", ""target_edge_count"": 17420, ""target_weight_quantile_marginal"": ""{3: 4312, 0: 379, 1: 6549, 2: 6180}"", ""verified_exact_marginals"": true, ""weight_quantile_exact"": true}",frozen graph intervention; FIXED_NORM_MASK is not retrained valid-operator performance
Reddit-S,42,gpr,gpr_low_similarity_low_novelty,FIXED_NORM_MASK,10253,-0.0034602076124568004,-0.004256505915146369,0.011507198214530945,-0.5823564529418945,20,-0.0018426239490509032,0.0017705163773731262,0.013349822163581848,-0.0005504875747090188,MATCHED,"{""allocated_cells"": 6, ""allocation"": {""((1, 1), 3)"": 501, ""((2, 2), 3)"": 1334, ""((3, 3), 0)"": 2608, ""((3, 3), 1)"": 1996, ""((3, 3), 2)"": 1859, ""((3, 3), 3)"": 1955}, ""degree_pair_exact"": true, ""matched_edge_count_per_control"": 10253, ""matching_method"": ""integral max-flow with exact endpoint-degree-quantile-pair and base normalized edge-weight quantile marginals"", ""shortages"": {}, ""status"": ""MATCHED"", ""target_degree_pair_marginal"": ""{(1, 1): 501, (3, 3): 8418, (2, 2): 1334}"", ""target_edge_count"": 10253, ""target_weight_quantile_marginal"": ""{3: 3790, 0: 2608, 2: 1859, 1: 1996}"", ""verified_exact_marginals"": true, ""weight_quantile_exact"": true}",frozen graph intervention; FIXED_NORM_MASK is not retrained valid-operator performance
Reddit-S,42,gpr,gpr_low_similarity_low_novelty,RENORMALIZED_DELETE,10253,-0.003774771940861954,-0.0046178303764981,0.010152071714401245,0.00360107421875,20,6.672218441963195e-05,0.0014693323632463588,0.010085349529981613,-0.0004089336269266997,MATCHED,"{""allocated_cells"": 6, ""allocation"": {""((1, 1), 3)"": 501, ""((2, 2), 3)"": 1334, ""((3, 3), 0)"": 2608, ""((3, 3), 1)"": 1996, ""((3, 3), 2)"": 1859, ""((3, 3), 3)"": 1955}, ""degree_pair_exact"": true, ""matched_edge_count_per_control"": 10253, ""matching_method"": ""integral max-flow with exact endpoint-degree-quantile-pair and base normalized edge-weight quantile marginals"", ""shortages"": {}, ""status"": ""MATCHED"", ""target_degree_pair_marginal"": ""{(1, 1): 501, (3, 3): 8418, (2, 2): 1334}"", ""target_edge_count"": 10253, ""target_weight_quantile_marginal"": ""{3: 3790, 0: 2608, 2: 1859, 1: 1996}"", ""verified_exact_marginals"": true, ""weight_quantile_exact"": true}",frozen graph intervention; FIXED_NORM_MASK is not retrained valid-operator performance
Reddit-S,42,text_uniform,text_low_similarity_high_novelty,FIXED_NORM_MASK,8955,-0.022648631645171502,-0.02250358727813173,0.0759384036064148,-0.2959585189819336,20,0.02150481045246124,0.0017264463134017214,0.054433593153953554,-0.003350110097514997,MATCHED,"{""allocated_cells"": 6, ""allocation"": {""((1, 1), 3)"": 456, ""((2, 2), 3)"": 1284, ""((3, 3), 0)"": 706, ""((3, 3), 1)"": 1099, ""((3, 3), 2)"": 3370, ""((3, 3), 3)"": 2040}, ""degree_pair_exact"": true, ""matched_edge_count_per_control"": 8955, ""matching_method"": ""integral max-flow with exact endpoint-degree-quantile-pair and base normalized edge-weight quantile marginals"", ""shortages"": {}, ""status"": ""MATCHED"", ""target_degree_pair_marginal"": ""{(1, 1): 456, (3, 3): 7215, (2, 2): 1284}"", ""target_edge_count"": 8955, ""target_weight_quantile_marginal"": ""{3: 3780, 0: 706, 1: 1099, 2: 3370}"", ""verified_exact_marginals"": true, ""weight_quantile_exact"": true}",frozen graph intervention; FIXED_NORM_MASK is not retrained valid-operator performance
Reddit-S,42,text_uniform,text_low_similarity_high_novelty,RENORMALIZED_DELETE,8955,-0.01730103806228378,-0.017363967505401035,0.07445329427719116,0.00177001953125,20,0.004911577701568604,0.0018349237178381277,0.06954171657562255,-0.0011324315822586416,MATCHED,"{""allocated_cells"": 6, ""allocation"": {""((1, 1), 3)"": 456, ""((2, 2), 3)"": 1284, ""((3, 3), 0)"": 706, ""((3, 3), 1)"": 1099, ""((3, 3), 2)"": 3370, ""((3, 3), 3)"": 2040}, ""degree_pair_exact"": true, ""matched_edge_count_per_control"": 8955, ""matching_method"": ""integral max-flow with exact endpoint-degree-quantile-pair and base normalized edge-weight quantile marginals"", ""shortages"": {}, ""status"": ""MATCHED"", ""target_degree_pair_marginal"": ""{(1, 1): 456, (3, 3): 7215, (2, 2): 1284}"", ""target_edge_count"": 8955, ""target_weight_quantile_marginal"": ""{3: 3780, 0: 706, 1: 1099, 2: 3370}"", ""verified_exact_marginals"": true, ""weight_quantile_exact"": true}",frozen graph intervention; FIXED_NORM_MASK is not retrained valid-operator performance
Reddit-S,42,text_uniform,text_high_similarity_low_novelty,FIXED_NORM_MASK,8094,-0.0009436929852155718,-0.0014036520501603533,0.009311765432357788,-0.2535243034362793,20,0.008794306218624115,0.0016308384285473117,0.0005174592137336727,-0.0018244731047500017,MATCHED,"{""allocated_cells"": 6, ""allocation"": {""((1, 1), 3)"": 227, ""((2, 2), 3)"": 412, ""((3, 3), 0)"": 149, ""((3, 3), 1)"": 4261, ""((3, 3), 2)"": 1980, ""((3, 3), 3)"": 1065}, ""degree_pair_exact"": true, ""matched_edge_count_per_control"": 8094, ""matching_method"": ""integral max-flow with exact endpoint-degree-quantile-pair and base normalized edge-weight quantile marginals"", ""shortages"": {}, ""status"": ""MATCHED"", ""target_degree_pair_marginal"": ""{(1, 1): 227, (2, 2): 412, (3, 3): 7455}"", ""target_edge_count"": 8094, ""target_weight_quantile_marginal"": ""{3: 1704, 1: 4261, 2: 1980, 0: 149}"", ""verified_exact_marginals"": true, ""weight_quantile_exact"": true}",frozen graph intervention; FIXED_NORM_MASK is not retrained valid-operator performance
Reddit-S,42,text_uniform,text_high_similarity_low_novelty,RENORMALIZED_DELETE,8094,-0.0006291286568104182,-0.0011437351319038003,0.000488966703414917,-0.02210235595703125,20,0.002621544897556305,0.0013519216041337906,-0.002132578194141388,-0.0009122365523750453,MATCHED,"{""allocated_cells"": 6, ""allocation"": {""((1, 1), 3)"": 227, ""((2, 2), 3)"": 412, ""((3, 3), 0)"": 149, ""((3, 3), 1)"": 4261, ""((3, 3), 2)"": 1980, ""((3, 3), 3)"": 1065}, ""degree_pair_exact"": true, ""matched_edge_count_per_control"": 8094, ""matching_method"": ""integral max-flow with exact endpoint-degree-quantile-pair and base normalized edge-weight quantile marginals"", ""shortages"": {}, ""status"": ""MATCHED"", ""target_degree_pair_marginal"": ""{(1, 1): 227, (2, 2): 412, (3, 3): 7455}"", ""target_edge_count"": 8094, ""target_weight_quantile_marginal"": ""{3: 1704, 1: 4261, 2: 1980, 0: 149}"", ""verified_exact_marginals"": true, ""weight_quantile_exact"": true}",frozen graph intervention; FIXED_NORM_MASK is not retrained valid-operator performance
Reddit-S,42,text_uniform,joint_low_similarity_high_novelty,FIXED_NORM_MASK,9643,-0.015728216420258012,-0.014728688109116539,0.06804341077804565,-0.38946104049682617,20,0.029731397330760957,0.002744122306977792,0.0383120134472847,-0.006369927650204521,MATCHED,"{""allocated_cells"": 6, ""allocation"": {""((1, 1), 3)"": 646, ""((2, 2), 3)"": 1442, ""((3, 3), 0)"": 791, ""((3, 3), 1)"": 1876, ""((3, 3), 2)"": 2664, ""((3, 3), 3)"": 2224}, ""degree_pair_exact"": true, ""matched_edge_count_per_control"": 9643, ""matching_method"": ""integral max-flow with exact endpoint-degree-quantile-pair and base normalized edge-weight quantile marginals"", ""shortages"": {}, ""status"": ""MATCHED"", ""target_degree_pair_marginal"": ""{(1, 1): 646, (3, 3): 7555, (2, 2): 1442}"", ""target_edge_count"": 9643, ""target_weight_quantile_marginal"": ""{3: 4312, 0: 791, 1: 1876, 2: 2664}"", ""verified_exact_marginals"": true, ""weight_quantile_exact"": true}",frozen graph intervention; FIXED_NORM_MASK is not retrained valid-operator performance
Reddit-S,42,text_uniform,joint_low_similarity_high_novelty,RENORMALIZED_DELETE,9643,-0.011638880150990905,-0.010496317650127374,0.04759284853935242,0.0010461807250976562,20,0.00934806913137436,0.0028120072474815427,0.03824477940797806,-0.0032242843661529352,MATCHED,"{""allocated_cells"": 6, ""allocation"": {""((1, 1), 3)"": 646, ""((2, 2), 3)"": 1442, ""((3, 3), 0)"": 791, ""((3, 3), 1)"": 1876, ""((3, 3), 2)"": 2664, ""((3, 3), 3)"": 2224}, ""degree_pair_exact"": true, ""matched_edge_count_per_control"": 9643, ""matching_method"": ""integral max-flow with exact endpoint-degree-quantile-pair and base normalized edge-weight quantile marginals"", ""shortages"": {}, ""status"": ""MATCHED"", ""target_degree_pair_marginal"": ""{(1, 1): 646, (3, 3): 7555, (2, 2): 1442}"", ""target_edge_count"": 9643, ""target_weight_quantile_marginal"": ""{3: 4312, 0: 791, 1: 1876, 2: 2664}"", ""verified_exact_marginals"": true, ""weight_quantile_exact"": true}",frozen graph intervention; FIXED_NORM_MASK is not retrained valid-operator performance
Reddit-S,42,text_uniform,joint_high_similarity_low_novelty,FIXED_NORM_MASK,15149,-0.003145643284051647,-0.003242076856977527,0.024589329957962036,-0.40179443359375,20,0.015319131314754486,0.001606081127232261,0.00927019864320755,-0.0030040893362693276,MATCHED,"{""allocated_cells"": 6, ""allocation"": {""((1, 1), 3)"": 348, ""((2, 2), 3)"": 904, ""((3, 3), 0)"": 7283, ""((3, 3), 1)"": 2311, ""((3, 3), 2)"": 2693, ""((3, 3), 3)"": 1610}, ""degree_pair_exact"": true, ""matched_edge_count_per_control"": 15149, ""matching_method"": ""integral max-flow with exact endpoint-degree-quantile-pair and base normalized edge-weight quantile marginals"", ""shortages"": {}, ""status"": ""MATCHED"", ""target_degree_pair_marginal"": ""{(1, 1): 348, (2, 2): 904, (3, 3): 13897}"", ""target_edge_count"": 15149, ""target_weight_quantile_marginal"": ""{3: 2862, 0: 7283, 1: 2311, 2: 2693}"", ""verified_exact_marginals"": true, ""weight_quantile_exact"": true}",frozen graph intervention; FIXED_NORM_MASK is not retrained valid-operator performance
Reddit-S,42,text_uniform,joint_high_similarity_low_novelty,RENORMALIZED_DELETE,15149,-0.0009436929852155718,-0.0006718606415896389,0.007806241512298584,-0.028824329376220703,20,0.003445020318031311,0.0009968743468211766,0.004361221194267273,-0.0014627241270840751,MATCHED,"{""allocated_cells"": 6, ""allocation"": {""((1, 1), 3)"": 348, ""((2, 2), 3)"": 904, ""((3, 3), 0)"": 7283, ""((3, 3), 1)"": 2311, ""((3, 3), 2)"": 2693, ""((3, 3), 3)"": 1610}, ""degree_pair_exact"": true, ""matched_edge_count_per_control"": 15149, ""matching_method"": ""integral max-flow with exact endpoint-degree-quantile-pair and base normalized edge-weight quantile marginals"", ""shortages"": {}, ""status"": ""MATCHED"", ""target_degree_pair_marginal"": ""{(1, 1): 348, (2, 2): 904, (3, 3): 13897}"", ""target_edge_count"": 15149, ""target_weight_quantile_marginal"": ""{3: 2862, 0: 7283, 1: 2311, 2: 2693}"", ""verified_exact_marginals"": true, ""weight_quantile_exact"": true}",frozen graph intervention; FIXED_NORM_MASK is not retrained valid-operator performance
Reddit-S,42,visual_uniform,visual_low_similarity_high_novelty,FIXED_NORM_MASK,14314,-0.007864108210129062,-0.007106047557094097,0.05301760137081146,-0.45264339447021484,20,0.014053832739591599,0.0011337613237567214,0.038963768631219864,-0.0006291286568103904,MATCHED,"{""allocated_cells"": 6, ""allocation"": {""((1, 1), 3)"": 598, ""((2, 2), 3)"": 1450, ""((3, 3), 0)"": 3145, ""((3, 3), 1)"": 2314, ""((3, 3), 2)"": 4506, ""((3, 3), 3)"": 2301}, ""degree_pair_exact"": true, ""matched_edge_count_per_control"": 14314, ""matching_method"": ""integral max-flow with exact endpoint-degree-quantile-pair and base normalized edge-weight quantile marginals"", ""shortages"": {}, ""status"": ""MATCHED"", ""target_degree_pair_marginal"": ""{(1, 1): 598, (2, 2): 1450, (3, 3): 12266}"", ""target_edge_count"": 14314, ""target_weight_quantile_marginal"": ""{3: 4349, 0: 3145, 2: 4506, 1: 2314}"", ""verified_exact_marginals"": true, ""weight_quantile_exact"": true}",frozen graph intervention; FIXED_NORM_MASK is not retrained valid-operator performance
Reddit-S,42,visual_uniform,visual_low_similarity_high_novelty,RENORMALIZED_DELETE,14314,-0.006920415224913601,-0.005987568756792849,0.021950051188468933,0.02502727508544922,20,0.0010612532496452332,0.0011625438217562948,0.0208887979388237,-0.0004246618433470295,MATCHED,"{""allocated_cells"": 6, ""allocation"": {""((1, 1), 3)"": 598, ""((2, 2), 3)"": 1450, ""((3, 3), 0)"": 3145, ""((3, 3), 1)"": 2314, ""((3, 3), 2)"": 4506, ""((3, 3), 3)"": 2301}, ""degree_pair_exact"": true, ""matched_edge_count_per_control"": 14314, ""matching_method"": ""integral max-flow with exact endpoint-degree-quantile-pair and base normalized edge-weight quantile marginals"", ""shortages"": {}, ""status"": ""MATCHED"", ""target_degree_pair_marginal"": ""{(1, 1): 598, (2, 2): 1450, (3, 3): 12266}"", ""target_edge_count"": 14314, ""target_weight_quantile_marginal"": ""{3: 4349, 0: 3145, 2: 4506, 1: 2314}"", ""verified_exact_marginals"": true, ""weight_quantile_exact"": true}",frozen graph intervention; FIXED_NORM_MASK is not retrained valid-operator performance
Reddit-S,42,visual_uniform,visual_high_similarity_low_novelty,FIXED_NORM_MASK,32467,-0.0025165146272413397,-0.004486148452277905,0.06253497302532196,-0.9903354644775391,20,0.04592202603816986,0.0025864407313357335,0.0166129469871521,-0.002060396351053856,MATCHED,"{""allocated_cells"": 6, ""allocation"": {""((1, 1), 3)"": 1136, ""((2, 2), 3)"": 2578, ""((3, 3), 0)"": 11106, ""((3, 3), 1)"": 8468, ""((3, 3), 2)"": 5046, ""((3, 3), 3)"": 4133}, ""degree_pair_exact"": true, ""matched_edge_count_per_control"": 32467, ""matching_method"": ""integral max-flow with exact endpoint-degree-quantile-pair and base normalized edge-weight quantile marginals"", ""shortages"": {}, ""status"": ""MATCHED"", ""target_degree_pair_marginal"": ""{(1, 1): 1136, (3, 3): 28753, (2, 2): 2578}"", ""target_edge_count"": 32467, ""target_weight_quantile_marginal"": ""{3: 7847, 0: 11106, 2: 5046, 1: 8468}"", ""verified_exact_marginals"": true, ""weight_quantile_exact"": true}",frozen graph intervention; FIXED_NORM_MASK is not retrained valid-operator performance
Reddit-S,42,visual_uniform,visual_high_similarity_low_novelty,RENORMALIZED_DELETE,32467,-0.0003145643284052646,-0.0007040109629286029,0.006798937916755676,-0.06539249420166016,20,0.0030032530426979064,0.0020286373808848417,0.00379568487405777,-0.0016671909405474139,MATCHED,"{""allocated_cells"": 6, ""allocation"": {""((1, 1), 3)"": 1136, ""((2, 2), 3)"": 2578, ""((3, 3), 0)"": 11106, ""((3, 3), 1)"": 8468, ""((3, 3), 2)"": 5046, ""((3, 3), 3)"": 4133}, ""degree_pair_exact"": true, ""matched_edge_count_per_control"": 32467, ""matching_method"": ""integral max-flow with exact endpoint-degree-quantile-pair and base normalized edge-weight quantile marginals"", ""shortages"": {}, ""status"": ""MATCHED"", ""target_degree_pair_marginal"": ""{(1, 1): 1136, (3, 3): 28753, (2, 2): 2578}"", ""target_edge_count"": 32467, ""target_weight_quantile_marginal"": ""{3: 7847, 0: 11106, 2: 5046, 1: 8468}"", ""verified_exact_marginals"": true, ""weight_quantile_exact"": true}",frozen graph intervention; FIXED_NORM_MASK is not retrained valid-operator performance
Reddit-S,42,visual_uniform,joint_low_similarity_high_novelty,FIXED_NORM_MASK,9643,-0.0028310789556464933,-0.00148103081486739,0.035000190138816833,-0.4289522171020508,20,0.015988658368587493,0.0015802869712596658,0.01901153177022934,-0.0008493236866940091,MATCHED,"{""allocated_cells"": 6, ""allocation"": {""((1, 1), 3)"": 646, ""((2, 2), 3)"": 1442, ""((3, 3), 0)"": 791, ""((3, 3), 1)"": 1876, ""((3, 3), 2)"": 2664, ""((3, 3), 3)"": 2224}, ""degree_pair_exact"": true, ""matched_edge_count_per_control"": 9643, ""matching_method"": ""integral max-flow with exact endpoint-degree-quantile-pair and base normalized edge-weight quantile marginals"", ""shortages"": {}, ""status"": ""MATCHED"", ""target_degree_pair_marginal"": ""{(1, 1): 646, (3, 3): 7555, (2, 2): 1442}"", ""target_edge_count"": 9643, ""target_weight_quantile_marginal"": ""{3: 4312, 0: 791, 1: 1876, 2: 2664}"", ""verified_exact_marginals"": true, ""weight_quantile_exact"": true}",frozen graph intervention; FIXED_NORM_MASK is not retrained valid-operator performance
Reddit-S,42,visual_uniform,joint_low_similarity_high_novelty,RENORMALIZED_DELETE,9643,-0.0025165146272413397,-0.0013757313791524783,0.008163049817085266,0.023604869842529297,20,0.0012988388538360597,0.0009033301425110605,0.006864210963249207,-0.0004403900597673038,MATCHED,"{""allocated_cells"": 6, ""allocation"": {""((1, 1), 3)"": 646, ""((2, 2), 3)"": 1442, ""((3, 3), 0)"": 791, ""((3, 3), 1)"": 1876, ""((3, 3), 2)"": 2664, ""((3, 3), 3)"": 2224}, ""degree_pair_exact"": true, ""matched_edge_count_per_control"": 9643, ""matching_method"": ""integral max-flow with exact endpoint-degree-quantile-pair and base normalized edge-weight quantile marginals"", ""shortages"": {}, ""status"": ""MATCHED"", ""target_degree_pair_marginal"": ""{(1, 1): 646, (3, 3): 7555, (2, 2): 1442}"", ""target_edge_count"": 9643, ""target_weight_quantile_marginal"": ""{3: 4312, 0: 791, 1: 1876, 2: 2664}"", ""verified_exact_marginals"": true, ""weight_quantile_exact"": true}",frozen graph intervention; FIXED_NORM_MASK is not retrained valid-operator performance
Reddit-S,42,visual_uniform,joint_high_similarity_low_novelty,FIXED_NORM_MASK,15149,-0.0006291286568104182,-0.0019680853743727633,0.020787492394447327,-0.3716163635253906,20,0.008032284677028656,0.0010211272183583548,0.01275520771741867,-0.00025165146272418393,MATCHED,"{""allocated_cells"": 6, ""allocation"": {""((1, 1), 3)"": 348, ""((2, 2), 3)"": 904, ""((3, 3), 0)"": 7283, ""((3, 3), 1)"": 2311, ""((3, 3), 2)"": 2693, ""((3, 3), 3)"": 1610}, ""degree_pair_exact"": true, ""matched_edge_count_per_control"": 15149, ""matching_method"": ""integral max-flow with exact endpoint-degree-quantile-pair and base normalized edge-weight quantile marginals"", ""shortages"": {}, ""status"": ""MATCHED"", ""target_degree_pair_marginal"": ""{(1, 1): 348, (2, 2): 904, (3, 3): 13897}"", ""target_edge_count"": 15149, ""target_weight_quantile_marginal"": ""{3: 2862, 0: 7283, 1: 2311, 2: 2693}"", ""verified_exact_marginals"": true, ""weight_quantile_exact"": true}",frozen graph intervention; FIXED_NORM_MASK is not retrained valid-operator performance
Reddit-S,42,visual_uniform,joint_high_similarity_low_novelty,RENORMALIZED_DELETE,15149,-0.0009436929852155718,-0.0023738636958654524,0.003103598952293396,-0.018853187561035156,20,9.910240769386291e-05,0.0006124877789276199,0.003004496544599533,-0.00012582573136210584,MATCHED,"{""allocated_cells"": 6, ""allocation"": {""((1, 1), 3)"": 348, ""((2, 2), 3)"": 904, ""((3, 3), 0)"": 7283, ""((3, 3), 1)"": 2311, ""((3, 3), 2)"": 2693, ""((3, 3), 3)"": 1610}, ""degree_pair_exact"": true, ""matched_edge_count_per_control"": 15149, ""matching_method"": ""integral max-flow with exact endpoint-degree-quantile-pair and base normalized edge-weight quantile marginals"", ""shortages"": {}, ""status"": ""MATCHED"", ""target_degree_pair_marginal"": ""{(1, 1): 348, (2, 2): 904, (3, 3): 13897}"", ""target_edge_count"": 15149, ""target_weight_quantile_marginal"": ""{3: 2862, 0: 7283, 1: 2311, 2: 2693}"", ""verified_exact_marginals"": true, ""weight_quantile_exact"": true}",frozen graph intervention; FIXED_NORM_MASK is not retrained valid-operator performance
Reddit-S,43,uniform,high_similarity_low_novelty,FIXED_NORM_MASK,12135,-0.0009436929852154607,-0.0011352071348420534,0.007618159055709839,-0.4983654022216797,20,-0.001317443698644638,0.0013342792786389705,0.008935602754354477,-0.00020446681346334984,MATCHED,"{""allocated_cells"": 6, ""allocation"": {""((1, 1), 3)"": 381, ""((2, 2), 3)"": 945, ""((3, 3), 0)"": 5788, ""((3, 3), 1)"": 1572, ""((3, 3), 2)"": 2288, ""((3, 3), 3)"": 1161}, ""degree_pair_exact"": true, ""matched_edge_count_per_control"": 12135, ""matching_method"": ""integral max-flow with exact endpoint-degree-quantile-pair and base normalized edge-weight quantile marginals"", ""shortages"": {}, ""status"": ""MATCHED"", ""target_degree_pair_marginal"": ""{(1, 1): 381, (2, 2): 945, (3, 3): 10809}"", ""target_edge_count"": 12135, ""target_weight_quantile_marginal"": ""{3: 2487, 0: 5788, 2: 2288, 1: 1572}"", ""verified_exact_marginals"": true, ""weight_quantile_exact"": true}",frozen graph intervention; FIXED_NORM_MASK is not retrained valid-operator performance
Reddit-S,43,uniform,high_similarity_low_novelty,RENORMALIZED_DELETE,12135,-0.0006291286568103072,-0.0009262166884693723,0.000977545976638794,-0.028733253479003906,20,-0.0001683313399553299,0.001129466744327995,0.0011458773165941238,-0.00020446681346334984,MATCHED,"{""allocated_cells"": 6, ""allocation"": {""((1, 1), 3)"": 381, ""((2, 2), 3)"": 945, ""((3, 3), 0)"": 5788, ""((3, 3), 1)"": 1572, ""((3, 3), 2)"": 2288, ""((3, 3), 3)"": 1161}, ""degree_pair_exact"": true, ""matched_edge_count_per_control"": 12135, ""matching_method"": ""integral max-flow with exact endpoint-degree-quantile-pair and base normalized edge-weight quantile marginals"", ""shortages"": {}, ""status"": ""MATCHED"", ""target_degree_pair_marginal"": ""{(1, 1): 381, (2, 2): 945, (3, 3): 10809}"", ""target_edge_count"": 12135, ""target_weight_quantile_marginal"": ""{3: 2487, 0: 5788, 2: 2288, 1: 1572}"", ""verified_exact_marginals"": true, ""weight_quantile_exact"": true}",frozen graph intervention; FIXED_NORM_MASK is not retrained valid-operator performance
Reddit-S,43,uniform,high_similarity_high_novelty,FIXED_NORM_MASK,16528,-0.0012582573136206143,-0.00261080516180201,0.00828060507774353,-0.7759017944335938,20,-0.00028647370636463164,0.001876204357469468,0.008567078784108163,-0.0007234979553318643,MATCHED,"{""allocated_cells"": 6, ""allocation"": {""((1, 1), 3)"": 567, ""((2, 2), 3)"": 1301, ""((3, 3), 0)"": 4990, ""((3, 3), 1)"": 3280, ""((3, 3), 2)"": 4049, ""((3, 3), 3)"": 2341}, ""degree_pair_exact"": true, ""matched_edge_count_per_control"": 16528, ""matching_method"": ""integral max-flow with exact endpoint-degree-quantile-pair and base normalized edge-weight quantile marginals"", ""shortages"": {}, ""status"": ""MATCHED"", ""target_degree_pair_marginal"": ""{(1, 1): 567, (3, 3): 14660, (2, 2): 1301}"", ""target_edge_count"": 16528, ""target_weight_quantile_marginal"": ""{3: 4209, 0: 4990, 2: 4049, 1: 3280}"", ""verified_exact_marginals"": true, ""weight_quantile_exact"": true}",frozen graph intervention; FIXED_NORM_MASK is not retrained valid-operator performance
Reddit-S,43,uniform,high_similarity_high_novelty,RENORMALIZED_DELETE,16528,-0.0012582573136206143,-0.0020183312746464566,0.0026418939232826233,-0.04312419891357422,20,-0.00011951066553592682,0.0017112690823752517,0.00276140458881855,-0.0006763133060710913,MATCHED,"{""allocated_cells"": 6, ""allocation"": {""((1, 1), 3)"": 567, ""((2, 2), 3)"": 1301, ""((3, 3), 0)"": 4990, ""((3, 3), 1)"": 3280, ""((3, 3), 2)"": 4049, ""((3, 3), 3)"": 2341}, ""degree_pair_exact"": true, ""matched_edge_count_per_control"": 16528, ""matching_method"": ""integral max-flow with exact endpoint-degree-quantile-pair and base normalized edge-weight quantile marginals"", ""shortages"": {}, ""status"": ""MATCHED"", ""target_degree_pair_marginal"": ""{(1, 1): 567, (3, 3): 14660, (2, 2): 1301}"", ""target_edge_count"": 16528, ""target_weight_quantile_marginal"": ""{3: 4209, 0: 4990, 2: 4049, 1: 3280}"", ""verified_exact_marginals"": true, ""weight_quantile_exact"": true}",frozen graph intervention; FIXED_NORM_MASK is not retrained valid-operator performance
Reddit-S,43,uniform,low_similarity_high_novelty,FIXED_NORM_MASK,11934,-0.005033029254482568,-0.009116218686247568,0.011742211878299713,-0.6319112777709961,20,0.0012422922998666763,0.001215887889545956,0.010499919578433037,-0.00017301038062283446,MATCHED,"{""allocated_cells"": 6, ""allocation"": {""((1, 1), 3)"": 568, ""((2, 2), 3)"": 1327, ""((3, 3), 0)"": 862, ""((3, 3), 1)"": 985, ""((3, 3), 2)"": 5369, ""((3, 3), 3)"": 2823}, ""degree_pair_exact"": true, ""matched_edge_count_per_control"": 11934, ""matching_method"": ""integral max-flow with exact endpoint-degree-quantile-pair and base normalized edge-weight quantile marginals"", ""shortages"": {}, ""status"": ""MATCHED"", ""target_degree_pair_marginal"": ""{(1, 1): 568, (3, 3): 10039, (2, 2): 1327}"", ""target_edge_count"": 11934, ""target_weight_quantile_marginal"": ""{3: 4718, 0: 862, 2: 5369, 1: 985}"", ""verified_exact_marginals"": true, ""weight_quantile_exact"": true}",frozen graph intervention; FIXED_NORM_MASK is not retrained valid-operator performance
Reddit-S,43,uniform,low_similarity_high_novelty,RENORMALIZED_DELETE,11934,-0.003774771940861954,-0.006020732710619758,0.010139547288417816,0.024969100952148438,20,0.0008194707334041595,0.0008459521686499939,0.009320076555013657,-0.0006763133060710913,MATCHED,"{""allocated_cells"": 6, ""allocation"": {""((1, 1), 3)"": 568, ""((2, 2), 3)"": 1327, ""((3, 3), 0)"": 862, ""((3, 3), 1)"": 985, ""((3, 3), 2)"": 5369, ""((3, 3), 3)"": 2823}, ""degree_pair_exact"": true, ""matched_edge_count_per_control"": 11934, ""matching_method"": ""integral max-flow with exact endpoint-degree-quantile-pair and base normalized edge-weight quantile marginals"", ""shortages"": {}, ""status"": ""MATCHED"", ""target_degree_pair_marginal"": ""{(1, 1): 568, (3, 3): 10039, (2, 2): 1327}"", ""target_edge_count"": 11934, ""target_weight_quantile_marginal"": ""{3: 4718, 0: 862, 2: 5369, 1: 985}"", ""verified_exact_marginals"": true, ""weight_quantile_exact"": true}",frozen graph intervention; FIXED_NORM_MASK is not retrained valid-operator performance
Reddit-S,43,uniform,low_similarity_low_novelty,FIXED_NORM_MASK,10050,-0.002201950298836186,-0.0019930662874512173,0.013750441372394562,-0.46979665756225586,20,-0.0007260289043188095,0.0013387909912515067,0.014476470276713371,-0.00017301038062283446,MATCHED,"{""allocated_cells"": 6, ""allocation"": {""((1, 1), 3)"": 469, ""((2, 2), 3)"": 941, ""((3, 3), 0)"": 2182, ""((3, 3), 1)"": 4117, ""((3, 3), 2)"": 956, ""((3, 3), 3)"": 1385}, ""degree_pair_exact"": true, ""matched_edge_count_per_control"": 10050, ""matching_method"": ""integral max-flow with exact endpoint-degree-quantile-pair and base normalized edge-weight quantile marginals"", ""shortages"": {}, ""status"": ""MATCHED"", ""target_degree_pair_marginal"": ""{(1, 1): 469, (2, 2): 941, (3, 3): 8640}"", ""target_edge_count"": 10050, ""target_weight_quantile_marginal"": ""{3: 2795, 0: 2182, 2: 956, 1: 4117}"", ""verified_exact_marginals"": true, ""weight_quantile_exact"": true}",frozen graph intervention; FIXED_NORM_MASK is not retrained valid-operator performance
Reddit-S,43,uniform,low_similarity_low_novelty,RENORMALIZED_DELETE,10050,-0.0025165146272413397,-0.0022765600559258026,0.009440504014492035,-0.005199432373046875,20,9.6052885055542e-06,0.0007404495786955689,0.009430898725986481,-0.0003302925448254113,MATCHED,"{""allocated_cells"": 6, ""allocation"": {""((1, 1), 3)"": 469, ""((2, 2), 3)"": 941, ""((3, 3), 0)"": 2182, ""((3, 3), 1)"": 4117, ""((3, 3), 2)"": 956, ""((3, 3), 3)"": 1385}, ""degree_pair_exact"": true, ""matched_edge_count_per_control"": 10050, ""matching_method"": ""integral max-flow with exact endpoint-degree-quantile-pair and base normalized edge-weight quantile marginals"", ""shortages"": {}, ""status"": ""MATCHED"", ""target_degree_pair_marginal"": ""{(1, 1): 469, (2, 2): 941, (3, 3): 8640}"", ""target_edge_count"": 10050, ""target_weight_quantile_marginal"": ""{3: 2795, 0: 2182, 2: 956, 1: 4117}"", ""verified_exact_marginals"": true, ""weight_quantile_exact"": true}",frozen graph intervention; FIXED_NORM_MASK is not retrained valid-operator performance
Reddit-S,43,gpr,gpr_high_similarity_low_novelty,FIXED_NORM_MASK,12736,-0.0009436929852154607,-0.0018479222620708669,0.00399770587682724,-0.5754928588867188,20,-0.0007289562374353409,0.00139225607808974,0.004726662114262581,-0.0003302925448254113,MATCHED,"{""allocated_cells"": 6, ""allocation"": {""((1, 1), 3)"": 401, ""((2, 2), 3)"": 962, ""((3, 3), 0)"": 6367, ""((3, 3), 1)"": 1270, ""((3, 3), 2)"": 2527, ""((3, 3), 3)"": 1209}, ""degree_pair_exact"": true, ""matched_edge_count_per_control"": 12736, ""matching_method"": ""integral max-flow with exact endpoint-degree-quantile-pair and base normalized edge-weight quantile marginals"", ""shortages"": {}, ""status"": ""MATCHED"", ""target_degree_pair_marginal"": ""{(1, 1): 401, (3, 3): 11373, (2, 2): 962}"", ""target_edge_count"": 12736, ""target_weight_quantile_marginal"": ""{3: 2572, 0: 6367, 2: 2527, 1: 1270}"", ""verified_exact_marginals"": true, ""weight_quantile_exact"": true}",frozen graph intervention; FIXED_NORM_MASK is not retrained valid-operator performance
Reddit-S,43,gpr,gpr_high_similarity_low_novelty,RENORMALIZED_DELETE,12736,-0.0006291286568103072,-0.0014418589821303396,0.0015597641468048096,-0.0303802490234375,20,-0.00021596476435661315,0.0008152254604864652,0.0017757289111614226,-0.0002201950298836075,MATCHED,"{""allocated_cells"": 6, ""allocation"": {""((1, 1), 3)"": 401, ""((2, 2), 3)"": 962, ""((3, 3), 0)"": 6367, ""((3, 3), 1)"": 1270, ""((3, 3), 2)"": 2527, ""((3, 3), 3)"": 1209}, ""degree_pair_exact"": true, ""matched_edge_count_per_control"": 12736, ""matching_method"": ""integral max-flow with exact endpoint-degree-quantile-pair and base normalized edge-weight quantile marginals"", ""shortages"": {}, ""status"": ""MATCHED"", ""target_degree_pair_marginal"": ""{(1, 1): 401, (3, 3): 11373, (2, 2): 962}"", ""target_edge_count"": 12736, ""target_weight_quantile_marginal"": ""{3: 2572, 0: 6367, 2: 2527, 1: 1270}"", ""verified_exact_marginals"": true, ""weight_quantile_exact"": true}",frozen graph intervention; FIXED_NORM_MASK is not retrained valid-operator performance
Reddit-S,43,gpr,gpr_high_similarity_high_novelty,FIXED_NORM_MASK,19932,0.0003145643284051536,0.0002564374783290413,0.005893304944038391,-0.8002252578735352,20,-0.0005220822989940643,0.001680216651813686,0.006415387243032455,-0.0004089336269266997,MATCHED,"{""allocated_cells"": 6, ""allocation"": {""((1, 1), 3)"": 536, ""((2, 2), 3)"": 1203, ""((3, 3), 0)"": 6076, ""((3, 3), 1)"": 5068, ""((3, 3), 2)"": 4830, ""((3, 3), 3)"": 2219}, ""degree_pair_exact"": true, ""matched_edge_count_per_control"": 19932, ""matching_method"": ""integral max-flow with exact endpoint-degree-quantile-pair and base normalized edge-weight quantile marginals"", ""shortages"": {}, ""status"": ""MATCHED"", ""target_degree_pair_marginal"": ""{(1, 1): 536, (2, 2): 1203, (3, 3): 18193}"", ""target_edge_count"": 19932, ""target_weight_quantile_marginal"": ""{3: 3958, 0: 6076, 1: 5068, 2: 4830}"", ""verified_exact_marginals"": true, ""weight_quantile_exact"": true}",frozen graph intervention; FIXED_NORM_MASK is not retrained valid-operator performance
Reddit-S,43,gpr,gpr_high_similarity_high_novelty,RENORMALIZED_DELETE,19932,0.0,0.0,0.0008568912744522095,-0.052883148193359375,20,-0.0001324772834777832,0.0010052237840695454,0.0009893685579299926,-0.00036174897766592663,MATCHED,"{""allocated_cells"": 6, ""allocation"": {""((1, 1), 3)"": 536, ""((2, 2), 3)"": 1203, ""((3, 3), 0)"": 6076, ""((3, 3), 1)"": 5068, ""((3, 3), 2)"": 4830, ""((3, 3), 3)"": 2219}, ""degree_pair_exact"": true, ""matched_edge_count_per_control"": 19932, ""matching_method"": ""integral max-flow with exact endpoint-degree-quantile-pair and base normalized edge-weight quantile marginals"", ""shortages"": {}, ""status"": ""MATCHED"", ""target_degree_pair_marginal"": ""{(1, 1): 536, (2, 2): 1203, (3, 3): 18193}"", ""target_edge_count"": 19932, ""target_weight_quantile_marginal"": ""{3: 3958, 0: 6076, 1: 5068, 2: 4830}"", ""verified_exact_marginals"": true, ""weight_quantile_exact"": true}",frozen graph intervention; FIXED_NORM_MASK is not retrained valid-operator performance
Reddit-S,43,gpr,gpr_low_similarity_high_novelty,FIXED_NORM_MASK,10268,-0.003145643284051536,-0.003875965345539134,0.01420275866985321,-0.637021541595459,20,7.000565528869629e-05,0.001211938505345847,0.014132753014564514,-0.0007077697389115956,MATCHED,"{""allocated_cells"": 6, ""allocation"": {""((1, 1), 3)"": 572, ""((2, 2), 3)"": 1320, ""((3, 3), 0)"": 914, ""((3, 3), 1)"": 3039, ""((3, 3), 2)"": 2012, ""((3, 3), 3)"": 2411}, ""degree_pair_exact"": true, ""matched_edge_count_per_control"": 10268, ""matching_method"": ""integral max-flow with exact endpoint-degree-quantile-pair and base normalized edge-weight quantile marginals"", ""shortages"": {}, ""status"": ""MATCHED"", ""target_degree_pair_marginal"": ""{(1, 1): 572, (2, 2): 1320, (3, 3): 8376}"", ""target_edge_count"": 10268, ""target_weight_quantile_marginal"": ""{3: 4303, 0: 914, 1: 3039, 2: 2012}"", ""verified_exact_marginals"": true, ""weight_quantile_exact"": true}",frozen graph intervention; FIXED_NORM_MASK is not retrained valid-operator performance
Reddit-S,43,gpr,gpr_low_similarity_high_novelty,RENORMALIZED_DELETE,10268,-0.0018873859704309215,-0.0025887396194747003,0.007907114923000336,0.0003814697265625,20,0.0008047878742218018,0.0008367840734489163,0.007102327048778534,-0.0005504875747090188,MATCHED,"{""allocated_cells"": 6, ""allocation"": {""((1, 1), 3)"": 572, ""((2, 2), 3)"": 1320, ""((3, 3), 0)"": 914, ""((3, 3), 1)"": 3039, ""((3, 3), 2)"": 2012, ""((3, 3), 3)"": 2411}, ""degree_pair_exact"": true, ""matched_edge_count_per_control"": 10268, ""matching_method"": ""integral max-flow with exact endpoint-degree-quantile-pair and base normalized edge-weight quantile marginals"", ""shortages"": {}, ""status"": ""MATCHED"", ""target_degree_pair_marginal"": ""{(1, 1): 572, (2, 2): 1320, (3, 3): 8376}"", ""target_edge_count"": 10268, ""target_weight_quantile_marginal"": ""{3: 4303, 0: 914, 1: 3039, 2: 2012}"", ""verified_exact_marginals"": true, ""weight_quantile_exact"": true}",frozen graph intervention; FIXED_NORM_MASK is not retrained valid-operator performance
Reddit-S,43,gpr,gpr_low_similarity_low_novelty,FIXED_NORM_MASK,14190,-0.003774771940861954,-0.0049032714710642855,0.010938428342342377,-0.5820636749267578,20,0.0002539437264204025,0.001369967620233119,0.010684484615921974,-0.0002988361119848959,MATCHED,"{""allocated_cells"": 6, ""allocation"": {""((1, 1), 3)"": 461, ""((2, 2), 3)"": 1137, ""((3, 3), 0)"": 3060, ""((3, 3), 1)"": 2860, ""((3, 3), 2)"": 5236, ""((3, 3), 3)"": 1436}, ""degree_pair_exact"": true, ""matched_edge_count_per_control"": 14190, ""matching_method"": ""integral max-flow with exact endpoint-degree-quantile-pair and base normalized edge-weight quantile marginals"", ""shortages"": {}, ""status"": ""MATCHED"", ""target_degree_pair_marginal"": ""{(1, 1): 461, (3, 3): 12592, (2, 2): 1137}"", ""target_edge_count"": 14190, ""target_weight_quantile_marginal"": ""{3: 3034, 0: 3060, 2: 5236, 1: 2860}"", ""verified_exact_marginals"": true, ""weight_quantile_exact"": true}",frozen graph intervention; FIXED_NORM_MASK is not retrained valid-operator performance
Reddit-S,43,gpr,gpr_low_similarity_low_novelty,RENORMALIZED_DELETE,14190,-0.0034602076124566894,-0.005001130566185785,0.01216871291399002,0.017719268798828125,20,0.00036940090358257295,0.000955516790652312,0.011799312010407449,-0.000440390059767215,MATCHED,"{""allocated_cells"": 6, ""allocation"": {""((1, 1), 3)"": 461, ""((2, 2), 3)"": 1137, ""((3, 3), 0)"": 3060, ""((3, 3), 1)"": 2860, ""((3, 3), 2)"": 5236, ""((3, 3), 3)"": 1436}, ""degree_pair_exact"": true, ""matched_edge_count_per_control"": 14190, ""matching_method"": ""integral max-flow with exact endpoint-degree-quantile-pair and base normalized edge-weight quantile marginals"", ""shortages"": {}, ""status"": ""MATCHED"", ""target_degree_pair_marginal"": ""{(1, 1): 461, (3, 3): 12592, (2, 2): 1137}"", ""target_edge_count"": 14190, ""target_weight_quantile_marginal"": ""{3: 3034, 0: 3060, 2: 5236, 1: 2860}"", ""verified_exact_marginals"": true, ""weight_quantile_exact"": true}",frozen graph intervention; FIXED_NORM_MASK is not retrained valid-operator performance
Reddit-S,43,text_uniform,text_low_similarity_high_novelty,FIXED_NORM_MASK,11736,-0.01384083044982709,-0.011425088927868199,0.059349291026592255,-0.3068270683288574,20,0.016889646649360657,0.001570758195961793,0.0424596443772316,-0.0005347593582888166,MATCHED,"{""allocated_cells"": 6, ""allocation"": {""((1, 1), 3)"": 426, ""((2, 2), 3)"": 1183, ""((3, 3), 0)"": 453, ""((3, 3), 1)"": 6582, ""((3, 3), 2)"": 1262, ""((3, 3), 3)"": 1830}, ""degree_pair_exact"": true, ""matched_edge_count_per_control"": 11736, ""matching_method"": ""integral max-flow with exact endpoint-degree-quantile-pair and base normalized edge-weight quantile marginals"", ""shortages"": {}, ""status"": ""MATCHED"", ""target_degree_pair_marginal"": ""{(1, 1): 426, (2, 2): 1183, (3, 3): 10127}"", ""target_edge_count"": 11736, ""target_weight_quantile_marginal"": ""{3: 3439, 0: 453, 2: 1262, 1: 6582}"", ""verified_exact_marginals"": true, ""weight_quantile_exact"": true}",frozen graph intervention; FIXED_NORM_MASK is not retrained valid-operator performance
Reddit-S,43,text_uniform,text_low_similarity_high_novelty,RENORMALIZED_DELETE,11736,-0.010066058508965137,-0.008122070530746428,0.05266343802213669,0.016237735748291016,20,0.0028334520757198334,0.0013278653808861452,0.049829985946416855,-0.0007392261717521942,MATCHED,"{""allocated_cells"": 6, ""allocation"": {""((1, 1), 3)"": 426, ""((2, 2), 3)"": 1183, ""((3, 3), 0)"": 453, ""((3, 3), 1)"": 6582, ""((3, 3), 2)"": 1262, ""((3, 3), 3)"": 1830}, ""degree_pair_exact"": true, ""matched_edge_count_per_control"": 11736, ""matching_method"": ""integral max-flow with exact endpoint-degree-quantile-pair and base normalized edge-weight quantile marginals"", ""shortages"": {}, ""status"": ""MATCHED"", ""target_degree_pair_marginal"": ""{(1, 1): 426, (2, 2): 1183, (3, 3): 10127}"", ""target_edge_count"": 11736, ""target_weight_quantile_marginal"": ""{3: 3439, 0: 453, 2: 1262, 1: 6582}"", ""verified_exact_marginals"": true, ""weight_quantile_exact"": true}",frozen graph intervention; FIXED_NORM_MASK is not retrained valid-operator performance
Reddit-S,43,text_uniform,text_high_similarity_low_novelty,FIXED_NORM_MASK,30600,0.0,0.0005370833401732167,0.033758409321308136,-0.8192753791809082,20,0.042268098890781404,0.0020868257219223453,-0.008509689569473268,-0.002658068575023659,MATCHED,"{""allocated_cells"": 6, ""allocation"": {""((1, 1), 3)"": 677, ""((2, 2), 3)"": 1721, ""((3, 3), 0)"": 15000, ""((3, 3), 1)"": 3452, ""((3, 3), 2)"": 7140, ""((3, 3), 3)"": 2610}, ""degree_pair_exact"": true, ""matched_edge_count_per_control"": 30600, ""matching_method"": ""integral max-flow with exact endpoint-degree-quantile-pair and base normalized edge-weight quantile marginals"", ""shortages"": {}, ""status"": ""MATCHED"", ""target_degree_pair_marginal"": ""{(1, 1): 677, (3, 3): 28202, (2, 2): 1721}"", ""target_edge_count"": 30600, ""target_weight_quantile_marginal"": ""{3: 5008, 0: 15000, 2: 7140, 1: 3452}"", ""verified_exact_marginals"": true, ""weight_quantile_exact"": true}",frozen graph intervention; FIXED_NORM_MASK is not retrained valid-operator performance
Reddit-S,43,text_uniform,text_high_similarity_low_novelty,RENORMALIZED_DELETE,30600,-0.0009436929852155718,-0.0010739931779041312,0.003057621419429779,-0.09084701538085938,20,0.008224040269851685,0.0021912379714818676,-0.0051664188504219055,-0.0017930166719094865,MATCHED,"{""allocated_cells"": 6, ""allocation"": {""((1, 1), 3)"": 677, ""((2, 2), 3)"": 1721, ""((3, 3), 0)"": 15000, ""((3, 3), 1)"": 3452, ""((3, 3), 2)"": 7140, ""((3, 3), 3)"": 2610}, ""degree_pair_exact"": true, ""matched_edge_count_per_control"": 30600, ""matching_method"": ""integral max-flow with exact endpoint-degree-quantile-pair and base normalized edge-weight quantile marginals"", ""shortages"": {}, ""status"": ""MATCHED"", ""target_degree_pair_marginal"": ""{(1, 1): 677, (3, 3): 28202, (2, 2): 1721}"", ""target_edge_count"": 30600, ""target_weight_quantile_marginal"": ""{3: 5008, 0: 15000, 2: 7140, 1: 3452}"", ""verified_exact_marginals"": true, ""weight_quantile_exact"": true}",frozen graph intervention; FIXED_NORM_MASK is not retrained valid-operator performance
Reddit-S,43,text_uniform,joint_low_similarity_high_novelty,FIXED_NORM_MASK,11934,-0.011638880150990905,-0.008967381721456835,0.06422623246908188,-0.3950958251953125,20,0.02581605315208435,0.001832509796755106,0.03841017931699753,-0.0015728216420258622,MATCHED,"{""allocated_cells"": 6, ""allocation"": {""((1, 1), 3)"": 568, ""((2, 2), 3)"": 1327, ""((3, 3), 0)"": 862, ""((3, 3), 1)"": 985, ""((3, 3), 2)"": 5369, ""((3, 3), 3)"": 2823}, ""degree_pair_exact"": true, ""matched_edge_count_per_control"": 11934, ""matching_method"": ""integral max-flow with exact endpoint-degree-quantile-pair and base normalized edge-weight quantile marginals"", ""shortages"": {}, ""status"": ""MATCHED"", ""target_degree_pair_marginal"": ""{(1, 1): 568, (3, 3): 10039, (2, 2): 1327}"", ""target_edge_count"": 11934, ""target_weight_quantile_marginal"": ""{3: 4718, 0: 862, 2: 5369, 1: 985}"", ""verified_exact_marginals"": true, ""weight_quantile_exact"": true}",frozen graph intervention; FIXED_NORM_MASK is not retrained valid-operator performance
Reddit-S,43,text_uniform,joint_low_similarity_high_novelty,RENORMALIZED_DELETE,11934,-0.008178672538534215,-0.005760734502732512,0.03874000161886215,0.01664447784423828,20,0.006130237877368927,0.0020664812539104302,0.03260976374149323,-0.0014469959106638008,MATCHED,"{""allocated_cells"": 6, ""allocation"": {""((1, 1), 3)"": 568, ""((2, 2), 3)"": 1327, ""((3, 3), 0)"": 862, ""((3, 3), 1)"": 985, ""((3, 3), 2)"": 5369, ""((3, 3), 3)"": 2823}, ""degree_pair_exact"": true, ""matched_edge_count_per_control"": 11934, ""matching_method"": ""integral max-flow with exact endpoint-degree-quantile-pair and base normalized edge-weight quantile marginals"", ""shortages"": {}, ""status"": ""MATCHED"", ""target_degree_pair_marginal"": ""{(1, 1): 568, (3, 3): 10039, (2, 2): 1327}"", ""target_edge_count"": 11934, ""target_weight_quantile_marginal"": ""{3: 4718, 0: 862, 2: 5369, 1: 985}"", ""verified_exact_marginals"": true, ""weight_quantile_exact"": true}",frozen graph intervention; FIXED_NORM_MASK is not retrained valid-operator performance
Reddit-S,43,text_uniform,joint_high_similarity_low_novelty,FIXED_NORM_MASK,12135,-0.0006291286568104182,-0.0015396557099738306,0.01828361302614212,-0.3896665573120117,20,0.014017832279205323,0.0010976058643399783,0.004265780746936797,-0.0006291286568103627,MATCHED,"{""allocated_cells"": 6, ""allocation"": {""((1, 1), 3)"": 381, ""((2, 2), 3)"": 945, ""((3, 3), 0)"": 5788, ""((3, 3), 1)"": 1572, ""((3, 3), 2)"": 2288, ""((3, 3), 3)"": 1161}, ""degree_pair_exact"": true, ""matched_edge_count_per_control"": 12135, ""matching_method"": ""integral max-flow with exact endpoint-degree-quantile-pair and base normalized edge-weight quantile marginals"", ""shortages"": {}, ""status"": ""MATCHED"", ""target_degree_pair_marginal"": ""{(1, 1): 381, (2, 2): 945, (3, 3): 10809}"", ""target_edge_count"": 12135, ""target_weight_quantile_marginal"": ""{3: 2487, 0: 5788, 2: 2288, 1: 1572}"", ""verified_exact_marginals"": true, ""weight_quantile_exact"": true}",frozen graph intervention; FIXED_NORM_MASK is not retrained valid-operator performance
Reddit-S,43,text_uniform,joint_high_similarity_low_novelty,RENORMALIZED_DELETE,12135,-0.0003145643284051536,-0.0004502467999811799,0.0018446296453475952,-0.03351449966430664,20,0.002759566530585289,0.0010919330991233482,-0.0009149368852376938,-0.0005190311418685645,MATCHED,"{""allocated_cells"": 6, ""allocation"": {""((1, 1), 3)"": 381, ""((2, 2), 3)"": 945, ""((3, 3), 0)"": 5788, ""((3, 3), 1)"": 1572, ""((3, 3), 2)"": 2288, ""((3, 3), 3)"": 1161}, ""degree_pair_exact"": true, ""matched_edge_count_per_control"": 12135, ""matching_method"": ""integral max-flow with exact endpoint-degree-quantile-pair and base normalized edge-weight quantile marginals"", ""shortages"": {}, ""status"": ""MATCHED"", ""target_degree_pair_marginal"": ""{(1, 1): 381, (2, 2): 945, (3, 3): 10809}"", ""target_edge_count"": 12135, ""target_weight_quantile_marginal"": ""{3: 2487, 0: 5788, 2: 2288, 1: 1572}"", ""verified_exact_marginals"": true, ""weight_quantile_exact"": true}",frozen graph intervention; FIXED_NORM_MASK is not retrained valid-operator performance
Reddit-S,43,visual_uniform,visual_low_similarity_high_novelty,FIXED_NORM_MASK,24791,-0.00440390059767215,-0.00495750005576201,0.05104947090148926,-0.4575028419494629,20,0.020708761364221572,0.0012003876438141136,0.030340709537267686,0.0003774771940861843,MATCHED,"{""allocated_cells"": 6, ""allocation"": {""((1, 1), 3)"": 578, ""((2, 2), 3)"": 1342, ""((3, 3), 0)"": 9346, ""((3, 3), 1)"": 5154, ""((3, 3), 2)"": 6259, ""((3, 3), 3)"": 2112}, ""degree_pair_exact"": true, ""matched_edge_count_per_control"": 24791, ""matching_method"": ""integral max-flow with exact endpoint-degree-quantile-pair and base normalized edge-weight quantile marginals"", ""shortages"": {}, ""status"": ""MATCHED"", ""target_degree_pair_marginal"": ""{(1, 1): 578, (2, 2): 1342, (3, 3): 22871}"", ""target_edge_count"": 24791, ""target_weight_quantile_marginal"": ""{3: 4032, 0: 9346, 2: 6259, 1: 5154}"", ""verified_exact_marginals"": true, ""weight_quantile_exact"": true}",frozen graph intervention; FIXED_NORM_MASK is not retrained valid-operator performance
Reddit-S,43,visual_uniform,visual_low_similarity_high_novelty,RENORMALIZED_DELETE,24791,-0.003774771940861843,-0.004429670319379797,0.007608368992805481,0.028685569763183594,20,0.0011008642613887787,0.0008518705432527347,0.006507504731416702,-0.0004089336269266997,MATCHED,"{""allocated_cells"": 6, ""allocation"": {""((1, 1), 3)"": 578, ""((2, 2), 3)"": 1342, ""((3, 3), 0)"": 9346, ""((3, 3), 1)"": 5154, ""((3, 3), 2)"": 6259, ""((3, 3), 3)"": 2112}, ""degree_pair_exact"": true, ""matched_edge_count_per_control"": 24791, ""matching_method"": ""integral max-flow with exact endpoint-degree-quantile-pair and base normalized edge-weight quantile marginals"", ""shortages"": {}, ""status"": ""MATCHED"", ""target_degree_pair_marginal"": ""{(1, 1): 578, (2, 2): 1342, (3, 3): 22871}"", ""target_edge_count"": 24791, ""target_weight_quantile_marginal"": ""{3: 4032, 0: 9346, 2: 6259, 1: 5154}"", ""verified_exact_marginals"": true, ""weight_quantile_exact"": true}",frozen graph intervention; FIXED_NORM_MASK is not retrained valid-operator performance
Reddit-S,43,visual_uniform,visual_high_similarity_low_novelty,FIXED_NORM_MASK,35652,0.0018873859704309215,0.00233136765595654,0.0718902051448822,-0.9476370811462402,20,0.05526924878358841,0.0020268153176575023,0.016620956361293793,-0.0003460207612456634,MATCHED,"{""allocated_cells"": 6, ""allocation"": {""((1, 1), 3)"": 1109, ""((2, 2), 3)"": 2634, ""((3, 3), 0)"": 11527, ""((3, 3), 1)"": 8171, ""((3, 3), 2)"": 7884, ""((3, 3), 3)"": 4327}, ""degree_pair_exact"": true, ""matched_edge_count_per_control"": 35652, ""matching_method"": ""integral max-flow with exact endpoint-degree-quantile-pair and base normalized edge-weight quantile marginals"", ""shortages"": {}, ""status"": ""MATCHED"", ""target_degree_pair_marginal"": ""{(1, 1): 1109, (3, 3): 31909, (2, 2): 2634}"", ""target_edge_count"": 35652, ""target_weight_quantile_marginal"": ""{3: 8070, 0: 11527, 1: 8171, 2: 7884}"", ""verified_exact_marginals"": true, ""weight_quantile_exact"": true}",frozen graph intervention; FIXED_NORM_MASK is not retrained valid-operator performance
Reddit-S,43,visual_uniform,visual_high_similarity_low_novelty,RENORMALIZED_DELETE,35652,0.0006291286568103072,0.0011766301664575263,0.0028416216373443604,-0.07227611541748047,20,0.003102508932352066,0.0013880569447715671,-0.0002608872950077058,-0.0011009751494180375,MATCHED,"{""allocated_cells"": 6, ""allocation"": {""((1, 1), 3)"": 1109, ""((2, 2), 3)"": 2634, ""((3, 3), 0)"": 11527, ""((3, 3), 1)"": 8171, ""((3, 3), 2)"": 7884, ""((3, 3), 3)"": 4327}, ""degree_pair_exact"": true, ""matched_edge_count_per_control"": 35652, ""matching_method"": ""integral max-flow with exact endpoint-degree-quantile-pair and base normalized edge-weight quantile marginals"", ""shortages"": {}, ""status"": ""MATCHED"", ""target_degree_pair_marginal"": ""{(1, 1): 1109, (3, 3): 31909, (2, 2): 2634}"", ""target_edge_count"": 35652, ""target_weight_quantile_marginal"": ""{3: 8070, 0: 11527, 1: 8171, 2: 7884}"", ""verified_exact_marginals"": true, ""weight_quantile_exact"": true}",frozen graph intervention; FIXED_NORM_MASK is not retrained valid-operator performance
Reddit-S,43,visual_uniform,joint_low_similarity_high_novelty,FIXED_NORM_MASK,11934,-0.006605850896508336,-0.004728516454847176,0.04341079294681549,-0.41127443313598633,20,0.017855268716812134,0.0013766080837150528,0.025555524230003356,0.0005190311418685034,MATCHED,"{""allocated_cells"": 6, ""allocation"": {""((1, 1), 3)"": 568, ""((2, 2), 3)"": 1327, ""((3, 3), 0)"": 862, ""((3, 3), 1)"": 985, ""((3, 3), 2)"": 5369, ""((3, 3), 3)"": 2823}, ""degree_pair_exact"": true, ""matched_edge_count_per_control"": 11934, ""matching_method"": ""integral max-flow with exact endpoint-degree-quantile-pair and base normalized edge-weight quantile marginals"", ""shortages"": {}, ""status"": ""MATCHED"", ""target_degree_pair_marginal"": ""{(1, 1): 568, (3, 3): 10039, (2, 2): 1327}"", ""target_edge_count"": 11934, ""target_weight_quantile_marginal"": ""{3: 4718, 0: 862, 2: 5369, 1: 985}"", ""verified_exact_marginals"": true, ""weight_quantile_exact"": true}",frozen graph intervention; FIXED_NORM_MASK is not retrained valid-operator performance
Reddit-S,43,visual_uniform,joint_low_similarity_high_novelty,RENORMALIZED_DELETE,11934,-0.00440390059767215,-0.0032727965597297848,0.009585782885551453,0.03389739990234375,20,0.0012301847338676453,0.0008663337139036365,0.008355598151683807,-0.0002201950298836075,MATCHED,"{""allocated_cells"": 6, ""allocation"": {""((1, 1), 3)"": 568, ""((2, 2), 3)"": 1327, ""((3, 3), 0)"": 862, ""((3, 3), 1)"": 985, ""((3, 3), 2)"": 5369, ""((3, 3), 3)"": 2823}, ""degree_pair_exact"": true, ""matched_edge_count_per_control"": 11934, ""matching_method"": ""integral max-flow with exact endpoint-degree-quantile-pair and base normalized edge-weight quantile marginals"", ""shortages"": {}, ""status"": ""MATCHED"", ""target_degree_pair_marginal"": ""{(1, 1): 568, (3, 3): 10039, (2, 2): 1327}"", ""target_edge_count"": 11934, ""target_weight_quantile_marginal"": ""{3: 4718, 0: 862, 2: 5369, 1: 985}"", ""verified_exact_marginals"": true, ""weight_quantile_exact"": true}",frozen graph intervention; FIXED_NORM_MASK is not retrained valid-operator performance
Reddit-S,43,visual_uniform,joint_high_similarity_low_novelty,FIXED_NORM_MASK,12135,-0.0006291286568103072,-0.0004216581373361894,0.0202416330575943,-0.3277435302734375,20,0.009541818499565124,0.0008853017034522662,0.010699814558029175,0.0003774771940861843,MATCHED,"{""allocated_cells"": 6, ""allocation"": {""((1, 1), 3)"": 381, ""((2, 2), 3)"": 945, ""((3, 3), 0)"": 5788, ""((3, 3), 1)"": 1572, ""((3, 3), 2)"": 2288, ""((3, 3), 3)"": 1161}, ""degree_pair_exact"": true, ""matched_edge_count_per_control"": 12135, ""matching_method"": ""integral max-flow with exact endpoint-degree-quantile-pair and base normalized edge-weight quantile marginals"", ""shortages"": {}, ""status"": ""MATCHED"", ""target_degree_pair_marginal"": ""{(1, 1): 381, (2, 2): 945, (3, 3): 10809}"", ""target_edge_count"": 12135, ""target_weight_quantile_marginal"": ""{3: 2487, 0: 5788, 2: 2288, 1: 1572}"", ""verified_exact_marginals"": true, ""weight_quantile_exact"": true}",frozen graph intervention; FIXED_NORM_MASK is not retrained valid-operator performance
Reddit-S,43,visual_uniform,joint_high_similarity_low_novelty,RENORMALIZED_DELETE,12135,-0.0009436929852154607,-0.0007629091761185425,0.000756189227104187,-0.017951011657714844,20,0.0004290364682674408,0.0005140937132177651,0.0003271527588367462,-0.0002516514627241229,MATCHED,"{""allocated_cells"": 6, ""allocation"": {""((1, 1), 3)"": 381, ""((2, 2), 3)"": 945, ""((3, 3), 0)"": 5788, ""((3, 3), 1)"": 1572, ""((3, 3), 2)"": 2288, ""((3, 3), 3)"": 1161}, ""degree_pair_exact"": true, ""matched_edge_count_per_control"": 12135, ""matching_method"": ""integral max-flow with exact endpoint-degree-quantile-pair and base normalized edge-weight quantile marginals"", ""shortages"": {}, ""status"": ""MATCHED"", ""target_degree_pair_marginal"": ""{(1, 1): 381, (2, 2): 945, (3, 3): 10809}"", ""target_edge_count"": 12135, ""target_weight_quantile_marginal"": ""{3: 2487, 0: 5788, 2: 2288, 1: 1572}"", ""verified_exact_marginals"": true, ""weight_quantile_exact"": true}",frozen graph intervention; FIXED_NORM_MASK is not retrained valid-operator performance
Reddit-S,44,uniform,high_similarity_low_novelty,FIXED_NORM_MASK,13325,-0.0003145643284051536,-7.604846139330768e-05,0.004096679389476776,-0.5517072677612305,20,-0.006020192056894302,0.0014065324718914494,0.010116871446371078,-0.00023592324630386519,MATCHED,"{""allocated_cells"": 6, ""allocation"": {""((1, 1), 3)"": 479, ""((2, 2), 3)"": 926, ""((3, 3), 0)"": 6869, ""((3, 3), 1)"": 1368, ""((3, 3), 2)"": 2101, ""((3, 3), 3)"": 1582}, ""degree_pair_exact"": true, ""matched_edge_count_per_control"": 13325, ""matching_method"": ""integral max-flow with exact endpoint-degree-quantile-pair and base normalized edge-weight quantile marginals"", ""shortages"": {}, ""status"": ""MATCHED"", ""target_degree_pair_marginal"": ""{(1, 1): 479, (3, 3): 11920, (2, 2): 926}"", ""target_edge_count"": 13325, ""target_weight_quantile_marginal"": ""{3: 2987, 0: 6869, 1: 1368, 2: 2101}"", ""verified_exact_marginals"": true, ""weight_quantile_exact"": true}",frozen graph intervention; FIXED_NORM_MASK is not retrained valid-operator performance
Reddit-S,44,uniform,high_similarity_low_novelty,RENORMALIZED_DELETE,13325,0.0,0.0004779809566304305,0.0025696009397506714,-0.029392242431640625,20,-0.0011446062475442887,0.0013101673568974715,0.00371420718729496,-0.00020446681346334984,MATCHED,"{""allocated_cells"": 6, ""allocation"": {""((1, 1), 3)"": 479, ""((2, 2), 3)"": 926, ""((3, 3), 0)"": 6869, ""((3, 3), 1)"": 1368, ""((3, 3), 2)"": 2101, ""((3, 3), 3)"": 1582}, ""degree_pair_exact"": true, ""matched_edge_count_per_control"": 13325, ""matching_method"": ""integral max-flow with exact endpoint-degree-quantile-pair and base normalized edge-weight quantile marginals"", ""shortages"": {}, ""status"": ""MATCHED"", ""target_degree_pair_marginal"": ""{(1, 1): 479, (3, 3): 11920, (2, 2): 926}"", ""target_edge_count"": 13325, ""target_weight_quantile_marginal"": ""{3: 2987, 0: 6869, 1: 1368, 2: 2101}"", ""verified_exact_marginals"": true, ""weight_quantile_exact"": true}",frozen graph intervention; FIXED_NORM_MASK is not retrained valid-operator performance
Reddit-S,44,uniform,high_similarity_high_novelty,FIXED_NORM_MASK,13800,0.0003145643284051536,0.00024841250646168156,0.006290808320045471,-0.6853218078613281,20,-0.005275333300232887,0.0014714614255975078,0.011566141620278358,-1.572821642025768e-05,MATCHED,"{""allocated_cells"": 6, ""allocation"": {""((1, 1), 3)"": 506, ""((2, 2), 3)"": 1195, ""((3, 3), 0)"": 4203, ""((3, 3), 1)"": 2848, ""((3, 3), 2)"": 3121, ""((3, 3), 3)"": 1927}, ""degree_pair_exact"": true, ""matched_edge_count_per_control"": 13800, ""matching_method"": ""integral max-flow with exact endpoint-degree-quantile-pair and base normalized edge-weight quantile marginals"", ""shortages"": {}, ""status"": ""MATCHED"", ""target_degree_pair_marginal"": ""{(1, 1): 506, (2, 2): 1195, (3, 3): 12099}"", ""target_edge_count"": 13800, ""target_weight_quantile_marginal"": ""{3: 3628, 0: 4203, 2: 3121, 1: 2848}"", ""verified_exact_marginals"": true, ""weight_quantile_exact"": true}",frozen graph intervention; FIXED_NORM_MASK is not retrained valid-operator performance
Reddit-S,44,uniform,high_similarity_high_novelty,RENORMALIZED_DELETE,13800,-0.0003145643284051536,-0.0006610498209674853,0.0022691264748573303,-0.049971580505371094,20,-0.0016188442707061768,0.00153361482511965,0.003887970745563507,7.86410821012884e-05,MATCHED,"{""allocated_cells"": 6, ""allocation"": {""((1, 1), 3)"": 506, ""((2, 2), 3)"": 1195, ""((3, 3), 0)"": 4203, ""((3, 3), 1)"": 2848, ""((3, 3), 2)"": 3121, ""((3, 3), 3)"": 1927}, ""degree_pair_exact"": true, ""matched_edge_count_per_control"": 13800, ""matching_method"": ""integral max-flow with exact endpoint-degree-quantile-pair and base normalized edge-weight quantile marginals"", ""shortages"": {}, ""status"": ""MATCHED"", ""target_degree_pair_marginal"": ""{(1, 1): 506, (2, 2): 1195, (3, 3): 12099}"", ""target_edge_count"": 13800, ""target_weight_quantile_marginal"": ""{3: 3628, 0: 4203, 2: 3121, 1: 2848}"", ""verified_exact_marginals"": true, ""weight_quantile_exact"": true}",frozen graph intervention; FIXED_NORM_MASK is not retrained valid-operator performance
Reddit-S,44,uniform,low_similarity_high_novelty,FIXED_NORM_MASK,12237,-0.0034602076124568004,-0.002793825327720878,0.0132514089345932,-0.6771235466003418,20,-0.0023530855774879455,0.0011032961733140204,0.015604494512081147,3.145643284051536e-05,MATCHED,"{""allocated_cells"": 6, ""allocation"": {""((1, 1), 3)"": 558, ""((2, 2), 3)"": 1471, ""((3, 3), 0)"": 788, ""((3, 3), 1)"": 5327, ""((3, 3), 2)"": 1858, ""((3, 3), 3)"": 2235}, ""degree_pair_exact"": true, ""matched_edge_count_per_control"": 12237, ""matching_method"": ""integral max-flow with exact endpoint-degree-quantile-pair and base normalized edge-weight quantile marginals"", ""shortages"": {}, ""status"": ""MATCHED"", ""target_degree_pair_marginal"": ""{(1, 1): 558, (2, 2): 1471, (3, 3): 10208}"", ""target_edge_count"": 12237, ""target_weight_quantile_marginal"": ""{3: 4264, 0: 788, 2: 1858, 1: 5327}"", ""verified_exact_marginals"": true, ""weight_quantile_exact"": true}",frozen graph intervention; FIXED_NORM_MASK is not retrained valid-operator performance
Reddit-S,44,uniform,low_similarity_high_novelty,RENORMALIZED_DELETE,12237,-0.0028310789556464933,-0.0020981888472114685,0.010568149387836456,-0.007561683654785156,20,6.581693887710571e-05,0.001100474229861374,0.01050233244895935,4.7184649260773035e-05,MATCHED,"{""allocated_cells"": 6, ""allocation"": {""((1, 1), 3)"": 558, ""((2, 2), 3)"": 1471, ""((3, 3), 0)"": 788, ""((3, 3), 1)"": 5327, ""((3, 3), 2)"": 1858, ""((3, 3), 3)"": 2235}, ""degree_pair_exact"": true, ""matched_edge_count_per_control"": 12237, ""matching_method"": ""integral max-flow with exact endpoint-degree-quantile-pair and base normalized edge-weight quantile marginals"", ""shortages"": {}, ""status"": ""MATCHED"", ""target_degree_pair_marginal"": ""{(1, 1): 558, (2, 2): 1471, (3, 3): 10208}"", ""target_edge_count"": 12237, ""target_weight_quantile_marginal"": ""{3: 4264, 0: 788, 2: 1858, 1: 5327}"", ""verified_exact_marginals"": true, ""weight_quantile_exact"": true}",frozen graph intervention; FIXED_NORM_MASK is not retrained valid-operator performance
Reddit-S,44,uniform,low_similarity_low_novelty,FIXED_NORM_MASK,10402,-0.0018873859704309215,-0.0023362293602844364,0.0019354894757270813,-0.5629458427429199,20,-0.0026438131928443907,0.0020943344192594295,0.004579302668571472,-6.291286568103072e-05,MATCHED,"{""allocated_cells"": 6, ""allocation"": {""((1, 1), 3)"": 504, ""((2, 2), 3)"": 1017, ""((3, 3), 0)"": 2844, ""((3, 3), 1)"": 515, ""((3, 3), 2)"": 3562, ""((3, 3), 3)"": 1960}, ""degree_pair_exact"": true, ""matched_edge_count_per_control"": 10402, ""matching_method"": ""integral max-flow with exact endpoint-degree-quantile-pair and base normalized edge-weight quantile marginals"", ""shortages"": {}, ""status"": ""MATCHED"", ""target_degree_pair_marginal"": ""{(1, 1): 504, (3, 3): 8881, (2, 2): 1017}"", ""target_edge_count"": 10402, ""target_weight_quantile_marginal"": ""{3: 3481, 0: 2844, 1: 515, 2: 3562}"", ""verified_exact_marginals"": true, ""weight_quantile_exact"": true}",frozen graph intervention; FIXED_NORM_MASK is not retrained valid-operator performance
Reddit-S,44,uniform,low_similarity_low_novelty,RENORMALIZED_DELETE,10402,-0.0018873859704309215,-0.0023362293602844364,0.009030185639858246,-0.00046539306640625,20,-0.00040718689560890196,0.0013285186892643978,0.009437372535467147,-0.00012582573136206144,MATCHED,"{""allocated_cells"": 6, ""allocation"": {""((1, 1), 3)"": 504, ""((2, 2), 3)"": 1017, ""((3, 3), 0)"": 2844, ""((3, 3), 1)"": 515, ""((3, 3), 2)"": 3562, ""((3, 3), 3)"": 1960}, ""degree_pair_exact"": true, ""matched_edge_count_per_control"": 10402, ""matching_method"": ""integral max-flow with exact endpoint-degree-quantile-pair and base normalized edge-weight quantile marginals"", ""shortages"": {}, ""status"": ""MATCHED"", ""target_degree_pair_marginal"": ""{(1, 1): 504, (3, 3): 8881, (2, 2): 1017}"", ""target_edge_count"": 10402, ""target_weight_quantile_marginal"": ""{3: 3481, 0: 2844, 1: 515, 2: 3562}"", ""verified_exact_marginals"": true, ""weight_quantile_exact"": true}",frozen graph intervention; FIXED_NORM_MASK is not retrained valid-operator performance
Reddit-S,44,gpr,gpr_high_similarity_low_novelty,FIXED_NORM_MASK,14983,0.0,0.0,0.003540828824043274,-0.4620952606201172,20,-0.0059124425053596495,0.001147597723609721,0.009453271329402924,-0.0001572821642025768,MATCHED,"{""allocated_cells"": 6, ""allocation"": {""((1, 1), 3)"": 275, ""((2, 2), 3)"": 786, ""((3, 3), 0)"": 8712, ""((3, 3), 1)"": 727, ""((3, 3), 2)"": 3216, ""((3, 3), 3)"": 1267}, ""degree_pair_exact"": true, ""matched_edge_count_per_control"": 14983, ""matching_method"": ""integral max-flow with exact endpoint-degree-quantile-pair and base normalized edge-weight quantile marginals"", ""shortages"": {}, ""status"": ""MATCHED"", ""target_degree_pair_marginal"": ""{(1, 1): 275, (3, 3): 13922, (2, 2): 786}"", ""target_edge_count"": 14983, ""target_weight_quantile_marginal"": ""{3: 2328, 0: 8712, 2: 3216, 1: 727}"", ""verified_exact_marginals"": true, ""weight_quantile_exact"": true}",frozen graph intervention; FIXED_NORM_MASK is not retrained valid-operator performance
Reddit-S,44,gpr,gpr_high_similarity_low_novelty,RENORMALIZED_DELETE,14983,0.0,0.0,0.0016120746731758118,-0.03496360778808594,20,-0.00044756531715393064,0.0009957828335516294,0.0020596399903297425,-0.0001572821642025768,MATCHED,"{""allocated_cells"": 6, ""allocation"": {""((1, 1), 3)"": 275, ""((2, 2), 3)"": 786, ""((3, 3), 0)"": 8712, ""((3, 3), 1)"": 727, ""((3, 3), 2)"": 3216, ""((3, 3), 3)"": 1267}, ""degree_pair_exact"": true, ""matched_edge_count_per_control"": 14983, ""matching_method"": ""integral max-flow with exact endpoint-degree-quantile-pair and base normalized edge-weight quantile marginals"", ""shortages"": {}, ""status"": ""MATCHED"", ""target_degree_pair_marginal"": ""{(1, 1): 275, (3, 3): 13922, (2, 2): 786}"", ""target_edge_count"": 14983, ""target_weight_quantile_marginal"": ""{3: 2328, 0: 8712, 2: 3216, 1: 727}"", ""verified_exact_marginals"": true, ""weight_quantile_exact"": true}",frozen graph intervention; FIXED_NORM_MASK is not retrained valid-operator performance
Reddit-S,44,gpr,gpr_high_similarity_high_novelty,FIXED_NORM_MASK,13344,-0.0003145643284051536,-0.0007100219505876693,-0.0005895569920539856,-0.4620323181152344,20,-0.004472554475069046,0.0011546430597850039,0.0038829974830150603,-1.572821642025768e-05,MATCHED,"{""allocated_cells"": 6, ""allocation"": {""((1, 1), 3)"": 284, ""((2, 2), 3)"": 758, ""((3, 3), 0)"": 7401, ""((3, 3), 1)"": 742, ""((3, 3), 2)"": 3201, ""((3, 3), 3)"": 958}, ""degree_pair_exact"": true, ""matched_edge_count_per_control"": 13344, ""matching_method"": ""integral max-flow with exact endpoint-degree-quantile-pair and base normalized edge-weight quantile marginals"", ""shortages"": {}, ""status"": ""MATCHED"", ""target_degree_pair_marginal"": ""{(1, 1): 284, (2, 2): 758, (3, 3): 12302}"", ""target_edge_count"": 13344, ""target_weight_quantile_marginal"": ""{3: 2000, 1: 742, 2: 3201, 0: 7401}"", ""verified_exact_marginals"": true, ""weight_quantile_exact"": true}",frozen graph intervention; FIXED_NORM_MASK is not retrained valid-operator performance
Reddit-S,44,gpr,gpr_high_similarity_high_novelty,RENORMALIZED_DELETE,13344,-0.0003145643284051536,-0.0007100219505876693,0.0026255249977111816,-0.019060134887695312,20,-0.0008461810648441315,0.0008130931535330903,0.003471706062555313,6.291286568103072e-05,MATCHED,"{""allocated_cells"": 6, ""allocation"": {""((1, 1), 3)"": 284, ""((2, 2), 3)"": 758, ""((3, 3), 0)"": 7401, ""((3, 3), 1)"": 742, ""((3, 3), 2)"": 3201, ""((3, 3), 3)"": 958}, ""degree_pair_exact"": true, ""matched_edge_count_per_control"": 13344, ""matching_method"": ""integral max-flow with exact endpoint-degree-quantile-pair and base normalized edge-weight quantile marginals"", ""shortages"": {}, ""status"": ""MATCHED"", ""target_degree_pair_marginal"": ""{(1, 1): 284, (2, 2): 758, (3, 3): 12302}"", ""target_edge_count"": 13344, ""target_weight_quantile_marginal"": ""{3: 2000, 1: 742, 2: 3201, 0: 7401}"", ""verified_exact_marginals"": true, ""weight_quantile_exact"": true}",frozen graph intervention; FIXED_NORM_MASK is not retrained valid-operator performance
Reddit-S,44,gpr,gpr_low_similarity_high_novelty,FIXED_NORM_MASK,10966,-0.002201950298836075,-0.0012178366713865296,0.0049220845103263855,-0.5014629364013672,20,-0.002885566279292107,0.001443301077759998,0.007807650789618492,-7.86410821012884e-05,MATCHED,"{""allocated_cells"": 6, ""allocation"": {""((1, 1), 3)"": 375, ""((2, 2), 3)"": 789, ""((3, 3), 0)"": 4096, ""((3, 3), 1)"": 858, ""((3, 3), 2)"": 3180, ""((3, 3), 3)"": 1668}, ""degree_pair_exact"": true, ""matched_edge_count_per_control"": 10966, ""matching_method"": ""integral max-flow with exact endpoint-degree-quantile-pair and base normalized edge-weight quantile marginals"", ""shortages"": {}, ""status"": ""MATCHED"", ""target_degree_pair_marginal"": ""{(1, 1): 375, (2, 2): 789, (3, 3): 9802}"", ""target_edge_count"": 10966, ""target_weight_quantile_marginal"": ""{3: 2832, 1: 858, 2: 3180, 0: 4096}"", ""verified_exact_marginals"": true, ""weight_quantile_exact"": true}",frozen graph intervention; FIXED_NORM_MASK is not retrained valid-operator performance
Reddit-S,44,gpr,gpr_low_similarity_high_novelty,RENORMALIZED_DELETE,10966,-0.001572821642025768,-0.0006892702188195932,0.0005412101745605469,-0.0056972503662109375,20,0.0003112971782684326,0.0005955147802598836,0.00022991299629211427,-7.86410821012884e-05,MATCHED,"{""allocated_cells"": 6, ""allocation"": {""((1, 1), 3)"": 375, ""((2, 2), 3)"": 789, ""((3, 3), 0)"": 4096, ""((3, 3), 1)"": 858, ""((3, 3), 2)"": 3180, ""((3, 3), 3)"": 1668}, ""degree_pair_exact"": true, ""matched_edge_count_per_control"": 10966, ""matching_method"": ""integral max-flow with exact endpoint-degree-quantile-pair and base normalized edge-weight quantile marginals"", ""shortages"": {}, ""status"": ""MATCHED"", ""target_degree_pair_marginal"": ""{(1, 1): 375, (2, 2): 789, (3, 3): 9802}"", ""target_edge_count"": 10966, ""target_weight_quantile_marginal"": ""{3: 2832, 1: 858, 2: 3180, 0: 4096}"", ""verified_exact_marginals"": true, ""weight_quantile_exact"": true}",frozen graph intervention; FIXED_NORM_MASK is not retrained valid-operator performance
Reddit-S,44,gpr,gpr_low_similarity_low_novelty,FIXED_NORM_MASK,6832,-0.0018873859704309215,-0.002262125342215149,0.002702169120311737,-0.4324970245361328,20,-0.0017627011984586716,0.0016005750497972149,0.004464870318770409,-0.00011009751494180376,MATCHED,"{""allocated_cells"": 6, ""allocation"": {""((1, 1), 3)"": 381, ""((2, 2), 3)"": 866, ""((3, 3), 0)"": 362, ""((3, 3), 1)"": 764, ""((3, 3), 2)"": 3049, ""((3, 3), 3)"": 1410}, ""degree_pair_exact"": true, ""matched_edge_count_per_control"": 6832, ""matching_method"": ""integral max-flow with exact endpoint-degree-quantile-pair and base normalized edge-weight quantile marginals"", ""shortages"": {}, ""status"": ""MATCHED"", ""target_degree_pair_marginal"": ""{(1, 1): 381, (3, 3): 5585, (2, 2): 866}"", ""target_edge_count"": 6832, ""target_weight_quantile_marginal"": ""{3: 2657, 0: 362, 2: 3049, 1: 764}"", ""verified_exact_marginals"": true, ""weight_quantile_exact"": true}",frozen graph intervention; FIXED_NORM_MASK is not retrained valid-operator performance
Reddit-S,44,gpr,gpr_low_similarity_low_novelty,RENORMALIZED_DELETE,6832,-0.0009436929852154607,-0.0007191455616460951,0.003000304102897644,-0.016725540161132812,20,-0.00014079399406909942,0.0009251119756599025,0.0031410980969667434,-0.0001572821642025768,MATCHED,"{""allocated_cells"": 6, ""allocation"": {""((1, 1), 3)"": 381, ""((2, 2), 3)"": 866, ""((3, 3), 0)"": 362, ""((3, 3), 1)"": 764, ""((3, 3), 2)"": 3049, ""((3, 3), 3)"": 1410}, ""degree_pair_exact"": true, ""matched_edge_count_per_control"": 6832, ""matching_method"": ""integral max-flow with exact endpoint-degree-quantile-pair and base normalized edge-weight quantile marginals"", ""shortages"": {}, ""status"": ""MATCHED"", ""target_degree_pair_marginal"": ""{(1, 1): 381, (3, 3): 5585, (2, 2): 866}"", ""target_edge_count"": 6832, ""target_weight_quantile_marginal"": ""{3: 2657, 0: 362, 2: 3049, 1: 764}"", ""verified_exact_marginals"": true, ""weight_quantile_exact"": true}",frozen graph intervention; FIXED_NORM_MASK is not retrained valid-operator performance
Reddit-S,44,text_uniform,text_low_similarity_high_novelty,FIXED_NORM_MASK,7468,-0.014155394778232244,-0.013463852865883807,0.05139414966106415,-0.34178972244262695,20,0.012852111458778381,0.0014676784802444428,0.038542038202285765,-0.001855929537590506,MATCHED,"{""allocated_cells"": 6, ""allocation"": {""((1, 1), 3)"": 397, ""((2, 2), 3)"": 1179, ""((3, 3), 0)"": 186, ""((3, 3), 1)"": 1661, ""((3, 3), 2)"": 1708, ""((3, 3), 3)"": 2337}, ""degree_pair_exact"": true, ""matched_edge_count_per_control"": 7468, ""matching_method"": ""integral max-flow with exact endpoint-degree-quantile-pair and base normalized edge-weight quantile marginals"", ""shortages"": {}, ""status"": ""MATCHED"", ""target_degree_pair_marginal"": ""{(3, 3): 5892, (1, 1): 397, (2, 2): 1179}"", ""target_edge_count"": 7468, ""target_weight_quantile_marginal"": ""{3: 3913, 0: 186, 2: 1708, 1: 1661}"", ""verified_exact_marginals"": true, ""weight_quantile_exact"": true}",frozen graph intervention; FIXED_NORM_MASK is not retrained valid-operator performance
Reddit-S,44,text_uniform,text_low_similarity_high_novelty,RENORMALIZED_DELETE,7468,-0.01038062283737029,-0.010195444432000711,0.043040186166763306,-0.0048980712890625,20,0.0026966169476509093,0.0015291675566740726,0.0403435692191124,-0.000912236552375012,MATCHED,"{""allocated_cells"": 6, ""allocation"": {""((1, 1), 3)"": 397, ""((2, 2), 3)"": 1179, ""((3, 3), 0)"": 186, ""((3, 3), 1)"": 1661, ""((3, 3), 2)"": 1708, ""((3, 3), 3)"": 2337}, ""degree_pair_exact"": true, ""matched_edge_count_per_control"": 7468, ""matching_method"": ""integral max-flow with exact endpoint-degree-quantile-pair and base normalized edge-weight quantile marginals"", ""shortages"": {}, ""status"": ""MATCHED"", ""target_degree_pair_marginal"": ""{(3, 3): 5892, (1, 1): 397, (2, 2): 1179}"", ""target_edge_count"": 7468, ""target_weight_quantile_marginal"": ""{3: 3913, 0: 186, 2: 1708, 1: 1661}"", ""verified_exact_marginals"": true, ""weight_quantile_exact"": true}",frozen graph intervention; FIXED_NORM_MASK is not retrained valid-operator performance
Reddit-S,44,text_uniform,text_high_similarity_low_novelty,FIXED_NORM_MASK,5037,-0.0003145643284051536,-0.0003589436511229893,0.008215740323066711,-0.25130796432495117,20,0.005217979848384857,0.0013231753987047407,0.002997760474681854,-0.000912236552375012,MATCHED,"{""allocated_cells"": 6, ""allocation"": {""((1, 1), 3)"": 233, ""((2, 2), 3)"": 505, ""((3, 3), 0)"": 238, ""((3, 3), 1)"": 1942, ""((3, 3), 2)"": 1578, ""((3, 3), 3)"": 541}, ""degree_pair_exact"": true, ""matched_edge_count_per_control"": 5037, ""matching_method"": ""integral max-flow with exact endpoint-degree-quantile-pair and base normalized edge-weight quantile marginals"", ""shortages"": {}, ""status"": ""MATCHED"", ""target_degree_pair_marginal"": ""{(1, 1): 233, (3, 3): 4299, (2, 2): 505}"", ""target_edge_count"": 5037, ""target_weight_quantile_marginal"": ""{3: 1279, 0: 238, 1: 1942, 2: 1578}"", ""verified_exact_marginals"": true, ""weight_quantile_exact"": true}",frozen graph intervention; FIXED_NORM_MASK is not retrained valid-operator performance
Reddit-S,44,text_uniform,text_high_similarity_low_novelty,RENORMALIZED_DELETE,5037,0.0003145643284051536,0.0006496430532912933,0.0011076033115386963,-0.0161285400390625,20,0.0010835453867912292,0.0007204733576510669,2.405792474746704e-05,-0.0005190311418685368,MATCHED,"{""allocated_cells"": 6, ""allocation"": {""((1, 1), 3)"": 233, ""((2, 2), 3)"": 505, ""((3, 3), 0)"": 238, ""((3, 3), 1)"": 1942, ""((3, 3), 2)"": 1578, ""((3, 3), 3)"": 541}, ""degree_pair_exact"": true, ""matched_edge_count_per_control"": 5037, ""matching_method"": ""integral max-flow with exact endpoint-degree-quantile-pair and base normalized edge-weight quantile marginals"", ""shortages"": {}, ""status"": ""MATCHED"", ""target_degree_pair_marginal"": ""{(1, 1): 233, (3, 3): 4299, (2, 2): 505}"", ""target_edge_count"": 5037, ""target_weight_quantile_marginal"": ""{3: 1279, 0: 238, 1: 1942, 2: 1578}"", ""verified_exact_marginals"": true, ""weight_quantile_exact"": true}",frozen graph intervention; FIXED_NORM_MASK is not retrained valid-operator performance
Reddit-S,44,text_uniform,joint_low_similarity_high_novelty,FIXED_NORM_MASK,12237,-0.016671909405473473,-0.0156376023894903,0.06407445669174194,-0.4399375915527344,20,0.017751017957925795,0.0019129803926581411,0.04632343873381615,-0.0022491349480969537,MATCHED,"{""allocated_cells"": 6, ""allocation"": {""((1, 1), 3)"": 558, ""((2, 2), 3)"": 1471, ""((3, 3), 0)"": 788, ""((3, 3), 1)"": 5327, ""((3, 3), 2)"": 1858, ""((3, 3), 3)"": 2235}, ""degree_pair_exact"": true, ""matched_edge_count_per_control"": 12237, ""matching_method"": ""integral max-flow with exact endpoint-degree-quantile-pair and base normalized edge-weight quantile marginals"", ""shortages"": {}, ""status"": ""MATCHED"", ""target_degree_pair_marginal"": ""{(1, 1): 558, (2, 2): 1471, (3, 3): 10208}"", ""target_edge_count"": 12237, ""target_weight_quantile_marginal"": ""{3: 4264, 0: 788, 2: 1858, 1: 5327}"", ""verified_exact_marginals"": true, ""weight_quantile_exact"": true}",frozen graph intervention; FIXED_NORM_MASK is not retrained valid-operator performance
Reddit-S,44,text_uniform,joint_low_similarity_high_novelty,RENORMALIZED_DELETE,12237,-0.011638880150990905,-0.011209221363851718,0.04602658748626709,-0.005782127380371094,20,0.004643000662326813,0.0016677665487683608,0.04138358682394028,-0.001431267694243532,MATCHED,"{""allocated_cells"": 6, ""allocation"": {""((1, 1), 3)"": 558, ""((2, 2), 3)"": 1471, ""((3, 3), 0)"": 788, ""((3, 3), 1)"": 5327, ""((3, 3), 2)"": 1858, ""((3, 3), 3)"": 2235}, ""degree_pair_exact"": true, ""matched_edge_count_per_control"": 12237, ""matching_method"": ""integral max-flow with exact endpoint-degree-quantile-pair and base normalized edge-weight quantile marginals"", ""shortages"": {}, ""status"": ""MATCHED"", ""target_degree_pair_marginal"": ""{(1, 1): 558, (2, 2): 1471, (3, 3): 10208}"", ""target_edge_count"": 12237, ""target_weight_quantile_marginal"": ""{3: 4264, 0: 788, 2: 1858, 1: 5327}"", ""verified_exact_marginals"": true, ""weight_quantile_exact"": true}",frozen graph intervention; FIXED_NORM_MASK is not retrained valid-operator performance
Reddit-S,44,text_uniform,joint_high_similarity_low_novelty,FIXED_NORM_MASK,13325,-0.0018873859704310325,-0.003114666253739906,0.01593269407749176,-0.45279359817504883,20,0.010535533726215362,0.0013983638847884063,0.005397160351276398,-0.002233406731676696,MATCHED,"{""allocated_cells"": 6, ""allocation"": {""((1, 1), 3)"": 479, ""((2, 2), 3)"": 926, ""((3, 3), 0)"": 6869, ""((3, 3), 1)"": 1368, ""((3, 3), 2)"": 2101, ""((3, 3), 3)"": 1582}, ""degree_pair_exact"": true, ""matched_edge_count_per_control"": 13325, ""matching_method"": ""integral max-flow with exact endpoint-degree-quantile-pair and base normalized edge-weight quantile marginals"", ""shortages"": {}, ""status"": ""MATCHED"", ""target_degree_pair_marginal"": ""{(1, 1): 479, (3, 3): 11920, (2, 2): 926}"", ""target_edge_count"": 13325, ""target_weight_quantile_marginal"": ""{3: 2987, 0: 6869, 1: 1368, 2: 2101}"", ""verified_exact_marginals"": true, ""weight_quantile_exact"": true}",frozen graph intervention; FIXED_NORM_MASK is not retrained valid-operator performance
Reddit-S,44,text_uniform,joint_high_similarity_low_novelty,RENORMALIZED_DELETE,13325,-0.001572821642025879,-0.0023693522510145337,0.0038214027881622314,-0.040827274322509766,20,0.003204946219921112,0.0018220842644008262,0.0006164565682411196,-0.0013054419628814762,MATCHED,"{""allocated_cells"": 6, ""allocation"": {""((1, 1), 3)"": 479, ""((2, 2), 3)"": 926, ""((3, 3), 0)"": 6869, ""((3, 3), 1)"": 1368, ""((3, 3), 2)"": 2101, ""((3, 3), 3)"": 1582}, ""degree_pair_exact"": true, ""matched_edge_count_per_control"": 13325, ""matching_method"": ""integral max-flow with exact endpoint-degree-quantile-pair and base normalized edge-weight quantile marginals"", ""shortages"": {}, ""status"": ""MATCHED"", ""target_degree_pair_marginal"": ""{(1, 1): 479, (3, 3): 11920, (2, 2): 926}"", ""target_edge_count"": 13325, ""target_weight_quantile_marginal"": ""{3: 2987, 0: 6869, 1: 1368, 2: 2101}"", ""verified_exact_marginals"": true, ""weight_quantile_exact"": true}",frozen graph intervention; FIXED_NORM_MASK is not retrained valid-operator performance
Reddit-S,44,visual_uniform,visual_low_similarity_high_novelty,FIXED_NORM_MASK,19184,-0.004403900597672261,-0.0016348911667224408,0.04547955095767975,-0.4764113426208496,20,0.0171296626329422,0.001122317726912039,0.02834988832473755,-0.00026737967914438053,MATCHED,"{""allocated_cells"": 6, ""allocation"": {""((1, 1), 3)"": 631, ""((2, 2), 3)"": 1464, ""((3, 3), 0)"": 9075, ""((3, 3), 1)"": 1496, ""((3, 3), 2)"": 4259, ""((3, 3), 3)"": 2259}, ""degree_pair_exact"": true, ""matched_edge_count_per_control"": 19184, ""matching_method"": ""integral max-flow with exact endpoint-degree-quantile-pair and base normalized edge-weight quantile marginals"", ""shortages"": {}, ""status"": ""MATCHED"", ""target_degree_pair_marginal"": ""{(1, 1): 631, (2, 2): 1464, (3, 3): 17089}"", ""target_edge_count"": 19184, ""target_weight_quantile_marginal"": ""{3: 4354, 0: 9075, 1: 1496, 2: 4259}"", ""verified_exact_marginals"": true, ""weight_quantile_exact"": true}",frozen graph intervention; FIXED_NORM_MASK is not retrained valid-operator performance
Reddit-S,44,visual_uniform,visual_low_similarity_high_novelty,RENORMALIZED_DELETE,19184,-0.003774771940861954,-0.0007510492841807936,0.008844375610351562,0.04582071304321289,20,0.0012250959873199463,0.0011625237304272017,0.007619279623031616,-0.0008178672538533994,MATCHED,"{""allocated_cells"": 6, ""allocation"": {""((1, 1), 3)"": 631, ""((2, 2), 3)"": 1464, ""((3, 3), 0)"": 9075, ""((3, 3), 1)"": 1496, ""((3, 3), 2)"": 4259, ""((3, 3), 3)"": 2259}, ""degree_pair_exact"": true, ""matched_edge_count_per_control"": 19184, ""matching_method"": ""integral max-flow with exact endpoint-degree-quantile-pair and base normalized edge-weight quantile marginals"", ""shortages"": {}, ""status"": ""MATCHED"", ""target_degree_pair_marginal"": ""{(1, 1): 631, (2, 2): 1464, (3, 3): 17089}"", ""target_edge_count"": 19184, ""target_weight_quantile_marginal"": ""{3: 4354, 0: 9075, 1: 1496, 2: 4259}"", ""verified_exact_marginals"": true, ""weight_quantile_exact"": true}",frozen graph intervention; FIXED_NORM_MASK is not retrained valid-operator performance
Reddit-S,44,visual_uniform,visual_high_similarity_low_novelty,FIXED_NORM_MASK,16231,0.0,0.0,0.022504404187202454,-0.35567760467529297,20,0.009649517387151718,0.0011271414341311695,0.012854886800050735,0.00012582573136206144,MATCHED,"{""allocated_cells"": 6, ""allocation"": {""((1, 1), 3)"": 411, ""((2, 2), 3)"": 856, ""((3, 3), 0)"": 3872, ""((3, 3), 1)"": 7559, ""((3, 3), 2)"": 2059, ""((3, 3), 3)"": 1474}, ""degree_pair_exact"": true, ""matched_edge_count_per_control"": 16231, ""matching_method"": ""integral max-flow with exact endpoint-degree-quantile-pair and base normalized edge-weight quantile marginals"", ""shortages"": {}, ""status"": ""MATCHED"", ""target_degree_pair_marginal"": ""{(1, 1): 411, (2, 2): 856, (3, 3): 14964}"", ""target_edge_count"": 16231, ""target_weight_quantile_marginal"": ""{3: 2741, 0: 3872, 2: 2059, 1: 7559}"", ""verified_exact_marginals"": true, ""weight_quantile_exact"": true}",frozen graph intervention; FIXED_NORM_MASK is not retrained valid-operator performance
Reddit-S,44,visual_uniform,visual_high_similarity_low_novelty,RENORMALIZED_DELETE,16231,0.0,0.0,0.0018482804298400879,-0.026073455810546875,20,0.0002697877585887909,0.0007812906169615619,0.001578492671251297,-0.00026737967914438053,MATCHED,"{""allocated_cells"": 6, ""allocation"": {""((1, 1), 3)"": 411, ""((2, 2), 3)"": 856, ""((3, 3), 0)"": 3872, ""((3, 3), 1)"": 7559, ""((3, 3), 2)"": 2059, ""((3, 3), 3)"": 1474}, ""degree_pair_exact"": true, ""matched_edge_count_per_control"": 16231, ""matching_method"": ""integral max-flow with exact endpoint-degree-quantile-pair and base normalized edge-weight quantile marginals"", ""shortages"": {}, ""status"": ""MATCHED"", ""target_degree_pair_marginal"": ""{(1, 1): 411, (2, 2): 856, (3, 3): 14964}"", ""target_edge_count"": 16231, ""target_weight_quantile_marginal"": ""{3: 2741, 0: 3872, 2: 2059, 1: 7559}"", ""verified_exact_marginals"": true, ""weight_quantile_exact"": true}",frozen graph intervention; FIXED_NORM_MASK is not retrained valid-operator performance
Reddit-S,44,visual_uniform,joint_low_similarity_high_novelty,FIXED_NORM_MASK,12237,-0.0018873859704309215,-5.399202074252152e-05,0.0354936420917511,-0.4448885917663574,20,0.015229884535074234,0.0011698462920967517,0.020263757556676865,-0.000393205410506442,MATCHED,"{""allocated_cells"": 6, ""allocation"": {""((1, 1), 3)"": 558, ""((2, 2), 3)"": 1471, ""((3, 3), 0)"": 788, ""((3, 3), 1)"": 5327, ""((3, 3), 2)"": 1858, ""((3, 3), 3)"": 2235}, ""degree_pair_exact"": true, ""matched_edge_count_per_control"": 12237, ""matching_method"": ""integral max-flow with exact endpoint-degree-quantile-pair and base normalized edge-weight quantile marginals"", ""shortages"": {}, ""status"": ""MATCHED"", ""target_degree_pair_marginal"": ""{(1, 1): 558, (2, 2): 1471, (3, 3): 10208}"", ""target_edge_count"": 12237, ""target_weight_quantile_marginal"": ""{3: 4264, 0: 788, 2: 1858, 1: 5327}"", ""verified_exact_marginals"": true, ""weight_quantile_exact"": true}",frozen graph intervention; FIXED_NORM_MASK is not retrained valid-operator performance
Reddit-S,44,visual_uniform,joint_low_similarity_high_novelty,RENORMALIZED_DELETE,12237,-0.001572821642025768,0.00039523799782903435,0.004547670483589172,0.016514301300048828,20,0.0008794158697128296,0.0008863723087165503,0.0036682546138763427,-0.000786410821012884,MATCHED,"{""allocated_cells"": 6, ""allocation"": {""((1, 1), 3)"": 558, ""((2, 2), 3)"": 1471, ""((3, 3), 0)"": 788, ""((3, 3), 1)"": 5327, ""((3, 3), 2)"": 1858, ""((3, 3), 3)"": 2235}, ""degree_pair_exact"": true, ""matched_edge_count_per_control"": 12237, ""matching_method"": ""integral max-flow with exact endpoint-degree-quantile-pair and base normalized edge-weight quantile marginals"", ""shortages"": {}, ""status"": ""MATCHED"", ""target_degree_pair_marginal"": ""{(1, 1): 558, (2, 2): 1471, (3, 3): 10208}"", ""target_edge_count"": 12237, ""target_weight_quantile_marginal"": ""{3: 4264, 0: 788, 2: 1858, 1: 5327}"", ""verified_exact_marginals"": true, ""weight_quantile_exact"": true}",frozen graph intervention; FIXED_NORM_MASK is not retrained valid-operator performance
Reddit-S,44,visual_uniform,joint_high_similarity_low_novelty,FIXED_NORM_MASK,13325,0.0,0.0,0.020406216382980347,-0.360414981842041,20,0.008821560442447663,0.001063943259792569,0.011584655940532684,0.0,MATCHED,"{""allocated_cells"": 6, ""allocation"": {""((1, 1), 3)"": 479, ""((2, 2), 3)"": 926, ""((3, 3), 0)"": 6869, ""((3, 3), 1)"": 1368, ""((3, 3), 2)"": 2101, ""((3, 3), 3)"": 1582}, ""degree_pair_exact"": true, ""matched_edge_count_per_control"": 13325, ""matching_method"": ""integral max-flow with exact endpoint-degree-quantile-pair and base normalized edge-weight quantile marginals"", ""shortages"": {}, ""status"": ""MATCHED"", ""target_degree_pair_marginal"": ""{(1, 1): 479, (3, 3): 11920, (2, 2): 926}"", ""target_edge_count"": 13325, ""target_weight_quantile_marginal"": ""{3: 2987, 0: 6869, 1: 1368, 2: 2101}"", ""verified_exact_marginals"": true, ""weight_quantile_exact"": true}",frozen graph intervention; FIXED_NORM_MASK is not retrained valid-operator performance
Reddit-S,44,visual_uniform,joint_high_similarity_low_novelty,RENORMALIZED_DELETE,13325,0.0,0.0,0.0017673224210739136,-0.020081043243408203,20,-0.00016042888164520265,0.0008314383346706069,0.0019277513027191162,-0.00047184649260773037,MATCHED,"{""allocated_cells"": 6, ""allocation"": {""((1, 1), 3)"": 479, ""((2, 2), 3)"": 926, ""((3, 3), 0)"": 6869, ""((3, 3), 1)"": 1368, ""((3, 3), 2)"": 2101, ""((3, 3), 3)"": 1582}, ""degree_pair_exact"": true, ""matched_edge_count_per_control"": 13325, ""matching_method"": ""integral max-flow with exact endpoint-degree-quantile-pair and base normalized edge-weight quantile marginals"", ""shortages"": {}, ""status"": ""MATCHED"", ""target_degree_pair_marginal"": ""{(1, 1): 479, (3, 3): 11920, (2, 2): 926}"", ""target_edge_count"": 13325, ""target_weight_quantile_marginal"": ""{3: 2987, 0: 6869, 1: 1368, 2: 2101}"", ""verified_exact_marginals"": true, ""weight_quantile_exact"": true}",frozen graph intervention; FIXED_NORM_MASK is not retrained valid-operator performance
