dataset,seed,variant,intervention,val_acc,val_macro_f1,true_label_ce,delta_val_acc,delta_val_macro_f1,delta_true_label_ce,prediction_flip_rate,validation_target_edges,shuffle_replicate,shuffle_seed,replicates,mean_val_acc,std_val_acc,mean_val_macro_f1,std_val_macro_f1,mean_true_label_ce,std_true_label_ce,mean_delta_val_acc,std_delta_val_acc,mean_delta_val_macro_f1,std_delta_val_macro_f1,mean_delta_true_label_ce,std_delta_true_label_ce,mean_prediction_flip_rate,std_prediction_flip_rate,max_abs_logit_difference_from_p0_branch,p0_branch_atol,p0_branch_rtol
Movies,42,s44_scalar_raw,MEAN_REPLACE,0.5473905205726624,0.43491497632125486,1.5287257432937622,-0.002699434757232666,-0.004887645884527059,0.0018128156661987305,0.01229754090309143,31601,,,,,,,,,,,,,,,,,,,,
Movies,42,s44_scalar_raw,EDGE_SHUFFLE_REPLICATE,0.5491901636123657,0.4348644218378631,1.52986741065979,-0.0008997917175292969,-0.00493820036791881,0.0029544830322265625,0.009298140183091164,31601,1,42020140,,,,,,,,,,,,,,,,,,
Movies,42,s44_scalar_raw,EDGE_SHUFFLE_REPLICATE,0.5482903122901917,0.437097872951626,1.530572772026062,-0.0017996430397033691,-0.002704749254155925,0.003659844398498535,0.011997600086033344,31601,2,42020141,,,,,,,,,,,,,,,,,,
Movies,42,s44_scalar_raw,EDGE_SHUFFLE_REPLICATE,0.5473905205726624,0.43821491764335985,1.529778003692627,-0.002699434757232666,-0.0015877045624220765,0.0028650760650634766,0.011097780428826809,31601,3,42020142,,,,,,,,,,,,,,,,,,
Movies,42,s44_scalar_raw,EDGE_SHUFFLE_REPLICATE,0.5458908081054688,0.43132861602730366,1.5301088094711304,-0.0041991472244262695,-0.008474006178478266,0.0031958818435668945,0.011097780428826809,31601,4,42020143,,,,,,,,,,,,,,,,,,
Movies,42,s44_scalar_raw,EDGE_SHUFFLE_REPLICATE,0.546790599822998,0.43512634323756183,1.5292428731918335,-0.0032993555068969727,-0.004676278968220093,0.0023299455642700195,0.013497300446033478,31601,5,42020144,,,,,,,,,,,,,,,,,,
Movies,42,s44_scalar_raw,EDGE_SHUFFLE_REPLICATE,0.5458908081054688,0.4339809426156063,1.5296145677566528,-0.0041991472244262695,-0.005821679590175599,0.0027016401290893555,0.011097780428826809,31601,6,42020145,,,,,,,,,,,,,,,,,,
Movies,42,s44_scalar_raw,EDGE_SHUFFLE_REPLICATE,0.5482903122901917,0.4360889622115689,1.5307952165603638,-0.0017996430397033691,-0.0037136599942130255,0.003882288932800293,0.01139772031456232,31601,7,42020146,,,,,,,,,,,,,,,,,,
Movies,42,s44_scalar_raw,EDGE_SHUFFLE_REPLICATE,0.5464906692504883,0.4321669276413848,1.530211329460144,-0.0035992860794067383,-0.007635694564397111,0.0032984018325805664,0.011097780428826809,31601,8,42020147,,,,,,,,,,,,,,,,,,
Movies,42,s44_scalar_raw,EDGE_SHUFFLE_REPLICATE,0.5476904511451721,0.43617083722325267,1.529068946838379,-0.0023995041847229004,-0.0036317849825292514,0.0021560192108154297,0.01139772031456232,31601,9,42020148,,,,,,,,,,,,,,,,,,
Movies,42,s44_scalar_raw,EDGE_SHUFFLE_REPLICATE,0.5458908081054688,0.43407056897365714,1.5295801162719727,-0.0041991472244262695,-0.005732053232124779,0.0026671886444091797,0.011697660200297832,31601,10,42020149,,,,,,,,,,,,,,,,,,
Movies,42,s44_scalar_raw,EDGE_SHUFFLE_MEAN_STD,,,,,,,,31601,,,10,0.5471805453300476,0.0011146334565273121,0.4349110410363184,0.0020163420147732754,1.5298840045928954,0.0005209809128041474,-0.0029094099998474123,0.0011146334565273121,-0.0048915811694634935,0.0020163420147732754,0.0029710769653320313,0.0005209809128041474,0.011367726325988769,0.0009806708152548778,,,
Movies,42,s44_scalar_rel,MEAN_REPLACE,0.5506898164749146,0.44426908452783775,1.4959163665771484,-0.0011997818946838379,0.0014512917772014355,4.9591064453125e-05,0.020395921543240547,31601,,,,,,,,,,,,,,,,,,,,
Movies,42,s44_scalar_rel,EDGE_SHUFFLE_REPLICATE,0.5527894496917725,0.4398542937099738,1.498127818107605,0.0008998513221740723,-0.0029634990406625095,0.002261042594909668,0.018596280366182327,31601,1,42030147,,,,,,,,,,,,,,,,,,
Movies,42,s44_scalar_rel,EDGE_SHUFFLE_REPLICATE,0.5512897372245789,0.43975727657777436,1.497947335243225,-0.0005998611450195312,-0.00306051617286196,0.002080559730529785,0.019496100023388863,31601,2,42030148,,,,,,,,,,,,,,,,,,
Movies,42,s44_scalar_rel,EDGE_SHUFFLE_REPLICATE,0.5518895983695984,0.44661798409542985,1.4989566802978516,0.0,0.0038001913447935354,0.00308990478515625,0.015596880577504635,31601,3,42030149,,,,,,,,,,,,,,,,,,
Movies,42,s44_scalar_rel,EDGE_SHUFFLE_REPLICATE,0.5545890927314758,0.4489747429750247,1.498159408569336,0.0026994943618774414,0.006156950224388391,0.002292633056640625,0.01889622025191784,31601,4,42030150,,,,,,,,,,,,,,,,,,
Movies,42,s44_scalar_rel,EDGE_SHUFFLE_REPLICATE,0.5512897372245789,0.43671088660095736,1.4998124837875366,-0.0005998611450195312,-0.006106906149678959,0.003945708274841309,0.015596880577504635,31601,5,42030151,,,,,,,,,,,,,,,,,,
Movies,42,s44_scalar_rel,EDGE_SHUFFLE_REPLICATE,0.5506898164749146,0.44089468989242764,1.4982502460479736,-0.0011997818946838379,-0.0019231028582086807,0.0023834705352783203,0.01709658093750477,31601,6,42030152,,,,,,,,,,,,,,,,,,
Movies,42,s44_scalar_rel,EDGE_SHUFFLE_REPLICATE,0.5521895289421082,0.43803996884136975,1.4987279176712036,0.0002999305725097656,-0.004777823909266565,0.0028611421585083008,0.017996400594711304,31601,7,42030153,,,,,,,,,,,,,,,,,,
Movies,42,s44_scalar_rel,EDGE_SHUFFLE_REPLICATE,0.550089955329895,0.4436501464898613,1.5003846883773804,-0.0017996430397033691,0.0008323537392249669,0.004517912864685059,0.016496701166033745,31601,8,42030154,,,,,,,,,,,,,,,,,,
Movies,42,s44_scalar_rel,EDGE_SHUFFLE_REPLICATE,0.5521895289421082,0.43915126639593505,1.4970825910568237,0.0002999305725097656,-0.0036665263547012716,0.001215815544128418,0.020395921543240547,31601,9,42030155,,,,,,,,,,,,,,,,,,
Movies,42,s44_scalar_rel,EDGE_SHUFFLE_REPLICATE,0.5506898164749146,0.43567577228172444,1.4976482391357422,-0.0011997818946838379,-0.0071420204689118805,0.001781463623046875,0.016496701166033745,31601,10,42030156,,,,,,,,,,,,,,,,,,
Movies,42,s44_scalar_rel,EDGE_SHUFFLE_MEAN_STD,,,,,,,,31601,,,10,0.5517696261405944,0.0012235326149204312,0.44093270278604785,0.004048800410646937,1.4985097408294679,0.0009429263189541516,-0.00011997222900390625,0.0012235326149204312,-0.0018850899645884932,0.004048800410646937,0.002642965316772461,0.0009429263189541516,0.01766646672040224,0.0015783228913804003,,,
Movies,42,s44_scalar_rel_multi,MEAN_REPLACE,0.5545890927314758,0.4697578450463557,1.5883545875549316,-0.004799008369445801,-0.0018745914043609702,-0.0010547637939453125,0.02759448066353798,31601,,,,,,,,,,,,,,,,,,,,
Movies,42,s44_scalar_rel_multi,EDGE_SHUFFLE_REPLICATE,0.5572885274887085,0.4703924771323241,1.5945779085159302,-0.0020995736122131348,-0.0012399593183925472,0.005168557167053223,0.026394721120595932,31601,1,42040154,,,,,,,,,,,,,,,,,,
Movies,42,s44_scalar_rel_multi,EDGE_SHUFFLE_REPLICATE,0.5527894496917725,0.4632392605582557,1.5921779870986938,-0.00659865140914917,-0.008393175892460969,0.0027686357498168945,0.025194961577653885,31601,2,42040155,,,,,,,,,,,,,,,,,,
Movies,42,s44_scalar_rel_multi,EDGE_SHUFFLE_REPLICATE,0.5551889538764954,0.4649565856046246,1.592887043952942,-0.0041991472244262695,-0.0066758508460920685,0.0034776926040649414,0.023695260286331177,31601,3,42040156,,,,,,,,,,,,,,,,,,
Movies,42,s44_scalar_rel_multi,EDGE_SHUFFLE_REPLICATE,0.5551889538764954,0.4653112653170527,1.592850923538208,-0.0041991472244262695,-0.006321171133663983,0.0034415721893310547,0.02459508180618286,31601,4,42040157,,,,,,,,,,,,,,,,,,
Movies,42,s44_scalar_rel_multi,EDGE_SHUFFLE_REPLICATE,0.5545890927314758,0.46683538992123064,1.5966758728027344,-0.004799008369445801,-0.004797046529486038,0.007266521453857422,0.023395320400595665,31601,5,42040158,,,,,,,,,,,,,,,,,,
Movies,42,s44_scalar_rel_multi,EDGE_SHUFFLE_REPLICATE,0.5572885274887085,0.4685114154608449,1.5927242040634155,-0.0020995736122131348,-0.00312102098987177,0.0033148527145385742,0.02099580131471157,31601,6,42040159,,,,,,,,,,,,,,,,,,
Movies,42,s44_scalar_rel_multi,EDGE_SHUFFLE_REPLICATE,0.5563886761665344,0.46646189813015776,1.5940396785736084,-0.002999424934387207,-0.005170538320558915,0.004630327224731445,0.02459508180618286,31601,7,42040160,,,,,,,,,,,,,,,,,,
Movies,42,s44_scalar_rel_multi,EDGE_SHUFFLE_REPLICATE,0.5545890927314758,0.46519231703237807,1.596699595451355,-0.004799008369445801,-0.006440119418338608,0.007290244102478027,0.02069586142897606,31601,8,42040161,,,,,,,,,,,,,,,,,,
Movies,42,s44_scalar_rel_multi,EDGE_SHUFFLE_REPLICATE,0.5548890233039856,0.46450410296012495,1.5952051877975464,-0.004499077796936035,-0.007128333490591721,0.005795836448669434,0.020095981657505035,31601,9,42040162,,,,,,,,,,,,,,,,,,
Movies,42,s44_scalar_rel_multi,EDGE_SHUFFLE_REPLICATE,0.5557888150215149,0.46472274681841974,1.593614935874939,-0.0035992860794067383,-0.006909689632296934,0.004205584526062012,0.02069586142897606,31601,10,42040163,,,,,,,,,,,,,,,,,,
Movies,42,s44_scalar_rel_multi,EDGE_SHUFFLE_MEAN_STD,,,,,,,,31601,,,10,0.5553989112377167,0.001293909201020342,0.46601274589354136,0.002005413956000123,1.5941453337669373,0.001538818723277026,-0.003989189863204956,0.001293909201020342,-0.0056196905571753554,0.002005413956000123,0.004735982418060303,0.001538818723277026,0.02303539328277111,0.002124286750974805,,,
Movies,42,s44_lowrank_global,MEAN_REPLACE,0.557888388633728,0.46411682109552566,1.5431897640228271,0.0,0.0,0.0,0.0,31601,,,,,,,,,,,,,,,,,,,,
Movies,42,s44_lowrank_global,EDGE_SHUFFLE_REPLICATE,0.557888388633728,0.46411682109552566,1.5431897640228271,0.0,0.0,0.0,0.0,31601,1,42050161,,,,,,,,,,,,,,,,,,
Movies,42,s44_lowrank_global,EDGE_SHUFFLE_REPLICATE,0.557888388633728,0.46411682109552566,1.5431897640228271,0.0,0.0,0.0,0.0,31601,2,42050162,,,,,,,,,,,,,,,,,,
Movies,42,s44_lowrank_global,EDGE_SHUFFLE_REPLICATE,0.557888388633728,0.46411682109552566,1.5431897640228271,0.0,0.0,0.0,0.0,31601,3,42050163,,,,,,,,,,,,,,,,,,
Movies,42,s44_lowrank_global,EDGE_SHUFFLE_REPLICATE,0.557888388633728,0.46411682109552566,1.5431897640228271,0.0,0.0,0.0,0.0,31601,4,42050164,,,,,,,,,,,,,,,,,,
Movies,42,s44_lowrank_global,EDGE_SHUFFLE_REPLICATE,0.557888388633728,0.46411682109552566,1.5431897640228271,0.0,0.0,0.0,0.0,31601,5,42050165,,,,,,,,,,,,,,,,,,
Movies,42,s44_lowrank_global,EDGE_SHUFFLE_REPLICATE,0.557888388633728,0.46411682109552566,1.5431897640228271,0.0,0.0,0.0,0.0,31601,6,42050166,,,,,,,,,,,,,,,,,,
Movies,42,s44_lowrank_global,EDGE_SHUFFLE_REPLICATE,0.557888388633728,0.46411682109552566,1.5431897640228271,0.0,0.0,0.0,0.0,31601,7,42050167,,,,,,,,,,,,,,,,,,
Movies,42,s44_lowrank_global,EDGE_SHUFFLE_REPLICATE,0.557888388633728,0.46411682109552566,1.5431897640228271,0.0,0.0,0.0,0.0,31601,8,42050168,,,,,,,,,,,,,,,,,,
Movies,42,s44_lowrank_global,EDGE_SHUFFLE_REPLICATE,0.557888388633728,0.46411682109552566,1.5431896448135376,0.0,0.0,-1.1920928955078125e-07,0.0,31601,9,42050169,,,,,,,,,,,,,,,,,,
Movies,42,s44_lowrank_global,EDGE_SHUFFLE_REPLICATE,0.557888388633728,0.46411682109552566,1.5431896448135376,0.0,0.0,-1.1920928955078125e-07,0.0,31601,10,42050170,,,,,,,,,,,,,,,,,,
Movies,42,s44_lowrank_global,EDGE_SHUFFLE_MEAN_STD,,,,,,,,31601,,,10,0.557888388633728,0.0,0.46411682109552566,0.0,1.5431897401809693,4.76837158203125e-08,0.0,0.0,0.0,0.0,-2.384185791015625e-08,4.76837158203125e-08,0.0,0.0,,,
Movies,42,s44_lowrank_global,ZERO_DYNAMIC,0.5572885274887085,0.4638717676728126,1.5430967807769775,-0.0005998611450195312,-0.00024505342271308184,-9.298324584960938e-05,0.0008998200646601617,,,,,,,,,,,,,,,,,,,2.86102294921875e-06,1e-05,1e-06
Movies,42,s44_lowrank_rel,MEAN_REPLACE,0.5554888844490051,0.461954420755034,1.6252555847167969,-0.0008997917175292969,-0.0007206396541452054,0.0028688907623291016,0.010197960771620274,31601,,,,,,,,,,,,,,,,,,,,
Movies,42,s44_lowrank_rel,EDGE_SHUFFLE_REPLICATE,0.556688666343689,0.46274837966966664,1.6224721670150757,0.000299990177154541,7.331926048742554e-05,8.547306060791016e-05,0.0011997600086033344,31601,1,42060168,,,,,,,,,,,,,,,,,,
Movies,42,s44_lowrank_rel,EDGE_SHUFFLE_REPLICATE,0.5557888150215149,0.46112868356810255,1.6226924657821655,-0.0005998611450195312,-0.0015463768410766687,0.0003057718276977539,0.0008998200646601617,31601,2,42060169,,,,,,,,,,,,,,,,,,
Movies,42,s44_lowrank_rel,EDGE_SHUFFLE_REPLICATE,0.556688666343689,0.46274934370036674,1.622452735900879,0.000299990177154541,7.428329118752686e-05,6.604194641113281e-05,0.0008998200646601617,31601,3,42060170,,,,,,,,,,,,,,,,,,
Movies,42,s44_lowrank_rel,EDGE_SHUFFLE_REPLICATE,0.556688666343689,0.46195849628303476,1.6224991083145142,0.000299990177154541,-0.0007165641261444589,0.00011241436004638672,0.001499700010754168,31601,4,42060171,,,,,,,,,,,,,,,,,,
Movies,42,s44_lowrank_rel,EDGE_SHUFFLE_REPLICATE,0.5563886761665344,0.46128160125611073,1.6227657794952393,0.0,-0.0013934591530684881,0.0003790855407714844,0.001499700010754168,31601,5,42060172,,,,,,,,,,,,,,,,,,
Movies,42,s44_lowrank_rel,EDGE_SHUFFLE_REPLICATE,0.556688666343689,0.46281291743252584,1.6221002340316772,0.000299990177154541,0.00013785702334662142,-0.00028645992279052734,0.0005998800043016672,31601,6,42060173,,,,,,,,,,,,,,,,,,
Movies,42,s44_lowrank_rel,EDGE_SHUFFLE_REPLICATE,0.556688666343689,0.46195849628303476,1.6223671436309814,0.000299990177154541,-0.0007165641261444589,-1.9550323486328125e-05,0.001499700010754168,31601,7,42060174,,,,,,,,,,,,,,,,,,
Movies,42,s44_lowrank_rel,EDGE_SHUFFLE_REPLICATE,0.5563886761665344,0.4610493615609257,1.6224266290664673,0.0,-0.0016256988482535317,3.993511199951172e-05,0.0008998200646601617,31601,8,42060175,,,,,,,,,,,,,,,,,,
Movies,42,s44_lowrank_rel,EDGE_SHUFFLE_REPLICATE,0.5563886761665344,0.46269174927471174,1.622830867767334,0.0,1.668886553252147e-05,0.00044417381286621094,0.0011997600086033344,31601,9,42060176,,,,,,,,,,,,,,,,,,
Movies,42,s44_lowrank_rel,EDGE_SHUFFLE_REPLICATE,0.5560887455940247,0.4604378390619874,1.6225168704986572,-0.0002999305725097656,-0.0022372213471918423,0.00013017654418945312,0.001499700010754168,31601,10,42060177,,,,,,,,,,,,,,,,,,
Movies,42,s44_lowrank_rel,EDGE_SHUFFLE_MEAN_STD,,,,,,,,31601,,,10,0.5564486920833588,0.00029389507836191837,0.4618816868090467,0.0008212036437900721,1.622512400150299,0.00020043916199913707,6.001591682434082e-05,0.00029389507836191837,-0.0007933736001325353,0.0008212036437900721,0.00012570619583129883,0.00020043916199913707,0.0011697660258505494,0.00031314654062053655,,,
Movies,42,s44_lowrank_rel,ZERO_DYNAMIC,0.556688666343689,0.45646170037135975,1.636889934539795,0.000299990177154541,-0.006213360037819471,0.014503240585327148,0.04829034209251404,,,,,,,,,,,,,,,,,,,2.86102294921875e-06,1e-05,1e-06
Movies,42,s44_lowrank_rel_multi,MEAN_REPLACE,0.556688666343689,0.4787431650898564,1.6856164932250977,0.0032993555068969727,0.005384039724655121,-0.006070375442504883,0.0242951400578022,31601,,,,,,,,,,,,,,,,,,,,
Movies,42,s44_lowrank_rel_multi,EDGE_SHUFFLE_REPLICATE,0.553389310836792,0.47297056580063784,1.6923047304153442,0.0,-0.0003885595645634621,0.0006178617477416992,0.004499100148677826,31601,1,42070175,,,,,,,,,,,,,,,,,,
Movies,42,s44_lowrank_rel_multi,EDGE_SHUFFLE_REPLICATE,0.5530893802642822,0.47315811174434363,1.692073106765747,-0.0002999305725097656,-0.00020101362085767072,0.00038623809814453125,0.004199160262942314,31601,2,42070176,,,,,,,,,,,,,,,,,,
Movies,42,s44_lowrank_rel_multi,EDGE_SHUFFLE_REPLICATE,0.5536892414093018,0.4729354126294883,1.6918262243270874,0.0002999305725097656,-0.00042371273571301105,0.00013935565948486328,0.002999400021508336,31601,3,42070177,,,,,,,,,,,,,,,,,,
Movies,42,s44_lowrank_rel_multi,EDGE_SHUFFLE_REPLICATE,0.5539891719818115,0.4735331260443799,1.692690134048462,0.0005998611450195312,0.00017400067917860973,0.001003265380859375,0.0032993401400744915,31601,4,42070178,,,,,,,,,,,,,,,,,,
Movies,42,s44_lowrank_rel_multi,EDGE_SHUFFLE_REPLICATE,0.5530893802642822,0.47278586979907866,1.692437767982483,-0.0002999305725097656,-0.0005732555661226435,0.0007508993148803711,0.0032993401400744915,31601,5,42070179,,,,,,,,,,,,,,,,,,
Movies,42,s44_lowrank_rel_multi,EDGE_SHUFFLE_REPLICATE,0.5539891719818115,0.4729948979065357,1.69207763671875,0.0005998611450195312,-0.00036422745866560025,0.00039076805114746094,0.003599280258640647,31601,6,42070180,,,,,,,,,,,,,,,,,,
Movies,42,s44_lowrank_rel_multi,EDGE_SHUFFLE_REPLICATE,0.5536892414093018,0.47325449880261117,1.6921948194503784,0.0002999305725097656,-0.0001046265625901377,0.0005079507827758789,0.0032993401400744915,31601,7,42070181,,,,,,,,,,,,,,,,,,
Movies,42,s44_lowrank_rel_multi,EDGE_SHUFFLE_REPLICATE,0.553389310836792,0.4734911320488838,1.6924136877059937,0.0,0.00013200668368251733,0.0007268190383911133,0.004199160262942314,31601,8,42070182,,,,,,,,,,,,,,,,,,
Movies,42,s44_lowrank_rel_multi,EDGE_SHUFFLE_REPLICATE,0.5530893802642822,0.47273058379500255,1.6926805973052979,-0.0002999305725097656,-0.0006285415701987596,0.0009937286376953125,0.003599280258640647,31601,9,42070183,,,,,,,,,,,,,,,,,,
Movies,42,s44_lowrank_rel_multi,EDGE_SHUFFLE_REPLICATE,0.5527894496917725,0.47257594445813644,1.6925095319747925,-0.0005998611450195312,-0.0007831809070648621,0.0008226633071899414,0.0038992201443761587,31601,10,42070184,,,,,,,,,,,,,,,,,,
Movies,42,s44_lowrank_rel_multi,EDGE_SHUFFLE_MEAN_STD,,,,,,,,31601,,,10,0.5534193038940429,0.00038990974426269533,0.4730430143029098,0.00030000409984618577,1.6923208236694336,0.0002655194671063223,2.9993057250976562e-05,0.00038990974426269533,-0.000316111062291502,0.00030000409984618577,0.0006339550018310547,0.0002655194671063223,0.003689262177795172,0.0004656321374233667,,,
Movies,42,s44_lowrank_rel_multi,ZERO_DYNAMIC,0.5575884580612183,0.47788015942196305,1.6808607578277588,0.0041991472244262695,0.004521034056761741,-0.01082611083984375,0.030893821269273758,,,,,,,,,,,,,,,,,,,3.814697265625e-06,1e-05,1e-06
Movies,42,s44_expert_rel,MEAN_REPLACE,0.5683863162994385,0.4788108023760679,1.6337493658065796,0.0002999305725097656,-0.001008146530704579,-0.0008844137191772461,0.002999400021508336,31601,,,,,,,,,,,,,,,,,,,,
Movies,42,s44_expert_rel,EDGE_SHUFFLE_REPLICATE,0.5683863162994385,0.4798975642552361,1.6346925497055054,0.0002999305725097656,7.861534846365092e-05,5.8770179748535156e-05,0.0002999400021508336,31601,1,42090189,,,,,,,,,,,,,,,,,,
Movies,42,s44_expert_rel,EDGE_SHUFFLE_REPLICATE,0.5680863857269287,0.47981894890677246,1.6347006559371948,0.0,0.0,6.687641143798828e-05,0.0,31601,2,42090190,,,,,,,,,,,,,,,,,,
Movies,42,s44_expert_rel,EDGE_SHUFFLE_REPLICATE,0.5683863162994385,0.4798975642552361,1.6346694231033325,0.0002999305725097656,7.861534846365092e-05,3.5643577575683594e-05,0.0002999400021508336,31601,3,42090191,,,,,,,,,,,,,,,,,,
Movies,42,s44_expert_rel,EDGE_SHUFFLE_REPLICATE,0.5683863162994385,0.47999598963126316,1.6347006559371948,0.0002999305725097656,0.00017704072449070685,6.687641143798828e-05,0.0002999400021508336,31601,4,42090192,,,,,,,,,,,,,,,,,,
Movies,42,s44_expert_rel,EDGE_SHUFFLE_REPLICATE,0.5680863857269287,0.47981894890677246,1.6346893310546875,0.0,0.0,5.555152893066406e-05,0.0,31601,5,42090193,,,,,,,,,,,,,,,,,,
Movies,42,s44_expert_rel,EDGE_SHUFFLE_REPLICATE,0.5683863162994385,0.47999598963126316,1.6347289085388184,0.0002999305725097656,0.00017704072449070685,9.512901306152344e-05,0.0002999400021508336,31601,6,42090194,,,,,,,,,,,,,,,,,,
Movies,42,s44_expert_rel,EDGE_SHUFFLE_REPLICATE,0.5686862468719482,0.4800746049797267,1.6346546411514282,0.0005998611450195312,0.00025565607295424675,2.086162567138672e-05,0.0005998800043016672,31601,7,42090195,,,,,,,,,,,,,,,,,,
Movies,42,s44_expert_rel,EDGE_SHUFFLE_REPLICATE,0.5686862468719482,0.4800746049797267,1.6346938610076904,0.0005998611450195312,0.00025565607295424675,6.008148193359375e-05,0.0005998800043016672,31601,8,42090196,,,,,,,,,,,,,,,,,,
Movies,42,s44_expert_rel,EDGE_SHUFFLE_REPLICATE,0.5686862468719482,0.4800746049797267,1.634658694267273,0.0005998611450195312,0.00025565607295424675,2.491474151611328e-05,0.0005998800043016672,31601,9,42090197,,,,,,,,,,,,,,,,,,
Movies,42,s44_expert_rel,EDGE_SHUFFLE_REPLICATE,0.5680863857269287,0.47981894890677246,1.6346808671951294,0.0,0.0,4.7087669372558594e-05,0.0,31601,10,42090198,,,,,,,,,,,,,,,,,,
Movies,42,s44_expert_rel,EDGE_SHUFFLE_MEAN_STD,,,,,,,,31601,,,10,0.5683863162994385,0.00023232522246975567,0.4799467769432496,0.00010379190532197011,1.6346869587898254,2.0993933733986788e-05,0.0002999305725097656,0.00023232522246975567,0.00012782803647714557,0.00010379190532197011,5.317926406860352e-05,2.0993933733986788e-05,0.0002999400021508336,0.00023233252663831908,,,
Movies,42,s44_expert_rel,ROUTE_EDGE_SHUFFLE_REPLICATE,0.5683863162994385,0.4798975642552361,1.6346925497055054,0.0002999305725097656,7.861534846365092e-05,5.8770179748535156e-05,0.0002999400021508336,31601,1,42090189,,,,,,,,,,,,,,,,,,
Movies,42,s44_expert_rel,ROUTE_EDGE_SHUFFLE_REPLICATE,0.5680863857269287,0.47981894890677246,1.6347006559371948,0.0,0.0,6.687641143798828e-05,0.0,31601,2,42090190,,,,,,,,,,,,,,,,,,
Movies,42,s44_expert_rel,ROUTE_EDGE_SHUFFLE_REPLICATE,0.5683863162994385,0.4798975642552361,1.6346694231033325,0.0002999305725097656,7.861534846365092e-05,3.5643577575683594e-05,0.0002999400021508336,31601,3,42090191,,,,,,,,,,,,,,,,,,
Movies,42,s44_expert_rel,ROUTE_EDGE_SHUFFLE_REPLICATE,0.5683863162994385,0.47999598963126316,1.6347006559371948,0.0002999305725097656,0.00017704072449070685,6.687641143798828e-05,0.0002999400021508336,31601,4,42090192,,,,,,,,,,,,,,,,,,
Movies,42,s44_expert_rel,ROUTE_EDGE_SHUFFLE_REPLICATE,0.5680863857269287,0.47981894890677246,1.6346893310546875,0.0,0.0,5.555152893066406e-05,0.0,31601,5,42090193,,,,,,,,,,,,,,,,,,
Movies,42,s44_expert_rel,ROUTE_EDGE_SHUFFLE_REPLICATE,0.5683863162994385,0.47999598963126316,1.6347289085388184,0.0002999305725097656,0.00017704072449070685,9.512901306152344e-05,0.0002999400021508336,31601,6,42090194,,,,,,,,,,,,,,,,,,
Movies,42,s44_expert_rel,ROUTE_EDGE_SHUFFLE_REPLICATE,0.5686862468719482,0.4800746049797267,1.6346546411514282,0.0005998611450195312,0.00025565607295424675,2.086162567138672e-05,0.0005998800043016672,31601,7,42090195,,,,,,,,,,,,,,,,,,
Movies,42,s44_expert_rel,ROUTE_EDGE_SHUFFLE_REPLICATE,0.5686862468719482,0.4800746049797267,1.6346938610076904,0.0005998611450195312,0.00025565607295424675,6.008148193359375e-05,0.0005998800043016672,31601,8,42090196,,,,,,,,,,,,,,,,,,
Movies,42,s44_expert_rel,ROUTE_EDGE_SHUFFLE_REPLICATE,0.5686862468719482,0.4800746049797267,1.634658694267273,0.0005998611450195312,0.00025565607295424675,2.491474151611328e-05,0.0005998800043016672,31601,9,42090197,,,,,,,,,,,,,,,,,,
Movies,42,s44_expert_rel,ROUTE_EDGE_SHUFFLE_REPLICATE,0.5680863857269287,0.47981894890677246,1.6346808671951294,0.0,0.0,4.7087669372558594e-05,0.0,31601,10,42090198,,,,,,,,,,,,,,,,,,
Movies,42,s44_expert_rel,ROUTE_EDGE_SHUFFLE_MEAN_STD,,,,,,,,31601,,,10,0.5683863162994385,0.00023232522246975567,0.4799467769432496,0.00010379190532197011,1.6346869587898254,2.0993933733986788e-05,0.0002999305725097656,0.00023232522246975567,0.00012782803647714557,0.00010379190532197011,5.317926406860352e-05,2.0993933733986788e-05,0.0002999400021508336,0.00023233252663831908,,,
Movies,42,s44_expert_rel,ROUTE_UNIFORMIZE,0.568986177444458,0.4804757630395648,1.6360511779785156,0.0008997917175292969,0.0006568141327923382,0.001417398452758789,0.0032993401400744915,,,,,,,,,,,,,,,,,,,,,
Movies,42,s44_expert_rel_multi,MEAN_REPLACE,0.550089955329895,0.4394536316403065,1.8250850439071655,-0.003899216651916504,-0.0066860697032700145,-0.002561330795288086,0.044091179966926575,31601,,,,,,,,,,,,,,,,,,,,
Movies,42,s44_expert_rel_multi,EDGE_SHUFFLE_REPLICATE,0.5542891025543213,0.4464706479177839,1.8271182775497437,0.0002999305725097656,0.0003309465742074025,-0.0005280971527099609,0.002399520017206669,31601,1,42100196,,,,,,,,,,,,,,,,,,
Movies,42,s44_expert_rel_multi,EDGE_SHUFFLE_REPLICATE,0.5545890927314758,0.44744795437379165,1.827396273612976,0.0005999207496643066,0.0013082530302151452,-0.00025010108947753906,0.002099580131471157,31601,2,42100197,,,,,,,,,,,,,,,,,,
Movies,42,s44_expert_rel_multi,EDGE_SHUFFLE_REPLICATE,0.5539891719818115,0.44624681752047984,1.8265987634658813,0.0,0.00010711617690334352,-0.0010476112365722656,0.0008998200646601617,31601,3,42100198,,,,,,,,,,,,,,,,,,
Movies,42,s44_expert_rel_multi,EDGE_SHUFFLE_REPLICATE,0.5536892414093018,0.44684094034922994,1.827869176864624,-0.0002999305725097656,0.0007012390056534423,0.00022280216217041016,0.0026994601357728243,31601,4,42100199,,,,,,,,,,,,,,,,,,
Movies,42,s44_expert_rel_multi,EDGE_SHUFFLE_REPLICATE,0.553389310836792,0.4451239340485979,1.8270424604415894,-0.0005998611450195312,-0.0010157672949785979,-0.0006039142608642578,0.0008998200646601617,31601,5,42100200,,,,,,,,,,,,,,,,,,
Movies,42,s44_expert_rel_multi,EDGE_SHUFFLE_REPLICATE,0.5539891719818115,0.4464926191251052,1.828478217124939,0.0,0.00035291778152868325,0.0008318424224853516,0.0017996401293203235,31601,6,42100201,,,,,,,,,,,,,,,,,,
Movies,42,s44_expert_rel_multi,EDGE_SHUFFLE_REPLICATE,0.5542891025543213,0.4463560083014424,1.8277881145477295,0.0002999305725097656,0.00021630695786589715,0.0001417398452758789,0.001499700010754168,31601,7,42100202,,,,,,,,,,,,,,,,,,
Movies,42,s44_expert_rel_multi,EDGE_SHUFFLE_REPLICATE,0.5542891025543213,0.44719052712313917,1.8276597261428833,0.0002999305725097656,0.0010508257795626696,1.33514404296875e-05,0.002399520017206669,31601,8,42100203,,,,,,,,,,,,,,,,,,
Movies,42,s44_expert_rel_multi,EDGE_SHUFFLE_REPLICATE,0.5545890927314758,0.4464937197125992,1.827579140663147,0.0005999207496643066,0.0003540183690227128,-6.723403930664062e-05,0.001499700010754168,31601,9,42100204,,,,,,,,,,,,,,,,,,
Movies,42,s44_expert_rel_multi,EDGE_SHUFFLE_REPLICATE,0.5539891719818115,0.4464620818732349,1.827542781829834,0.0,0.0003223805296583837,-0.0001035928726196289,0.001499700010754168,31601,10,42100205,,,,,,,,,,,,,,,,,,
Movies,42,s44_expert_rel_multi,EDGE_SHUFFLE_MEAN_STD,,,,,,,,31601,,,10,0.5541091561317444,0.0003599325820223476,0.4465125250345404,0.0005891436571500795,1.8275072932243348,0.0004886026282043622,0.00011998414993286133,0.0003599325820223476,0.0003728236909639082,0.0005891436571500795,-0.0001390814781188965,0.0004886026282043622,0.001769646059256047,0.0005915741617075373,,,
Movies,42,s44_expert_rel_multi,ROUTE_EDGE_SHUFFLE_REPLICATE,0.5542891025543213,0.4464706479177839,1.8271182775497437,0.0002999305725097656,0.0003309465742074025,-0.0005280971527099609,0.002399520017206669,31601,1,42100196,,,,,,,,,,,,,,,,,,
Movies,42,s44_expert_rel_multi,ROUTE_EDGE_SHUFFLE_REPLICATE,0.5545890927314758,0.44744795437379165,1.827396273612976,0.0005999207496643066,0.0013082530302151452,-0.00025010108947753906,0.002099580131471157,31601,2,42100197,,,,,,,,,,,,,,,,,,
Movies,42,s44_expert_rel_multi,ROUTE_EDGE_SHUFFLE_REPLICATE,0.5539891719818115,0.44624681752047984,1.8265987634658813,0.0,0.00010711617690334352,-0.0010476112365722656,0.0008998200646601617,31601,3,42100198,,,,,,,,,,,,,,,,,,
Movies,42,s44_expert_rel_multi,ROUTE_EDGE_SHUFFLE_REPLICATE,0.5536892414093018,0.44684094034922994,1.827869176864624,-0.0002999305725097656,0.0007012390056534423,0.00022280216217041016,0.0026994601357728243,31601,4,42100199,,,,,,,,,,,,,,,,,,
Movies,42,s44_expert_rel_multi,ROUTE_EDGE_SHUFFLE_REPLICATE,0.553389310836792,0.4451239340485979,1.8270424604415894,-0.0005998611450195312,-0.0010157672949785979,-0.0006039142608642578,0.0008998200646601617,31601,5,42100200,,,,,,,,,,,,,,,,,,
Movies,42,s44_expert_rel_multi,ROUTE_EDGE_SHUFFLE_REPLICATE,0.5539891719818115,0.4464926191251052,1.828478217124939,0.0,0.00035291778152868325,0.0008318424224853516,0.0017996401293203235,31601,6,42100201,,,,,,,,,,,,,,,,,,
Movies,42,s44_expert_rel_multi,ROUTE_EDGE_SHUFFLE_REPLICATE,0.5542891025543213,0.4463560083014424,1.8277881145477295,0.0002999305725097656,0.00021630695786589715,0.0001417398452758789,0.001499700010754168,31601,7,42100202,,,,,,,,,,,,,,,,,,
Movies,42,s44_expert_rel_multi,ROUTE_EDGE_SHUFFLE_REPLICATE,0.5542891025543213,0.44719052712313917,1.8276597261428833,0.0002999305725097656,0.0010508257795626696,1.33514404296875e-05,0.002399520017206669,31601,8,42100203,,,,,,,,,,,,,,,,,,
Movies,42,s44_expert_rel_multi,ROUTE_EDGE_SHUFFLE_REPLICATE,0.5545890927314758,0.4464937197125992,1.827579140663147,0.0005999207496643066,0.0003540183690227128,-6.723403930664062e-05,0.001499700010754168,31601,9,42100204,,,,,,,,,,,,,,,,,,
Movies,42,s44_expert_rel_multi,ROUTE_EDGE_SHUFFLE_REPLICATE,0.5539891719818115,0.4464620818732349,1.827542781829834,0.0,0.0003223805296583837,-0.0001035928726196289,0.001499700010754168,31601,10,42100205,,,,,,,,,,,,,,,,,,
Movies,42,s44_expert_rel_multi,ROUTE_EDGE_SHUFFLE_MEAN_STD,,,,,,,,31601,,,10,0.5541091561317444,0.0003599325820223476,0.4465125250345404,0.0005891436571500795,1.8275072932243348,0.0004886026282043622,0.00011998414993286133,0.0003599325820223476,0.0003728236909639082,0.0005891436571500795,-0.0001390814781188965,0.0004886026282043622,0.001769646059256047,0.0005915741617075373,,,
Movies,42,s44_expert_rel_multi,ROUTE_UNIFORMIZE,0.5509898066520691,0.43775758090552896,1.8279610872268677,-0.0029993653297424316,-0.008382120438047536,0.0003147125244140625,0.045890823006629944,,,,,,,,,,,,,,,,,,,,,
Movies,43,s44_scalar_raw,MEAN_REPLACE,0.5587882399559021,0.44927951092803375,1.4337977170944214,-0.0002999305725097656,-0.004696003151971606,-0.00025784969329833984,0.016796641051769257,31601,,,,,,,,,,,,,,,,,,,,
Movies,43,s44_scalar_raw,EDGE_SHUFFLE_REPLICATE,0.5584883093833923,0.4484585709763948,1.4359575510025024,-0.0005998611450195312,-0.005516943103610561,0.0019019842147827148,0.01589682139456272,31601,1,43020143,,,,,,,,,,,,,,,,,,
Movies,43,s44_scalar_raw,EDGE_SHUFFLE_REPLICATE,0.5599879622459412,0.452180827502743,1.4349424839019775,0.0008997917175292969,-0.0017946865772623388,0.0008869171142578125,0.016496701166033745,31601,2,43020144,,,,,,,,,,,,,,,,,,
Movies,43,s44_scalar_raw,EDGE_SHUFFLE_REPLICATE,0.5590881705284119,0.4518396474962384,1.435350775718689,0.0,-0.0021358665837669655,0.0012952089309692383,0.014997000806033611,31601,3,43020145,,,,,,,,,,,,,,,,,,
Movies,43,s44_scalar_raw,EDGE_SHUFFLE_REPLICATE,0.556688666343689,0.4465535612899655,1.4351627826690674,-0.0023995041847229004,-0.007421952790039876,0.0011072158813476562,0.01589682139456272,31601,4,43020146,,,,,,,,,,,,,,,,,,
Movies,43,s44_scalar_raw,EDGE_SHUFFLE_REPLICATE,0.5599879622459412,0.44805493134250574,1.43610680103302,0.0008997917175292969,-0.0059205827374996245,0.002051234245300293,0.016196761280298233,31601,5,43020147,,,,,,,,,,,,,,,,,,
Movies,43,s44_scalar_raw,EDGE_SHUFFLE_REPLICATE,0.5593881011009216,0.4504200340192491,1.4347310066223145,0.0002999305725097656,-0.003555480060756233,0.0006754398345947266,0.01379724033176899,31601,6,43020148,,,,,,,,,,,,,,,,,,
Movies,43,s44_scalar_raw,EDGE_SHUFFLE_REPLICATE,0.5581883192062378,0.4496665817567556,1.4349396228790283,-0.0008998513221740723,-0.004308932323249748,0.0008840560913085938,0.0146970609202981,31601,7,43020149,,,,,,,,,,,,,,,,,,
Movies,43,s44_scalar_raw,EDGE_SHUFFLE_REPLICATE,0.5575884580612183,0.4476184384571436,1.435545563697815,-0.0014997124671936035,-0.006357075622861752,0.0014899969100952148,0.014997000806033611,31601,8,43020150,,,,,,,,,,,,,,,,,,
Movies,43,s44_scalar_raw,EDGE_SHUFFLE_REPLICATE,0.557888388633728,0.4471419867373771,1.436179280281067,-0.0011997818946838379,-0.006833527342628265,0.002123713493347168,0.0146970609202981,31601,9,43020151,,,,,,,,,,,,,,,,,,
Movies,43,s44_scalar_raw,EDGE_SHUFFLE_REPLICATE,0.5581883192062378,0.4496654143573714,1.4353281259536743,-0.0008998513221740723,-0.004310099722633964,0.0012725591659545898,0.017996400594711304,31601,10,43020152,,,,,,,,,,,,,,,,,,
Movies,43,s44_scalar_raw,EDGE_SHUFFLE_MEAN_STD,,,,,,,,31601,,,10,0.5585482656955719,0.0010109287285395513,0.4491599993935744,0.0018265036453463635,1.4354243993759155,0.0004863769376884379,-0.0005399048328399658,0.0010109287285395513,-0.004815514686430933,0.0018265036453463635,0.0013688325881958008,0.0004863769376884379,0.015566886961460113,0.0011258743449001523,,,
Movies,43,s44_scalar_rel,MEAN_REPLACE,0.5593881011009216,0.46656382822905984,1.543424129486084,0.0008997917175292969,-0.0012002036157153784,0.003359675407409668,0.023395320400595665,31601,,,,,,,,,,,,,,,,,,,,
Movies,43,s44_scalar_rel,EDGE_SHUFFLE_REPLICATE,0.5569885969161987,0.4633145034695013,1.5455315113067627,-0.0014997124671936035,-0.0044495283752739034,0.005467057228088379,0.01739652082324028,31601,1,43030150,,,,,,,,,,,,,,,,,,
Movies,43,s44_scalar_rel,EDGE_SHUFFLE_REPLICATE,0.5599879622459412,0.46876215855756503,1.5452520847320557,0.0014996528625488281,0.0009981267127898152,0.005187630653381348,0.019796039909124374,31601,2,43030151,,,,,,,,,,,,,,,,,,
Movies,43,s44_scalar_rel,EDGE_SHUFFLE_REPLICATE,0.557888388633728,0.4686077931426637,1.5453827381134033,-0.0005999207496643066,0.0008437612978884901,0.005318284034729004,0.01709658093750477,31601,3,43030152,,,,,,,,,,,,,,,,,,
Movies,43,s44_scalar_rel,EDGE_SHUFFLE_REPLICATE,0.5593881011009216,0.46855094000505576,1.5441234111785889,0.0008997917175292969,0.0007869081602805417,0.004058957099914551,0.02069586142897606,31601,4,43030153,,,,,,,,,,,,,,,,,,
Movies,43,s44_scalar_rel,EDGE_SHUFFLE_REPLICATE,0.5563886761665344,0.4619417950432737,1.5448272228240967,-0.00209963321685791,-0.0058222368015015125,0.004762768745422363,0.01919616013765335,31601,5,43030154,,,,,,,,,,,,,,,,,,
Movies,43,s44_scalar_rel,EDGE_SHUFFLE_REPLICATE,0.5569885969161987,0.4685244229552146,1.5462381839752197,-0.0014997124671936035,0.0007603911104394068,0.00617372989654541,0.021295741200447083,31601,6,43030155,,,,,,,,,,,,,,,,,,
Movies,43,s44_scalar_rel,EDGE_SHUFFLE_REPLICATE,0.5581883192062378,0.4673255833882813,1.5452933311462402,-0.000299990177154541,-0.00043844845649393394,0.005228877067565918,0.016796641051769257,31601,7,43030156,,,,,,,,,,,,,,,,,,
Movies,43,s44_scalar_rel,EDGE_SHUFFLE_REPLICATE,0.5593881011009216,0.4702475564813082,1.5466097593307495,0.0008997917175292969,0.0024835246365330077,0.006545305252075195,0.01919616013765335,31601,8,43030157,,,,,,,,,,,,,,,,,,
Movies,43,s44_scalar_rel,EDGE_SHUFFLE_REPLICATE,0.5560887455940247,0.4645921043409074,1.5482412576675415,-0.0023995637893676758,-0.0031719275038677996,0.008176803588867188,0.016196761280298233,31601,9,43030158,,,,,,,,,,,,,,,,,,
Movies,43,s44_scalar_rel,EDGE_SHUFFLE_REPLICATE,0.5581883192062378,0.46549355896705036,1.544684648513794,-0.000299990177154541,-0.0022704728777248606,0.004620194435119629,0.018296340480446815,31601,10,43030159,,,,,,,,,,,,,,,,,,
Movies,43,s44_scalar_rel,EDGE_SHUFFLE_MEAN_STD,,,,,,,,31601,,,10,0.5579483807086945,0.001271122077227644,0.4667360416350822,0.0026002118649558936,1.5456184148788452,0.0011082461542183655,-0.000539928674697876,0.001271122077227644,-0.0010279902096930749,0.0026002118649558936,0.0055539608001708984,0.0011082461542183655,0.018596280738711356,0.0016318499518676748,,,
Movies,43,s44_scalar_rel_multi,MEAN_REPLACE,0.5638871788978577,0.49125571804037527,1.6664009094238281,0.0011997222900390625,0.0065403525072532664,-0.0050318241119384766,0.042291540652513504,31601,,,,,,,,,,,,,,,,,,,,
Movies,43,s44_scalar_rel_multi,EDGE_SHUFFLE_REPLICATE,0.5617876052856445,0.49144396501450227,1.6668061017990112,-0.0008998513221740723,0.006728599481380271,-0.004626631736755371,0.035392921417951584,31601,1,43040157,,,,,,,,,,,,,,,,,,
Movies,43,s44_scalar_rel_multi,EDGE_SHUFFLE_REPLICATE,0.5587882399559021,0.4892250590552257,1.6690540313720703,-0.003899216651916504,0.004509693522103675,-0.002378702163696289,0.03479304164648056,31601,2,43040158,,,,,,,,,,,,,,,,,,
Movies,43,s44_scalar_rel_multi,EDGE_SHUFFLE_REPLICATE,0.5584883093833923,0.4794356724500445,1.6756961345672607,-0.0041991472244262695,-0.005279693083077519,0.004263401031494141,0.03269346058368683,31601,3,43040159,,,,,,,,,,,,,,,,,,
Movies,43,s44_scalar_rel_multi,EDGE_SHUFFLE_REPLICATE,0.557888388633728,0.48162640802434753,1.6748230457305908,-0.004799067974090576,-0.0030889575087744703,0.0033903121948242188,0.03629274293780327,31601,4,43040160,,,,,,,,,,,,,,,,,,
Movies,43,s44_scalar_rel_multi,EDGE_SHUFFLE_REPLICATE,0.5575884580612183,0.4815125301641833,1.6784175634384155,-0.005098998546600342,-0.0032028353689386724,0.006984829902648926,0.03419316187500954,31601,5,43040161,,,,,,,,,,,,,,,,,,
Movies,43,s44_scalar_rel_multi,EDGE_SHUFFLE_REPLICATE,0.5575884580612183,0.4800287176250963,1.6752883195877075,-0.005098998546600342,-0.004686647908025698,0.003855586051940918,0.037192560732364655,31601,6,43040162,,,,,,,,,,,,,,,,,,
Movies,43,s44_scalar_rel_multi,EDGE_SHUFFLE_REPLICATE,0.5590881705284119,0.4872922266396279,1.6735469102859497,-0.0035992860794067383,0.002576861106505901,0.0021141767501831055,0.042591482400894165,31601,7,43040163,,,,,,,,,,,,,,,,,,
Movies,43,s44_scalar_rel_multi,EDGE_SHUFFLE_REPLICATE,0.5602879524230957,0.48386437034460206,1.6758042573928833,-0.0023995041847229004,-0.0008509951885199429,0.004371523857116699,0.0344930998980999,31601,8,43040164,,,,,,,,,,,,,,,,,,
Movies,43,s44_scalar_rel_multi,EDGE_SHUFFLE_REPLICATE,0.5632873177528381,0.48747057274446925,1.671757698059082,0.0005998611450195312,0.0027552072113472548,0.0003249645233154297,0.0344930998980999,31601,9,43040165,,,,,,,,,,,,,,,,,,
Movies,43,s44_scalar_rel_multi,EDGE_SHUFFLE_REPLICATE,0.5572885274887085,0.47985436880189597,1.6745537519454956,-0.005398929119110107,-0.0048609967312260305,0.003121018409729004,0.0383923202753067,31601,10,43040166,,,,,,,,,,,,,,,,,,
Movies,43,s44_scalar_rel_multi,EDGE_SHUFFLE_MEAN_STD,,,,,,,,31601,,,10,0.5592081427574158,0.0018931874453882811,0.48417538908639945,0.004134248946814618,1.6735747814178468,0.0032852819307648963,-0.003479313850402832,0.0018931874453882811,-0.0005399764467225232,0.004134248946814618,0.002142047882080078,0.0032852819307648963,0.03605278916656971,0.0026686237040009714,,,
Movies,43,s44_lowrank_global,MEAN_REPLACE,0.557888388633728,0.47543276207680585,1.5260040760040283,0.0,0.0,-2.384185791015625e-07,0.0,31601,,,,,,,,,,,,,,,,,,,,
Movies,43,s44_lowrank_global,EDGE_SHUFFLE_REPLICATE,0.557888388633728,0.47543276207680585,1.5260043144226074,0.0,0.0,0.0,0.0,31601,1,43050164,,,,,,,,,,,,,,,,,,
Movies,43,s44_lowrank_global,EDGE_SHUFFLE_REPLICATE,0.557888388633728,0.47543276207680585,1.5260043144226074,0.0,0.0,0.0,0.0,31601,2,43050165,,,,,,,,,,,,,,,,,,
Movies,43,s44_lowrank_global,EDGE_SHUFFLE_REPLICATE,0.557888388633728,0.47543276207680585,1.5260043144226074,0.0,0.0,0.0,0.0,31601,3,43050166,,,,,,,,,,,,,,,,,,
Movies,43,s44_lowrank_global,EDGE_SHUFFLE_REPLICATE,0.557888388633728,0.47543276207680585,1.5260043144226074,0.0,0.0,0.0,0.0,31601,4,43050167,,,,,,,,,,,,,,,,,,
Movies,43,s44_lowrank_global,EDGE_SHUFFLE_REPLICATE,0.557888388633728,0.47543276207680585,1.5260043144226074,0.0,0.0,0.0,0.0,31601,5,43050168,,,,,,,,,,,,,,,,,,
Movies,43,s44_lowrank_global,EDGE_SHUFFLE_REPLICATE,0.557888388633728,0.47543276207680585,1.5260040760040283,0.0,0.0,-2.384185791015625e-07,0.0,31601,6,43050169,,,,,,,,,,,,,,,,,,
Movies,43,s44_lowrank_global,EDGE_SHUFFLE_REPLICATE,0.557888388633728,0.47543276207680585,1.5260043144226074,0.0,0.0,0.0,0.0,31601,7,43050170,,,,,,,,,,,,,,,,,,
Movies,43,s44_lowrank_global,EDGE_SHUFFLE_REPLICATE,0.557888388633728,0.47543276207680585,1.5260043144226074,0.0,0.0,0.0,0.0,31601,8,43050171,,,,,,,,,,,,,,,,,,
Movies,43,s44_lowrank_global,EDGE_SHUFFLE_REPLICATE,0.557888388633728,0.47543276207680585,1.5260043144226074,0.0,0.0,0.0,0.0,31601,9,43050172,,,,,,,,,,,,,,,,,,
Movies,43,s44_lowrank_global,EDGE_SHUFFLE_REPLICATE,0.557888388633728,0.47543276207680585,1.5260043144226074,0.0,0.0,0.0,0.0,31601,10,43050173,,,,,,,,,,,,,,,,,,
Movies,43,s44_lowrank_global,EDGE_SHUFFLE_MEAN_STD,,,,,,,,31601,,,10,0.557888388633728,0.0,0.47543276207680585,0.0,1.5260042905807496,7.152557373046875e-08,0.0,0.0,0.0,0.0,-2.384185791015625e-08,7.152557373046875e-08,0.0,0.0,,,
Movies,43,s44_lowrank_global,ZERO_DYNAMIC,0.5575884580612183,0.4753161396964957,1.526060938835144,-0.0002999305725097656,-0.0001166223803101274,5.6624412536621094e-05,0.0005998800043016672,,,,,,,,,,,,,,,,,,,4.291534423828125e-06,1e-05,1e-06
Movies,43,s44_lowrank_rel,MEAN_REPLACE,0.5614876747131348,0.46367488272366486,1.449421763420105,-0.0017996430397033691,-0.0012915095802852328,0.002927422523498535,0.017996400594711304,31601,,,,,,,,,,,,,,,,,,,,
Movies,43,s44_lowrank_rel,EDGE_SHUFFLE_REPLICATE,0.5638871788978577,0.466030593923214,1.4466090202331543,0.0005998611450195312,0.0010642016192639048,0.00011467933654785156,0.002999400021508336,31601,1,43060171,,,,,,,,,,,,,,,,,,
Movies,43,s44_lowrank_rel,EDGE_SHUFFLE_REPLICATE,0.5629873871803284,0.4648862267193059,1.4467333555221558,-0.0002999305725097656,-8.016558464418733e-05,0.0002390146255493164,0.002099580131471157,31601,2,43060172,,,,,,,,,,,,,,,,,,
Movies,43,s44_lowrank_rel,EDGE_SHUFFLE_REPLICATE,0.5641871690750122,0.4660738577023425,1.446384072303772,0.0008998513221740723,0.0011074653983924043,-0.00011026859283447266,0.002099580131471157,31601,3,43060173,,,,,,,,,,,,,,,,,,
Movies,43,s44_lowrank_rel,EDGE_SHUFFLE_REPLICATE,0.5629873871803284,0.46488724029774,1.4463567733764648,-0.0002999305725097656,-7.915200621011476e-05,-0.00013756752014160156,0.0017996401293203235,31601,4,43060174,,,,,,,,,,,,,,,,,,
Movies,43,s44_lowrank_rel,EDGE_SHUFFLE_REPLICATE,0.5635872483253479,0.465479134388273,1.4465183019638062,0.0002999305725097656,0.0005127420843228925,2.396106719970703e-05,0.002099580131471157,31601,5,43060175,,,,,,,,,,,,,,,,,,
Movies,43,s44_lowrank_rel,EDGE_SHUFFLE_REPLICATE,0.5626874566078186,0.46452969109771464,1.4466853141784668,-0.0005998611450195312,-0.00043670120623545694,0.00019097328186035156,0.002099580131471157,31601,6,43060176,,,,,,,,,,,,,,,,,,
Movies,43,s44_lowrank_rel,EDGE_SHUFFLE_REPLICATE,0.5635872483253479,0.4661333606685032,1.4464776515960693,0.0002999305725097656,0.0011669683645531004,-1.6689300537109375e-05,0.002999400021508336,31601,7,43060177,,,,,,,,,,,,,,,,,,
Movies,43,s44_lowrank_rel,EDGE_SHUFFLE_REPLICATE,0.5635872483253479,0.46512981546566223,1.4464212656021118,0.0002999305725097656,0.00016342316171213955,-7.30752944946289e-05,0.0017996401293203235,31601,8,43060178,,,,,,,,,,,,,,,,,,
Movies,43,s44_lowrank_rel,EDGE_SHUFFLE_REPLICATE,0.5641871690750122,0.4663016380834894,1.4463979005813599,0.0008998513221740723,0.001335245779539307,-9.644031524658203e-05,0.002399520017206669,31601,9,43060179,,,,,,,,,,,,,,,,,,
Movies,43,s44_lowrank_rel,EDGE_SHUFFLE_REPLICATE,0.5638871788978577,0.4656611386673032,1.446273922920227,0.0005998611450195312,0.0006947463633530937,-0.00022041797637939453,0.0011997600086033344,31601,10,43060180,,,,,,,,,,,,,,,,,,
Movies,43,s44_lowrank_rel,EDGE_SHUFFLE_MEAN_STD,,,,,,,,31601,,,10,0.5635572671890259,0.0004919379782654162,0.4655112697013548,0.0005924922748431753,1.4464857578277588,0.00014183614249284568,0.00026994943618774414,0.0004919379782654162,0.0005448773974047084,0.0005924922748431753,-8.58306884765625e-06,0.00014183614249284568,0.0021595680853351952,0.0005160362701669798,,,
Movies,43,s44_lowrank_rel,ZERO_DYNAMIC,0.5569885969161987,0.4501340830702394,1.4502023458480835,-0.006298720836639404,-0.014832309233710705,0.0037080049514770508,0.04559088125824928,,,,,,,,,,,,,,,,,,,2.86102294921875e-06,1e-05,1e-06
Movies,43,s44_lowrank_rel_multi,MEAN_REPLACE,0.556688666343689,0.4591196647624492,1.7719148397445679,-0.002699434757232666,-0.005441086883873847,-0.004634261131286621,0.030293941497802734,31601,,,,,,,,,,,,,,,,,,,,
Movies,43,s44_lowrank_rel_multi,EDGE_SHUFFLE_REPLICATE,0.5602879524230957,0.4660808616950617,1.7761149406433105,0.0008998513221740723,0.0015201100487386432,-0.0004341602325439453,0.002399520017206669,31601,1,43070178,,,,,,,,,,,,,,,,,,
Movies,43,s44_lowrank_rel_multi,EDGE_SHUFFLE_REPLICATE,0.5596880316734314,0.4634668533153102,1.7768604755401611,0.0002999305725097656,-0.0010938983310128658,0.0003113746643066406,0.002399520017206669,31601,2,43070179,,,,,,,,,,,,,,,,,,
Movies,43,s44_lowrank_rel_multi,EDGE_SHUFFLE_REPLICATE,0.5593881011009216,0.46509090355474453,1.7768158912658691,0.0,0.0005301519084214834,0.00026679039001464844,0.002099580131471157,31601,3,43070180,,,,,,,,,,,,,,,,,,
Movies,43,s44_lowrank_rel_multi,EDGE_SHUFFLE_REPLICATE,0.5599879622459412,0.4653049632937578,1.7773607969284058,0.0005998611450195312,0.0007442116474347671,0.0008116960525512695,0.002399520017206669,31601,4,43070181,,,,,,,,,,,,,,,,,,
Movies,43,s44_lowrank_rel_multi,EDGE_SHUFFLE_REPLICATE,0.5599879622459412,0.4648224786154307,1.7769944667816162,0.0005998611450195312,0.00026172696910764515,0.00044536590576171875,0.002099580131471157,31601,5,43070182,,,,,,,,,,,,,,,,,,
Movies,43,s44_lowrank_rel_multi,EDGE_SHUFFLE_REPLICATE,0.5596880316734314,0.46376005554390104,1.7769246101379395,0.0002999305725097656,-0.000800696102422005,0.00037550926208496094,0.0032993401400744915,31601,6,43070183,,,,,,,,,,,,,,,,,,
Movies,43,s44_lowrank_rel_multi,EDGE_SHUFFLE_REPLICATE,0.5596880316734314,0.4649062320542233,1.7768523693084717,0.0002999305725097656,0.00034548040790027823,0.0003032684326171875,0.002399520017206669,31601,7,43070184,,,,,,,,,,,,,,,,,,
Movies,43,s44_lowrank_rel_multi,EDGE_SHUFFLE_REPLICATE,0.5599879622459412,0.4642005604134942,1.7758395671844482,0.0005998611450195312,-0.0003601912328288215,-0.00070953369140625,0.003599280258640647,31601,8,43070185,,,,,,,,,,,,,,,,,,
Movies,43,s44_lowrank_rel_multi,EDGE_SHUFFLE_REPLICATE,0.5596880316734314,0.46382397166684985,1.776955485343933,0.0002999305725097656,-0.00073677997947319,0.0004063844680786133,0.0032993401400744915,31601,9,43070186,,,,,,,,,,,,,,,,,,
Movies,43,s44_lowrank_rel_multi,EDGE_SHUFFLE_REPLICATE,0.5584883093833923,0.4629946431602073,1.7767316102981567,-0.0008997917175292969,-0.0015661084861157692,0.0001825094223022461,0.0026994601357728243,31601,10,43070187,,,,,,,,,,,,,,,,,,
Movies,43,s44_lowrank_rel_multi,EDGE_SHUFFLE_MEAN_STD,,,,,,,,31601,,,10,0.5596880376338959,0.0004646581401464121,0.4644451523312981,0.0009034864882434648,1.7767450213432312,0.00042010170318256706,0.0002999365329742432,0.0004646581401464121,-0.00011559931502498344,0.0009034864882434648,0.00019592046737670898,0.00042010170318256706,0.0026694661006331443,0.0005098980495377532,,,
Movies,43,s44_lowrank_rel_multi,ZERO_DYNAMIC,0.5539891719818115,0.4534295080831569,1.7883679866790771,-0.005398929119110107,-0.011131243563166138,0.011818885803222656,0.04019196331501007,,,,,,,,,,,,,,,,,,,3.814697265625e-06,1e-05,1e-06
Movies,43,s44_expert_rel,MEAN_REPLACE,0.5593881011009216,0.47268673676968964,1.6191495656967163,-0.0017996430397033691,-0.004233653851557162,-0.0012241601943969727,0.005998800043016672,31601,,,,,,,,,,,,,,,,,,,,
Movies,43,s44_expert_rel,EDGE_SHUFFLE_REPLICATE,0.561187744140625,0.4769203906212468,1.6203457117080688,0.0,0.0,-2.8014183044433594e-05,0.0,31601,1,43090192,,,,,,,,,,,,,,,,,,
Movies,43,s44_expert_rel,EDGE_SHUFFLE_REPLICATE,0.561187744140625,0.47690000314873304,1.6203927993774414,0.0,-2.038747251376094e-05,1.9073486328125e-05,0.0002999400021508336,31601,2,43090193,,,,,,,,,,,,,,,,,,
Movies,43,s44_expert_rel,EDGE_SHUFFLE_REPLICATE,0.561187744140625,0.47690000314873304,1.6204441785812378,0.0,-2.038747251376094e-05,7.045269012451172e-05,0.0002999400021508336,31601,3,43090194,,,,,,,,,,,,,,,,,,
Movies,43,s44_expert_rel,EDGE_SHUFFLE_REPLICATE,0.561187744140625,0.47690000314873304,1.6203581094741821,0.0,-2.038747251376094e-05,-1.5616416931152344e-05,0.0002999400021508336,31601,4,43090195,,,,,,,,,,,,,,,,,,
Movies,43,s44_expert_rel,EDGE_SHUFFLE_REPLICATE,0.561187744140625,0.4769203906212468,1.6204043626785278,0.0,0.0,3.063678741455078e-05,0.0,31601,5,43090196,,,,,,,,,,,,,,,,,,
Movies,43,s44_expert_rel,EDGE_SHUFFLE_REPLICATE,0.561187744140625,0.47690000314873304,1.6203749179840088,0.0,-2.038747251376094e-05,1.1920928955078125e-06,0.0002999400021508336,31601,6,43090197,,,,,,,,,,,,,,,,,,
Movies,43,s44_expert_rel,EDGE_SHUFFLE_REPLICATE,0.561187744140625,0.4769203906212468,1.6204041242599487,0.0,0.0,3.039836883544922e-05,0.0,31601,7,43090198,,,,,,,,,,,,,,,,,,
Movies,43,s44_expert_rel,EDGE_SHUFFLE_REPLICATE,0.561187744140625,0.47690000314873304,1.6202852725982666,0.0,-2.038747251376094e-05,-8.845329284667969e-05,0.0002999400021508336,31601,8,43090199,,,,,,,,,,,,,,,,,,
Movies,43,s44_expert_rel,EDGE_SHUFFLE_REPLICATE,0.5614876747131348,0.4774748721464145,1.6203669309616089,0.0002999305725097656,0.0005544815251676827,-6.794929504394531e-06,0.0005998800043016672,31601,9,43090200,,,,,,,,,,,,,,,,,,
Movies,43,s44_expert_rel,EDGE_SHUFFLE_REPLICATE,0.561187744140625,0.4769203906212468,1.6203564405441284,0.0,0.0,-1.728534698486328e-05,0.0,31601,10,43090201,,,,,,,,,,,,,,,,,,
Movies,43,s44_expert_rel,EDGE_SHUFFLE_MEAN_STD,,,,,,,,31601,,,10,0.5612177371978759,8.997917175292968e-05,0.47696564503750666,0.00017001423029250944,1.620373284816742,4.048102623338858e-05,2.9993057250976562e-05,8.997917175292968e-05,4.5254416259887796e-05,0.00017001423029250944,-4.4107437133789065e-07,4.048102623338858e-05,0.00020995800150558352,0.00019205530975476636,,,
Movies,43,s44_expert_rel,ROUTE_EDGE_SHUFFLE_REPLICATE,0.561187744140625,0.4769203906212468,1.6203457117080688,0.0,0.0,-2.8014183044433594e-05,0.0,31601,1,43090192,,,,,,,,,,,,,,,,,,
Movies,43,s44_expert_rel,ROUTE_EDGE_SHUFFLE_REPLICATE,0.561187744140625,0.47690000314873304,1.6203927993774414,0.0,-2.038747251376094e-05,1.9073486328125e-05,0.0002999400021508336,31601,2,43090193,,,,,,,,,,,,,,,,,,
Movies,43,s44_expert_rel,ROUTE_EDGE_SHUFFLE_REPLICATE,0.561187744140625,0.47690000314873304,1.6204441785812378,0.0,-2.038747251376094e-05,7.045269012451172e-05,0.0002999400021508336,31601,3,43090194,,,,,,,,,,,,,,,,,,
Movies,43,s44_expert_rel,ROUTE_EDGE_SHUFFLE_REPLICATE,0.561187744140625,0.47690000314873304,1.6203581094741821,0.0,-2.038747251376094e-05,-1.5616416931152344e-05,0.0002999400021508336,31601,4,43090195,,,,,,,,,,,,,,,,,,
Movies,43,s44_expert_rel,ROUTE_EDGE_SHUFFLE_REPLICATE,0.561187744140625,0.4769203906212468,1.6204043626785278,0.0,0.0,3.063678741455078e-05,0.0,31601,5,43090196,,,,,,,,,,,,,,,,,,
Movies,43,s44_expert_rel,ROUTE_EDGE_SHUFFLE_REPLICATE,0.561187744140625,0.47690000314873304,1.6203749179840088,0.0,-2.038747251376094e-05,1.1920928955078125e-06,0.0002999400021508336,31601,6,43090197,,,,,,,,,,,,,,,,,,
Movies,43,s44_expert_rel,ROUTE_EDGE_SHUFFLE_REPLICATE,0.561187744140625,0.4769203906212468,1.6204041242599487,0.0,0.0,3.039836883544922e-05,0.0,31601,7,43090198,,,,,,,,,,,,,,,,,,
Movies,43,s44_expert_rel,ROUTE_EDGE_SHUFFLE_REPLICATE,0.561187744140625,0.47690000314873304,1.6202852725982666,0.0,-2.038747251376094e-05,-8.845329284667969e-05,0.0002999400021508336,31601,8,43090199,,,,,,,,,,,,,,,,,,
Movies,43,s44_expert_rel,ROUTE_EDGE_SHUFFLE_REPLICATE,0.5614876747131348,0.4774748721464145,1.6203669309616089,0.0002999305725097656,0.0005544815251676827,-6.794929504394531e-06,0.0005998800043016672,31601,9,43090200,,,,,,,,,,,,,,,,,,
Movies,43,s44_expert_rel,ROUTE_EDGE_SHUFFLE_REPLICATE,0.561187744140625,0.4769203906212468,1.6203564405441284,0.0,0.0,-1.728534698486328e-05,0.0,31601,10,43090201,,,,,,,,,,,,,,,,,,
Movies,43,s44_expert_rel,ROUTE_EDGE_SHUFFLE_MEAN_STD,,,,,,,,31601,,,10,0.5612177371978759,8.997917175292968e-05,0.47696564503750666,0.00017001423029250944,1.620373284816742,4.048102623338858e-05,2.9993057250976562e-05,8.997917175292968e-05,4.5254416259887796e-05,0.00017001423029250944,-4.4107437133789065e-07,4.048102623338858e-05,0.00020995800150558352,0.00019205530975476636,,,
Movies,43,s44_expert_rel,ROUTE_UNIFORMIZE,0.5602879524230957,0.47011370046366896,1.6211879253387451,-0.0008997917175292969,-0.006806690157577844,0.0008141994476318359,0.008398320525884628,,,,,,,,,,,,,,,,,,,,,
Movies,43,s44_expert_rel_multi,MEAN_REPLACE,0.5590881705284119,0.4692679947509806,1.507165551185608,-0.0011997818946838379,-0.0005340776720793583,-0.002694368362426758,0.011697660200297832,31601,,,,,,,,,,,,,,,,,,,,
Movies,43,s44_expert_rel_multi,EDGE_SHUFFLE_REPLICATE,0.5605878829956055,0.46923771277807635,1.5099941492080688,0.0002999305725097656,-0.0005643596449835808,0.0001342296600341797,0.0005998800043016672,31601,1,43100199,,,,,,,,,,,,,,,,,,
Movies,43,s44_expert_rel_multi,EDGE_SHUFFLE_REPLICATE,0.5602879524230957,0.4691561834282826,1.5097448825836182,0.0,-0.000645888994777355,-0.0001150369644165039,0.0002999400021508336,31601,2,43100200,,,,,,,,,,,,,,,,,,
Movies,43,s44_expert_rel_multi,EDGE_SHUFFLE_REPLICATE,0.5602879524230957,0.46925356646084415,1.5098423957824707,0.0,-0.000548505962215784,-1.7523765563964844e-05,0.0011997600086033344,31601,3,43100201,,,,,,,,,,,,,,,,,,
Movies,43,s44_expert_rel_multi,EDGE_SHUFFLE_REPLICATE,0.5602879524230957,0.4698797490136439,1.509863257408142,0.0,7.767659058394161e-05,3.337860107421875e-06,0.0002999400021508336,31601,4,43100202,,,,,,,,,,,,,,,,,,
Movies,43,s44_expert_rel_multi,EDGE_SHUFFLE_REPLICATE,0.5596880316734314,0.46956045010166303,1.509948492050171,-0.0005999207496643066,-0.00024162232139690598,8.857250213623047e-05,0.0008998200646601617,31601,5,43100203,,,,,,,,,,,,,,,,,,
Movies,43,s44_expert_rel_multi,EDGE_SHUFFLE_REPLICATE,0.5599879622459412,0.4695465436425613,1.5098711252212524,-0.000299990177154541,-0.00025552878049861505,1.1205673217773438e-05,0.0002999400021508336,31601,6,43100204,,,,,,,,,,,,,,,,,,
Movies,43,s44_expert_rel_multi,EDGE_SHUFFLE_REPLICATE,0.5605878829956055,0.46988360177285377,1.509922742843628,0.0002999305725097656,8.152934979382964e-05,6.282329559326172e-05,0.0002999400021508336,31601,7,43100205,,,,,,,,,,,,,,,,,,
Movies,43,s44_expert_rel_multi,EDGE_SHUFFLE_REPLICATE,0.5602879524230957,0.46980207242305994,1.5098750591278076,0.0,0.0,1.5139579772949219e-05,0.0,31601,8,43100206,,,,,,,,,,,,,,,,,,
Movies,43,s44_expert_rel_multi,EDGE_SHUFFLE_REPLICATE,0.5602879524230957,0.46719945340489105,1.5099900960922241,0.0,-0.0026026190181688835,0.00013017654418945312,0.0011997600086033344,31601,9,43100207,,,,,,,,,,,,,,,,,,
Movies,43,s44_expert_rel_multi,EDGE_SHUFFLE_REPLICATE,0.5596880316734314,0.46889497684639114,1.5099390745162964,-0.0005999207496643066,-0.0009070955766687927,7.915496826171875e-05,0.0011997600086033344,31601,10,43100208,,,,,,,,,,,,,,,,,,
Movies,43,s44_expert_rel_multi,EDGE_SHUFFLE_MEAN_STD,,,,,,,,31601,,,10,0.5601979553699493,0.00030145081174987075,0.4692414309872267,0.000750076671262666,1.509899127483368,7.180165513634525e-05,-8.999705314636231e-05,0.00030145081174987075,-0.0005606414358332145,0.000750076671262666,3.920793533325195e-05,7.180165513634525e-05,0.0006298740103375166,0.0004336182345833617,,,
Movies,43,s44_expert_rel_multi,ROUTE_EDGE_SHUFFLE_REPLICATE,0.5605878829956055,0.46923771277807635,1.5099941492080688,0.0002999305725097656,-0.0005643596449835808,0.0001342296600341797,0.0005998800043016672,31601,1,43100199,,,,,,,,,,,,,,,,,,
Movies,43,s44_expert_rel_multi,ROUTE_EDGE_SHUFFLE_REPLICATE,0.5602879524230957,0.4691561834282826,1.5097448825836182,0.0,-0.000645888994777355,-0.0001150369644165039,0.0002999400021508336,31601,2,43100200,,,,,,,,,,,,,,,,,,
Movies,43,s44_expert_rel_multi,ROUTE_EDGE_SHUFFLE_REPLICATE,0.5602879524230957,0.46925356646084415,1.5098423957824707,0.0,-0.000548505962215784,-1.7523765563964844e-05,0.0011997600086033344,31601,3,43100201,,,,,,,,,,,,,,,,,,
Movies,43,s44_expert_rel_multi,ROUTE_EDGE_SHUFFLE_REPLICATE,0.5602879524230957,0.4698797490136439,1.509863257408142,0.0,7.767659058394161e-05,3.337860107421875e-06,0.0002999400021508336,31601,4,43100202,,,,,,,,,,,,,,,,,,
Movies,43,s44_expert_rel_multi,ROUTE_EDGE_SHUFFLE_REPLICATE,0.5596880316734314,0.46956045010166303,1.509948492050171,-0.0005999207496643066,-0.00024162232139690598,8.857250213623047e-05,0.0008998200646601617,31601,5,43100203,,,,,,,,,,,,,,,,,,
Movies,43,s44_expert_rel_multi,ROUTE_EDGE_SHUFFLE_REPLICATE,0.5599879622459412,0.4695465436425613,1.5098711252212524,-0.000299990177154541,-0.00025552878049861505,1.1205673217773438e-05,0.0002999400021508336,31601,6,43100204,,,,,,,,,,,,,,,,,,
Movies,43,s44_expert_rel_multi,ROUTE_EDGE_SHUFFLE_REPLICATE,0.5605878829956055,0.46988360177285377,1.509922742843628,0.0002999305725097656,8.152934979382964e-05,6.282329559326172e-05,0.0002999400021508336,31601,7,43100205,,,,,,,,,,,,,,,,,,
Movies,43,s44_expert_rel_multi,ROUTE_EDGE_SHUFFLE_REPLICATE,0.5602879524230957,0.46980207242305994,1.5098750591278076,0.0,0.0,1.5139579772949219e-05,0.0,31601,8,43100206,,,,,,,,,,,,,,,,,,
Movies,43,s44_expert_rel_multi,ROUTE_EDGE_SHUFFLE_REPLICATE,0.5602879524230957,0.46719945340489105,1.5099900960922241,0.0,-0.0026026190181688835,0.00013017654418945312,0.0011997600086033344,31601,9,43100207,,,,,,,,,,,,,,,,,,
Movies,43,s44_expert_rel_multi,ROUTE_EDGE_SHUFFLE_REPLICATE,0.5596880316734314,0.46889497684639114,1.5099390745162964,-0.0005999207496643066,-0.0009070955766687927,7.915496826171875e-05,0.0011997600086033344,31601,10,43100208,,,,,,,,,,,,,,,,,,
Movies,43,s44_expert_rel_multi,ROUTE_EDGE_SHUFFLE_MEAN_STD,,,,,,,,31601,,,10,0.5601979553699493,0.00030145081174987075,0.4692414309872267,0.000750076671262666,1.509899127483368,7.180165513634525e-05,-8.999705314636231e-05,0.00030145081174987075,-0.0005606414358332145,0.000750076671262666,3.920793533325195e-05,7.180165513634525e-05,0.0006298740103375166,0.0004336182345833617,,,
Movies,43,s44_expert_rel_multi,ROUTE_UNIFORMIZE,0.5596880316734314,0.46646343819360975,1.5080307722091675,-0.0005999207496643066,-0.003338634229450188,-0.0018291473388671875,0.011097780428826809,,,,,,,,,,,,,,,,,,,,,
Movies,44,s44_scalar_raw,MEAN_REPLACE,0.5530893802642822,0.47234913549003255,1.6197922229766846,-0.0002999305725097656,-0.0018960418434753046,0.005712628364562988,0.016496701166033745,31601,,,,,,,,,,,,,,,,,,,,
Movies,44,s44_scalar_raw,EDGE_SHUFFLE_REPLICATE,0.5527894496917725,0.4700974591497625,1.6203664541244507,-0.0005998611450195312,-0.004147718183745375,0.0062868595123291016,0.015296940691769123,31601,1,44020146,,,,,,,,,,,,,,,,,,
Movies,44,s44_scalar_raw,EDGE_SHUFFLE_REPLICATE,0.5512897372245789,0.4728584396749058,1.619310975074768,-0.0020995736122131348,-0.001386737658602033,0.005231380462646484,0.014997000806033611,31601,2,44020147,,,,,,,,,,,,,,,,,,
Movies,44,s44_scalar_raw,EDGE_SHUFFLE_REPLICATE,0.5524894595146179,0.47306478144963904,1.6189790964126587,-0.0008998513221740723,-0.0011803958838688122,0.004899501800537109,0.01229754090309143,31601,3,44020148,,,,,,,,,,,,,,,,,,
Movies,44,s44_scalar_raw,EDGE_SHUFFLE_REPLICATE,0.5503898859024048,0.47211426621840885,1.620663046836853,-0.002999424934387207,-0.002130911115098999,0.006583452224731445,0.013497300446033478,31601,4,44020149,,,,,,,,,,,,,,,,,,
Movies,44,s44_scalar_raw,EDGE_SHUFFLE_REPLICATE,0.5509898066520691,0.47294129681163666,1.6201202869415283,-0.0023995041847229004,-0.0013038805218711924,0.006040692329406738,0.014097180217504501,31601,5,44020150,,,,,,,,,,,,,,,,,,
Movies,44,s44_scalar_raw,EDGE_SHUFFLE_REPLICATE,0.5518895983695984,0.4736365337118714,1.6198333501815796,-0.0014997124671936035,-0.0006086436216364288,0.005753755569458008,0.013497300446033478,31601,6,44020151,,,,,,,,,,,,,,,,,,
Movies,44,s44_scalar_raw,EDGE_SHUFFLE_REPLICATE,0.5518895983695984,0.47061892627947016,1.6195396184921265,-0.0014997124671936035,-0.003626251054037688,0.005460023880004883,0.015596880577504635,31601,7,44020152,,,,,,,,,,,,,,,,,,
Movies,44,s44_scalar_raw,EDGE_SHUFFLE_REPLICATE,0.5515896677970886,0.4723763035300432,1.619741439819336,-0.0017996430397033691,-0.0018688738034646768,0.0056618452072143555,0.015296940691769123,31601,8,44020153,,,,,,,,,,,,,,,,,,
Movies,44,s44_scalar_raw,EDGE_SHUFFLE_REPLICATE,0.5524894595146179,0.4728214422198154,1.6190567016601562,-0.0008998513221740723,-0.0014237351136924259,0.004977107048034668,0.013497300446033478,31601,9,44020154,,,,,,,,,,,,,,,,,,
Movies,44,s44_scalar_raw,EDGE_SHUFFLE_REPLICATE,0.5518895983695984,0.47422114897205486,1.6190855503082275,-0.0014997124671936035,-2.4028361452987923e-05,0.005005955696105957,0.014997000806033611,31601,10,44020155,,,,,,,,,,,,,,,,,,
Movies,44,s44_scalar_raw,EDGE_SHUFFLE_MEAN_STD,,,,,,,,31601,,,10,0.5517696261405944,0.000699572740472746,0.4724750598017608,0.0012028341463583222,1.6196696519851685,0.0005519689043077511,-0.0016196846961975097,0.000699572740472746,-0.0017701175317470618,0.0012028341463583222,0.005590057373046875,0.0005519689043077511,0.014307138603180647,0.0010307642499410724,,,
Movies,44,s44_scalar_rel,MEAN_REPLACE,0.5536892414093018,0.4542825303181587,1.5703965425491333,-0.0017996430397033691,-0.01433118015124002,0.007120013236999512,0.019796039909124374,31601,,,,,,,,,,,,,,,,,,,,
Movies,44,s44_scalar_rel,EDGE_SHUFFLE_REPLICATE,0.5527894496917725,0.46028830349417904,1.5696262121200562,-0.002699434757232666,-0.008325406975219662,0.006349682807922363,0.018296340480446815,31601,1,44030153,,,,,,,,,,,,,,,,,,
Movies,44,s44_scalar_rel,EDGE_SHUFFLE_REPLICATE,0.5524894595146179,0.4598027944028044,1.5704456567764282,-0.002999424934387207,-0.008810916066594288,0.007169127464294434,0.016496701166033745,31601,2,44030154,,,,,,,,,,,,,,,,,,
Movies,44,s44_scalar_rel,EDGE_SHUFFLE_REPLICATE,0.553389310836792,0.45893744555599536,1.5683530569076538,-0.0020995736122131348,-0.009676264913403343,0.0050765275955200195,0.019796039909124374,31601,3,44030155,,,,,,,,,,,,,,,,,,
Movies,44,s44_scalar_rel,EDGE_SHUFFLE_REPLICATE,0.5521895289421082,0.4558330793071913,1.5717147588729858,-0.0032993555068969727,-0.012780631162207401,0.00843822956085205,0.01919616013765335,31601,4,44030156,,,,,,,,,,,,,,,,,,
Movies,44,s44_scalar_rel,EDGE_SHUFFLE_REPLICATE,0.553389310836792,0.4560599561669063,1.5684723854064941,-0.0020995736122131348,-0.012553754302492393,0.0051958560943603516,0.017696460708975792,31601,5,44030157,,,,,,,,,,,,,,,,,,
Movies,44,s44_scalar_rel,EDGE_SHUFFLE_REPLICATE,0.5524894595146179,0.45557010984615715,1.5699961185455322,-0.002999424934387207,-0.013043600623241558,0.0067195892333984375,0.016796641051769257,31601,6,44030158,,,,,,,,,,,,,,,,,,
Movies,44,s44_scalar_rel,EDGE_SHUFFLE_REPLICATE,0.5530893802642822,0.45932411641139315,1.5692458152770996,-0.0023995041847229004,-0.009289594058005557,0.00596928596496582,0.0146970609202981,31601,7,44030159,,,,,,,,,,,,,,,,,,
Movies,44,s44_scalar_rel,EDGE_SHUFFLE_REPLICATE,0.5515896677970886,0.4554557652903138,1.5697954893112183,-0.003899216651916504,-0.013157945179084918,0.006518959999084473,0.01919616013765335,31601,8,44030160,,,,,,,,,,,,,,,,,,
Movies,44,s44_scalar_rel,EDGE_SHUFFLE_REPLICATE,0.550089955329895,0.4561634799582321,1.5696742534637451,-0.005398929119110107,-0.012450230511166616,0.006397724151611328,0.017996400594711304,31601,9,44030161,,,,,,,,,,,,,,,,,,
Movies,44,s44_scalar_rel,EDGE_SHUFFLE_REPLICATE,0.5527894496917725,0.4584047177461123,1.5721161365509033,-0.002699434757232666,-0.010208992723286403,0.008839607238769531,0.01739652082324028,31601,10,44030162,,,,,,,,,,,,,,,,,,
Movies,44,s44_scalar_rel,EDGE_SHUFFLE_MEAN_STD,,,,,,,,31601,,,10,0.5524294972419739,0.0009370489313290819,0.4575839768179285,0.0018374207520385026,1.5699439883232116,0.001161385342688965,-0.00305938720703125,0.0009370489313290819,-0.011029733651470214,0.0018374207520385026,0.0066674590110778805,0.001161385342688965,0.017756448592990637,0.001437209977254129,,,
Movies,44,s44_scalar_rel_multi,MEAN_REPLACE,0.5515896677970886,0.46094087034990183,1.5757484436035156,-0.003899216651916504,-0.012928265927287685,0.012386798858642578,0.04799040034413338,31601,,,,,,,,,,,,,,,,,,,,
Movies,44,s44_scalar_rel_multi,EDGE_SHUFFLE_REPLICATE,0.550089955329895,0.4646387388528332,1.5799583196640015,-0.005398929119110107,-0.00923039742435633,0.016596674919128418,0.038992200046777725,31601,1,44040160,,,,,,,,,,,,,,,,,,
Movies,44,s44_scalar_rel_multi,EDGE_SHUFFLE_REPLICATE,0.5512897372245789,0.46050114752810484,1.575555443763733,-0.0041991472244262695,-0.01336798874908468,0.012193799018859863,0.042291540652513504,31601,2,44040161,,,,,,,,,,,,,,,,,,
Movies,44,s44_scalar_rel_multi,EDGE_SHUFFLE_REPLICATE,0.5491901636123657,0.46244113429792366,1.572728157043457,-0.006298720836639404,-0.011428001979265856,0.009366512298583984,0.04049190133810043,31601,3,44040162,,,,,,,,,,,,,,,,,,
Movies,44,s44_scalar_rel_multi,EDGE_SHUFFLE_REPLICATE,0.5497900247573853,0.4625003364961163,1.5794230699539185,-0.005698859691619873,-0.011368799781073191,0.01606142520904541,0.03989202156662941,31601,4,44040163,,,,,,,,,,,,,,,,,,
Movies,44,s44_scalar_rel_multi,EDGE_SHUFFLE_REPLICATE,0.5515896677970886,0.46597577205603163,1.5774980783462524,-0.003899216651916504,-0.007893364221157884,0.014136433601379395,0.038992200046777725,31601,5,44040164,,,,,,,,,,,,,,,,,,
Movies,44,s44_scalar_rel_multi,EDGE_SHUFFLE_REPLICATE,0.5512897372245789,0.4640846479667129,1.5785939693450928,-0.0041991472244262695,-0.009784488310476624,0.015232324600219727,0.03809238225221634,31601,6,44040165,,,,,,,,,,,,,,,,,,
Movies,44,s44_scalar_rel_multi,EDGE_SHUFFLE_REPLICATE,0.5509898066520691,0.4637771821875722,1.577532172203064,-0.004499077796936035,-0.010091954089617328,0.014170527458190918,0.03779244050383568,31601,7,44040166,,,,,,,,,,,,,,,,,,
Movies,44,s44_scalar_rel_multi,EDGE_SHUFFLE_REPLICATE,0.5509898066520691,0.46009316379763465,1.5802321434020996,-0.004499077796936035,-0.013775972479554865,0.016870498657226562,0.03989202156662941,31601,8,44040167,,,,,,,,,,,,,,,,,,
Movies,44,s44_scalar_rel_multi,EDGE_SHUFFLE_REPLICATE,0.546790599822998,0.45689479692556123,1.5764821767807007,-0.00869828462600708,-0.016974339351628287,0.013120532035827637,0.037492502480745316,31601,9,44040168,,,,,,,,,,,,,,,,,,
Movies,44,s44_scalar_rel_multi,EDGE_SHUFFLE_REPLICATE,0.5470905900001526,0.4619953362235055,1.5800024271011353,-0.008398294448852539,-0.011873800053683992,0.016640782356262207,0.03809238225221634,31601,10,44040169,,,,,,,,,,,,,,,,,,
Movies,44,s44_scalar_rel_multi,EDGE_SHUFFLE_MEAN_STD,,,,,,,,31601,,,10,0.5499100089073181,0.0016494020417516604,0.46229022563319966,0.0024864064422703397,1.5778005957603454,0.0022660595845630537,-0.005578875541687012,0.0016494020417516604,-0.011578910643989904,0.0024864064422703397,0.014438951015472412,0.0022660595845630537,0.03920215927064419,0.0014007548340600124,,,
Movies,44,s44_lowrank_global,MEAN_REPLACE,0.5497900247573853,0.46245731505794324,1.4922010898590088,0.0,0.0,-1.1920928955078125e-07,0.0,31601,,,,,,,,,,,,,,,,,,,,
Movies,44,s44_lowrank_global,EDGE_SHUFFLE_REPLICATE,0.5497900247573853,0.46245731505794324,1.4922012090682983,0.0,0.0,0.0,0.0,31601,1,44050167,,,,,,,,,,,,,,,,,,
Movies,44,s44_lowrank_global,EDGE_SHUFFLE_REPLICATE,0.5497900247573853,0.46245731505794324,1.4922012090682983,0.0,0.0,0.0,0.0,31601,2,44050168,,,,,,,,,,,,,,,,,,
Movies,44,s44_lowrank_global,EDGE_SHUFFLE_REPLICATE,0.5497900247573853,0.46245731505794324,1.4922012090682983,0.0,0.0,0.0,0.0,31601,3,44050169,,,,,,,,,,,,,,,,,,
Movies,44,s44_lowrank_global,EDGE_SHUFFLE_REPLICATE,0.5497900247573853,0.46245731505794324,1.4922010898590088,0.0,0.0,-1.1920928955078125e-07,0.0,31601,4,44050170,,,,,,,,,,,,,,,,,,
Movies,44,s44_lowrank_global,EDGE_SHUFFLE_REPLICATE,0.5497900247573853,0.46245731505794324,1.4922010898590088,0.0,0.0,-1.1920928955078125e-07,0.0,31601,5,44050171,,,,,,,,,,,,,,,,,,
Movies,44,s44_lowrank_global,EDGE_SHUFFLE_REPLICATE,0.5497900247573853,0.46245731505794324,1.4922010898590088,0.0,0.0,-1.1920928955078125e-07,0.0,31601,6,44050172,,,,,,,,,,,,,,,,,,
Movies,44,s44_lowrank_global,EDGE_SHUFFLE_REPLICATE,0.5497900247573853,0.46245731505794324,1.4922010898590088,0.0,0.0,-1.1920928955078125e-07,0.0,31601,7,44050173,,,,,,,,,,,,,,,,,,
Movies,44,s44_lowrank_global,EDGE_SHUFFLE_REPLICATE,0.5497900247573853,0.46245731505794324,1.4922010898590088,0.0,0.0,-1.1920928955078125e-07,0.0,31601,8,44050174,,,,,,,,,,,,,,,,,,
Movies,44,s44_lowrank_global,EDGE_SHUFFLE_REPLICATE,0.5497900247573853,0.46245731505794324,1.4922012090682983,0.0,0.0,0.0,0.0,31601,9,44050175,,,,,,,,,,,,,,,,,,
Movies,44,s44_lowrank_global,EDGE_SHUFFLE_REPLICATE,0.5497900247573853,0.46245731505794324,1.4922010898590088,0.0,0.0,-1.1920928955078125e-07,0.0,31601,10,44050176,,,,,,,,,,,,,,,,,,
Movies,44,s44_lowrank_global,EDGE_SHUFFLE_MEAN_STD,,,,,,,,31601,,,10,0.5497900247573853,0.0,0.46245731505794324,0.0,1.4922011375427247,5.840038639982171e-08,0.0,0.0,0.0,0.0,-7.152557373046875e-08,5.840038639982171e-08,0.0,0.0,,,
Movies,44,s44_lowrank_global,ZERO_DYNAMIC,0.5497900247573853,0.4624909696093815,1.4922142028808594,0.0,3.3654551438278e-05,1.2993812561035156e-05,0.0005998800043016672,,,,,,,,,,,,,,,,,,,2.86102294921875e-06,1e-05,1e-06
Movies,44,s44_lowrank_rel,MEAN_REPLACE,0.5590881705284119,0.47956746991009586,1.5887787342071533,-0.0002999305725097656,-0.0002342297301363705,0.002823472023010254,0.016496701166033745,31601,,,,,,,,,,,,,,,,,,,,
Movies,44,s44_lowrank_rel,EDGE_SHUFFLE_REPLICATE,0.5590881705284119,0.4789505371464222,1.5857740640640259,-0.0002999305725097656,-0.0008511624938100093,-0.0001811981201171875,0.0026994601357728243,31601,1,44060174,,,,,,,,,,,,,,,,,,
Movies,44,s44_lowrank_rel,EDGE_SHUFFLE_REPLICATE,0.5593881011009216,0.47938875956741434,1.5857285261154175,0.0,-0.00041294007281789114,-0.00022673606872558594,0.0011997600086033344,31601,2,44060175,,,,,,,,,,,,,,,,,,
Movies,44,s44_lowrank_rel,EDGE_SHUFFLE_REPLICATE,0.5593881011009216,0.4797952204089901,1.585815668106079,0.0,-6.4792312421402265e-06,-0.00013959407806396484,0.001499700010754168,31601,3,44060176,,,,,,,,,,,,,,,,,,
Movies,44,s44_lowrank_rel,EDGE_SHUFFLE_REPLICATE,0.5596880316734314,0.4799570487298085,1.5861363410949707,0.0002999305725097656,0.00015534908957626214,0.00018107891082763672,0.0017996401293203235,31601,4,44060177,,,,,,,,,,,,,,,,,,
Movies,44,s44_lowrank_rel,EDGE_SHUFFLE_REPLICATE,0.5593881011009216,0.4798172694062727,1.5854830741882324,0.0,1.5569766040446353e-05,-0.00047218799591064453,0.0017996401293203235,31601,5,44060178,,,,,,,,,,,,,,,,,,
Movies,44,s44_lowrank_rel,EDGE_SHUFFLE_REPLICATE,0.5587882399559021,0.4790705166306622,1.5857765674591064,-0.0005998611450195312,-0.0007311830095700356,-0.0001786947250366211,0.002099580131471157,31601,6,44060179,,,,,,,,,,,,,,,,,,
Movies,44,s44_lowrank_rel,EDGE_SHUFFLE_REPLICATE,0.5593881011009216,0.47947321197565074,1.585428237915039,0.0,-0.00032848766458148937,-0.0005270242691040039,0.001499700010754168,31601,7,44060180,,,,,,,,,,,,,,,,,,
Movies,44,s44_lowrank_rel,EDGE_SHUFFLE_REPLICATE,0.5590881705284119,0.4797396884746961,1.585508942604065,-0.0002999305725097656,-6.20111655361133e-05,-0.000446319580078125,0.002099580131471157,31601,8,44060181,,,,,,,,,,,,,,,,,,
Movies,44,s44_lowrank_rel,EDGE_SHUFFLE_REPLICATE,0.5590881705284119,0.47909733689073936,1.5856404304504395,-0.0002999305725097656,-0.0007043627494928706,-0.0003148317337036133,0.0011997600086033344,31601,9,44060182,,,,,,,,,,,,,,,,,,
Movies,44,s44_lowrank_rel,EDGE_SHUFFLE_REPLICATE,0.5596880316734314,0.4798735877199782,1.5856002569198608,0.0002999305725097656,7.188807974595202e-05,-0.00035500526428222656,0.0011997600086033344,31601,10,44060183,,,,,,,,,,,,,,,,,,
Movies,44,s44_lowrank_rel,EDGE_SHUFFLE_MEAN_STD,,,,,,,,31601,,,10,0.5592981219291687,0.0002699375152587891,0.4795163176950634,0.0003539292568874011,1.5856892108917235,0.00019638788008182747,-8.997917175292968e-05,0.0002699375152587891,-0.0002853819451687889,0.0003539292568874011,-0.0002660512924194336,0.00019638788008182747,0.0017096580704674125,0.0004656321479219215,,,
Movies,44,s44_lowrank_rel,ZERO_DYNAMIC,0.5587882399559021,0.4791565582188767,1.5970550775527954,-0.0005998611450195312,-0.0006451414213555218,0.011099815368652344,0.017696460708975792,,,,,,,,,,,,,,,,,,,2.86102294921875e-06,1e-05,1e-06
Movies,44,s44_lowrank_rel_multi,MEAN_REPLACE,0.564487099647522,0.47366815858659406,1.5217292308807373,0.0035992860794067383,-0.0007919225531067831,-0.001319289207458496,0.010797840543091297,31601,,,,,,,,,,,,,,,,,,,,
Movies,44,s44_lowrank_rel_multi,EDGE_SHUFFLE_REPLICATE,0.5605878829956055,0.47422292417699874,1.5230729579925537,-0.0002999305725097656,-0.00023715696270210085,2.4437904357910156e-05,0.0002999400021508336,31601,1,44070181,,,,,,,,,,,,,,,,,,
Movies,44,s44_lowrank_rel_multi,EDGE_SHUFFLE_REPLICATE,0.5608878135681152,0.4745796281817761,1.5230175256729126,0.0,0.00011954704207528533,-3.0994415283203125e-05,0.0008998200646601617,31601,2,44070182,,,,,,,,,,,,,,,,,,
Movies,44,s44_lowrank_rel_multi,EDGE_SHUFFLE_REPLICATE,0.5605878829956055,0.4742382127045793,1.523154854774475,-0.0002999305725097656,-0.00022186843512156385,0.00010633468627929688,0.0005998800043016672,31601,3,44070183,,,,,,,,,,,,,,,,,,
Movies,44,s44_lowrank_rel_multi,EDGE_SHUFFLE_REPLICATE,0.5605878829956055,0.47422292417699874,1.5228890180587769,-0.0002999305725097656,-0.00023715696270210085,-0.0001595020294189453,0.0002999400021508336,31601,4,44070184,,,,,,,,,,,,,,,,,,
Movies,44,s44_lowrank_rel_multi,EDGE_SHUFFLE_REPLICATE,0.5605878829956055,0.4742382127045793,1.5229864120483398,-0.0002999305725097656,-0.00022186843512156385,-6.210803985595703e-05,0.0005998800043016672,31601,5,44070185,,,,,,,,,,,,,,,,,,
Movies,44,s44_lowrank_rel_multi,EDGE_SHUFFLE_REPLICATE,0.5608878135681152,0.47440737717055015,1.52298903465271,0.0,-5.270396915069142e-05,-5.9485435485839844e-05,0.0008998200646601617,31601,6,44070186,,,,,,,,,,,,,,,,,,
Movies,44,s44_lowrank_rel_multi,EDGE_SHUFFLE_REPLICATE,0.5605878829956055,0.4744113645460569,1.523141622543335,-0.0002999305725097656,-4.8716593643916006e-05,9.310245513916016e-05,0.0005998800043016672,31601,7,44070187,,,,,,,,,,,,,,,,,,
Movies,44,s44_lowrank_rel_multi,EDGE_SHUFFLE_REPLICATE,0.5602879524230957,0.47415891302556445,1.5231335163116455,-0.0005998611450195312,-0.00030116811413638533,8.499622344970703e-05,0.0011997600086033344,31601,8,44070188,,,,,,,,,,,,,,,,,,
Movies,44,s44_lowrank_rel_multi,EDGE_SHUFFLE_REPLICATE,0.5605878829956055,0.4745134084752284,1.5230909585952759,-0.0002999305725097656,5.33273355275421e-05,4.2438507080078125e-05,0.0011997600086033344,31601,9,44070189,,,,,,,,,,,,,,,,,,
Movies,44,s44_lowrank_rel_multi,EDGE_SHUFFLE_REPLICATE,0.5602879524230957,0.47417420758335477,1.5230495929718018,-0.0005998611450195312,-0.00028587355634607237,1.0728836059570312e-06,0.0008998200646601617,31601,10,44070190,,,,,,,,,,,,,,,,,,
Movies,44,s44_lowrank_rel_multi,EDGE_SHUFFLE_MEAN_STD,,,,,,,,31601,,,10,0.5605878829956055,0.00018969274980982882,0.4743167172745687,0.00014146318061629347,1.5230525493621827,7.951981270110175e-05,-0.0002999305725097656,0.00018969274980982882,-0.0001433638651321567,0.00014146318061629347,4.029273986816406e-06,7.951981270110175e-05,0.0007498500228393823,0.00030734705199887094,,,
Movies,44,s44_lowrank_rel_multi,ZERO_DYNAMIC,0.5647870302200317,0.4740758453182103,1.5241256952285767,0.003899216651916504,-0.0003842358214905528,0.0010771751403808594,0.01229754090309143,,,,,,,,,,,,,,,,,,,3.814697265625e-06,1e-05,1e-06
Movies,44,s44_expert_rel,MEAN_REPLACE,0.5512897372245789,0.4731081033713166,1.7808053493499756,-0.0005998611450195312,0.00360900559726135,-0.0018396377563476562,0.013197360560297966,31601,,,,,,,,,,,,,,,,,,,,
Movies,44,s44_expert_rel,EDGE_SHUFFLE_REPLICATE,0.5515896677970886,0.4691060620795658,1.7826006412506104,-0.0002999305725097656,-0.00039303569448945197,-4.4345855712890625e-05,0.001499700010754168,31601,1,44090195,,,,,,,,,,,,,,,,,,
Movies,44,s44_expert_rel,EDGE_SHUFFLE_REPLICATE,0.5518895983695984,0.46949909777405524,1.782615303993225,0.0,0.0,-2.968311309814453e-05,0.0,31601,2,44090196,,,,,,,,,,,,,,,,,,
Movies,44,s44_expert_rel,EDGE_SHUFFLE_REPLICATE,0.5518895983695984,0.4696440023562034,1.782644271850586,0.0,0.00014490458214816426,-7.152557373046875e-07,0.001499700010754168,31601,3,44090197,,,,,,,,,,,,,,,,,,
Movies,44,s44_expert_rel,EDGE_SHUFFLE_REPLICATE,0.5521895289421082,0.4695023528567715,1.7827353477478027,0.0002999305725097656,3.255082716258073e-06,9.036064147949219e-05,0.001499700010754168,31601,4,44090198,,,,,,,,,,,,,,,,,,
Movies,44,s44_expert_rel,EDGE_SHUFFLE_REPLICATE,0.5518895983695984,0.46942807214416654,1.7825250625610352,0.0,-7.10256298886991e-05,-0.00011992454528808594,0.002099580131471157,31601,5,44090199,,,,,,,,,,,,,,,,,,
Movies,44,s44_expert_rel,EDGE_SHUFFLE_REPLICATE,0.5515896677970886,0.46907655924879543,1.7826200723648071,-0.0002999305725097656,-0.00042253852525980795,-2.491474151611328e-05,0.001499700010754168,31601,6,44090200,,,,,,,,,,,,,,,,,,
Movies,44,s44_expert_rel,EDGE_SHUFFLE_REPLICATE,0.5518895983695984,0.469483261451266,1.782659649848938,0.0,-1.5836322789231083e-05,1.4662742614746094e-05,0.0008998200646601617,31601,7,44090201,,,,,,,,,,,,,,,,,,
Movies,44,s44_expert_rel,EDGE_SHUFFLE_REPLICATE,0.5518895983695984,0.4697174680917121,1.7826093435287476,0.0,0.00021837031765686854,-3.5643577575683594e-05,0.0005998800043016672,31601,8,44090202,,,,,,,,,,,,,,,,,,
Movies,44,s44_expert_rel,EDGE_SHUFFLE_REPLICATE,0.5518895983695984,0.4691892237590253,1.7825134992599487,0.0,-0.00030987401502996503,-0.00013148784637451172,0.0017996401293203235,31601,9,44090203,,,,,,,,,,,,,,,,,,
Movies,44,s44_expert_rel,EDGE_SHUFFLE_REPLICATE,0.5515896677970886,0.46907655924879543,1.7825855016708374,-0.0002999305725097656,-0.00042253852525980795,-5.9485435485839844e-05,0.001499700010754168,31601,10,44090204,,,,,,,,,,,,,,,,,,
Movies,44,s44_expert_rel,EDGE_SHUFFLE_MEAN_STD,,,,,,,,31601,,,10,0.5518296122550964,0.00017995834350585936,0.46937226590103565,0.00022818902059470433,1.782610869407654,6.057119608062425e-05,-5.9986114501953124e-05,0.00017995834350585936,-0.00012683187301956722,0.00022818902059470433,-3.411769866943359e-05,6.057119608062425e-05,0.001289742038352415,0.0005854595501142956,,,
Movies,44,s44_expert_rel,ROUTE_EDGE_SHUFFLE_REPLICATE,0.5515896677970886,0.4691060620795658,1.7826006412506104,-0.0002999305725097656,-0.00039303569448945197,-4.4345855712890625e-05,0.001499700010754168,31601,1,44090195,,,,,,,,,,,,,,,,,,
Movies,44,s44_expert_rel,ROUTE_EDGE_SHUFFLE_REPLICATE,0.5518895983695984,0.46949909777405524,1.782615303993225,0.0,0.0,-2.968311309814453e-05,0.0,31601,2,44090196,,,,,,,,,,,,,,,,,,
Movies,44,s44_expert_rel,ROUTE_EDGE_SHUFFLE_REPLICATE,0.5518895983695984,0.4696440023562034,1.782644271850586,0.0,0.00014490458214816426,-7.152557373046875e-07,0.001499700010754168,31601,3,44090197,,,,,,,,,,,,,,,,,,
Movies,44,s44_expert_rel,ROUTE_EDGE_SHUFFLE_REPLICATE,0.5521895289421082,0.4695023528567715,1.7827353477478027,0.0002999305725097656,3.255082716258073e-06,9.036064147949219e-05,0.001499700010754168,31601,4,44090198,,,,,,,,,,,,,,,,,,
Movies,44,s44_expert_rel,ROUTE_EDGE_SHUFFLE_REPLICATE,0.5518895983695984,0.46942807214416654,1.7825250625610352,0.0,-7.10256298886991e-05,-0.00011992454528808594,0.002099580131471157,31601,5,44090199,,,,,,,,,,,,,,,,,,
Movies,44,s44_expert_rel,ROUTE_EDGE_SHUFFLE_REPLICATE,0.5515896677970886,0.46907655924879543,1.7826200723648071,-0.0002999305725097656,-0.00042253852525980795,-2.491474151611328e-05,0.001499700010754168,31601,6,44090200,,,,,,,,,,,,,,,,,,
Movies,44,s44_expert_rel,ROUTE_EDGE_SHUFFLE_REPLICATE,0.5518895983695984,0.469483261451266,1.782659649848938,0.0,-1.5836322789231083e-05,1.4662742614746094e-05,0.0008998200646601617,31601,7,44090201,,,,,,,,,,,,,,,,,,
Movies,44,s44_expert_rel,ROUTE_EDGE_SHUFFLE_REPLICATE,0.5518895983695984,0.4697174680917121,1.7826093435287476,0.0,0.00021837031765686854,-3.5643577575683594e-05,0.0005998800043016672,31601,8,44090202,,,,,,,,,,,,,,,,,,
Movies,44,s44_expert_rel,ROUTE_EDGE_SHUFFLE_REPLICATE,0.5518895983695984,0.4691892237590253,1.7825134992599487,0.0,-0.00030987401502996503,-0.00013148784637451172,0.0017996401293203235,31601,9,44090203,,,,,,,,,,,,,,,,,,
Movies,44,s44_expert_rel,ROUTE_EDGE_SHUFFLE_REPLICATE,0.5515896677970886,0.46907655924879543,1.7825855016708374,-0.0002999305725097656,-0.00042253852525980795,-5.9485435485839844e-05,0.001499700010754168,31601,10,44090204,,,,,,,,,,,,,,,,,,
Movies,44,s44_expert_rel,ROUTE_EDGE_SHUFFLE_MEAN_STD,,,,,,,,31601,,,10,0.5518296122550964,0.00017995834350585936,0.46937226590103565,0.00022818902059470433,1.782610869407654,6.057119608062425e-05,-5.9986114501953124e-05,0.00017995834350585936,-0.00012683187301956722,0.00022818902059470433,-3.411769866943359e-05,6.057119608062425e-05,0.001289742038352415,0.0005854595501142956,,,
Movies,44,s44_expert_rel,ROUTE_UNIFORMIZE,0.5515896677970886,0.468969416967834,1.7818357944488525,-0.0002999305725097656,-0.0005296808062212333,-0.0008091926574707031,0.012897420674562454,,,,,,,,,,,,,,,,,,,,,
Movies,44,s44_expert_rel_multi,MEAN_REPLACE,0.5560887455940247,0.4683913231720068,1.6812870502471924,-0.0017996430397033691,-0.0005419064308376242,-0.0009900331497192383,0.016796641051769257,31601,,,,,,,,,,,,,,,,,,,,
Movies,44,s44_expert_rel_multi,EDGE_SHUFFLE_REPLICATE,0.557888388633728,0.4686226222030979,1.6825542449951172,0.0,-0.00031060739974653195,0.0002771615982055664,0.001499700010754168,31601,1,44100202,,,,,,,,,,,,,,,,,,
Movies,44,s44_expert_rel_multi,EDGE_SHUFFLE_REPLICATE,0.5572885274887085,0.46845868330713314,1.6825487613677979,-0.0005998611450195312,-0.0004745462957113089,0.00027167797088623047,0.001499700010754168,31601,2,44100203,,,,,,,,,,,,,,,,,,
Movies,44,s44_expert_rel_multi,EDGE_SHUFFLE_REPLICATE,0.5572885274887085,0.46842402900872493,1.6826106309890747,-0.0005998611450195312,-0.0005092005941195188,0.00033354759216308594,0.0008998200646601617,31601,3,44100204,,,,,,,,,,,,,,,,,,
Movies,44,s44_expert_rel_multi,EDGE_SHUFFLE_REPLICATE,0.5575884580612183,0.468520279124756,1.6827586889266968,-0.0002999305725097656,-0.0004129504780884252,0.00048160552978515625,0.001499700010754168,31601,4,44100205,,,,,,,,,,,,,,,,,,
Movies,44,s44_expert_rel_multi,EDGE_SHUFFLE_REPLICATE,0.5569885969161987,0.4683798001956599,1.6823346614837646,-0.0008997917175292969,-0.000553429407184558,5.7578086853027344e-05,0.002099580131471157,31601,5,44100206,,,,,,,,,,,,,,,,,,
Movies,44,s44_expert_rel_multi,EDGE_SHUFFLE_REPLICATE,0.5572885274887085,0.468784155594337,1.682513952255249,-0.0005998611450195312,-0.0001490740085074438,0.00023686885833740234,0.0017996401293203235,31601,6,44100207,,,,,,,,,,,,,,,,,,
Movies,44,s44_expert_rel_multi,EDGE_SHUFFLE_REPLICATE,0.5575884580612183,0.4684883285110918,1.6825218200683594,-0.0002999305725097656,-0.00044490109175265857,0.0002447366714477539,0.0008998200646601617,31601,7,44100208,,,,,,,,,,,,,,,,,,
Movies,44,s44_expert_rel_multi,EDGE_SHUFFLE_REPLICATE,0.556688666343689,0.46782705507209643,1.6827768087387085,-0.0011997222900390625,-0.0011061745307480164,0.000499725341796875,0.001499700010754168,31601,8,44100209,,,,,,,,,,,,,,,,,,
Movies,44,s44_expert_rel_multi,EDGE_SHUFFLE_REPLICATE,0.5575884580612183,0.4685029104187078,1.6823886632919312,-0.0002999305725097656,-0.0004303191841366627,0.00011157989501953125,0.0017996401293203235,31601,9,44100210,,,,,,,,,,,,,,,,,,
Movies,44,s44_expert_rel_multi,EDGE_SHUFFLE_REPLICATE,0.556688666343689,0.46783606885933693,1.6827889680862427,-0.0011997222900390625,-0.0010971607435075192,0.0005118846893310547,0.002099580131471157,31601,10,44100211,,,,,,,,,,,,,,,,,,
Movies,44,s44_expert_rel_multi,EDGE_SHUFFLE_MEAN_STD,,,,,,,,31601,,,10,0.5572885274887085,0.00037938549961965764,0.4683843932294942,0.0002963567746535407,1.682579720020294,0.0001488138608071506,-0.0005998611450195312,0.00037938549961965764,-0.0005488363733502644,0.0002963567746535407,0.00030263662338256834,0.0001488138608071506,0.0015596880693919957,0.00039791540502649036,,,
Movies,44,s44_expert_rel_multi,ROUTE_EDGE_SHUFFLE_REPLICATE,0.557888388633728,0.4686226222030979,1.6825542449951172,0.0,-0.00031060739974653195,0.0002771615982055664,0.001499700010754168,31601,1,44100202,,,,,,,,,,,,,,,,,,
Movies,44,s44_expert_rel_multi,ROUTE_EDGE_SHUFFLE_REPLICATE,0.5572885274887085,0.46845868330713314,1.6825487613677979,-0.0005998611450195312,-0.0004745462957113089,0.00027167797088623047,0.001499700010754168,31601,2,44100203,,,,,,,,,,,,,,,,,,
Movies,44,s44_expert_rel_multi,ROUTE_EDGE_SHUFFLE_REPLICATE,0.5572885274887085,0.46842402900872493,1.6826106309890747,-0.0005998611450195312,-0.0005092005941195188,0.00033354759216308594,0.0008998200646601617,31601,3,44100204,,,,,,,,,,,,,,,,,,
Movies,44,s44_expert_rel_multi,ROUTE_EDGE_SHUFFLE_REPLICATE,0.5575884580612183,0.468520279124756,1.6827586889266968,-0.0002999305725097656,-0.0004129504780884252,0.00048160552978515625,0.001499700010754168,31601,4,44100205,,,,,,,,,,,,,,,,,,
Movies,44,s44_expert_rel_multi,ROUTE_EDGE_SHUFFLE_REPLICATE,0.5569885969161987,0.4683798001956599,1.6823346614837646,-0.0008997917175292969,-0.000553429407184558,5.7578086853027344e-05,0.002099580131471157,31601,5,44100206,,,,,,,,,,,,,,,,,,
Movies,44,s44_expert_rel_multi,ROUTE_EDGE_SHUFFLE_REPLICATE,0.5572885274887085,0.468784155594337,1.682513952255249,-0.0005998611450195312,-0.0001490740085074438,0.00023686885833740234,0.0017996401293203235,31601,6,44100207,,,,,,,,,,,,,,,,,,
Movies,44,s44_expert_rel_multi,ROUTE_EDGE_SHUFFLE_REPLICATE,0.5575884580612183,0.4684883285110918,1.6825218200683594,-0.0002999305725097656,-0.00044490109175265857,0.0002447366714477539,0.0008998200646601617,31601,7,44100208,,,,,,,,,,,,,,,,,,
Movies,44,s44_expert_rel_multi,ROUTE_EDGE_SHUFFLE_REPLICATE,0.556688666343689,0.46782705507209643,1.6827768087387085,-0.0011997222900390625,-0.0011061745307480164,0.000499725341796875,0.001499700010754168,31601,8,44100209,,,,,,,,,,,,,,,,,,
Movies,44,s44_expert_rel_multi,ROUTE_EDGE_SHUFFLE_REPLICATE,0.5575884580612183,0.4685029104187078,1.6823886632919312,-0.0002999305725097656,-0.0004303191841366627,0.00011157989501953125,0.0017996401293203235,31601,9,44100210,,,,,,,,,,,,,,,,,,
Movies,44,s44_expert_rel_multi,ROUTE_EDGE_SHUFFLE_REPLICATE,0.556688666343689,0.46783606885933693,1.6827889680862427,-0.0011997222900390625,-0.0010971607435075192,0.0005118846893310547,0.002099580131471157,31601,10,44100211,,,,,,,,,,,,,,,,,,
Movies,44,s44_expert_rel_multi,ROUTE_EDGE_SHUFFLE_MEAN_STD,,,,,,,,31601,,,10,0.5572885274887085,0.00037938549961965764,0.4683843932294942,0.0002963567746535407,1.682579720020294,0.0001488138608071506,-0.0005998611450195312,0.00037938549961965764,-0.0005488363733502644,0.0002963567746535407,0.00030263662338256834,0.0001488138608071506,0.0015596880693919957,0.00039791540502649036,,,
Movies,44,s44_expert_rel_multi,ROUTE_UNIFORMIZE,0.5536892414093018,0.4650795434806301,1.6834653615951538,-0.0041991472244262695,-0.0038536861222143726,0.0011882781982421875,0.02249550074338913,,,,,,,,,,,,,,,,,,,,,
Grocery,42,s44_scalar_raw,MEAN_REPLACE,0.8240117430686951,0.75036206894049,0.8994892239570618,0.0026354193687438965,0.0031024649651292258,0.0005970001220703125,0.01815519854426384,27524,,,,,,,,,,,,,,,,,,,,
Grocery,42,s44_scalar_raw,EDGE_SHUFFLE_REPLICATE,0.8216691017150879,0.7506246081622251,0.8991125822067261,0.00029277801513671875,0.003365004186864362,0.00022035837173461914,0.009663250297307968,27524,1,42020140,,,,,,,,,,,,,,,,,,
Grocery,42,s44_scalar_raw,EDGE_SHUFFLE_REPLICATE,0.8225476145744324,0.7524184143403339,0.8990505933761597,0.0011712908744812012,0.005158810364973121,0.0001583695411682129,0.011713030748069286,27524,2,42020141,,,,,,,,,,,,,,,,,,
Grocery,42,s44_scalar_raw,EDGE_SHUFFLE_REPLICATE,0.8216691017150879,0.7485726728914734,0.8974519371986389,0.00029277801513671875,0.001313068916112714,-0.001440286636352539,0.012884333729743958,27524,3,42020142,,,,,,,,,,,,,,,,,,
Grocery,42,s44_scalar_raw,EDGE_SHUFFLE_REPLICATE,0.8204978108406067,0.7461939879360845,0.9003514647483826,-0.0008785128593444824,-0.0010656160392762404,0.0014592409133911133,0.01200585626065731,27524,4,42020143,,,,,,,,,,,,,,,,,,
Grocery,42,s44_scalar_raw,EDGE_SHUFFLE_REPLICATE,0.8222547769546509,0.7490378559224075,0.8992201089859009,0.000878453254699707,0.0017782519470467273,0.00032788515090942383,0.01346998568624258,27524,5,42020144,,,,,,,,,,,,,,,,,,
Grocery,42,s44_scalar_raw,EDGE_SHUFFLE_REPLICATE,0.8219619393348694,0.7466931897649188,0.8993191719055176,0.0005856156349182129,-0.0005664142104419012,0.00042694807052612305,0.01083455327898264,27524,6,42020145,,,,,,,,,,,,,,,,,,
Grocery,42,s44_scalar_raw,EDGE_SHUFFLE_REPLICATE,0.8222547769546509,0.7485034247271326,0.8976728320121765,0.000878453254699707,0.0012438207517718736,-0.0012193918228149414,0.010541727766394615,27524,7,42020146,,,,,,,,,,,,,,,,,,
Grocery,42,s44_scalar_raw,EDGE_SHUFFLE_REPLICATE,0.819619357585907,0.742362733058492,0.8999629616737366,-0.0017569661140441895,-0.004896870916868745,0.0010707378387451172,0.011420205235481262,27524,8,42020147,,,,,,,,,,,,,,,,,,
Grocery,42,s44_scalar_raw,EDGE_SHUFFLE_REPLICATE,0.8207906484603882,0.7465907185302372,0.8976414799690247,-0.0005856752395629883,-0.0006688854451235571,-0.0012507438659667969,0.011713030748069286,27524,9,42020148,,,,,,,,,,,,,,,,,,
Grocery,42,s44_scalar_raw,EDGE_SHUFFLE_REPLICATE,0.8204978108406067,0.747307888376887,0.9035516381263733,-0.0008785128593444824,4.828440152626623e-05,0.004659414291381836,0.010541727766394615,27524,10,42020149,,,,,,,,,,,,,,,,,,
Grocery,42,s44_scalar_raw,EDGE_SHUFFLE_MEAN_STD,,,,,,,,27524,,,10,0.8213762938976288,0.0009166886739512802,0.7478305493710191,0.002588351939726613,0.8993334770202637,0.0016890262179011042,-2.9802322387695312e-08,0.0009166886739512802,0.000570945395658462,0.002588351939726613,0.0004412531852722168,0.0016890262179011042,0.011478770151734352,0.0010862218250026322,,,
Grocery,42,s44_scalar_rel,MEAN_REPLACE,0.8213763236999512,0.7425484186431317,0.7817865610122681,0.0005856752395629883,4.9284032778151854e-05,-0.005109131336212158,0.01815519854426384,27524,,,,,,,,,,,,,,,,,,,,
Grocery,42,s44_scalar_rel,EDGE_SHUFFLE_REPLICATE,0.8193265199661255,0.7429493478257806,0.7859978675842285,-0.0014641284942626953,0.0004502132154270422,-0.000897824764251709,0.014934114180505276,27524,1,42030147,,,,,,,,,,,,,,,,,,
Grocery,42,s44_scalar_rel,EDGE_SHUFFLE_REPLICATE,0.8216691017150879,0.7451489004082543,0.7839775681495667,0.000878453254699707,0.0026497657979007716,-0.0029181241989135742,0.014348462224006653,27524,2,42030148,,,,,,,,,,,,,,,,,,
Grocery,42,s44_scalar_rel,EDGE_SHUFFLE_REPLICATE,0.8210834860801697,0.7438243537376039,0.7827315926551819,0.00029283761978149414,0.0013252191272503655,-0.00416409969329834,0.015519766137003899,27524,3,42030149,,,,,,,,,,,,,,,,,,
Grocery,42,s44_scalar_rel,EDGE_SHUFFLE_REPLICATE,0.8213763236999512,0.7466659082792557,0.7826706767082214,0.0005856752395629883,0.004166773668902168,-0.004225015640258789,0.014641288667917252,27524,4,42030150,,,,,,,,,,,,,,,,,,
Grocery,42,s44_scalar_rel,EDGE_SHUFFLE_REPLICATE,0.8225476145744324,0.7466867606221819,0.7836185097694397,0.0017569661140441895,0.004187626011828316,-0.0032771825790405273,0.013177159242331982,27524,5,42030151,,,,,,,,,,,,,,,,,,
Grocery,42,s44_scalar_rel,EDGE_SHUFFLE_REPLICATE,0.8213763236999512,0.7436065488542469,0.780278205871582,0.0005856752395629883,0.0011074142438933787,-0.006617486476898193,0.013177159242331982,27524,6,42030152,,,,,,,,,,,,,,,,,,
Grocery,42,s44_scalar_rel,EDGE_SHUFFLE_REPLICATE,0.8204978108406067,0.744435223644585,0.783882737159729,-0.00029283761978149414,0.0019360890342314807,-0.0030129551887512207,0.014934114180505276,27524,7,42030153,,,,,,,,,,,,,,,,,,
Grocery,42,s44_scalar_rel,EDGE_SHUFFLE_REPLICATE,0.8228404521942139,0.7459694213013409,0.7833510637283325,0.0020498037338256836,0.0034702866909873675,-0.003544628620147705,0.01229868270456791,27524,8,42030154,,,,,,,,,,,,,,,,,,
Grocery,42,s44_scalar_rel,EDGE_SHUFFLE_REPLICATE,0.8222547769546509,0.7487708297888229,0.7820830345153809,0.0014641284942626953,0.006271695178469372,-0.004812657833099365,0.014934114180505276,27524,9,42030155,,,,,,,,,,,,,,,,,,
Grocery,42,s44_scalar_rel,EDGE_SHUFFLE_REPLICATE,0.819619357585907,0.7447083595922579,0.7848076820373535,-0.0011712908744812012,0.0022092249819043452,-0.002088010311126709,0.014055636711418629,27524,10,42030156,,,,,,,,,,,,,,,,,,
Grocery,42,s44_scalar_rel,EDGE_SHUFFLE_MEAN_STD,,,,,,,,27524,,,10,0.8212591767311096,0.0011127409183096179,0.745276565405433,0.0016724139700606427,0.7833398938179016,0.0014754591181544655,0.00046852827072143557,0.0011127409183096179,0.0027774307950794606,0.0016724139700606427,-0.0035557985305786134,0.0014754591181544655,0.014202049747109414,0.0009645487494309994,,,
Grocery,42,s44_scalar_rel_multi,MEAN_REPLACE,0.8193265199661255,0.749104891776208,0.942672848701477,-0.0032210946083068848,0.00649216631740035,-0.0076988935470581055,0.02371888794004917,27524,,,,,,,,,,,,,,,,,,,,
Grocery,42,s44_scalar_rel_multi,EDGE_SHUFFLE_REPLICATE,0.8184480667114258,0.7471802291642021,0.9473405480384827,-0.004099547863006592,0.004567503705394493,-0.0030311942100524902,0.019619327038526535,27524,1,42040154,,,,,,,,,,,,,,,,,,
Grocery,42,s44_scalar_rel_multi,EDGE_SHUFFLE_REPLICATE,0.8210834860801697,0.7529066693936397,0.9409345388412476,-0.0014641284942626953,0.010293943934832073,-0.009437203407287598,0.02108345553278923,27524,2,42040155,,,,,,,,,,,,,,,,,,
Grocery,42,s44_scalar_rel_multi,EDGE_SHUFFLE_REPLICATE,0.8193265199661255,0.7461572599583952,0.9505338668823242,-0.0032210946083068848,0.0035445344995875816,0.0001621246337890625,0.020204978063702583,27524,3,42040156,,,,,,,,,,,,,,,,,,
Grocery,42,s44_scalar_rel_multi,EDGE_SHUFFLE_REPLICATE,0.819033682346344,0.7410777140062799,0.9461618661880493,-0.003513932228088379,-0.001535011452527768,-0.00420987606048584,0.020497804507613182,27524,4,42040157,,,,,,,,,,,,,,,,,,
Grocery,42,s44_scalar_rel_multi,EDGE_SHUFFLE_REPLICATE,0.8199121952056885,0.7465839217754409,0.9475293755531311,-0.0026354193687438965,0.00397119631663323,-0.0028423666954040527,0.023426061496138573,27524,5,42040158,,,,,,,,,,,,,,,,,,
Grocery,42,s44_scalar_rel_multi,EDGE_SHUFFLE_REPLICATE,0.819033682346344,0.7467791785111213,0.9513347148895264,-0.003513932228088379,0.004166453052313668,0.0009629726409912109,0.020204978063702583,27524,6,42040159,,,,,,,,,,,,,,,,,,
Grocery,42,s44_scalar_rel_multi,EDGE_SHUFFLE_REPLICATE,0.8199121952056885,0.749002225349802,0.9493823051452637,-0.0026354193687438965,0.0063894998909943546,-0.0009894371032714844,0.01815519854426384,27524,7,42040160,,,,,,,,,,,,,,,,,,
Grocery,42,s44_scalar_rel_multi,EDGE_SHUFFLE_REPLICATE,0.819033682346344,0.74662710761075,0.9448983669281006,-0.003513932228088379,0.004014382151942386,-0.00547337532043457,0.018740849569439888,27524,8,42040161,,,,,,,,,,,,,,,,,,
Grocery,42,s44_scalar_rel_multi,EDGE_SHUFFLE_REPLICATE,0.8187408447265625,0.736931755812364,0.9424029588699341,-0.003806769847869873,-0.005680969646443601,-0.007968783378601074,0.017276721075177193,27524,9,42040162,,,,,,,,,,,,,,,,,,
Grocery,42,s44_scalar_rel_multi,EDGE_SHUFFLE_REPLICATE,0.8187408447265625,0.7430817574939994,0.9516202211380005,-0.003806769847869873,0.0004690320351917743,0.001248478889465332,0.019912151619791985,27524,10,42040163,,,,,,,,,,,,,,,,,,
Grocery,42,s44_scalar_rel_multi,EDGE_SHUFFLE_MEAN_STD,,,,,,,,27524,,,10,0.8193265199661255,0.000740805885925495,0.7456327819075994,0.0041605775871458184,0.947213876247406,0.0034825350897134816,-0.0032210946083068848,0.000740805885925495,0.003020056448791819,0.0041605775871458184,-0.0031578660011291502,0.0034825350897134816,0.01991215255111456,0.0016038725768230087,,,
Grocery,42,s44_lowrank_global,MEAN_REPLACE,0.8245973587036133,0.7506107269732831,0.7929900288581848,0.0,0.0,-1.7881393432617188e-07,0.0,27524,,,,,,,,,,,,,,,,,,,,
Grocery,42,s44_lowrank_global,EDGE_SHUFFLE_REPLICATE,0.8245973587036133,0.7506107269732831,0.7929900288581848,0.0,0.0,-1.7881393432617188e-07,0.0,27524,1,42050161,,,,,,,,,,,,,,,,,,
Grocery,42,s44_lowrank_global,EDGE_SHUFFLE_REPLICATE,0.8245973587036133,0.7506107269732831,0.7929900288581848,0.0,0.0,-1.7881393432617188e-07,0.0,27524,2,42050162,,,,,,,,,,,,,,,,,,
Grocery,42,s44_lowrank_global,EDGE_SHUFFLE_REPLICATE,0.8245973587036133,0.7506107269732831,0.7929900288581848,0.0,0.0,-1.7881393432617188e-07,0.0,27524,3,42050163,,,,,,,,,,,,,,,,,,
Grocery,42,s44_lowrank_global,EDGE_SHUFFLE_REPLICATE,0.8245973587036133,0.7506107269732831,0.7929900288581848,0.0,0.0,-1.7881393432617188e-07,0.0,27524,4,42050164,,,,,,,,,,,,,,,,,,
Grocery,42,s44_lowrank_global,EDGE_SHUFFLE_REPLICATE,0.8245973587036133,0.7506107269732831,0.7929902076721191,0.0,0.0,0.0,0.0,27524,5,42050165,,,,,,,,,,,,,,,,,,
Grocery,42,s44_lowrank_global,EDGE_SHUFFLE_REPLICATE,0.8245973587036133,0.7506107269732831,0.7929900288581848,0.0,0.0,-1.7881393432617188e-07,0.0,27524,6,42050166,,,,,,,,,,,,,,,,,,
Grocery,42,s44_lowrank_global,EDGE_SHUFFLE_REPLICATE,0.8245973587036133,0.7506107269732831,0.7929900288581848,0.0,0.0,-1.7881393432617188e-07,0.0,27524,7,42050167,,,,,,,,,,,,,,,,,,
Grocery,42,s44_lowrank_global,EDGE_SHUFFLE_REPLICATE,0.8245973587036133,0.7506107269732831,0.7929902076721191,0.0,0.0,0.0,0.0,27524,8,42050168,,,,,,,,,,,,,,,,,,
Grocery,42,s44_lowrank_global,EDGE_SHUFFLE_REPLICATE,0.8245973587036133,0.7506107269732831,0.7929902076721191,0.0,0.0,0.0,0.0,27524,9,42050169,,,,,,,,,,,,,,,,,,
Grocery,42,s44_lowrank_global,EDGE_SHUFFLE_REPLICATE,0.8245973587036133,0.7506107269732831,0.7929900288581848,0.0,0.0,-1.7881393432617188e-07,0.0,27524,10,42050170,,,,,,,,,,,,,,,,,,
Grocery,42,s44_lowrank_global,EDGE_SHUFFLE_MEAN_STD,,,,,,,,27524,,,10,0.8245973587036133,0.0,0.7506107269732831,0.0,0.7929900825023651,8.19428389362545e-08,0.0,0.0,0.0,0.0,-1.2516975402832032e-07,8.19428389362545e-08,0.0,0.0,,,
Grocery,42,s44_lowrank_global,ZERO_DYNAMIC,0.8245973587036133,0.7505843830227933,0.7929486036300659,0.0,-2.634395048983773e-05,-4.1604042053222656e-05,0.00029282577452249825,,,,,,,,,,,,,,,,,,,3.814697265625e-06,1e-05,1e-06
Grocery,42,s44_lowrank_rel,MEAN_REPLACE,0.8284041285514832,0.7551629064727511,0.9270726442337036,-0.0017569661140441895,-1.386462201835581e-05,-0.00021719932556152344,0.007320644333958626,27524,,,,,,,,,,,,,,,,,,,,
Grocery,42,s44_lowrank_rel,EDGE_SHUFFLE_REPLICATE,0.831039547920227,0.7564973463085329,0.927540123462677,0.000878453254699707,0.0013205752137634974,0.00025027990341186523,0.002342606196179986,27524,1,42060168,,,,,,,,,,,,,,,,,,
Grocery,42,s44_lowrank_rel,EDGE_SHUFFLE_REPLICATE,0.8313323855400085,0.7567375850888924,0.9272471070289612,0.0011712908744812012,0.0015608139941230004,-4.273653030395508e-05,0.002342606196179986,27524,2,42060169,,,,,,,,,,,,,,,,,,
Grocery,42,s44_lowrank_rel,EDGE_SHUFFLE_REPLICATE,0.831039547920227,0.7571324077003522,0.9276970028877258,0.000878453254699707,0.0019556366055827334,0.00040715932846069336,0.002635431941598654,27524,3,42060170,,,,,,,,,,,,,,,,,,
Grocery,42,s44_lowrank_rel,EDGE_SHUFFLE_REPLICATE,0.8313323855400085,0.7564777152166818,0.9278806447982788,0.0011712908744812012,0.0013009441219123952,0.0005908012390136719,0.002342606196179986,27524,4,42060171,,,,,,,,,,,,,,,,,,
Grocery,42,s44_lowrank_rel,EDGE_SHUFFLE_REPLICATE,0.8304538726806641,0.7563613799254509,0.9279786348342896,0.00029277801513671875,0.0011846088306814995,0.0006887912750244141,0.0029282576870173216,27524,5,42060172,,,,,,,,,,,,,,,,,,
Grocery,42,s44_lowrank_rel,EDGE_SHUFFLE_REPLICATE,0.8319180011749268,0.7584538573648552,0.9276698231697083,0.001756906509399414,0.003277086270085716,0.00037997961044311523,0.002635431941598654,27524,6,42060173,,,,,,,,,,,,,,,,,,
Grocery,42,s44_lowrank_rel,EDGE_SHUFFLE_REPLICATE,0.83162522315979,0.7573452913349782,0.9279603362083435,0.0014641284942626953,0.002168520240208749,0.0006704926490783691,0.002049780450761318,27524,7,42060174,,,,,,,,,,,,,,,,,,
Grocery,42,s44_lowrank_rel,EDGE_SHUFFLE_REPLICATE,0.8319180011749268,0.7580519477388663,0.9277085661888123,0.001756906509399414,0.0028751766440968662,0.00041872262954711914,0.0029282576870173216,27524,8,42060175,,,,,,,,,,,,,,,,,,
Grocery,42,s44_lowrank_rel,EDGE_SHUFFLE_REPLICATE,0.831039547920227,0.7564826897941231,0.9280506372451782,0.000878453254699707,0.001305918699353703,0.0007607936859130859,0.002342606196179986,27524,9,42060176,,,,,,,,,,,,,,,,,,
Grocery,42,s44_lowrank_rel,EDGE_SHUFFLE_REPLICATE,0.8304538726806641,0.7549367382323462,0.9275904893875122,0.00029277801513671875,-0.00024003286242324506,0.0003006458282470703,0.001171303098089993,27524,10,42060177,,,,,,,,,,,,,,,,,,
Grocery,42,s44_lowrank_rel,EDGE_SHUFFLE_MEAN_STD,,,,,,,,27524,,,10,0.831215238571167,0.0004934817519359845,0.7568476958705079,0.0009301551480132645,0.9277323365211487,0.00023112614631733716,0.0010541439056396484,0.0004934817519359845,0.0016709247757384915,0.0009301551480132645,0.00044249296188354493,0.00023112614631733716,0.0023718887590803207,0.00048026996071741547,,,
Grocery,42,s44_lowrank_rel,ZERO_DYNAMIC,0.827232837677002,0.7576393742956962,0.9297370314598083,-0.0029282569885253906,0.0024626032009267274,0.002447187900543213,0.02459736540913582,,,,,,,,,,,,,,,,,,,3.814697265625e-06,1e-05,1e-06
Grocery,42,s44_lowrank_rel_multi,MEAN_REPLACE,0.8257687091827393,0.7550398944746658,1.0976320505142212,-0.0026354193687438965,-0.005010851909485026,-0.007091522216796875,0.03572474420070648,27524,,,,,,,,,,,,,,,,,,,,
Grocery,42,s44_lowrank_rel_multi,EDGE_SHUFFLE_REPLICATE,0.8286969661712646,0.7602151646238261,1.1045444011688232,0.00029283761978149414,0.00016441823967527913,-0.00017917156219482422,0.0032210834324359894,27524,1,42070175,,,,,,,,,,,,,,,,,,
Grocery,42,s44_lowrank_rel_multi,EDGE_SHUFFLE_REPLICATE,0.8289897441864014,0.7590841455872303,1.100843071937561,0.0005856156349182129,-0.0009666007969205692,-0.0038805007934570312,0.004978037904947996,27524,2,42070176,,,,,,,,,,,,,,,,,,
Grocery,42,s44_lowrank_rel_multi,EDGE_SHUFFLE_REPLICATE,0.8298682570457458,0.760631135524742,1.1026486158370972,0.0014641284942626953,0.0005803891405912198,-0.0020749568939208984,0.004099560901522636,27524,3,42070177,,,,,,,,,,,,,,,,,,
Grocery,42,s44_lowrank_rel_multi,EDGE_SHUFFLE_REPLICATE,0.8286969661712646,0.75987916149507,1.1038107872009277,0.00029283761978149414,-0.0001715848890808669,-0.000912785530090332,0.003806734923273325,27524,4,42070178,,,,,,,,,,,,,,,,,,
Grocery,42,s44_lowrank_rel_multi,EDGE_SHUFFLE_REPLICATE,0.8284041285514832,0.7600612450197423,1.0997825860977173,0.0,1.0498635591438266e-05,-0.004940986633300781,0.004099560901522636,27524,5,42070179,,,,,,,,,,,,,,,,,,
Grocery,42,s44_lowrank_rel_multi,EDGE_SHUFFLE_REPLICATE,0.8301610946655273,0.7612286300189275,1.1027822494506836,0.0017569661140441895,0.0011778836347766664,-0.0019413232803344727,0.004685212392359972,27524,6,42070180,,,,,,,,,,,,,,,,,,
Grocery,42,s44_lowrank_rel_multi,EDGE_SHUFFLE_REPLICATE,0.8292825818061829,0.7610165203527409,1.104444980621338,0.000878453254699707,0.0009657739685901001,-0.0002785921096801758,0.004978037904947996,27524,7,42070181,,,,,,,,,,,,,,,,,,
Grocery,42,s44_lowrank_rel_multi,EDGE_SHUFFLE_REPLICATE,0.8295754194259644,0.7613702982771715,1.1053749322891235,0.0011712908744812012,0.0013195518930206873,0.0006513595581054688,0.003806734923273325,27524,8,42070182,,,,,,,,,,,,,,,,,,
Grocery,42,s44_lowrank_rel_multi,EDGE_SHUFFLE_REPLICATE,0.8298682570457458,0.7612218718933514,1.1037200689315796,0.0014641284942626953,0.0011711255092006212,-0.0010035037994384766,0.005563689395785332,27524,9,42070183,,,,,,,,,,,,,,,,,,
Grocery,42,s44_lowrank_rel_multi,EDGE_SHUFFLE_REPLICATE,0.8281112909317017,0.7589518191239286,1.0999647378921509,-0.00029283761978149414,-0.0010989272602222044,-0.0047588348388671875,0.006442166864871979,27524,10,42070184,,,,,,,,,,,,,,,,,,
Grocery,42,s44_lowrank_rel_multi,EDGE_SHUFFLE_MEAN_STD,,,,,,,,27524,,,10,0.8291654706001281,0.0006573938690653771,0.760365999191673,0.0008351306949861559,1.1027916431427003,0.0018773116357161397,0.0007613420486450196,0.0006573938690653771,0.00031525280752223714,0.0008351306949861559,-0.0019319295883178712,0.0018773116357161397,0.004568081954494119,0.0009091756324846915,,,
Grocery,42,s44_lowrank_rel_multi,ZERO_DYNAMIC,0.8245973587036133,0.7531708217212755,1.1091320514678955,-0.003806769847869873,-0.006879924662875347,0.004408478736877441,0.034553442150354385,,,,,,,,,,,,,,,,,,,5.7220458984375e-06,1e-05,1e-06
Grocery,42,s44_expert_rel,MEAN_REPLACE,0.827232837677002,0.7583480402700663,0.9704899191856384,0.0014641284942626953,0.004762075831923562,-0.0038620829582214355,0.01346998568624258,27524,,,,,,,,,,,,,,,,,,,,
Grocery,42,s44_expert_rel,EDGE_SHUFFLE_REPLICATE,0.8254758715629578,0.7532424428352963,0.974597156047821,-0.00029283761978149414,-0.0003435216028464527,0.00024515390396118164,0.0008784772944636643,27524,1,42090189,,,,,,,,,,,,,,,,,,
Grocery,42,s44_expert_rel,EDGE_SHUFFLE_REPLICATE,0.8257687091827393,0.7535859644381427,0.9739648103713989,0.0,0.0,-0.0003871917724609375,0.0,27524,2,42090190,,,,,,,,,,,,,,,,,,
Grocery,42,s44_expert_rel,EDGE_SHUFFLE_REPLICATE,0.8251830339431763,0.7521658529876479,0.9746875762939453,-0.0005856752395629883,-0.0014201114504948098,0.0003355741500854492,0.0008784772944636643,27524,3,42090191,,,,,,,,,,,,,,,,,,
Grocery,42,s44_expert_rel,EDGE_SHUFFLE_REPLICATE,0.8257687091827393,0.7527768071004741,0.9744327068328857,0.0,-0.0008091573376686201,8.07046890258789e-05,0.0008784772944636643,27524,4,42090192,,,,,,,,,,,,,,,,,,
Grocery,42,s44_expert_rel,EDGE_SHUFFLE_REPLICATE,0.8251830339431763,0.7513829409367796,0.9745952486991882,-0.0005856752395629883,-0.002203023501363144,0.00024324655532836914,0.0005856515490449965,27524,5,42090193,,,,,,,,,,,,,,,,,,
Grocery,42,s44_expert_rel,EDGE_SHUFFLE_REPLICATE,0.8257687091827393,0.7543169117064508,0.9742200970649719,0.0,0.0007309472683080243,-0.00013190507888793945,0.0008784772944636643,27524,6,42090194,,,,,,,,,,,,,,,,,,
Grocery,42,s44_expert_rel,EDGE_SHUFFLE_REPLICATE,0.8257687091827393,0.7535339996555824,0.9740660190582275,0.0,-5.1964782560309786e-05,-0.0002859830856323242,0.0005856515490449965,27524,7,42090195,,,,,,,,,,,,,,,,,,
Grocery,42,s44_expert_rel,EDGE_SHUFFLE_REPLICATE,0.8254758715629578,0.7517143786928815,0.9738207459449768,-0.00029283761978149414,-0.0018715857452612505,-0.0005312561988830566,0.00029282577452249825,27524,8,42090196,,,,,,,,,,,,,,,,,,
Grocery,42,s44_expert_rel,EDGE_SHUFFLE_REPLICATE,0.8251830339431763,0.7513829409367796,0.9745162129402161,-0.0005856752395629883,-0.002203023501363144,0.00016421079635620117,0.0005856515490449965,27524,9,42090197,,,,,,,,,,,,,,,,,,
Grocery,42,s44_expert_rel,EDGE_SHUFFLE_REPLICATE,0.8257687091827393,0.7535738805913981,0.974532425403595,0.0,-1.2083846744670446e-05,0.00018042325973510742,0.0005856515490449965,27524,10,42090198,,,,,,,,,,,,,,,,,,
Grocery,42,s44_expert_rel,EDGE_SHUFFLE_MEAN_STD,,,,,,,,27524,,,10,0.825534439086914,0.00025528991829890406,0.7527676119881433,0.000991919374765824,0.9743432998657227,0.00028783483368171453,-0.00023427009582519532,0.00025528991829890406,-0.0008183524499994377,0.000991919374765824,-8.702278137207031e-06,0.00028783483368171453,0.0006149341148557142,0.00027625127207651164,,,
Grocery,42,s44_expert_rel,ROUTE_EDGE_SHUFFLE_REPLICATE,0.8254758715629578,0.7532424428352963,0.974597156047821,-0.00029283761978149414,-0.0003435216028464527,0.00024515390396118164,0.0008784772944636643,27524,1,42090189,,,,,,,,,,,,,,,,,,
Grocery,42,s44_expert_rel,ROUTE_EDGE_SHUFFLE_REPLICATE,0.8257687091827393,0.7535859644381427,0.9739648103713989,0.0,0.0,-0.0003871917724609375,0.0,27524,2,42090190,,,,,,,,,,,,,,,,,,
Grocery,42,s44_expert_rel,ROUTE_EDGE_SHUFFLE_REPLICATE,0.8251830339431763,0.7521658529876479,0.9746875762939453,-0.0005856752395629883,-0.0014201114504948098,0.0003355741500854492,0.0008784772944636643,27524,3,42090191,,,,,,,,,,,,,,,,,,
Grocery,42,s44_expert_rel,ROUTE_EDGE_SHUFFLE_REPLICATE,0.8257687091827393,0.7527768071004741,0.9744327068328857,0.0,-0.0008091573376686201,8.07046890258789e-05,0.0008784772944636643,27524,4,42090192,,,,,,,,,,,,,,,,,,
Grocery,42,s44_expert_rel,ROUTE_EDGE_SHUFFLE_REPLICATE,0.8251830339431763,0.7513829409367796,0.9745952486991882,-0.0005856752395629883,-0.002203023501363144,0.00024324655532836914,0.0005856515490449965,27524,5,42090193,,,,,,,,,,,,,,,,,,
Grocery,42,s44_expert_rel,ROUTE_EDGE_SHUFFLE_REPLICATE,0.8257687091827393,0.7543169117064508,0.9742200970649719,0.0,0.0007309472683080243,-0.00013190507888793945,0.0008784772944636643,27524,6,42090194,,,,,,,,,,,,,,,,,,
Grocery,42,s44_expert_rel,ROUTE_EDGE_SHUFFLE_REPLICATE,0.8257687091827393,0.7535339996555824,0.9740660190582275,0.0,-5.1964782560309786e-05,-0.0002859830856323242,0.0005856515490449965,27524,7,42090195,,,,,,,,,,,,,,,,,,
Grocery,42,s44_expert_rel,ROUTE_EDGE_SHUFFLE_REPLICATE,0.8254758715629578,0.7517143786928815,0.9738207459449768,-0.00029283761978149414,-0.0018715857452612505,-0.0005312561988830566,0.00029282577452249825,27524,8,42090196,,,,,,,,,,,,,,,,,,
Grocery,42,s44_expert_rel,ROUTE_EDGE_SHUFFLE_REPLICATE,0.8251830339431763,0.7513829409367796,0.9745162129402161,-0.0005856752395629883,-0.002203023501363144,0.00016421079635620117,0.0005856515490449965,27524,9,42090197,,,,,,,,,,,,,,,,,,
Grocery,42,s44_expert_rel,ROUTE_EDGE_SHUFFLE_REPLICATE,0.8257687091827393,0.7535738805913981,0.974532425403595,0.0,-1.2083846744670446e-05,0.00018042325973510742,0.0005856515490449965,27524,10,42090198,,,,,,,,,,,,,,,,,,
Grocery,42,s44_expert_rel,ROUTE_EDGE_SHUFFLE_MEAN_STD,,,,,,,,27524,,,10,0.825534439086914,0.00025528991829890406,0.7527676119881433,0.000991919374765824,0.9743432998657227,0.00028783483368171453,-0.00023427009582519532,0.00025528991829890406,-0.0008183524499994377,0.000991919374765824,-8.702278137207031e-06,0.00028783483368171453,0.0006149341148557142,0.00027625127207651164,,,
Grocery,42,s44_expert_rel,ROUTE_UNIFORMIZE,0.8245973587036133,0.7541450267363633,0.9594557881355286,-0.0011713504791259766,0.0005590622982205584,-0.014896214008331299,0.022547584027051926,,,,,,,,,,,,,,,,,,,,,
Grocery,42,s44_expert_rel_multi,MEAN_REPLACE,0.827232837677002,0.7531996069391818,0.854729950428009,0.0014641284942626953,0.005737663292306294,-0.0009807348251342773,0.01229868270456791,27524,,,,,,,,,,,,,,,,,,,,
Grocery,42,s44_expert_rel_multi,EDGE_SHUFFLE_REPLICATE,0.8263543248176575,0.7478526179118783,0.8565649390220642,0.0005856156349182129,0.00039067426500283275,0.0008542537689208984,0.0005856515490449965,27524,1,42100196,,,,,,,,,,,,,,,,,,
Grocery,42,s44_expert_rel_multi,EDGE_SHUFFLE_REPLICATE,0.8257687091827393,0.7475153490417754,0.8562816977500916,0.0,5.340539489995244e-05,0.0005710124969482422,0.0014641288435086608,27524,2,42100197,,,,,,,,,,,,,,,,,,
Grocery,42,s44_expert_rel_multi,EDGE_SHUFFLE_REPLICATE,0.826647162437439,0.7485065442609782,0.8559519052505493,0.000878453254699707,0.0010446006141027198,0.00024121999740600586,0.0014641288435086608,27524,3,42100198,,,,,,,,,,,,,,,,,,
Grocery,42,s44_expert_rel_multi,EDGE_SHUFFLE_REPLICATE,0.826647162437439,0.7483551721252256,0.8555733561515808,0.000878453254699707,0.000893228478350161,-0.0001373291015625,0.002049780450761318,27524,4,42100199,,,,,,,,,,,,,,,,,,
Grocery,42,s44_expert_rel_multi,EDGE_SHUFFLE_REPLICATE,0.8257687091827393,0.7476302934742847,0.8569856286048889,0.0,0.00016834982740920879,0.0012749433517456055,0.0008784772944636643,27524,5,42100200,,,,,,,,,,,,,,,,,,
Grocery,42,s44_expert_rel_multi,EDGE_SHUFFLE_REPLICATE,0.826061487197876,0.7477052060207539,0.8560639023780823,0.00029277801513671875,0.00024326237387839456,0.00035321712493896484,0.001171303098089993,27524,6,42100201,,,,,,,,,,,,,,,,,,
Grocery,42,s44_expert_rel_multi,EDGE_SHUFFLE_REPLICATE,0.8263543248176575,0.7483509307697555,0.8564486503601074,0.0005856156349182129,0.0008889871228799917,0.0007379651069641113,0.0014641288435086608,27524,7,42100202,,,,,,,,,,,,,,,,,,
Grocery,42,s44_expert_rel_multi,EDGE_SHUFFLE_REPLICATE,0.8263543248176575,0.7478897087766129,0.8559566140174866,0.0005856156349182129,0.0004277651297374119,0.0002459287643432617,0.0008784772944636643,27524,8,42100203,,,,,,,,,,,,,,,,,,
Grocery,42,s44_expert_rel_multi,EDGE_SHUFFLE_REPLICATE,0.826061487197876,0.747956840935465,0.8567689657211304,0.00029277801513671875,0.0004948972885895353,0.0010582804679870605,0.0014641288435086608,27524,9,42100204,,,,,,,,,,,,,,,,,,
Grocery,42,s44_expert_rel_multi,EDGE_SHUFFLE_REPLICATE,0.826061487197876,0.7478382600342844,0.8566389083862305,0.00029277801513671875,0.00037631638740898143,0.0009282231330871582,0.001171303098089993,27524,10,42100205,,,,,,,,,,,,,,,,,,
Grocery,42,s44_expert_rel_multi,EDGE_SHUFFLE_MEAN_STD,,,,,,,,27524,,,10,0.8262079179286956,0.00030005181721880523,0.7479600923351014,0.0003178587149556547,0.8563234567642212,0.0004141055387511646,0.0004392087459564209,0.00030005181721880523,0.000498148688225919,0.0003178587149556547,0.0006127715110778809,0.0004141055387511646,0.0012591508158948273,0.0003939567935800638,,,
Grocery,42,s44_expert_rel_multi,ROUTE_EDGE_SHUFFLE_REPLICATE,0.8263543248176575,0.7478526179118783,0.8565649390220642,0.0005856156349182129,0.00039067426500283275,0.0008542537689208984,0.0005856515490449965,27524,1,42100196,,,,,,,,,,,,,,,,,,
Grocery,42,s44_expert_rel_multi,ROUTE_EDGE_SHUFFLE_REPLICATE,0.8257687091827393,0.7475153490417754,0.8562816977500916,0.0,5.340539489995244e-05,0.0005710124969482422,0.0014641288435086608,27524,2,42100197,,,,,,,,,,,,,,,,,,
Grocery,42,s44_expert_rel_multi,ROUTE_EDGE_SHUFFLE_REPLICATE,0.826647162437439,0.7485065442609782,0.8559519052505493,0.000878453254699707,0.0010446006141027198,0.00024121999740600586,0.0014641288435086608,27524,3,42100198,,,,,,,,,,,,,,,,,,
Grocery,42,s44_expert_rel_multi,ROUTE_EDGE_SHUFFLE_REPLICATE,0.826647162437439,0.7483551721252256,0.8555733561515808,0.000878453254699707,0.000893228478350161,-0.0001373291015625,0.002049780450761318,27524,4,42100199,,,,,,,,,,,,,,,,,,
Grocery,42,s44_expert_rel_multi,ROUTE_EDGE_SHUFFLE_REPLICATE,0.8257687091827393,0.7476302934742847,0.8569856286048889,0.0,0.00016834982740920879,0.0012749433517456055,0.0008784772944636643,27524,5,42100200,,,,,,,,,,,,,,,,,,
Grocery,42,s44_expert_rel_multi,ROUTE_EDGE_SHUFFLE_REPLICATE,0.826061487197876,0.7477052060207539,0.8560639023780823,0.00029277801513671875,0.00024326237387839456,0.00035321712493896484,0.001171303098089993,27524,6,42100201,,,,,,,,,,,,,,,,,,
Grocery,42,s44_expert_rel_multi,ROUTE_EDGE_SHUFFLE_REPLICATE,0.8263543248176575,0.7483509307697555,0.8564486503601074,0.0005856156349182129,0.0008889871228799917,0.0007379651069641113,0.0014641288435086608,27524,7,42100202,,,,,,,,,,,,,,,,,,
Grocery,42,s44_expert_rel_multi,ROUTE_EDGE_SHUFFLE_REPLICATE,0.8263543248176575,0.7478897087766129,0.8559566140174866,0.0005856156349182129,0.0004277651297374119,0.0002459287643432617,0.0008784772944636643,27524,8,42100203,,,,,,,,,,,,,,,,,,
Grocery,42,s44_expert_rel_multi,ROUTE_EDGE_SHUFFLE_REPLICATE,0.826061487197876,0.747956840935465,0.8567689657211304,0.00029277801513671875,0.0004948972885895353,0.0010582804679870605,0.0014641288435086608,27524,9,42100204,,,,,,,,,,,,,,,,,,
Grocery,42,s44_expert_rel_multi,ROUTE_EDGE_SHUFFLE_REPLICATE,0.826061487197876,0.7478382600342844,0.8566389083862305,0.00029277801513671875,0.00037631638740898143,0.0009282231330871582,0.001171303098089993,27524,10,42100205,,,,,,,,,,,,,,,,,,
Grocery,42,s44_expert_rel_multi,ROUTE_EDGE_SHUFFLE_MEAN_STD,,,,,,,,27524,,,10,0.8262079179286956,0.00030005181721880523,0.7479600923351014,0.0003178587149556547,0.8563234567642212,0.0004141055387511646,0.0004392087459564209,0.00030005181721880523,0.000498148688225919,0.0003178587149556547,0.0006127715110778809,0.0004141055387511646,0.0012591508158948273,0.0003939567935800638,,,
Grocery,42,s44_expert_rel_multi,ROUTE_UNIFORMIZE,0.8248901963233948,0.7499675900169294,0.8514130115509033,-0.0008785128593444824,0.0025056463700539044,-0.00429767370223999,0.016105417162179947,,,,,,,,,,,,,,,,,,,,,
Grocery,43,s44_scalar_raw,MEAN_REPLACE,0.8281112909317017,0.7632892943337549,0.8703905940055847,0.0,0.0010520973339577244,9.810924530029297e-05,0.016983894631266594,27524,,,,,,,,,,,,,,,,,,,,
Grocery,43,s44_scalar_raw,EDGE_SHUFFLE_REPLICATE,0.826647162437439,0.7604808625497352,0.8708885908126831,-0.0014641284942626953,-0.0017563344500619582,0.0005961060523986816,0.011420205235481262,27524,1,43020143,,,,,,,,,,,,,,,,,,
Grocery,43,s44_scalar_raw,EDGE_SHUFFLE_REPLICATE,0.8263543248176575,0.755390845869927,0.8675464391708374,-0.0017569661140441895,-0.0068463511298701984,-0.0027460455894470215,0.014934114180505276,27524,2,43020144,,,,,,,,,,,,,,,,,,
Grocery,43,s44_scalar_raw,EDGE_SHUFFLE_REPLICATE,0.8257687091827393,0.7564622097833145,0.869543731212616,-0.0023425817489624023,-0.00577498721648273,-0.000748753547668457,0.014348462224006653,27524,3,43020145,,,,,,,,,,,,,,,,,,
Grocery,43,s44_scalar_raw,EDGE_SHUFFLE_REPLICATE,0.8263543248176575,0.7592497015800543,0.870477557182312,-0.0017569661140441895,-0.0029874954197428583,0.0001850724220275879,0.01200585626065731,27524,4,43020146,,,,,,,,,,,,,,,,,,
Grocery,43,s44_scalar_raw,EDGE_SHUFFLE_REPLICATE,0.826647162437439,0.7608258046747657,0.8711456060409546,-0.0014641284942626953,-0.001411392325031513,0.000853121280670166,0.012591508217155933,27524,5,43020147,,,,,,,,,,,,,,,,,,
Grocery,43,s44_scalar_raw,EDGE_SHUFFLE_REPLICATE,0.827232837677002,0.7616485676314506,0.8743978142738342,-0.000878453254699707,-0.0005886293683465826,0.004105329513549805,0.016398243606090546,27524,6,43020148,,,,,,,,,,,,,,,,,,
Grocery,43,s44_scalar_raw,EDGE_SHUFFLE_REPLICATE,0.826647162437439,0.7597991631819501,0.8684885501861572,-0.0014641284942626953,-0.0024380338178471295,-0.0018039345741271973,0.01229868270456791,27524,7,43020149,,,,,,,,,,,,,,,,,,
Grocery,43,s44_scalar_raw,EDGE_SHUFFLE_REPLICATE,0.8269400000572205,0.7604339667961026,0.8703799247741699,-0.0011712908744812012,-0.0018032302036945502,8.744001388549805e-05,0.01200585626065731,27524,8,43020150,,,,,,,,,,,,,,,,,,
Grocery,43,s44_scalar_raw,EDGE_SHUFFLE_REPLICATE,0.8275256156921387,0.7595220971445535,0.8739870190620422,-0.0005856752395629883,-0.0027150998552436523,0.0036945343017578125,0.014348462224006653,27524,9,43020151,,,,,,,,,,,,,,,,,,
Grocery,43,s44_scalar_raw,EDGE_SHUFFLE_REPLICATE,0.8275256156921387,0.7606896034933962,0.8683461546897888,-0.0005856752395629883,-0.0015475935064009905,-0.0019463300704956055,0.011127378791570663,27524,10,43020152,,,,,,,,,,,,,,,,,,
Grocery,43,s44_scalar_raw,EDGE_SHUFFLE_MEAN_STD,,,,,,,,27524,,,10,0.8267642915248871,0.0005270792380399998,0.759450282270525,0.0018938024559876274,0.8705201387405396,0.0021506716537538846,-0.0013469994068145753,0.0005270792380399998,-0.002786914729272216,0.0018938024559876274,0.00022765398025512696,0.0021506716537538846,0.013147876970469952,0.0016536232565941705,,,
Grocery,43,s44_scalar_rel,MEAN_REPLACE,0.8278184533119202,0.7629176951247196,1.025367259979248,-0.0017569661140441895,-0.0013713475088572569,0.008867263793945312,0.028111273422837257,27524,,,,,,,,,,,,,,,,,,,,
Grocery,43,s44_scalar_rel,EDGE_SHUFFLE_REPLICATE,0.8263543248176575,0.7607738393296822,1.031166911125183,-0.0032210946083068848,-0.003515203303894654,0.014666914939880371,0.021961933001875877,27524,1,43030150,,,,,,,,,,,,,,,,,,
Grocery,43,s44_scalar_rel,EDGE_SHUFFLE_REPLICATE,0.8263543248176575,0.7580118316458151,1.0293760299682617,-0.0032210946083068848,-0.006277210987761794,0.012876033782958984,0.02108345553278923,27524,2,43030151,,,,,,,,,,,,,,,,,,
Grocery,43,s44_scalar_rel,EDGE_SHUFFLE_REPLICATE,0.8295754194259644,0.7606579926988201,1.031887412071228,0.0,-0.003631049934756825,0.015387415885925293,0.02108345553278923,27524,3,43030152,,,,,,,,,,,,,,,,,,
Grocery,43,s44_scalar_rel,EDGE_SHUFFLE_REPLICATE,0.8278184533119202,0.7622269159164088,1.021366834640503,-0.0017569661140441895,-0.0020621267171681,0.004866838455200195,0.02137628197669983,27524,4,43030153,,,,,,,,,,,,,,,,,,
Grocery,43,s44_scalar_rel,EDGE_SHUFFLE_REPLICATE,0.826647162437439,0.7597733654549252,1.0266835689544678,-0.0029282569885253906,-0.004515677178651645,0.010183572769165039,0.021961933001875877,27524,5,43030154,,,,,,,,,,,,,,,,,,
Grocery,43,s44_scalar_rel,EDGE_SHUFFLE_REPLICATE,0.8254758715629578,0.762666286344892,1.036165714263916,-0.004099547863006592,-0.0016227562886849123,0.01966571807861328,0.022840410470962524,27524,6,43030155,,,,,,,,,,,,,,,,,,
Grocery,43,s44_scalar_rel,EDGE_SHUFFLE_REPLICATE,0.8251830339431763,0.7542937717729745,1.029300570487976,-0.004392385482788086,-0.009995270860602368,0.01280057430267334,0.022547584027051926,27524,7,43030156,,,,,,,,,,,,,,,,,,
Grocery,43,s44_scalar_rel,EDGE_SHUFFLE_REPLICATE,0.8278184533119202,0.7556742793186456,1.0172353982925415,-0.0017569661140441895,-0.008614763314931273,0.0007354021072387695,0.01786237210035324,27524,8,43030157,,,,,,,,,,,,,,,,,,
Grocery,43,s44_scalar_rel,EDGE_SHUFFLE_REPLICATE,0.826061487197876,0.7582921097712915,1.025434136390686,-0.003513932228088379,-0.00599693286228542,0.0089341402053833,0.02079062908887863,27524,9,43030158,,,,,,,,,,,,,,,,,,
Grocery,43,s44_scalar_rel,EDGE_SHUFFLE_REPLICATE,0.8263543248176575,0.7603017756145238,1.0278565883636475,-0.0032210946083068848,-0.0039872670190530535,0.011356592178344727,0.02079062908887863,27524,10,43030159,,,,,,,,,,,,,,,,,,
Grocery,43,s44_scalar_rel,EDGE_SHUFFLE_MEAN_STD,,,,,,,,27524,,,10,0.8267642855644226,0.0012368195910745965,0.7592672167867979,0.0025693450695558557,1.027647316455841,0.005122245792951928,-0.002811133861541748,0.0012368195910745965,-0.005021825846779004,0.0025693450695558557,0.01114732027053833,0.005122245792951928,0.0212298683822155,0.0013111926426948725,,,
Grocery,43,s44_scalar_rel_multi,MEAN_REPLACE,0.8181552290916443,0.7443800219521944,0.8884703516960144,-0.0026354193687438965,-0.005624162582833825,-0.009486675262451172,0.028989750891923904,27524,,,,,,,,,,,,,,,,,,,,
Grocery,43,s44_scalar_rel_multi,EDGE_SHUFFLE_REPLICATE,0.819619357585907,0.7453939039595202,0.8908153772354126,-0.0011712908744812012,-0.004610280575508052,-0.0071416497230529785,0.020204978063702583,27524,1,43040157,,,,,,,,,,,,,,,,,,
Grocery,43,s44_scalar_rel_multi,EDGE_SHUFFLE_REPLICATE,0.819033682346344,0.7457850033809563,0.8974291086196899,-0.0017569661140441895,-0.004219181154071938,-0.0005279183387756348,0.019912151619791985,27524,2,43040158,,,,,,,,,,,,,,,,,,
Grocery,43,s44_scalar_rel_multi,EDGE_SHUFFLE_REPLICATE,0.8199121952056885,0.7460722587827943,0.8971278667449951,-0.000878453254699707,-0.003931925752234,-0.000829160213470459,0.022547584027051926,27524,3,43040159,,,,,,,,,,,,,,,,,,
Grocery,43,s44_scalar_rel_multi,EDGE_SHUFFLE_REPLICATE,0.8228404521942139,0.7497178512685718,0.8914533853530884,0.0020498037338256836,-0.00028633326645643997,-0.006503641605377197,0.020497804507613182,27524,4,43040160,,,,,,,,,,,,,,,,,,
Grocery,43,s44_scalar_rel_multi,EDGE_SHUFFLE_REPLICATE,0.8204978108406067,0.7453601708385768,0.8920121788978577,-0.00029283761978149414,-0.00464401369645151,-0.00594484806060791,0.02166910655796528,27524,5,43040161,,,,,,,,,,,,,,,,,,
Grocery,43,s44_scalar_rel_multi,EDGE_SHUFFLE_REPLICATE,0.8193265199661255,0.7460324146351839,0.8993515372276306,-0.0014641284942626953,-0.0039717698998443796,0.001394510269165039,0.020204978063702583,27524,6,43040162,,,,,,,,,,,,,,,,,,
Grocery,43,s44_scalar_rel_multi,EDGE_SHUFFLE_REPLICATE,0.8187408447265625,0.7449837259093087,0.8954381942749023,-0.0020498037338256836,-0.005020458625719537,-0.0025188326835632324,0.019619327038526535,27524,7,43040163,,,,,,,,,,,,,,,,,,
Grocery,43,s44_scalar_rel_multi,EDGE_SHUFFLE_REPLICATE,0.8202049732208252,0.7489078918197771,0.8942004442214966,-0.0005856752395629883,-0.0010962927152511348,-0.003756582736968994,0.020204978063702583,27524,8,43040164,,,,,,,,,,,,,,,,,,
Grocery,43,s44_scalar_rel_multi,EDGE_SHUFFLE_REPLICATE,0.8219619393348694,0.7497877866207034,0.8922038674354553,0.0011712908744812012,-0.00021639791432481736,-0.005753159523010254,0.019326500594615936,27524,9,43040165,,,,,,,,,,,,,,,,,,
Grocery,43,s44_scalar_rel_multi,EDGE_SHUFFLE_REPLICATE,0.8202049732208252,0.7453885403834563,0.8958374261856079,-0.0005856752395629883,-0.004615644151572007,-0.002119600772857666,0.02430453896522522,27524,10,43040166,,,,,,,,,,,,,,,,,,
Grocery,43,s44_scalar_rel_multi,EDGE_SHUFFLE_MEAN_STD,,,,,,,,27524,,,10,0.8202342748641968,0.0012176118705336826,0.746742954759885,0.0018259706422887566,0.8945869386196137,0.002757274495744648,-0.0005563735961914062,0.0012176118705336826,-0.003261229775143382,0.0018259706422887566,-0.0033700883388519285,0.002757274495744648,0.02084919475018978,0.001468806576119837,,,
Grocery,43,s44_lowrank_global,MEAN_REPLACE,0.8289897441864014,0.7646263449285291,1.2193591594696045,0.0,0.0,0.0,0.0,27524,,,,,,,,,,,,,,,,,,,,
Grocery,43,s44_lowrank_global,EDGE_SHUFFLE_REPLICATE,0.8289897441864014,0.7646263449285291,1.2193591594696045,0.0,0.0,0.0,0.0,27524,1,43050164,,,,,,,,,,,,,,,,,,
Grocery,43,s44_lowrank_global,EDGE_SHUFFLE_REPLICATE,0.8289897441864014,0.7646263449285291,1.219359278678894,0.0,0.0,1.1920928955078125e-07,0.0,27524,2,43050165,,,,,,,,,,,,,,,,,,
Grocery,43,s44_lowrank_global,EDGE_SHUFFLE_REPLICATE,0.8289897441864014,0.7646263449285291,1.219359278678894,0.0,0.0,1.1920928955078125e-07,0.0,27524,3,43050166,,,,,,,,,,,,,,,,,,
Grocery,43,s44_lowrank_global,EDGE_SHUFFLE_REPLICATE,0.8289897441864014,0.7646263449285291,1.219359278678894,0.0,0.0,1.1920928955078125e-07,0.0,27524,4,43050167,,,,,,,,,,,,,,,,,,
Grocery,43,s44_lowrank_global,EDGE_SHUFFLE_REPLICATE,0.8289897441864014,0.7646263449285291,1.219359278678894,0.0,0.0,1.1920928955078125e-07,0.0,27524,5,43050168,,,,,,,,,,,,,,,,,,
Grocery,43,s44_lowrank_global,EDGE_SHUFFLE_REPLICATE,0.8289897441864014,0.7646263449285291,1.219359278678894,0.0,0.0,1.1920928955078125e-07,0.0,27524,6,43050169,,,,,,,,,,,,,,,,,,
Grocery,43,s44_lowrank_global,EDGE_SHUFFLE_REPLICATE,0.8289897441864014,0.7646263449285291,1.2193591594696045,0.0,0.0,0.0,0.0,27524,7,43050170,,,,,,,,,,,,,,,,,,
Grocery,43,s44_lowrank_global,EDGE_SHUFFLE_REPLICATE,0.8289897441864014,0.7646263449285291,1.219359278678894,0.0,0.0,1.1920928955078125e-07,0.0,27524,8,43050171,,,,,,,,,,,,,,,,,,
Grocery,43,s44_lowrank_global,EDGE_SHUFFLE_REPLICATE,0.8289897441864014,0.7646263449285291,1.2193591594696045,0.0,0.0,0.0,0.0,27524,9,43050172,,,,,,,,,,,,,,,,,,
Grocery,43,s44_lowrank_global,EDGE_SHUFFLE_REPLICATE,0.8289897441864014,0.7646263449285291,1.2193591594696045,0.0,0.0,0.0,0.0,27524,10,43050173,,,,,,,,,,,,,,,,,,
Grocery,43,s44_lowrank_global,EDGE_SHUFFLE_MEAN_STD,,,,,,,,27524,,,10,0.8289897441864014,0.0,0.7646263449285291,0.0,1.2193592309951782,5.840038639982171e-08,0.0,0.0,0.0,0.0,7.152557373046875e-08,5.840038639982171e-08,0.0,0.0,,,
Grocery,43,s44_lowrank_global,ZERO_DYNAMIC,0.8292825818061829,0.7649087823703036,1.2193797826766968,0.00029283761978149414,0.0002824374417744746,2.0623207092285156e-05,0.00029282577452249825,,,,,,,,,,,,,,,,,,,5.7220458984375e-06,1e-05,1e-06
Grocery,43,s44_lowrank_rel,MEAN_REPLACE,0.8199121952056885,0.7470649729858824,0.8527100682258606,-0.001756906509399414,-0.003722917700096584,0.0008217692375183105,0.01229868270456791,27524,,,,,,,,,,,,,,,,,,,,
Grocery,43,s44_lowrank_rel,EDGE_SHUFFLE_REPLICATE,0.8213763236999512,0.7455243135764652,0.8521947860717773,-0.00029277801513671875,-0.005263577109513751,0.0003064870834350586,0.002342606196179986,27524,1,43060171,,,,,,,,,,,,,,,,,,
Grocery,43,s44_lowrank_rel,EDGE_SHUFFLE_REPLICATE,0.8210834860801697,0.7469067007745518,0.8520835041999817,-0.0005856156349182129,-0.003881189911427163,0.0001952052116394043,0.0017569545889273286,27524,2,43060172,,,,,,,,,,,,,,,,,,
Grocery,43,s44_lowrank_rel,EDGE_SHUFFLE_REPLICATE,0.8210834860801697,0.74733677736613,0.8522077202796936,-0.0005856156349182129,-0.0034511133198489308,0.00031942129135131836,0.002635431941598654,27524,3,43060173,,,,,,,,,,,,,,,,,,
Grocery,43,s44_lowrank_rel,EDGE_SHUFFLE_REPLICATE,0.8210834860801697,0.7453488677945362,0.8516077995300293,-0.0005856156349182129,-0.005439022891442713,-0.0002804994583129883,0.002049780450761318,27524,4,43060174,,,,,,,,,,,,,,,,,,
Grocery,43,s44_lowrank_rel,EDGE_SHUFFLE_REPLICATE,0.8225476145744324,0.7511740950807482,0.8515961170196533,0.0008785128593444824,0.0003862043947692184,-0.00029218196868896484,0.001171303098089993,27524,5,43060175,,,,,,,,,,,,,,,,,,
Grocery,43,s44_lowrank_rel,EDGE_SHUFFLE_REPLICATE,0.8216691017150879,0.7507884866797825,0.8514996767044067,0.0,5.959938035315915e-07,-0.0003886222839355469,0.0008784772944636643,27524,6,43060176,,,,,,,,,,,,,,,,,,
Grocery,43,s44_lowrank_rel,EDGE_SHUFFLE_REPLICATE,0.8204978108406067,0.7447178410919579,0.8527031540870667,-0.0011712908744812012,-0.006070049594021021,0.0008148550987243652,0.003806734923273325,27524,7,43060177,,,,,,,,,,,,,,,,,,
Grocery,43,s44_lowrank_rel,EDGE_SHUFFLE_REPLICATE,0.8213763236999512,0.7505749631655984,0.8524394631385803,-0.00029277801513671875,-0.00021292752038060136,0.0005511641502380371,0.0017569545889273286,27524,8,43060178,,,,,,,,,,,,,,,,,,
Grocery,43,s44_lowrank_rel,EDGE_SHUFFLE_REPLICATE,0.8210834860801697,0.7451340128477735,0.8520665168762207,-0.0005856156349182129,-0.005653877838205479,0.00017821788787841797,0.0029282576870173216,27524,9,43060179,,,,,,,,,,,,,,,,,,
Grocery,43,s44_lowrank_rel,EDGE_SHUFFLE_REPLICATE,0.8219619393348694,0.7489676236425463,0.8518630266189575,0.00029283761978149414,-0.001820267043432633,-2.5272369384765625e-05,0.002049780450761318,27524,10,43060180,,,,,,,,,,,,,,,,,,
Grocery,43,s44_lowrank_rel,EDGE_SHUFFLE_MEAN_STD,,,,,,,,27524,,,10,0.8213763058185577,0.0005399432634753706,0.7476473682020089,0.0024073412442889245,0.8520261764526367,0.00036867546784138293,-0.0002927958965301514,0.0005399432634753706,-0.003140522483969954,0.0024073412442889245,0.00013787746429443358,0.00036867546784138293,0.0021376281220000237,0.000807795842983002,,,
Grocery,43,s44_lowrank_rel,ZERO_DYNAMIC,0.8204978108406067,0.749494238584717,0.8602810502052307,-0.0011712908744812012,-0.0012936521012619773,0.008392751216888428,0.026647144928574562,,,,,,,,,,,,,,,,,,,3.814697265625e-06,1e-05,1e-06
Grocery,43,s44_lowrank_rel_multi,MEAN_REPLACE,0.8228404521942139,0.7545020257106526,1.368062973022461,-0.0026354193687438965,-0.003087796074700999,-0.08577334880828857,0.05358711630105972,27524,,,,,,,,,,,,,,,,,,,,
Grocery,43,s44_lowrank_rel_multi,EDGE_SHUFFLE_REPLICATE,0.8254758715629578,0.7544799600340193,1.446000099182129,0.0,-0.0031098617513343196,-0.007836222648620605,0.008784772828221321,27524,1,43070178,,,,,,,,,,,,,,,,,,
Grocery,43,s44_lowrank_rel_multi,EDGE_SHUFFLE_REPLICATE,0.8228404521942139,0.7531550304628339,1.4516364336013794,-0.0026354193687438965,-0.004434791322519671,-0.002199888229370117,0.007906295359134674,27524,2,43070179,,,,,,,,,,,,,,,,,,
Grocery,43,s44_lowrank_rel_multi,EDGE_SHUFFLE_REPLICATE,0.8248901963233948,0.7572147538106484,1.4455970525741577,-0.0005856752395629883,-0.00037506797470521214,-0.008239269256591797,0.008199121803045273,27524,3,43070180,,,,,,,,,,,,,,,,,,
Grocery,43,s44_lowrank_rel_multi,EDGE_SHUFFLE_REPLICATE,0.8231332302093506,0.7530692414632154,1.4502410888671875,-0.0023426413536071777,-0.004520580322138201,-0.0035952329635620117,0.010248902253806591,27524,4,43070181,,,,,,,,,,,,,,,,,,
Grocery,43,s44_lowrank_rel_multi,EDGE_SHUFFLE_REPLICATE,0.8245973587036133,0.7561315336947139,1.4436419010162354,-0.0008785128593444824,-0.0014582880906397477,-0.01019442081451416,0.00907759927213192,27524,5,43070182,,,,,,,,,,,,,,,,,,
Grocery,43,s44_lowrank_rel_multi,EDGE_SHUFFLE_REPLICATE,0.8248901963233948,0.7551233012679806,1.4466334581375122,-0.0005856752395629883,-0.002466520517373061,-0.007202863693237305,0.007320644333958626,27524,6,43070183,,,,,,,,,,,,,,,,,,
Grocery,43,s44_lowrank_rel_multi,EDGE_SHUFFLE_REPLICATE,0.8243045806884766,0.7551642325827145,1.4424604177474976,-0.0011712908744812012,-0.0024255892026391335,-0.011375904083251953,0.005856515374034643,27524,7,43070184,,,,,,,,,,,,,,,,,,
Grocery,43,s44_lowrank_rel_multi,EDGE_SHUFFLE_REPLICATE,0.8248901963233948,0.7576957088835768,1.4487119913101196,-0.0005856752395629883,0.00010588709822323406,-0.005124330520629883,0.00907759927213192,27524,8,43070185,,,,,,,,,,,,,,,,,,
Grocery,43,s44_lowrank_rel_multi,EDGE_SHUFFLE_REPLICATE,0.8257687091827393,0.7580107102908309,1.4430795907974243,0.00029283761978149414,0.0004208885054772793,-0.010756731033325195,0.00907759927213192,27524,9,43070186,,,,,,,,,,,,,,,,,,
Grocery,43,s44_lowrank_rel_multi,EDGE_SHUFFLE_REPLICATE,0.8245973587036133,0.7584112395512064,1.4489763975143433,-0.0008785128593444824,0.000821417765852761,-0.00485992431640625,0.006442166864871979,27524,10,43070187,,,,,,,,,,,,,,,,,,
Grocery,43,s44_lowrank_rel_multi,EDGE_SHUFFLE_MEAN_STD,,,,,,,,27524,,,10,0.8245388150215149,0.0008765241852426635,0.755845571204174,0.0018560100397724596,1.4466978430747985,0.002971227138422969,-0.0009370565414428711,0.0008765241852426635,-0.0017442505811796072,0.0018560100397724596,-0.007138478755950928,0.002971227138422969,0.008199121663346886,0.001276398078056025,,,
Grocery,43,s44_lowrank_rel_multi,ZERO_DYNAMIC,0.8202049732208252,0.7559954720360299,1.3668442964553833,-0.005270898342132568,-0.001594349749323709,-0.08699202537536621,0.05534407123923302,,,,,,,,,,,,,,,,,,,6.67572021484375e-06,1e-05,1e-06
Grocery,43,s44_expert_rel,MEAN_REPLACE,0.8228404521942139,0.7537883139684782,0.9341978430747986,-0.0011712908744812012,-0.001457393770747606,-0.0014748573303222656,0.005563689395785332,27524,,,,,,,,,,,,,,,,,,,,
Grocery,43,s44_expert_rel,EDGE_SHUFFLE_REPLICATE,0.8245973587036133,0.7558146953500118,0.9355663657188416,0.0005856156349182129,0.0005689876107859426,-0.00010633468627929688,0.0005856515490449965,27524,1,43090192,,,,,,,,,,,,,,,,,,
Grocery,43,s44_expert_rel,EDGE_SHUFFLE_REPLICATE,0.8243045806884766,0.7555608842741605,0.9358937740325928,0.00029283761978149414,0.0003151765349346247,0.00022107362747192383,0.00029282577452249825,27524,2,43090193,,,,,,,,,,,,,,,,,,
Grocery,43,s44_expert_rel,EDGE_SHUFFLE_REPLICATE,0.8243045806884766,0.7553068067239994,0.9359574913978577,0.00029283761978149414,6.109898477357767e-05,0.0002847909927368164,0.0008784772944636643,27524,3,43090194,,,,,,,,,,,,,,,,,,
Grocery,43,s44_expert_rel,EDGE_SHUFFLE_REPLICATE,0.8240117430686951,0.7551424410385439,0.9352326989173889,0.0,-0.00010326670068194765,-0.0004400014877319336,0.0014641288435086608,27524,4,43090195,,,,,,,,,,,,,,,,,,
Grocery,43,s44_expert_rel,EDGE_SHUFFLE_REPLICATE,0.8245973587036133,0.7552735756051778,0.9354676008224487,0.0005856156349182129,2.7867865951991533e-05,-0.00020509958267211914,0.001171303098089993,27524,5,43090196,,,,,,,,,,,,,,,,,,
Grocery,43,s44_expert_rel,EDGE_SHUFFLE_REPLICATE,0.8243045806884766,0.7553936222789888,0.9362666606903076,0.00029283761978149414,0.0001479145397629278,0.0005939602851867676,0.0008784772944636643,27524,6,43090197,,,,,,,,,,,,,,,,,,
Grocery,43,s44_expert_rel,EDGE_SHUFFLE_REPLICATE,0.8240117430686951,0.754761570726774,0.935553789138794,0.0,-0.00048413701245186846,-0.0001189112663269043,0.0008784772944636643,27524,7,43090198,,,,,,,,,,,,,,,,,,
Grocery,43,s44_expert_rel,EDGE_SHUFFLE_REPLICATE,0.8240117430686951,0.7548615505430132,0.9356411099433899,0.0,-0.0003841571962126533,-3.159046173095703e-05,0.001171303098089993,27524,8,43090199,,,,,,,,,,,,,,,,,,
Grocery,43,s44_expert_rel,EDGE_SHUFFLE_REPLICATE,0.8248901963233948,0.7558757943347852,0.9358996748924255,0.000878453254699707,0.0006300865955594093,0.0002269744873046875,0.0014641288435086608,27524,9,43090200,,,,,,,,,,,,,,,,,,
Grocery,43,s44_expert_rel,EDGE_SHUFFLE_REPLICATE,0.8243045806884766,0.755850226698856,0.9355636835098267,0.00029283761978149414,0.000604518959630207,-0.00010901689529418945,0.00029282577452249825,27524,10,43090201,,,,,,,,,,,,,,,,,,
Grocery,43,s44_expert_rel,EDGE_SHUFFLE_MEAN_STD,,,,,,,,27524,,,10,0.8243338465690613,0.0002762390814438353,0.755384116757431,0.0003758966216017212,0.9357042849063874,0.0002825432060566316,0.00032210350036621094,0.0002762390814438353,0.0001384090182052211,0.0003758966216017212,3.158450126647949e-05,0.0002825432060566316,0.0009077598864678293,0.0004025688757455535,,,
Grocery,43,s44_expert_rel,ROUTE_EDGE_SHUFFLE_REPLICATE,0.8245973587036133,0.7558146953500118,0.9355663657188416,0.0005856156349182129,0.0005689876107859426,-0.00010633468627929688,0.0005856515490449965,27524,1,43090192,,,,,,,,,,,,,,,,,,
Grocery,43,s44_expert_rel,ROUTE_EDGE_SHUFFLE_REPLICATE,0.8243045806884766,0.7555608842741605,0.9358937740325928,0.00029283761978149414,0.0003151765349346247,0.00022107362747192383,0.00029282577452249825,27524,2,43090193,,,,,,,,,,,,,,,,,,
Grocery,43,s44_expert_rel,ROUTE_EDGE_SHUFFLE_REPLICATE,0.8243045806884766,0.7553068067239994,0.9359574913978577,0.00029283761978149414,6.109898477357767e-05,0.0002847909927368164,0.0008784772944636643,27524,3,43090194,,,,,,,,,,,,,,,,,,
Grocery,43,s44_expert_rel,ROUTE_EDGE_SHUFFLE_REPLICATE,0.8240117430686951,0.7551424410385439,0.9352326989173889,0.0,-0.00010326670068194765,-0.0004400014877319336,0.0014641288435086608,27524,4,43090195,,,,,,,,,,,,,,,,,,
Grocery,43,s44_expert_rel,ROUTE_EDGE_SHUFFLE_REPLICATE,0.8245973587036133,0.7552735756051778,0.9354676008224487,0.0005856156349182129,2.7867865951991533e-05,-0.00020509958267211914,0.001171303098089993,27524,5,43090196,,,,,,,,,,,,,,,,,,
Grocery,43,s44_expert_rel,ROUTE_EDGE_SHUFFLE_REPLICATE,0.8243045806884766,0.7553936222789888,0.9362666606903076,0.00029283761978149414,0.0001479145397629278,0.0005939602851867676,0.0008784772944636643,27524,6,43090197,,,,,,,,,,,,,,,,,,
Grocery,43,s44_expert_rel,ROUTE_EDGE_SHUFFLE_REPLICATE,0.8240117430686951,0.754761570726774,0.935553789138794,0.0,-0.00048413701245186846,-0.0001189112663269043,0.0008784772944636643,27524,7,43090198,,,,,,,,,,,,,,,,,,
Grocery,43,s44_expert_rel,ROUTE_EDGE_SHUFFLE_REPLICATE,0.8240117430686951,0.7548615505430132,0.9356411099433899,0.0,-0.0003841571962126533,-3.159046173095703e-05,0.001171303098089993,27524,8,43090199,,,,,,,,,,,,,,,,,,
Grocery,43,s44_expert_rel,ROUTE_EDGE_SHUFFLE_REPLICATE,0.8248901963233948,0.7558757943347852,0.9358996748924255,0.000878453254699707,0.0006300865955594093,0.0002269744873046875,0.0014641288435086608,27524,9,43090200,,,,,,,,,,,,,,,,,,
Grocery,43,s44_expert_rel,ROUTE_EDGE_SHUFFLE_REPLICATE,0.8243045806884766,0.755850226698856,0.9355636835098267,0.00029283761978149414,0.000604518959630207,-0.00010901689529418945,0.00029282577452249825,27524,10,43090201,,,,,,,,,,,,,,,,,,
Grocery,43,s44_expert_rel,ROUTE_EDGE_SHUFFLE_MEAN_STD,,,,,,,,27524,,,10,0.8243338465690613,0.0002762390814438353,0.755384116757431,0.0003758966216017212,0.9357042849063874,0.0002825432060566316,0.00032210350036621094,0.0002762390814438353,0.0001384090182052211,0.0003758966216017212,3.158450126647949e-05,0.0002825432060566316,0.0009077598864678293,0.0004025688757455535,,,
Grocery,43,s44_expert_rel,ROUTE_UNIFORMIZE,0.8234260678291321,0.7536197302602006,0.9352343678474426,-0.0005856752395629883,-0.0016259774790252646,-0.00043833255767822266,0.006149341352283955,,,,,,,,,,,,,,,,,,,,,
Grocery,43,s44_expert_rel_multi,MEAN_REPLACE,0.8231332302093506,0.7512503398362534,0.9696982502937317,-0.003513932228088379,-0.004766322258912381,-0.002029240131378174,0.016691068187355995,27524,,,,,,,,,,,,,,,,,,,,
Grocery,43,s44_expert_rel_multi,EDGE_SHUFFLE_REPLICATE,0.826647162437439,0.7567316327238746,0.9726250171661377,0.0,0.0007149706287087332,0.000897526741027832,0.002342606196179986,27524,1,43100199,,,,,,,,,,,,,,,,,,
Grocery,43,s44_expert_rel_multi,EDGE_SHUFFLE_REPLICATE,0.8269400000572205,0.7581641157669804,0.972360372543335,0.00029283761978149414,0.00214745367181457,0.0006328821182250977,0.003513909177854657,27524,2,43100200,,,,,,,,,,,,,,,,,,
Grocery,43,s44_expert_rel_multi,EDGE_SHUFFLE_REPLICATE,0.8278184533119202,0.7589590573616727,0.9725326299667358,0.0011712908744812012,0.0029423952665068587,0.0008051395416259766,0.002049780450761318,27524,3,43100201,,,,,,,,,,,,,,,,,,
Grocery,43,s44_expert_rel_multi,EDGE_SHUFFLE_REPLICATE,0.8269400000572205,0.7544318747324186,0.971627950668335,0.00029283761978149414,-0.001584787362747253,-9.953975677490234e-05,0.003806734923273325,27524,4,43100202,,,,,,,,,,,,,,,,,,
Grocery,43,s44_expert_rel_multi,EDGE_SHUFFLE_REPLICATE,0.8263543248176575,0.7557887932226967,0.9724842309951782,-0.00029283761978149414,-0.00022786887246917242,0.0007567405700683594,0.0017569545889273286,27524,5,43100203,,,,,,,,,,,,,,,,,,
Grocery,43,s44_expert_rel_multi,EDGE_SHUFFLE_REPLICATE,0.8278184533119202,0.7586359967863098,0.9726110100746155,0.0011712908744812012,0.0026193346911439486,0.0008835196495056152,0.002635431941598654,27524,6,43100204,,,,,,,,,,,,,,,,,,
Grocery,43,s44_expert_rel_multi,EDGE_SHUFFLE_REPLICATE,0.8275256156921387,0.7593061075410354,0.9726502895355225,0.000878453254699707,0.003289445445869621,0.0009227991104125977,0.0029282576870173216,27524,7,43100205,,,,,,,,,,,,,,,,,,
Grocery,43,s44_expert_rel_multi,EDGE_SHUFFLE_REPLICATE,0.8269400000572205,0.7580265335039591,0.9720712304115295,0.00029283761978149414,0.0020098714087932734,0.00034373998641967773,0.003513909177854657,27524,8,43100206,,,,,,,,,,,,,,,,,,
Grocery,43,s44_expert_rel_multi,EDGE_SHUFFLE_REPLICATE,0.8281112909317017,0.7590435446286442,0.9718267917633057,0.0014641284942626953,0.003026882533478381,9.930133819580078e-05,0.0029282576870173216,27524,9,43100207,,,,,,,,,,,,,,,,,,
Grocery,43,s44_expert_rel_multi,EDGE_SHUFFLE_REPLICATE,0.8281112909317017,0.7590469586691921,0.9714434742927551,0.0014641284942626953,0.0030302965740263144,-0.00028401613235473633,0.002342606196179986,27524,10,43100208,,,,,,,,,,,,,,,,,,
Grocery,43,s44_expert_rel_multi,EDGE_SHUFFLE_MEAN_STD,,,,,,,,27524,,,10,0.827320659160614,0.0006008249633931797,0.7578134614936783,0.0015532124273125458,0.972223299741745,0.00042655452682779845,0.0006734967231750488,0.0006008249633931797,0.0017967993985125274,0.0015532124273125458,0.0004958093166351318,0.00042655452682779845,0.0027818448026664553,0.0006448818280782736,,,
Grocery,43,s44_expert_rel_multi,ROUTE_EDGE_SHUFFLE_REPLICATE,0.826647162437439,0.7567316327238746,0.9726250171661377,0.0,0.0007149706287087332,0.000897526741027832,0.002342606196179986,27524,1,43100199,,,,,,,,,,,,,,,,,,
Grocery,43,s44_expert_rel_multi,ROUTE_EDGE_SHUFFLE_REPLICATE,0.8269400000572205,0.7581641157669804,0.972360372543335,0.00029283761978149414,0.00214745367181457,0.0006328821182250977,0.003513909177854657,27524,2,43100200,,,,,,,,,,,,,,,,,,
Grocery,43,s44_expert_rel_multi,ROUTE_EDGE_SHUFFLE_REPLICATE,0.8278184533119202,0.7589590573616727,0.9725326299667358,0.0011712908744812012,0.0029423952665068587,0.0008051395416259766,0.002049780450761318,27524,3,43100201,,,,,,,,,,,,,,,,,,
Grocery,43,s44_expert_rel_multi,ROUTE_EDGE_SHUFFLE_REPLICATE,0.8269400000572205,0.7544318747324186,0.971627950668335,0.00029283761978149414,-0.001584787362747253,-9.953975677490234e-05,0.003806734923273325,27524,4,43100202,,,,,,,,,,,,,,,,,,
Grocery,43,s44_expert_rel_multi,ROUTE_EDGE_SHUFFLE_REPLICATE,0.8263543248176575,0.7557887932226967,0.9724842309951782,-0.00029283761978149414,-0.00022786887246917242,0.0007567405700683594,0.0017569545889273286,27524,5,43100203,,,,,,,,,,,,,,,,,,
Grocery,43,s44_expert_rel_multi,ROUTE_EDGE_SHUFFLE_REPLICATE,0.8278184533119202,0.7586359967863098,0.9726110100746155,0.0011712908744812012,0.0026193346911439486,0.0008835196495056152,0.002635431941598654,27524,6,43100204,,,,,,,,,,,,,,,,,,
Grocery,43,s44_expert_rel_multi,ROUTE_EDGE_SHUFFLE_REPLICATE,0.8275256156921387,0.7593061075410354,0.9726502895355225,0.000878453254699707,0.003289445445869621,0.0009227991104125977,0.0029282576870173216,27524,7,43100205,,,,,,,,,,,,,,,,,,
Grocery,43,s44_expert_rel_multi,ROUTE_EDGE_SHUFFLE_REPLICATE,0.8269400000572205,0.7580265335039591,0.9720712304115295,0.00029283761978149414,0.0020098714087932734,0.00034373998641967773,0.003513909177854657,27524,8,43100206,,,,,,,,,,,,,,,,,,
Grocery,43,s44_expert_rel_multi,ROUTE_EDGE_SHUFFLE_REPLICATE,0.8281112909317017,0.7590435446286442,0.9718267917633057,0.0014641284942626953,0.003026882533478381,9.930133819580078e-05,0.0029282576870173216,27524,9,43100207,,,,,,,,,,,,,,,,,,
Grocery,43,s44_expert_rel_multi,ROUTE_EDGE_SHUFFLE_REPLICATE,0.8281112909317017,0.7590469586691921,0.9714434742927551,0.0014641284942626953,0.0030302965740263144,-0.00028401613235473633,0.002342606196179986,27524,10,43100208,,,,,,,,,,,,,,,,,,
Grocery,43,s44_expert_rel_multi,ROUTE_EDGE_SHUFFLE_MEAN_STD,,,,,,,,27524,,,10,0.827320659160614,0.0006008249633931797,0.7578134614936783,0.0015532124273125458,0.972223299741745,0.00042655452682779845,0.0006734967231750488,0.0006008249633931797,0.0017967993985125274,0.0015532124273125458,0.0004958093166351318,0.00042655452682779845,0.0027818448026664553,0.0006448818280782736,,,
Grocery,43,s44_expert_rel_multi,ROUTE_UNIFORMIZE,0.8231332302093506,0.7519682211260134,0.9699410796165466,-0.003513932228088379,-0.004048440969152467,-0.0017864108085632324,0.016105417162179947,,,,,,,,,,,,,,,,,,,,,
Grocery,44,s44_scalar_raw,MEAN_REPLACE,0.8225476145744324,0.7503713527438243,0.9121808409690857,0.0,-0.0012021397767587594,0.0036759376525878906,0.015519766137003899,27524,,,,,,,,,,,,,,,,,,,,
Grocery,44,s44_scalar_raw,EDGE_SHUFFLE_REPLICATE,0.8225476145744324,0.749480741462832,0.9129838943481445,0.0,-0.0020927510577510855,0.0044789910316467285,0.013762811198830605,27524,1,44020146,,,,,,,,,,,,,,,,,,
Grocery,44,s44_scalar_raw,EDGE_SHUFFLE_REPLICATE,0.8251830339431763,0.7501796186240541,0.9062904715538025,0.0026354193687438965,-0.0013938738965288966,-0.0022144317626953125,0.017569545656442642,27524,2,44020147,,,,,,,,,,,,,,,,,,
Grocery,44,s44_scalar_raw,EDGE_SHUFFLE_REPLICATE,0.8254758715629578,0.7541095201520732,0.9090582728385925,0.0029282569885253906,0.0025360276314901897,0.0005533695220947266,0.015519766137003899,27524,3,44020148,,,,,,,,,,,,,,,,,,
Grocery,44,s44_scalar_raw,EDGE_SHUFFLE_REPLICATE,0.8234260678291321,0.7498880372788991,0.9094681739807129,0.000878453254699707,-0.001685455241683953,0.0009632706642150879,0.014934114180505276,27524,4,44020149,,,,,,,,,,,,,,,,,,
Grocery,44,s44_scalar_raw,EDGE_SHUFFLE_REPLICATE,0.8245973587036133,0.7550772645658611,0.91032874584198,0.002049744129180908,0.003503772045278075,0.0018238425254821777,0.012884333729743958,27524,5,44020150,,,,,,,,,,,,,,,,,,
Grocery,44,s44_scalar_raw,EDGE_SHUFFLE_REPLICATE,0.8219619393348694,0.7505467343130428,0.9125667810440063,-0.0005856752395629883,-0.0010267582075402792,0.004061877727508545,0.012884333729743958,27524,6,44020151,,,,,,,,,,,,,,,,,,
Grocery,44,s44_scalar_raw,EDGE_SHUFFLE_REPLICATE,0.8254758715629578,0.753141758922872,0.9101488590240479,0.0029282569885253906,0.0015682664022890203,0.0016439557075500488,0.014641288667917252,27524,7,44020152,,,,,,,,,,,,,,,,,,
Grocery,44,s44_scalar_raw,EDGE_SHUFFLE_REPLICATE,0.8228404521942139,0.7502732662485317,0.9075974822044373,0.00029283761978149414,-0.0013002262720512858,-0.0009074211120605469,0.014641288667917252,27524,8,44020153,,,,,,,,,,,,,,,,,,
Grocery,44,s44_scalar_raw,EDGE_SHUFFLE_REPLICATE,0.8234260678291321,0.7537215614874551,0.9082697033882141,0.000878453254699707,0.00214806896687203,-0.0002351999282836914,0.014641288667917252,27524,9,44020154,,,,,,,,,,,,,,,,,,
Grocery,44,s44_scalar_raw,EDGE_SHUFFLE_REPLICATE,0.8210834860801697,0.7455800833011175,0.9091160893440247,-0.0014641284942626953,-0.005993409219465562,0.0006111860275268555,0.015519766137003899,27524,10,44020155,,,,,,,,,,,,,,,,,,
Grocery,44,s44_scalar_raw,EDGE_SHUFFLE_MEAN_STD,,,,,,,,27524,,,10,0.8236017763614655,0.001459434662478704,0.7511998586356738,0.0026872758945917555,0.9095828473567963,0.001958562390991724,0.0010541617870330811,0.001459434662478704,-0.0003736338849091747,0.0026872758945917555,0.001077944040298462,0.001958562390991724,0.014699853677302598,0.00130824640144924,,,
Grocery,44,s44_scalar_rel,MEAN_REPLACE,0.8231332302093506,0.7378175763093374,1.0899337530136108,-0.0020498037338256836,-0.008094879242136699,0.005853891372680664,0.02693997137248516,27524,,,,,,,,,,,,,,,,,,,,
Grocery,44,s44_scalar_rel,EDGE_SHUFFLE_REPLICATE,0.8234260678291321,0.7465301100656617,1.0829252004623413,-0.0017569661140441895,0.0006176545141876044,-0.0011546611785888672,0.019326500594615936,27524,1,44030153,,,,,,,,,,,,,,,,,,
Grocery,44,s44_scalar_rel,EDGE_SHUFFLE_REPLICATE,0.8222547769546509,0.7453252737401678,1.0998048782348633,-0.0029282569885253906,-0.0005871818113063476,0.015725016593933105,0.01844802312552929,27524,2,44030154,,,,,,,,,,,,,,,,,,
Grocery,44,s44_scalar_rel,EDGE_SHUFFLE_REPLICATE,0.8240117430686951,0.7493132632289188,1.0837435722351074,-0.0011712908744812012,0.0034008076774446616,-0.0003362894058227539,0.02108345553278923,27524,3,44030155,,,,,,,,,,,,,,,,,,
Grocery,44,s44_scalar_rel,EDGE_SHUFFLE_REPLICATE,0.8228404521942139,0.7477188838426205,1.0878405570983887,-0.0023425817489624023,0.0018064282911464113,0.003760695457458496,0.01815519854426384,27524,4,44030156,,,,,,,,,,,,,,,,,,
Grocery,44,s44_scalar_rel,EDGE_SHUFFLE_REPLICATE,0.8228404521942139,0.7465756525561317,1.0880829095840454,-0.0023425817489624023,0.0006631970046575564,0.004003047943115234,0.02108345553278923,27524,5,44030157,,,,,,,,,,,,,,,,,,
Grocery,44,s44_scalar_rel,EDGE_SHUFFLE_REPLICATE,0.8231332302093506,0.7421121953417946,1.0852307081222534,-0.0020498037338256836,-0.0038002602096794957,0.0011508464813232422,0.020204978063702583,27524,6,44030158,,,,,,,,,,,,,,,,,,
Grocery,44,s44_scalar_rel,EDGE_SHUFFLE_REPLICATE,0.8231332302093506,0.7416336563679177,1.0787447690963745,-0.0020498037338256836,-0.004278799183556448,-0.005335092544555664,0.019619327038526535,27524,7,44030159,,,,,,,,,,,,,,,,,,
Grocery,44,s44_scalar_rel,EDGE_SHUFFLE_REPLICATE,0.8210834860801697,0.743802430273562,1.095909595489502,-0.004099547863006592,-0.002110025277912153,0.011829733848571777,0.019326500594615936,27524,8,44030160,,,,,,,,,,,,,,,,,,
Grocery,44,s44_scalar_rel,EDGE_SHUFFLE_REPLICATE,0.8240117430686951,0.7419803997912628,1.0810176134109497,-0.0011712908744812012,-0.003932055760211273,-0.0030622482299804688,0.022547584027051926,27524,9,44030161,,,,,,,,,,,,,,,,,,
Grocery,44,s44_scalar_rel,EDGE_SHUFFLE_REPLICATE,0.8231332302093506,0.738978969245145,1.084636926651001,-0.0020498037338256836,-0.006933486306329173,0.0005570650100708008,0.021961933001875877,27524,10,44030162,,,,,,,,,,,,,,,,,,
Grocery,44,s44_scalar_rel,EDGE_SHUFFLE_MEAN_STD,,,,,,,,27524,,,10,0.8229868412017822,0.0008099132788365022,0.7443970834453182,0.0030621538387816142,1.0867936730384826,0.006202095844818157,-0.002196192741394043,0.0008099132788365022,-0.0015153721061558656,0.0030621538387816142,0.00271381139755249,0.006202095844818157,0.020175695605576038,0.0013886858263082915,,,
Grocery,44,s44_scalar_rel_multi,MEAN_REPLACE,0.8231332302093506,0.7480842378408596,0.9803897738456726,0.0014641284942626953,-0.0013049302300206511,-0.005217254161834717,0.02693997137248516,27524,,,,,,,,,,,,,,,,,,,,
Grocery,44,s44_scalar_rel_multi,EDGE_SHUFFLE_REPLICATE,0.8216691017150879,0.7475888238546525,0.9889310002326965,0.0,-0.0018003442162277672,0.003323972225189209,0.019912151619791985,27524,1,44040160,,,,,,,,,,,,,,,,,,
Grocery,44,s44_scalar_rel_multi,EDGE_SHUFFLE_REPLICATE,0.8245973587036133,0.7533204276640773,0.983279287815094,0.0029282569885253906,0.003931259593196956,-0.00232774019241333,0.019619327038526535,27524,2,44040161,,,,,,,,,,,,,,,,,,
Grocery,44,s44_scalar_rel_multi,EDGE_SHUFFLE_REPLICATE,0.8219619393348694,0.7478713591048191,0.9910871386528015,0.00029283761978149414,-0.0015178089660612404,0.0054801106452941895,0.02079062908887863,27524,3,44040162,,,,,,,,,,,,,,,,,,
Grocery,44,s44_scalar_rel_multi,EDGE_SHUFFLE_REPLICATE,0.8222547769546509,0.7471587840655249,0.9914330840110779,0.0005856752395629883,-0.002230384005355357,0.005826056003570557,0.02079062908887863,27524,4,44040163,,,,,,,,,,,,,,,,,,
Grocery,44,s44_scalar_rel_multi,EDGE_SHUFFLE_REPLICATE,0.8245973587036133,0.7530885685732743,0.988679051399231,0.0029282569885253906,0.0036994005023940346,0.003072023391723633,0.01844802312552929,27524,5,44040164,,,,,,,,,,,,,,,,,,
Grocery,44,s44_scalar_rel_multi,EDGE_SHUFFLE_REPLICATE,0.8225476145744324,0.7486447182991457,0.9878599047660828,0.0008785128593444824,-0.000744449771734601,0.0022528767585754395,0.020497804507613182,27524,6,44040165,,,,,,,,,,,,,,,,,,
Grocery,44,s44_scalar_rel_multi,EDGE_SHUFFLE_REPLICATE,0.8213763236999512,0.7494704723830544,0.9843683242797852,-0.00029277801513671875,8.130431217412415e-05,-0.001238703727722168,0.019619327038526535,27524,7,44040166,,,,,,,,,,,,,,,,,,
Grocery,44,s44_scalar_rel_multi,EDGE_SHUFFLE_REPLICATE,0.8231332302093506,0.7541731304492463,0.9864497184753418,0.0014641284942626953,0.00478396237836598,0.0008426904678344727,0.017276721075177193,27524,8,44040167,,,,,,,,,,,,,,,,,,
Grocery,44,s44_scalar_rel_multi,EDGE_SHUFFLE_REPLICATE,0.8234260678291321,0.7529874798778755,0.9846086502075195,0.0017569661140441895,0.0035983118069952136,-0.000998377799987793,0.019033674150705338,27524,9,44040168,,,,,,,,,,,,,,,,,,
Grocery,44,s44_scalar_rel_multi,EDGE_SHUFFLE_REPLICATE,0.8243045806884766,0.7485848184571424,0.9848070740699768,0.002635478973388672,-0.0008043496137378758,-0.0007999539375305176,0.019326500594615936,27524,10,44040169,,,,,,,,,,,,,,,,,,
Grocery,44,s44_scalar_rel_multi,EDGE_SHUFFLE_MEAN_STD,,,,,,,,27524,,,10,0.8229868352413178,0.0011509902814948775,0.7502888582728813,0.002619302878421533,0.9871503233909606,0.002738942874261631,0.0013177335262298585,0.0011509902814948775,0.0008996902020009468,0.002619302878421533,0.0015432953834533692,0.002738942874261631,0.019531478732824327,0.0010398406043546254,,,
Grocery,44,s44_lowrank_global,MEAN_REPLACE,0.8225476145744324,0.7507758341399775,0.8389695882797241,0.0,0.0,0.0,0.0,27524,,,,,,,,,,,,,,,,,,,,
Grocery,44,s44_lowrank_global,EDGE_SHUFFLE_REPLICATE,0.8225476145744324,0.7507758341399775,0.8389696478843689,0.0,0.0,5.960464477539063e-08,0.0,27524,1,44050167,,,,,,,,,,,,,,,,,,
Grocery,44,s44_lowrank_global,EDGE_SHUFFLE_REPLICATE,0.8225476145744324,0.7507758341399775,0.8389694690704346,0.0,0.0,-1.1920928955078125e-07,0.0,27524,2,44050168,,,,,,,,,,,,,,,,,,
Grocery,44,s44_lowrank_global,EDGE_SHUFFLE_REPLICATE,0.8225476145744324,0.7507758341399775,0.8389695882797241,0.0,0.0,0.0,0.0,27524,3,44050169,,,,,,,,,,,,,,,,,,
Grocery,44,s44_lowrank_global,EDGE_SHUFFLE_REPLICATE,0.8225476145744324,0.7507758341399775,0.8389695882797241,0.0,0.0,0.0,0.0,27524,4,44050170,,,,,,,,,,,,,,,,,,
Grocery,44,s44_lowrank_global,EDGE_SHUFFLE_REPLICATE,0.8225476145744324,0.7507758341399775,0.8389695882797241,0.0,0.0,0.0,0.0,27524,5,44050171,,,,,,,,,,,,,,,,,,
Grocery,44,s44_lowrank_global,EDGE_SHUFFLE_REPLICATE,0.8225476145744324,0.7507758341399775,0.8389695882797241,0.0,0.0,0.0,0.0,27524,6,44050172,,,,,,,,,,,,,,,,,,
Grocery,44,s44_lowrank_global,EDGE_SHUFFLE_REPLICATE,0.8225476145744324,0.7507758341399775,0.8389696478843689,0.0,0.0,5.960464477539063e-08,0.0,27524,7,44050173,,,,,,,,,,,,,,,,,,
Grocery,44,s44_lowrank_global,EDGE_SHUFFLE_REPLICATE,0.8225476145744324,0.7507758341399775,0.8389695882797241,0.0,0.0,0.0,0.0,27524,8,44050174,,,,,,,,,,,,,,,,,,
Grocery,44,s44_lowrank_global,EDGE_SHUFFLE_REPLICATE,0.8225476145744324,0.7507758341399775,0.8389695882797241,0.0,0.0,0.0,0.0,27524,9,44050175,,,,,,,,,,,,,,,,,,
Grocery,44,s44_lowrank_global,EDGE_SHUFFLE_REPLICATE,0.8225476145744324,0.7507758341399775,0.8389695882797241,0.0,0.0,0.0,0.0,27524,10,44050176,,,,,,,,,,,,,,,,,,
Grocery,44,s44_lowrank_global,EDGE_SHUFFLE_MEAN_STD,,,,,,,,27524,,,10,0.8225476145744324,0.0,0.7507758341399775,0.0,0.8389695882797241,4.6169559314339364e-08,0.0,0.0,0.0,0.0,0.0,4.6169559314339364e-08,0.0,0.0,,,
Grocery,44,s44_lowrank_global,ZERO_DYNAMIC,0.8222547769546509,0.7505114051667547,0.8389639854431152,-0.00029283761978149414,-0.0002644289732227634,-5.602836608886719e-06,0.0005856515490449965,,,,,,,,,,,,,,,,,,,6.67572021484375e-06,1e-05,1e-06
Grocery,44,s44_lowrank_rel,MEAN_REPLACE,0.8225476145744324,0.743179331961328,0.8124467134475708,0.0017569661140441895,0.0019480724724374454,-0.0006424188613891602,0.0043923864141106606,27524,,,,,,,,,,,,,,,,,,,,
Grocery,44,s44_lowrank_rel,EDGE_SHUFFLE_REPLICATE,0.8199121952056885,0.7398754312686693,0.8133718371391296,-0.000878453254699707,-0.001355828220221289,0.00028270483016967773,0.0017569545889273286,27524,1,44060174,,,,,,,,,,,,,,,,,,
Grocery,44,s44_lowrank_rel,EDGE_SHUFFLE_REPLICATE,0.8207906484603882,0.7418726821671824,0.8129360675811768,0.0,0.0006414226782918142,-0.00015306472778320312,0.002049780450761318,27524,2,44060175,,,,,,,,,,,,,,,,,,
Grocery,44,s44_lowrank_rel,EDGE_SHUFFLE_REPLICATE,0.8199121952056885,0.7396775469058627,0.8128851652145386,-0.000878453254699707,-0.001553712583027833,-0.00020396709442138672,0.002049780450761318,27524,3,44060176,,,,,,,,,,,,,,,,,,
Grocery,44,s44_lowrank_rel,EDGE_SHUFFLE_REPLICATE,0.8204978108406067,0.7422481375946499,0.812935471534729,-0.00029283761978149414,0.0010168781057593446,-0.00015366077423095703,0.0017569545889273286,27524,4,44060177,,,,,,,,,,,,,,,,,,
Grocery,44,s44_lowrank_rel,EDGE_SHUFFLE_REPLICATE,0.8202049732208252,0.7402891918420144,0.8129750490188599,-0.0005856752395629883,-0.0009420676468762101,-0.00011408329010009766,0.0029282576870173216,27524,5,44060178,,,,,,,,,,,,,,,,,,
Grocery,44,s44_lowrank_rel,EDGE_SHUFFLE_REPLICATE,0.8210834860801697,0.742579275224471,0.8127904534339905,0.00029283761978149414,0.00134801573558041,-0.0002986788749694824,0.001171303098089993,27524,6,44060179,,,,,,,,,,,,,,,,,,
Grocery,44,s44_lowrank_rel,EDGE_SHUFFLE_REPLICATE,0.8207906484603882,0.7406993392277611,0.8130921125411987,0.0,-0.0005319202611294704,2.9802322387695312e-06,0.0014641288435086608,27524,7,44060180,,,,,,,,,,,,,,,,,,
Grocery,44,s44_lowrank_rel,EDGE_SHUFFLE_REPLICATE,0.8199121952056885,0.7415215011638522,0.8128769993782043,-0.000878453254699707,0.000290241674961611,-0.00021213293075561523,0.002342606196179986,27524,8,44060181,,,,,,,,,,,,,,,,,,
Grocery,44,s44_lowrank_rel,EDGE_SHUFFLE_REPLICATE,0.8202049732208252,0.7399441298754454,0.8130297660827637,-0.0005856752395629883,-0.001287129613445126,-5.936622619628906e-05,0.0017569545889273286,27524,9,44060182,,,,,,,,,,,,,,,,,,
Grocery,44,s44_lowrank_rel,EDGE_SHUFFLE_REPLICATE,0.8210834860801697,0.7415938576660357,0.8128718137741089,0.00029283761978149414,0.00036259817714512366,-0.00021731853485107422,0.001171303098089993,27524,10,44060183,,,,,,,,,,,,,,,,,,
Grocery,44,s44_lowrank_rel,EDGE_SHUFFLE_MEAN_STD,,,,,,,,27524,,,10,0.8204392611980438,0.00044984473630921615,0.7410301092935944,0.0010076279286301351,0.81297647356987,0.000154799919261617,-0.00035138726234436036,0.00044984473630921615,-0.00020115019529616253,0.0010076279286301351,-0.00011265873908996581,0.000154799919261617,0.0018448023591190576,0.0005080337263148847,,,
Grocery,44,s44_lowrank_rel,ZERO_DYNAMIC,0.8187408447265625,0.736839155332237,0.8123258352279663,-0.0020498037338256836,-0.004392104156653587,-0.0007632970809936523,0.02723279595375061,,,,,,,,,,,,,,,,,,,2.86102294921875e-06,1e-05,1e-06
Grocery,44,s44_lowrank_rel_multi,MEAN_REPLACE,0.8251830339431763,0.7608772802381712,1.1890803575515747,-0.00029283761978149414,0.005716180886766509,-0.014949321746826172,0.031625181436538696,27524,,,,,,,,,,,,,,,,,,,,
Grocery,44,s44_lowrank_rel_multi,EDGE_SHUFFLE_REPLICATE,0.8243045806884766,0.7565467314470975,1.2072408199310303,-0.0011712908744812012,0.001385632095692757,0.0032111406326293945,0.006149341352283955,27524,1,44070181,,,,,,,,,,,,,,,,,,
Grocery,44,s44_lowrank_rel_multi,EDGE_SHUFFLE_REPLICATE,0.8245973587036133,0.7582732942617711,1.211633563041687,-0.0008785128593444824,0.003112194910366406,0.007603883743286133,0.00673499284312129,27524,2,44070182,,,,,,,,,,,,,,,,,,
Grocery,44,s44_lowrank_rel_multi,EDGE_SHUFFLE_REPLICATE,0.8234260678291321,0.7558509991749569,1.2064002752304077,-0.0020498037338256836,0.0006898998235521647,0.002370595932006836,0.006442166864871979,27524,3,44070183,,,,,,,,,,,,,,,,,,
Grocery,44,s44_lowrank_rel_multi,EDGE_SHUFFLE_REPLICATE,0.8245973587036133,0.7562908550235213,1.207396149635315,-0.0008785128593444824,0.0011297556721165947,0.0033664703369140625,0.004978037904947996,27524,4,44070184,,,,,,,,,,,,,,,,,,
Grocery,44,s44_lowrank_rel_multi,EDGE_SHUFFLE_REPLICATE,0.8231332302093506,0.7540991534665219,1.2068389654159546,-0.0023426413536071777,-0.0010619458848828423,0.002809286117553711,0.007906295359134674,27524,5,44070185,,,,,,,,,,,,,,,,,,
Grocery,44,s44_lowrank_rel_multi,EDGE_SHUFFLE_REPLICATE,0.8248901963233948,0.7556829906101965,1.2031807899475098,-0.0005856752395629883,0.0005218912587917623,-0.0008488893508911133,0.006149341352283955,27524,6,44070186,,,,,,,,,,,,,,,,,,
Grocery,44,s44_lowrank_rel_multi,EDGE_SHUFFLE_REPLICATE,0.8237189054489136,0.7552963022991528,1.2049819231033325,-0.0017569661140441895,0.00013520294774804764,0.0009522438049316406,0.007320644333958626,27524,7,44070187,,,,,,,,,,,,,,,,,,
Grocery,44,s44_lowrank_rel_multi,EDGE_SHUFFLE_REPLICATE,0.8245973587036133,0.7582364201262585,1.2017148733139038,-0.0008785128593444824,0.0030753207748537292,-0.0023148059844970703,0.00673499284312129,27524,8,44070188,,,,,,,,,,,,,,,,,,
Grocery,44,s44_lowrank_rel_multi,EDGE_SHUFFLE_REPLICATE,0.8269400000572205,0.7610840283466885,1.2040305137634277,0.0014641284942626953,0.005922928995283794,8.344650268554688e-07,0.006442166864871979,27524,9,44070189,,,,,,,,,,,,,,,,,,
Grocery,44,s44_lowrank_rel_multi,EDGE_SHUFFLE_REPLICATE,0.8240117430686951,0.7560556380569482,1.2065489292144775,-0.0014641284942626953,0.0008945387055434573,0.00251924991607666,0.00673499284312129,27524,10,44070190,,,,,,,,,,,,,,,,,,
Grocery,44,s44_lowrank_rel_multi,EDGE_SHUFFLE_MEAN_STD,,,,,,,,27524,,,10,0.8244216799736023,0.00099905112684299,0.7567416412813113,0.001874411369487803,1.2059966802597046,0.002600323237496094,-0.0010541915893554688,0.00099905112684299,0.001580541929906587,0.001874411369487803,0.001967000961303711,0.002600323237496094,0.006559297256171703,0.0007314784999773077,,,
Grocery,44,s44_lowrank_rel_multi,ZERO_DYNAMIC,0.8245973587036133,0.7641578628046658,1.176871657371521,-0.0008785128593444824,0.008996763453261059,-0.027158021926879883,0.03250366076827049,,,,,,,,,,,,,,,,,,,5.7220458984375e-06,1e-05,1e-06
Grocery,44,s44_expert_rel,MEAN_REPLACE,0.8263543248176575,0.757657866789288,1.1907432079315186,-0.0014641284942626953,-0.001955583632896718,0.004188895225524902,0.008199121803045273,27524,,,,,,,,,,,,,,,,,,,,
Grocery,44,s44_expert_rel,EDGE_SHUFFLE_REPLICATE,0.8281112909317017,0.7598869944700619,1.1858457326889038,0.00029283761978149414,0.00027354404787716113,-0.0007085800170898438,0.00029282577452249825,27524,1,44090195,,,,,,,,,,,,,,,,,,
Grocery,44,s44_expert_rel,EDGE_SHUFFLE_REPLICATE,0.8275256156921387,0.7595046368331199,1.1859971284866333,-0.00029283761978149414,-0.00010881358906489336,-0.0005571842193603516,0.0005856515490449965,27524,2,44090196,,,,,,,,,,,,,,,,,,
Grocery,44,s44_expert_rel,EDGE_SHUFFLE_REPLICATE,0.8278184533119202,0.759581548157761,1.1860030889511108,0.0,-3.190226442373323e-05,-0.0005512237548828125,0.0005856515490449965,27524,3,44090197,,,,,,,,,,,,,,,,,,
Grocery,44,s44_expert_rel,EDGE_SHUFFLE_REPLICATE,0.8278184533119202,0.7596383442082534,1.1860004663467407,0.0,2.4893786068624912e-05,-0.0005538463592529297,0.0005856515490449965,27524,4,44090198,,,,,,,,,,,,,,,,,,
Grocery,44,s44_expert_rel,EDGE_SHUFFLE_REPLICATE,0.8284041285514832,0.7602137084515139,1.186294436454773,0.0005856752395629883,0.0006002580293291704,-0.0002598762512207031,0.0008784772944636643,27524,5,44090199,,,,,,,,,,,,,,,,,,
Grocery,44,s44_expert_rel,EDGE_SHUFFLE_REPLICATE,0.8281112909317017,0.7597813540340085,1.1863220930099487,0.00029283761978149414,0.0001679036118237276,-0.00023221969604492188,0.001171303098089993,27524,6,44090200,,,,,,,,,,,,,,,,,,
Grocery,44,s44_expert_rel,EDGE_SHUFFLE_REPLICATE,0.8278184533119202,0.7596468174038924,1.1864500045776367,0.0,3.336698170763874e-05,-0.0001043081283569336,0.001171303098089993,27524,7,44090201,,,,,,,,,,,,,,,,,,
Grocery,44,s44_expert_rel,EDGE_SHUFFLE_REPLICATE,0.8281112909317017,0.7598258278536545,1.1863378286361694,0.00029283761978149414,0.00021237743146973465,-0.00021648406982421875,0.0008784772944636643,27524,8,44090202,,,,,,,,,,,,,,,,,,
Grocery,44,s44_expert_rel,EDGE_SHUFFLE_REPLICATE,0.8281112909317017,0.7598407372777433,1.1862938404083252,0.00029283761978149414,0.00022728685555850614,-0.00026047229766845703,0.0005856515490449965,27524,9,44090203,,,,,,,,,,,,,,,,,,
Grocery,44,s44_expert_rel,EDGE_SHUFFLE_REPLICATE,0.8281112909317017,0.7597813540340085,1.1861768960952759,0.00029283761978149414,0.0001679036118237276,-0.00037741661071777344,0.001171303098089993,27524,10,44090204,,,,,,,,,,,,,,,,,,
Grocery,44,s44_expert_rel,EDGE_SHUFFLE_MEAN_STD,,,,,,,,27524,,,10,0.8279941558837891,0.00023427009582519532,0.7597701322724018,0.00018904548858858213,1.1861721515655517,0.0001876587986470839,0.0001757025718688965,0.00023427009582519532,0.00015668185021696645,0.00018904548858858213,-0.00038216114044189455,0.0001876587986470839,0.0007906295853899792,0.0002942862595233864,,,
Grocery,44,s44_expert_rel,ROUTE_EDGE_SHUFFLE_REPLICATE,0.8281112909317017,0.7598869944700619,1.1858457326889038,0.00029283761978149414,0.00027354404787716113,-0.0007085800170898438,0.00029282577452249825,27524,1,44090195,,,,,,,,,,,,,,,,,,
Grocery,44,s44_expert_rel,ROUTE_EDGE_SHUFFLE_REPLICATE,0.8275256156921387,0.7595046368331199,1.1859971284866333,-0.00029283761978149414,-0.00010881358906489336,-0.0005571842193603516,0.0005856515490449965,27524,2,44090196,,,,,,,,,,,,,,,,,,
Grocery,44,s44_expert_rel,ROUTE_EDGE_SHUFFLE_REPLICATE,0.8278184533119202,0.759581548157761,1.1860030889511108,0.0,-3.190226442373323e-05,-0.0005512237548828125,0.0005856515490449965,27524,3,44090197,,,,,,,,,,,,,,,,,,
Grocery,44,s44_expert_rel,ROUTE_EDGE_SHUFFLE_REPLICATE,0.8278184533119202,0.7596383442082534,1.1860004663467407,0.0,2.4893786068624912e-05,-0.0005538463592529297,0.0005856515490449965,27524,4,44090198,,,,,,,,,,,,,,,,,,
Grocery,44,s44_expert_rel,ROUTE_EDGE_SHUFFLE_REPLICATE,0.8284041285514832,0.7602137084515139,1.186294436454773,0.0005856752395629883,0.0006002580293291704,-0.0002598762512207031,0.0008784772944636643,27524,5,44090199,,,,,,,,,,,,,,,,,,
Grocery,44,s44_expert_rel,ROUTE_EDGE_SHUFFLE_REPLICATE,0.8281112909317017,0.7597813540340085,1.1863220930099487,0.00029283761978149414,0.0001679036118237276,-0.00023221969604492188,0.001171303098089993,27524,6,44090200,,,,,,,,,,,,,,,,,,
Grocery,44,s44_expert_rel,ROUTE_EDGE_SHUFFLE_REPLICATE,0.8278184533119202,0.7596468174038924,1.1864500045776367,0.0,3.336698170763874e-05,-0.0001043081283569336,0.001171303098089993,27524,7,44090201,,,,,,,,,,,,,,,,,,
Grocery,44,s44_expert_rel,ROUTE_EDGE_SHUFFLE_REPLICATE,0.8281112909317017,0.7598258278536545,1.1863378286361694,0.00029283761978149414,0.00021237743146973465,-0.00021648406982421875,0.0008784772944636643,27524,8,44090202,,,,,,,,,,,,,,,,,,
Grocery,44,s44_expert_rel,ROUTE_EDGE_SHUFFLE_REPLICATE,0.8281112909317017,0.7598407372777433,1.1862938404083252,0.00029283761978149414,0.00022728685555850614,-0.00026047229766845703,0.0005856515490449965,27524,9,44090203,,,,,,,,,,,,,,,,,,
Grocery,44,s44_expert_rel,ROUTE_EDGE_SHUFFLE_REPLICATE,0.8281112909317017,0.7597813540340085,1.1861768960952759,0.00029283761978149414,0.0001679036118237276,-0.00037741661071777344,0.001171303098089993,27524,10,44090204,,,,,,,,,,,,,,,,,,
Grocery,44,s44_expert_rel,ROUTE_EDGE_SHUFFLE_MEAN_STD,,,,,,,,27524,,,10,0.8279941558837891,0.00023427009582519532,0.7597701322724018,0.00018904548858858213,1.1861721515655517,0.0001876587986470839,0.0001757025718688965,0.00023427009582519532,0.00015668185021696645,0.00018904548858858213,-0.00038216114044189455,0.0001876587986470839,0.0007906295853899792,0.0002942862595233864,,,
Grocery,44,s44_expert_rel,ROUTE_UNIFORMIZE,0.8257687091827393,0.757556183390928,1.1940256357192993,-0.002049744129180908,-0.0020572670312567487,0.007471323013305664,0.01083455327898264,,,,,,,,,,,,,,,,,,,,,
Grocery,44,s44_expert_rel_multi,MEAN_REPLACE,0.8269400000572205,0.7594587767841091,1.1252529621124268,-0.0029282569885253906,-0.009256938586083785,-0.020694375038146973,0.022547584027051926,27524,,,,,,,,,,,,,,,,,,,,
Grocery,44,s44_expert_rel_multi,EDGE_SHUFFLE_REPLICATE,0.8289897441864014,0.7661932922677723,1.145054578781128,-0.0008785128593444824,-0.002522423102420568,-0.0008927583694458008,0.002049780450761318,27524,1,44100202,,,,,,,,,,,,,,,,,,
Grocery,44,s44_expert_rel_multi,EDGE_SHUFFLE_REPLICATE,0.8286969661712646,0.7678409339333702,1.145390510559082,-0.0011712908744812012,-0.0008747814368227358,-0.0005568265914916992,0.0029282576870173216,27524,2,44100203,,,,,,,,,,,,,,,,,,
Grocery,44,s44_expert_rel_multi,EDGE_SHUFFLE_REPLICATE,0.8292825818061829,0.7687423742528882,1.1437093019485474,-0.0005856752395629883,2.6658882695262953e-05,-0.002238035202026367,0.004099560901522636,27524,3,44100204,,,,,,,,,,,,,,,,,,
Grocery,44,s44_expert_rel_multi,EDGE_SHUFFLE_REPLICATE,0.8289897441864014,0.7669656373921306,1.1456599235534668,-0.0008785128593444824,-0.0017500779780622588,-0.0002874135971069336,0.0032210834324359894,27524,4,44100205,,,,,,,,,,,,,,,,,,
Grocery,44,s44_expert_rel_multi,EDGE_SHUFFLE_REPLICATE,0.831039547920227,0.7693024675579008,1.1455568075180054,0.0011712908744812012,0.000586752187707873,-0.0003905296325683594,0.0017569545889273286,27524,5,44100206,,,,,,,,,,,,,,,,,,
Grocery,44,s44_expert_rel_multi,EDGE_SHUFFLE_REPLICATE,0.8289897441864014,0.7664694804378145,1.1451226472854614,-0.0008785128593444824,-0.0022462349323784103,-0.0008246898651123047,0.0032210834324359894,27524,6,44100207,,,,,,,,,,,,,,,,,,
Grocery,44,s44_expert_rel_multi,EDGE_SHUFFLE_REPLICATE,0.8284041285514832,0.7656852175893843,1.1449517011642456,-0.0014641284942626953,-0.00303049778080855,-0.000995635986328125,0.004685212392359972,27524,7,44100208,,,,,,,,,,,,,,,,,,
Grocery,44,s44_expert_rel_multi,EDGE_SHUFFLE_REPLICATE,0.8286969661712646,0.7657223823359389,1.1463390588760376,-0.0011712908744812012,-0.0029933330342539755,0.0003917217254638672,0.0043923864141106606,27524,8,44100209,,,,,,,,,,,,,,,,,,
Grocery,44,s44_expert_rel_multi,EDGE_SHUFFLE_REPLICATE,0.8295754194259644,0.7674571855288781,1.1449966430664062,-0.00029283761978149414,-0.0012585298413148038,-0.0009506940841674805,0.0029282576870173216,27524,9,44100210,,,,,,,,,,,,,,,,,,
Grocery,44,s44_expert_rel_multi,EDGE_SHUFFLE_REPLICATE,0.8281112909317017,0.7650121222922676,1.1453982591629028,-0.0017569661140441895,-0.003703593077925338,-0.0005490779876708984,0.003806734923273325,27524,10,44100211,,,,,,,,,,,,,,,,,,
Grocery,44,s44_expert_rel_multi,EDGE_SHUFFLE_MEAN_STD,,,,,,,,27524,,,10,0.8290776133537292,0.0007641543380876131,0.7669391093588345,0.0013214523563946012,1.1452179431915284,0.000637259413333395,-0.0007906436920166015,0.0007641543380876131,-0.0017766060113583505,0.0013214523563946012,-0.0007293939590454102,0.000637259413333395,0.0033089311909861863,0.0009077598862800656,,,
Grocery,44,s44_expert_rel_multi,ROUTE_EDGE_SHUFFLE_REPLICATE,0.8289897441864014,0.7661932922677723,1.145054578781128,-0.0008785128593444824,-0.002522423102420568,-0.0008927583694458008,0.002049780450761318,27524,1,44100202,,,,,,,,,,,,,,,,,,
Grocery,44,s44_expert_rel_multi,ROUTE_EDGE_SHUFFLE_REPLICATE,0.8286969661712646,0.7678409339333702,1.145390510559082,-0.0011712908744812012,-0.0008747814368227358,-0.0005568265914916992,0.0029282576870173216,27524,2,44100203,,,,,,,,,,,,,,,,,,
Grocery,44,s44_expert_rel_multi,ROUTE_EDGE_SHUFFLE_REPLICATE,0.8292825818061829,0.7687423742528882,1.1437093019485474,-0.0005856752395629883,2.6658882695262953e-05,-0.002238035202026367,0.004099560901522636,27524,3,44100204,,,,,,,,,,,,,,,,,,
Grocery,44,s44_expert_rel_multi,ROUTE_EDGE_SHUFFLE_REPLICATE,0.8289897441864014,0.7669656373921306,1.1456599235534668,-0.0008785128593444824,-0.0017500779780622588,-0.0002874135971069336,0.0032210834324359894,27524,4,44100205,,,,,,,,,,,,,,,,,,
Grocery,44,s44_expert_rel_multi,ROUTE_EDGE_SHUFFLE_REPLICATE,0.831039547920227,0.7693024675579008,1.1455568075180054,0.0011712908744812012,0.000586752187707873,-0.0003905296325683594,0.0017569545889273286,27524,5,44100206,,,,,,,,,,,,,,,,,,
Grocery,44,s44_expert_rel_multi,ROUTE_EDGE_SHUFFLE_REPLICATE,0.8289897441864014,0.7664694804378145,1.1451226472854614,-0.0008785128593444824,-0.0022462349323784103,-0.0008246898651123047,0.0032210834324359894,27524,6,44100207,,,,,,,,,,,,,,,,,,
Grocery,44,s44_expert_rel_multi,ROUTE_EDGE_SHUFFLE_REPLICATE,0.8284041285514832,0.7656852175893843,1.1449517011642456,-0.0014641284942626953,-0.00303049778080855,-0.000995635986328125,0.004685212392359972,27524,7,44100208,,,,,,,,,,,,,,,,,,
Grocery,44,s44_expert_rel_multi,ROUTE_EDGE_SHUFFLE_REPLICATE,0.8286969661712646,0.7657223823359389,1.1463390588760376,-0.0011712908744812012,-0.0029933330342539755,0.0003917217254638672,0.0043923864141106606,27524,8,44100209,,,,,,,,,,,,,,,,,,
Grocery,44,s44_expert_rel_multi,ROUTE_EDGE_SHUFFLE_REPLICATE,0.8295754194259644,0.7674571855288781,1.1449966430664062,-0.00029283761978149414,-0.0012585298413148038,-0.0009506940841674805,0.0029282576870173216,27524,9,44100210,,,,,,,,,,,,,,,,,,
Grocery,44,s44_expert_rel_multi,ROUTE_EDGE_SHUFFLE_REPLICATE,0.8281112909317017,0.7650121222922676,1.1453982591629028,-0.0017569661140441895,-0.003703593077925338,-0.0005490779876708984,0.003806734923273325,27524,10,44100211,,,,,,,,,,,,,,,,,,
Grocery,44,s44_expert_rel_multi,ROUTE_EDGE_SHUFFLE_MEAN_STD,,,,,,,,27524,,,10,0.8290776133537292,0.0007641543380876131,0.7669391093588345,0.0013214523563946012,1.1452179431915284,0.000637259413333395,-0.0007906436920166015,0.0007641543380876131,-0.0017766060113583505,0.0013214523563946012,-0.0007293939590454102,0.000637259413333395,0.0033089311909861863,0.0009077598862800656,,,
Grocery,44,s44_expert_rel_multi,ROUTE_UNIFORMIZE,0.8269400000572205,0.7621580132880242,1.1178263425827026,-0.0029282569885253906,-0.006557702082168659,-0.028120994567871094,0.025475841015577316,,,,,,,,,,,,,,,,,,,,,
ele-fashion,42,s44_scalar_raw,MEAN_REPLACE,0.880229115486145,0.770841220494047,0.4528030753135681,0.00020456314086914062,-0.00045132348117871146,0.0029990077018737793,0.00675053708255291,40181,,,,,,,,,,,,,,,,,,,,
ele-fashion,42,s44_scalar_raw,EDGE_SHUFFLE_REPLICATE,0.8797177076339722,0.7714229295644001,0.4489065110683441,-0.00030684471130371094,0.00013038558917433107,-0.0008975565433502197,0.0013296512188389897,40181,1,42020140,,,,,,,,,,,,,,,,,,
ele-fashion,42,s44_scalar_raw,EDGE_SHUFFLE_REPLICATE,0.8798199892044067,0.7711896304462001,0.449228435754776,-0.00020456314086914062,-0.00010291352902558337,-0.000575631856918335,0.0015342129627242684,40181,2,42020141,,,,,,,,,,,,,,,,,,
ele-fashion,42,s44_scalar_raw,EDGE_SHUFFLE_REPLICATE,0.8791040182113647,0.7702382683597243,0.44980916380882263,-0.0009205341339111328,-0.001054275615501421,5.0961971282958984e-06,0.0017387747066095471,40181,3,42020142,,,,,,,,,,,,,,,,,,
ele-fashion,42,s44_scalar_raw,EDGE_SHUFFLE_REPLICATE,0.8797177076339722,0.7712947175589747,0.44944557547569275,-0.00030684471130371094,2.173583748987795e-06,-0.0003584921360015869,0.0015342129627242684,40181,4,42020143,,,,,,,,,,,,,,,,,,
ele-fashion,42,s44_scalar_raw,EDGE_SHUFFLE_REPLICATE,0.8798199892044067,0.7711452929551139,0.44897034764289856,-0.00020456314086914062,-0.000147251020111816,-0.0008337199687957764,0.0016364938346669078,40181,5,42020144,,,,,,,,,,,,,,,,,,
ele-fashion,42,s44_scalar_raw,EDGE_SHUFFLE_REPLICATE,0.8797177076339722,0.7708624189066001,0.449203759431839,-0.00030684471130371094,-0.0004301250686256086,-0.0006003081798553467,0.001125089474953711,40181,6,42020145,,,,,,,,,,,,,,,,,,
ele-fashion,42,s44_scalar_raw,EDGE_SHUFFLE_REPLICATE,0.8800245523452759,0.7720430070181212,0.44997620582580566,0.0,0.0007504630428954995,0.00017213821411132812,0.0013296512188389897,40181,7,42020146,,,,,,,,,,,,,,,,,,
ele-fashion,42,s44_scalar_raw,EDGE_SHUFFLE_REPLICATE,0.879513144493103,0.7710305961312973,0.44967201352119446,-0.0005114078521728516,-0.00026194784392841175,-0.00013205409049987793,0.0007159660453908145,40181,8,42020147,,,,,,,,,,,,,,,,,,
ele-fashion,42,s44_scalar_raw,EDGE_SHUFFLE_REPLICATE,0.8791040182113647,0.7707185671828182,0.4496450424194336,-0.0009205341339111328,-0.0005739767924075601,-0.0001590251922607422,0.0015342129627242684,40181,9,42020148,,,,,,,,,,,,,,,,,,
ele-fashion,42,s44_scalar_raw,EDGE_SHUFFLE_REPLICATE,0.8798199892044067,0.7713647705437893,0.4492287337779999,-0.00020456314086914062,7.222656856353815e-05,-0.000575333833694458,0.0013296512188389897,40181,10,42020149,,,,,,,,,,,,,,,,,,
ele-fashion,42,s44_scalar_raw,EDGE_SHUFFLE_MEAN_STD,,,,,,,,40181,,,10,0.8796358823776245,0.0002921746059269793,0.771131019866704,0.0004529195229391442,0.44940857887268065,0.0003406193940245239,-0.0003886699676513672,0.0002921746059269793,-0.00016152410852180444,0.0004529195229391442,-0.00039548873901367186,0.0003406193940245239,0.0013807916606310756,0.0002791724362508645,,,
ele-fashion,42,s44_scalar_rel,MEAN_REPLACE,0.8806382417678833,0.7620646398534359,0.47173771262168884,-0.00020456314086914062,-0.0057325532574433735,0.005597412586212158,0.014523882418870926,40181,,,,,,,,,,,,,,,,,,,,
ele-fashion,42,s44_scalar_rel,EDGE_SHUFFLE_REPLICATE,0.8804336786270142,0.7670590632050662,0.4647572636604309,-0.00040912628173828125,-0.000738129905813012,-0.0013830363750457764,0.0032729876693338156,40181,1,42030147,,,,,,,,,,,,,,,,,,
ele-fashion,42,s44_scalar_rel,EDGE_SHUFFLE_REPLICATE,0.8798199892044067,0.7676703497117436,0.4647555649280548,-0.0010228157043457031,-0.00012684339913560105,-0.001384735107421875,0.003375268541276455,40181,2,42030148,,,,,,,,,,,,,,,,,,
ele-fashion,42,s44_scalar_rel,EDGE_SHUFFLE_REPLICATE,0.8801268339157104,0.7685132641127116,0.46501579880714417,-0.0007159709930419922,0.0007160710018323524,-0.0011245012283325195,0.00255702156573534,40181,3,42030149,,,,,,,,,,,,,,,,,,
ele-fashion,42,s44_scalar_rel,EDGE_SHUFFLE_REPLICATE,0.8805359601974487,0.7668131742874774,0.46586599946022034,-0.00030684471130371094,-0.0009840188234018221,-0.00027430057525634766,0.0032729876693338156,40181,4,42030150,,,,,,,,,,,,,,,,,,
ele-fashion,42,s44_scalar_rel,EDGE_SHUFFLE_REPLICATE,0.8800245523452759,0.7677175798327146,0.46460387110710144,-0.0008182525634765625,-7.961327816463637e-05,-0.0015364289283752441,0.0031707067973911762,40181,5,42030151,,,,,,,,,,,,,,,,,,
ele-fashion,42,s44_scalar_rel,EDGE_SHUFFLE_REPLICATE,0.8811496496200562,0.7708534684572935,0.46327564120292664,0.00030684471130371094,0.0030562753464142833,-0.002864658832550049,0.0032729876693338156,40181,6,42030152,,,,,,,,,,,,,,,,,,
ele-fashion,42,s44_scalar_rel,EDGE_SHUFFLE_REPLICATE,0.880945086479187,0.7698072395988699,0.46503332257270813,0.00010228157043457031,0.0020100464879906355,-0.0011069774627685547,0.003988953772932291,40181,7,42030153,,,,,,,,,,,,,,,,,,
ele-fashion,42,s44_scalar_rel,EDGE_SHUFFLE_REPLICATE,0.8800245523452759,0.7684084434252342,0.464476615190506,-0.0008182525634765625,0.0006112503143549386,-0.0016636848449707031,0.003068425925448537,40181,8,42030154,,,,,,,,,,,,,,,,,,
ele-fashion,42,s44_scalar_rel,EDGE_SHUFFLE_REPLICATE,0.8794108629226685,0.765242545291322,0.4649001359939575,-0.0014319419860839844,-0.0025546478195572764,-0.001240164041519165,0.003375268541276455,40181,9,42030155,,,,,,,,,,,,,,,,,,
ele-fashion,42,s44_scalar_rel,EDGE_SHUFFLE_REPLICATE,0.8801268339157104,0.7684842035593363,0.4655696153640747,-0.0007159709930419922,0.0006870104484570927,-0.0005706846714019775,0.0037843920290470123,40181,10,42030156,,,,,,,,,,,,,,,,,,
ele-fashion,42,s44_scalar_rel,EDGE_SHUFFLE_MEAN_STD,,,,,,,,40181,,,10,0.8802597999572754,0.0004927594454594891,0.7680569331481769,0.0014875014889599385,0.46482538282871244,0.0006560312822919245,-0.0005830049514770508,0.0004927594454594891,0.0002597400372976955,0.0014875014889599385,-0.0013149172067642213,0.0006560312822919245,0.003313900018110871,0.0003665024933981353,,,
ele-fashion,42,s44_scalar_rel_multi,MEAN_REPLACE,0.8762401938438416,0.7648554547444241,0.4660879373550415,-0.0026592612266540527,-0.009637860415112498,0.009915977716445923,0.014626163057982922,40181,,,,,,,,,,,,,,,,,,,,
ele-fashion,42,s44_scalar_rel_multi,EDGE_SHUFFLE_REPLICATE,0.8782857656478882,0.7729466486017479,0.4558833837509155,-0.0006136894226074219,-0.0015466665577886785,-0.0002885758876800537,0.00255702156573534,40181,1,42040154,,,,,,,,,,,,,,,,,,
ele-fashion,42,s44_scalar_rel_multi,EDGE_SHUFFLE_REPLICATE,0.8777743577957153,0.7728536475043274,0.4564315378665924,-0.0011250972747802734,-0.001639667655209176,0.00025957822799682617,0.0024547406937927008,40181,2,42040155,,,,,,,,,,,,,,,,,,
ele-fashion,42,s44_scalar_rel_multi,EDGE_SHUFFLE_REPLICATE,0.8771606683731079,0.772561284054846,0.4566819667816162,-0.0017387866973876953,-0.0019320311046905347,0.0005100071430206299,0.00255702156573534,40181,3,42040156,,,,,,,,,,,,,,,,,,
ele-fashion,42,s44_scalar_rel_multi,EDGE_SHUFFLE_REPLICATE,0.8774675130844116,0.7717216472545558,0.4567607641220093,-0.0014319419860839844,-0.0027716679049807347,0.0005888044834136963,0.0032729876693338156,40181,4,42040157,,,,,,,,,,,,,,,,,,
ele-fashion,42,s44_scalar_rel_multi,EDGE_SHUFFLE_REPLICATE,0.8779789209365845,0.7727467336096353,0.456644743680954,-0.0009205341339111328,-0.0017465815499012605,0.00047278404235839844,0.0023524598218500614,40181,5,42040158,,,,,,,,,,,,,,,,,,
ele-fashion,42,s44_scalar_rel_multi,EDGE_SHUFFLE_REPLICATE,0.8776720762252808,0.7727570044282633,0.4556970000267029,-0.0012273788452148438,-0.0017363107312732273,-0.0004749596118927002,0.002250178949907422,40181,6,42040159,,,,,,,,,,,,,,,,,,
ele-fashion,42,s44_scalar_rel_multi,EDGE_SHUFFLE_REPLICATE,0.8776720762252808,0.772075704730349,0.4570300579071045,-0.0012273788452148438,-0.0024176104291875333,0.0008580982685089111,0.0043980772607028484,40181,7,42040160,,,,,,,,,,,,,,,,,,
ele-fashion,42,s44_scalar_rel_multi,EDGE_SHUFFLE_REPLICATE,0.878081202507019,0.7729851724302812,0.4556731879711151,-0.0008182525634765625,-0.0015081427292553684,-0.0004987716674804688,0.003068425925448537,40181,8,42040161,,,,,,,,,,,,,,,,,,
ele-fashion,42,s44_scalar_rel_multi,EDGE_SHUFFLE_REPLICATE,0.878081202507019,0.7733846337472304,0.4574947655200958,-0.0008182525634765625,-0.001108681412306134,0.0013228058815002441,0.0029661450535058975,40181,9,42040162,,,,,,,,,,,,,,,,,,
ele-fashion,42,s44_scalar_rel_multi,EDGE_SHUFFLE_REPLICATE,0.8779789209365845,0.7732515646831527,0.4562518000602722,-0.0009205341339111328,-0.0012417504763838627,7.984042167663574e-05,0.002761583309620619,40181,10,42040163,,,,,,,,,,,,,,,,,,
ele-fashion,42,s44_scalar_rel_multi,EDGE_SHUFFLE_MEAN_STD,,,,,,,,40181,,,10,0.8778152704238892,0.00031756739352681876,0.7727284041044389,0.0004798166072739579,0.4564549207687378,0.0005609983943568156,-0.0010841846466064452,0.00031756739352681876,-0.001764911055097651,0.0004798166072739579,0.0002829611301422119,0.0005609983943568156,0.002863864181563258,0.0005981463745395883,,,
ele-fashion,42,s44_lowrank_global,MEAN_REPLACE,0.8813542127609253,0.7598768877476019,0.4867461025714874,0.0,0.0,0.0,0.0,40181,,,,,,,,,,,,,,,,,,,,
ele-fashion,42,s44_lowrank_global,EDGE_SHUFFLE_REPLICATE,0.8813542127609253,0.7598768877476019,0.4867461025714874,0.0,0.0,0.0,0.0,40181,1,42050161,,,,,,,,,,,,,,,,,,
ele-fashion,42,s44_lowrank_global,EDGE_SHUFFLE_REPLICATE,0.8813542127609253,0.7598768877476019,0.4867461025714874,0.0,0.0,0.0,0.0,40181,2,42050162,,,,,,,,,,,,,,,,,,
ele-fashion,42,s44_lowrank_global,EDGE_SHUFFLE_REPLICATE,0.8813542127609253,0.7598768877476019,0.4867461025714874,0.0,0.0,0.0,0.0,40181,3,42050163,,,,,,,,,,,,,,,,,,
ele-fashion,42,s44_lowrank_global,EDGE_SHUFFLE_REPLICATE,0.8813542127609253,0.7598768877476019,0.4867461025714874,0.0,0.0,0.0,0.0,40181,4,42050164,,,,,,,,,,,,,,,,,,
ele-fashion,42,s44_lowrank_global,EDGE_SHUFFLE_REPLICATE,0.8813542127609253,0.7598768877476019,0.4867461025714874,0.0,0.0,0.0,0.0,40181,5,42050165,,,,,,,,,,,,,,,,,,
ele-fashion,42,s44_lowrank_global,EDGE_SHUFFLE_REPLICATE,0.8813542127609253,0.7598768877476019,0.4867461025714874,0.0,0.0,0.0,0.0,40181,6,42050166,,,,,,,,,,,,,,,,,,
ele-fashion,42,s44_lowrank_global,EDGE_SHUFFLE_REPLICATE,0.8813542127609253,0.7598768877476019,0.4867461025714874,0.0,0.0,0.0,0.0,40181,7,42050167,,,,,,,,,,,,,,,,,,
ele-fashion,42,s44_lowrank_global,EDGE_SHUFFLE_REPLICATE,0.8813542127609253,0.7598768877476019,0.4867461025714874,0.0,0.0,0.0,0.0,40181,8,42050168,,,,,,,,,,,,,,,,,,
ele-fashion,42,s44_lowrank_global,EDGE_SHUFFLE_REPLICATE,0.8813542127609253,0.7598768877476019,0.4867461025714874,0.0,0.0,0.0,0.0,40181,9,42050169,,,,,,,,,,,,,,,,,,
ele-fashion,42,s44_lowrank_global,EDGE_SHUFFLE_REPLICATE,0.8813542127609253,0.7598768877476019,0.4867461025714874,0.0,0.0,0.0,0.0,40181,10,42050170,,,,,,,,,,,,,,,,,,
ele-fashion,42,s44_lowrank_global,EDGE_SHUFFLE_MEAN_STD,,,,,,,,40181,,,10,0.8813542127609253,0.0,0.7598768877476019,0.0,0.4867461025714874,0.0,0.0,0.0,0.0,0.0,0.0,0.0,0.0,0.0,,,
ele-fashion,42,s44_lowrank_global,ZERO_DYNAMIC,0.8812519311904907,0.7596906462944844,0.48662102222442627,-0.00010228157043457031,-0.00018624145311751938,-0.00012508034706115723,0.00020456172933336347,,,,,,,,,,,,,,,,,,,3.814697265625e-06,1e-05,1e-06
ele-fashion,42,s44_lowrank_rel,MEAN_REPLACE,0.8759333491325378,0.7597732237919845,0.4402100443840027,-0.003682076930999756,-0.004842662917001639,-0.0010454952716827393,0.014319321140646935,40181,,,,,,,,,,,,,,,,,,,,
ele-fashion,42,s44_lowrank_rel,EDGE_SHUFFLE_REPLICATE,0.8798199892044067,0.7646165889927556,0.44124937057495117,0.00020456314086914062,7.022837694714568e-07,-6.16908073425293e-06,0.0005114043015055358,40181,1,42060168,,,,,,,,,,,,,,,,,,
ele-fashion,42,s44_lowrank_rel,EDGE_SHUFFLE_REPLICATE,0.8796154260635376,0.7645680601774899,0.44128739833831787,0.0,-4.782653149626448e-05,3.185868263244629e-05,0.0008182469173334539,40181,2,42060169,,,,,,,,,,,,,,,,,,
ele-fashion,42,s44_lowrank_rel,EDGE_SHUFFLE_REPLICATE,0.879513144493103,0.7638010364505351,0.4412214159965515,-0.00010228157043457031,-0.000814850258451072,-3.412365913391113e-05,0.0010228086030110717,40181,3,42060170,,,,,,,,,,,,,,,,,,
ele-fashion,42,s44_lowrank_rel,EDGE_SHUFFLE_REPLICATE,0.879513144493103,0.7640409263036895,0.44113555550575256,-0.00010228157043457031,-0.0005749604052966983,-0.00011998414993286133,0.0006136851734481752,40181,4,42060171,,,,,,,,,,,,,,,,,,
ele-fashion,42,s44_lowrank_rel,EDGE_SHUFFLE_REPLICATE,0.8792062997817993,0.7637230641817226,0.4411350190639496,-0.00040912628173828125,-0.000892822527263526,-0.00012052059173583984,0.0006136851734481752,40181,5,42060172,,,,,,,,,,,,,,,,,,
ele-fashion,42,s44_lowrank_rel,EDGE_SHUFFLE_REPLICATE,0.8797177076339722,0.7649297970462072,0.4413274824619293,0.00010228157043457031,0.0003139103372210572,7.194280624389648e-05,0.0005114043015055358,40181,6,42060173,,,,,,,,,,,,,,,,,,
ele-fashion,42,s44_lowrank_rel,EDGE_SHUFFLE_REPLICATE,0.8793085813522339,0.7637822456510118,0.44150304794311523,-0.00030684471130371094,-0.0008336410579743436,0.00024750828742980957,0.0006136851734481752,40181,7,42060174,,,,,,,,,,,,,,,,,,
ele-fashion,42,s44_lowrank_rel,EDGE_SHUFFLE_REPLICATE,0.8796154260635376,0.7643267682544632,0.4409259557723999,0.0,-0.00028911845452295193,-0.00032958388328552246,0.0007159660453908145,40181,8,42060175,,,,,,,,,,,,,,,,,,
ele-fashion,42,s44_lowrank_rel,EDGE_SHUFFLE_REPLICATE,0.879513144493103,0.7640812323402403,0.4413599967956543,-0.00010228157043457031,-0.0005346543687458905,0.00010445713996887207,0.0007159660453908145,40181,9,42060176,,,,,,,,,,,,,,,,,,
ele-fashion,42,s44_lowrank_rel,EDGE_SHUFFLE_REPLICATE,0.8796154260635376,0.7643618002943406,0.44118940830230713,0.0,-0.00025408641464552684,-6.61313533782959e-05,0.0008182469173334539,40181,10,42060177,,,,,,,,,,,,,,,,,,
ele-fashion,42,s44_lowrank_rel,EDGE_SHUFFLE_MEAN_STD,,,,,,,,40181,,,10,0.8795438289642334,0.0001714551551224959,0.7642231519692456,0.00038458762110856956,0.4412334650754929,0.0001471775463574273,-7.159709930419922e-05,0.0001714551551224959,-0.0003927347397405745,0.00038458762110856956,-2.207458019256592e-05,0.0001471775463574273,0.0006955098651815206,0.00015032155535015443,,,
ele-fashion,42,s44_lowrank_rel,ZERO_DYNAMIC,0.8784903287887573,0.7572103993487559,0.46773988008499146,-0.0011250972747802734,-0.007405487360230278,0.02648434042930603,0.016364937648177147,,,,,,,,,,,,,,,,,,,3.814697265625e-06,1e-05,1e-06
ele-fashion,42,s44_lowrank_rel_multi,MEAN_REPLACE,0.8717398047447205,0.7419826968197474,0.5840845704078674,-0.00808018445968628,-0.032865017344473224,0.08398568630218506,0.03068425878882408,40181,,,,,,,,,,,,,,,,,,,,
ele-fashion,42,s44_lowrank_rel_multi,EDGE_SHUFFLE_REPLICATE,0.8791040182113647,0.7741425589668023,0.4994265139102936,-0.0007159709930419922,-0.0007051551974183168,-0.0006723701953887939,0.0019433364504948258,40181,1,42070175,,,,,,,,,,,,,,,,,,
ele-fashion,42,s44_lowrank_rel_multi,EDGE_SHUFFLE_REPLICATE,0.8796154260635376,0.7746331890243173,0.5006536841392517,-0.00020456314086914062,-0.0002145251399032766,0.0005548000335693359,0.0019433364504948258,40181,2,42070176,,,,,,,,,,,,,,,,,,
ele-fashion,42,s44_lowrank_rel_multi,EDGE_SHUFFLE_REPLICATE,0.8797177076339722,0.775301930452753,0.499551385641098,-0.00010228157043457031,0.00045421628853237195,-0.0005474984645843506,0.0019433364504948258,40181,3,42070177,,,,,,,,,,,,,,,,,,
ele-fashion,42,s44_lowrank_rel_multi,EDGE_SHUFFLE_REPLICATE,0.879513144493103,0.7746091724531472,0.5007928609848022,-0.00030684471130371094,-0.00023854171107340338,0.000693976879119873,0.0018410555785521865,40181,4,42070178,,,,,,,,,,,,,,,,,,
ele-fashion,42,s44_lowrank_rel_multi,EDGE_SHUFFLE_REPLICATE,0.8799222707748413,0.7752729982207576,0.4985785186290741,0.00010228157043457031,0.00042528405653696755,-0.0015203654766082764,0.0023524598218500614,40181,5,42070179,,,,,,,,,,,,,,,,,,
ele-fashion,42,s44_lowrank_rel_multi,EDGE_SHUFFLE_REPLICATE,0.8793085813522339,0.7737727951257913,0.5001067519187927,-0.0005114078521728516,-0.0010749190384292673,7.867813110351562e-06,0.0020456172060221434,40181,6,42070180,,,,,,,,,,,,,,,,,,
ele-fashion,42,s44_lowrank_rel_multi,EDGE_SHUFFLE_REPLICATE,0.879513144493103,0.7753389653387832,0.5004841089248657,-0.00030684471130371094,0.0004912511745626125,0.0003852248191833496,0.0020456172060221434,40181,7,42070181,,,,,,,,,,,,,,,,,,
ele-fashion,42,s44_lowrank_rel_multi,EDGE_SHUFFLE_REPLICATE,0.8794108629226685,0.7734468504676378,0.4994342625141144,-0.00040912628173828125,-0.0014008636965827659,-0.0006646215915679932,0.0015342129627242684,40181,8,42070182,,,,,,,,,,,,,,,,,,
ele-fashion,42,s44_lowrank_rel_multi,EDGE_SHUFFLE_REPLICATE,0.879513144493103,0.7746600399544313,0.5000715851783752,-0.00030684471130371094,-0.00018767420978926808,-2.7298927307128906e-05,0.0020456172060221434,40181,9,42070183,,,,,,,,,,,,,,,,,,
ele-fashion,42,s44_lowrank_rel_multi,EDGE_SHUFFLE_REPLICATE,0.8796154260635376,0.7741986595352475,0.49994441866874695,-0.00020456314086914062,-0.0006490546289731336,-0.0001544654369354248,0.0019433364504948258,40181,10,42070184,,,,,,,,,,,,,,,,,,
ele-fashion,42,s44_lowrank_rel_multi,EDGE_SHUFFLE_MEAN_STD,,,,,,,,40181,,,10,0.8795233726501465,0.00021184881236606176,0.7745377159539668,0.000619842590536312,0.49990440905094147,0.0006394791375865626,-0.0002966165542602539,0.00021184881236606176,-0.000309998210253748,0.000619842590536312,-0.00019447505474090576,0.0006394791375865626,0.001963792578317225,0.00019298312496143785,,,
ele-fashion,42,s44_lowrank_rel_multi,ZERO_DYNAMIC,0.8746036887168884,0.7676497870096739,0.5039272904396057,-0.0052163004875183105,-0.007197927154546702,0.00382840633392334,0.036514267325401306,,,,,,,,,,,,,,,,,,,3.814697265625e-06,1e-05,1e-06
ele-fashion,42,s44_expert_rel,MEAN_REPLACE,0.8797177076339722,0.7714072888081659,0.479915052652359,-0.00010228157043457031,-0.001653963484374965,0.0024493038654327393,0.0029661450535058975,40181,,,,,,,,,,,,,,,,,,,,
ele-fashion,42,s44_expert_rel,EDGE_SHUFFLE_REPLICATE,0.8798199892044067,0.7730612522925409,0.4774723947048187,0.0,0.0,6.645917892456055e-06,0.0,40181,1,42090189,,,,,,,,,,,,,,,,,,
ele-fashion,42,s44_expert_rel,EDGE_SHUFFLE_REPLICATE,0.8798199892044067,0.7730612522925409,0.4774330258369446,0.0,0.0,-3.272294998168945e-05,0.0,40181,2,42090190,,,,,,,,,,,,,,,,,,
ele-fashion,42,s44_expert_rel,EDGE_SHUFFLE_REPLICATE,0.8798199892044067,0.7731570948226277,0.4774179458618164,0.0,9.584253008687593e-05,-4.780292510986328e-05,0.00010228086466668174,40181,3,42090191,,,,,,,,,,,,,,,,,,
ele-fashion,42,s44_expert_rel,EDGE_SHUFFLE_REPLICATE,0.8798199892044067,0.7730612522925409,0.4774520993232727,0.0,0.0,-1.3649463653564453e-05,0.0,40181,4,42090192,,,,,,,,,,,,,,,,,,
ele-fashion,42,s44_expert_rel,EDGE_SHUFFLE_REPLICATE,0.8798199892044067,0.7730612522925409,0.47736597061157227,0.0,0.0,-9.97781753540039e-05,0.0,40181,5,42090193,,,,,,,,,,,,,,,,,,
ele-fashion,42,s44_expert_rel,EDGE_SHUFFLE_REPLICATE,0.8798199892044067,0.7730612522925409,0.4773607850074768,0.0,0.0,-0.00010496377944946289,0.0,40181,6,42090194,,,,,,,,,,,,,,,,,,
ele-fashion,42,s44_expert_rel,EDGE_SHUFFLE_REPLICATE,0.8798199892044067,0.7730612522925409,0.47745969891548157,0.0,0.0,-6.0498714447021484e-06,0.0,40181,7,42090195,,,,,,,,,,,,,,,,,,
ele-fashion,42,s44_expert_rel,EDGE_SHUFFLE_REPLICATE,0.8798199892044067,0.7731570948226277,0.47739309072494507,0.0,9.584253008687593e-05,-7.265806198120117e-05,0.00010228086466668174,40181,8,42090196,,,,,,,,,,,,,,,,,,
ele-fashion,42,s44_expert_rel,EDGE_SHUFFLE_REPLICATE,0.8798199892044067,0.7730612522925409,0.4774491786956787,0.0,0.0,-1.6570091247558594e-05,0.0,40181,9,42090197,,,,,,,,,,,,,,,,,,
ele-fashion,42,s44_expert_rel,EDGE_SHUFFLE_REPLICATE,0.8798199892044067,0.7730612522925409,0.47741809487342834,0.0,0.0,-4.7653913497924805e-05,0.0,40181,10,42090198,,,,,,,,,,,,,,,,,,
ele-fashion,42,s44_expert_rel,EDGE_SHUFFLE_MEAN_STD,,,,,,,,40181,,,10,0.8798199892044067,0.0,0.7730804207985582,3.8337012034750376e-05,0.4774222284555435,3.671584444739495e-05,0.0,0.0,1.9168506017375188e-05,3.8337012034750376e-05,-4.3520331382751463e-05,3.671584444739495e-05,2.0456172933336347e-05,4.0912345866672695e-05,,,
ele-fashion,42,s44_expert_rel,ROUTE_EDGE_SHUFFLE_REPLICATE,0.8798199892044067,0.7730612522925409,0.4774723947048187,0.0,0.0,6.645917892456055e-06,0.0,40181,1,42090189,,,,,,,,,,,,,,,,,,
ele-fashion,42,s44_expert_rel,ROUTE_EDGE_SHUFFLE_REPLICATE,0.8798199892044067,0.7730612522925409,0.4774330258369446,0.0,0.0,-3.272294998168945e-05,0.0,40181,2,42090190,,,,,,,,,,,,,,,,,,
ele-fashion,42,s44_expert_rel,ROUTE_EDGE_SHUFFLE_REPLICATE,0.8798199892044067,0.7731570948226277,0.4774179458618164,0.0,9.584253008687593e-05,-4.780292510986328e-05,0.00010228086466668174,40181,3,42090191,,,,,,,,,,,,,,,,,,
ele-fashion,42,s44_expert_rel,ROUTE_EDGE_SHUFFLE_REPLICATE,0.8798199892044067,0.7730612522925409,0.4774520993232727,0.0,0.0,-1.3649463653564453e-05,0.0,40181,4,42090192,,,,,,,,,,,,,,,,,,
ele-fashion,42,s44_expert_rel,ROUTE_EDGE_SHUFFLE_REPLICATE,0.8798199892044067,0.7730612522925409,0.47736597061157227,0.0,0.0,-9.97781753540039e-05,0.0,40181,5,42090193,,,,,,,,,,,,,,,,,,
ele-fashion,42,s44_expert_rel,ROUTE_EDGE_SHUFFLE_REPLICATE,0.8798199892044067,0.7730612522925409,0.4773607850074768,0.0,0.0,-0.00010496377944946289,0.0,40181,6,42090194,,,,,,,,,,,,,,,,,,
ele-fashion,42,s44_expert_rel,ROUTE_EDGE_SHUFFLE_REPLICATE,0.8798199892044067,0.7730612522925409,0.47745969891548157,0.0,0.0,-6.0498714447021484e-06,0.0,40181,7,42090195,,,,,,,,,,,,,,,,,,
ele-fashion,42,s44_expert_rel,ROUTE_EDGE_SHUFFLE_REPLICATE,0.8798199892044067,0.7731570948226277,0.47739309072494507,0.0,9.584253008687593e-05,-7.265806198120117e-05,0.00010228086466668174,40181,8,42090196,,,,,,,,,,,,,,,,,,
ele-fashion,42,s44_expert_rel,ROUTE_EDGE_SHUFFLE_REPLICATE,0.8798199892044067,0.7730612522925409,0.4774491786956787,0.0,0.0,-1.6570091247558594e-05,0.0,40181,9,42090197,,,,,,,,,,,,,,,,,,
ele-fashion,42,s44_expert_rel,ROUTE_EDGE_SHUFFLE_REPLICATE,0.8798199892044067,0.7730612522925409,0.47741809487342834,0.0,0.0,-4.7653913497924805e-05,0.0,40181,10,42090198,,,,,,,,,,,,,,,,,,
ele-fashion,42,s44_expert_rel,ROUTE_EDGE_SHUFFLE_MEAN_STD,,,,,,,,40181,,,10,0.8798199892044067,0.0,0.7730804207985582,3.8337012034750376e-05,0.4774222284555435,3.671584444739495e-05,0.0,0.0,1.9168506017375188e-05,3.8337012034750376e-05,-4.3520331382751463e-05,3.671584444739495e-05,2.0456172933336347e-05,4.0912345866672695e-05,,,
ele-fashion,42,s44_expert_rel,ROUTE_UNIFORMIZE,0.8800245523452759,0.7717311656312232,0.47883960604667664,0.00020456314086914062,-0.0013300866613176199,0.0013738572597503662,0.003375268541276455,,,,,,,,,,,,,,,,,,,,,
ele-fashion,42,s44_expert_rel_multi,MEAN_REPLACE,0.8785926103591919,0.7649340009030116,0.478502482175827,-0.0040912628173828125,-0.007818069398015881,0.013910681009292603,0.01718318462371826,40181,,,,,,,,,,,,,,,,,,,,
ele-fashion,42,s44_expert_rel_multi,EDGE_SHUFFLE_REPLICATE,0.8825815916061401,0.7730365445877027,0.4641128480434418,-0.00010228157043457031,0.0002844742866752181,-0.00047895312309265137,0.0007159660453908145,40181,1,42100196,,,,,,,,,,,,,,,,,,
ele-fashion,42,s44_expert_rel_multi,EDGE_SHUFFLE_REPLICATE,0.8818656206130981,0.7715921293376319,0.46504640579223633,-0.0008182525634765625,-0.001159940963395556,0.0004546046257019043,0.0013296512188389897,40181,2,42100197,,,,,,,,,,,,,,,,,,
ele-fashion,42,s44_expert_rel_multi,EDGE_SHUFFLE_REPLICATE,0.8822747468948364,0.7726972919318839,0.4647945165634155,-0.00040912628173828125,-5.477836914358214e-05,0.00020271539688110352,0.0007159660453908145,40181,3,42100198,,,,,,,,,,,,,,,,,,
ele-fashion,42,s44_expert_rel_multi,EDGE_SHUFFLE_REPLICATE,0.8825815916061401,0.7723921523801792,0.4642128348350525,-0.00010228157043457031,-0.0003599179208482184,-0.0003789663314819336,0.0007159660453908145,40181,4,42100199,,,,,,,,,,,,,,,,,,
ele-fashion,42,s44_expert_rel_multi,EDGE_SHUFFLE_REPLICATE,0.882377028465271,0.7722307231586035,0.4644448161125183,-0.00030684471130371094,-0.0005213471424239113,-0.00014698505401611328,0.0005114043015055358,40181,5,42100200,,,,,,,,,,,,,,,,,,
ele-fashion,42,s44_expert_rel_multi,EDGE_SHUFFLE_REPLICATE,0.8824793100357056,0.772799364037459,0.4649707078933716,-0.00020456314086914062,4.7293736431530675e-05,0.0003789067268371582,0.0008182469173334539,40181,6,42100201,,,,,,,,,,,,,,,,,,
ele-fashion,42,s44_expert_rel_multi,EDGE_SHUFFLE_REPLICATE,0.882377028465271,0.7723966447362951,0.46441400051116943,-0.00030684471130371094,-0.0003554255647323368,-0.00017780065536499023,0.0008182469173334539,40181,7,42100202,,,,,,,,,,,,,,,,,,
ele-fashion,42,s44_expert_rel_multi,EDGE_SHUFFLE_REPLICATE,0.882377028465271,0.7722376270725934,0.46487340331077576,-0.00030684471130371094,-0.0005144432284340805,0.000281602144241333,0.0009205277892760932,40181,8,42100203,,,,,,,,,,,,,,,,,,
ele-fashion,42,s44_expert_rel_multi,EDGE_SHUFFLE_REPLICATE,0.8824793100357056,0.7725573598362625,0.4645504057407379,-0.00020456314086914062,-0.0001947104647649356,-4.139542579650879e-05,0.0005114043015055358,40181,9,42100204,,,,,,,,,,,,,,,,,,
ele-fashion,42,s44_expert_rel_multi,EDGE_SHUFFLE_REPLICATE,0.8824793100357056,0.7725665085307785,0.46449950337409973,-0.00020456314086914062,-0.00018556177024897647,-9.229779243469238e-05,0.0003068425867240876,40181,10,42100205,,,,,,,,,,,,,,,,,,
ele-fashion,42,s44_expert_rel_multi,EDGE_SHUFFLE_MEAN_STD,,,,,,,,40181,,,10,0.8823872566223144,0.00019647648080768767,0.772450634560939,0.0003725129832935113,0.4645919442176819,0.00030117942923186175,-0.0002966165542602539,0.00019647648080768767,-0.0003014357400884848,0.0003725129832935113,1.430511474609375e-07,0.00030117942923186175,0.0007364222168689593,0.00026196683411091595,,,
ele-fashion,42,s44_expert_rel_multi,ROUTE_EDGE_SHUFFLE_REPLICATE,0.8825815916061401,0.7730365445877027,0.4641128480434418,-0.00010228157043457031,0.0002844742866752181,-0.00047895312309265137,0.0007159660453908145,40181,1,42100196,,,,,,,,,,,,,,,,,,
ele-fashion,42,s44_expert_rel_multi,ROUTE_EDGE_SHUFFLE_REPLICATE,0.8818656206130981,0.7715921293376319,0.46504640579223633,-0.0008182525634765625,-0.001159940963395556,0.0004546046257019043,0.0013296512188389897,40181,2,42100197,,,,,,,,,,,,,,,,,,
ele-fashion,42,s44_expert_rel_multi,ROUTE_EDGE_SHUFFLE_REPLICATE,0.8822747468948364,0.7726972919318839,0.4647945165634155,-0.00040912628173828125,-5.477836914358214e-05,0.00020271539688110352,0.0007159660453908145,40181,3,42100198,,,,,,,,,,,,,,,,,,
ele-fashion,42,s44_expert_rel_multi,ROUTE_EDGE_SHUFFLE_REPLICATE,0.8825815916061401,0.7723921523801792,0.4642128348350525,-0.00010228157043457031,-0.0003599179208482184,-0.0003789663314819336,0.0007159660453908145,40181,4,42100199,,,,,,,,,,,,,,,,,,
ele-fashion,42,s44_expert_rel_multi,ROUTE_EDGE_SHUFFLE_REPLICATE,0.882377028465271,0.7722307231586035,0.4644448161125183,-0.00030684471130371094,-0.0005213471424239113,-0.00014698505401611328,0.0005114043015055358,40181,5,42100200,,,,,,,,,,,,,,,,,,
ele-fashion,42,s44_expert_rel_multi,ROUTE_EDGE_SHUFFLE_REPLICATE,0.8824793100357056,0.772799364037459,0.4649707078933716,-0.00020456314086914062,4.7293736431530675e-05,0.0003789067268371582,0.0008182469173334539,40181,6,42100201,,,,,,,,,,,,,,,,,,
ele-fashion,42,s44_expert_rel_multi,ROUTE_EDGE_SHUFFLE_REPLICATE,0.882377028465271,0.7723966447362951,0.46441400051116943,-0.00030684471130371094,-0.0003554255647323368,-0.00017780065536499023,0.0008182469173334539,40181,7,42100202,,,,,,,,,,,,,,,,,,
ele-fashion,42,s44_expert_rel_multi,ROUTE_EDGE_SHUFFLE_REPLICATE,0.882377028465271,0.7722376270725934,0.46487340331077576,-0.00030684471130371094,-0.0005144432284340805,0.000281602144241333,0.0009205277892760932,40181,8,42100203,,,,,,,,,,,,,,,,,,
ele-fashion,42,s44_expert_rel_multi,ROUTE_EDGE_SHUFFLE_REPLICATE,0.8824793100357056,0.7725573598362625,0.4645504057407379,-0.00020456314086914062,-0.0001947104647649356,-4.139542579650879e-05,0.0005114043015055358,40181,9,42100204,,,,,,,,,,,,,,,,,,
ele-fashion,42,s44_expert_rel_multi,ROUTE_EDGE_SHUFFLE_REPLICATE,0.8824793100357056,0.7725665085307785,0.46449950337409973,-0.00020456314086914062,-0.00018556177024897647,-9.229779243469238e-05,0.0003068425867240876,40181,10,42100205,,,,,,,,,,,,,,,,,,
ele-fashion,42,s44_expert_rel_multi,ROUTE_EDGE_SHUFFLE_MEAN_STD,,,,,,,,40181,,,10,0.8823872566223144,0.00019647648080768767,0.772450634560939,0.0003725129832935113,0.4645919442176819,0.00030117942923186175,-0.0002966165542602539,0.00019647648080768767,-0.0003014357400884848,0.0003725129832935113,1.430511474609375e-07,0.00030117942923186175,0.0007364222168689593,0.00026196683411091595,,,
ele-fashion,42,s44_expert_rel_multi,ROUTE_UNIFORMIZE,0.8769561052322388,0.767906293174261,0.4545046389102936,-0.0057277679443359375,-0.004845777126766482,-0.010087162256240845,0.021069858223199844,,,,,,,,,,,,,,,,,,,,,
ele-fashion,43,s44_scalar_raw,MEAN_REPLACE,0.8812519311904907,0.7746193934235389,0.5258318781852722,-0.00040912628173828125,-0.0018854416603303337,0.009228646755218506,0.009102996438741684,40181,,,,,,,,,,,,,,,,,,,,
ele-fashion,43,s44_scalar_raw,EDGE_SHUFFLE_REPLICATE,0.8819679021835327,0.7768687626100669,0.5162933468818665,0.00030684471130371094,0.00036392752619762714,-0.00030988454818725586,0.0010228086030110717,40181,1,43020143,,,,,,,,,,,,,,,,,,
ele-fashion,43,s44_scalar_raw,EDGE_SHUFFLE_REPLICATE,0.8813542127609253,0.7763233270449083,0.5155726075172424,-0.00030684471130371094,-0.00018150803896099799,-0.0010306239128112793,0.001431932090781629,40181,2,43020144,,,,,,,,,,,,,,,,,,
ele-fashion,43,s44_scalar_raw,EDGE_SHUFFLE_REPLICATE,0.8813542127609253,0.7763579268812483,0.5156071186065674,-0.00030684471130371094,-0.0001469082026209767,-0.0009961128234863281,0.0018410555785521865,40181,3,43020145,,,,,,,,,,,,,,,,,,
ele-fashion,43,s44_scalar_raw,EDGE_SHUFFLE_REPLICATE,0.8814564943313599,0.7763397586736034,0.516606330871582,-0.00020456314086914062,-0.00016507641026586306,3.0994415283203125e-06,0.0015342129627242684,40181,4,43020146,,,,,,,,,,,,,,,,,,
ele-fashion,43,s44_scalar_raw,EDGE_SHUFFLE_REPLICATE,0.881661057472229,0.7762568778642035,0.5165242552757263,0.0,-0.0002479572196657509,-7.897615432739258e-05,0.0013296512188389897,40181,5,43020147,,,,,,,,,,,,,,,,,,
ele-fashion,43,s44_scalar_raw,EDGE_SHUFFLE_REPLICATE,0.8814564943313599,0.7769995045205011,0.5150651931762695,-0.00020456314086914062,0.0004946694366319004,-0.0015380382537841797,0.0018410555785521865,40181,6,43020148,,,,,,,,,,,,,,,,,,
ele-fashion,43,s44_scalar_raw,EDGE_SHUFFLE_REPLICATE,0.8815587759017944,0.7771629359359679,0.5156533718109131,-0.00010228157043457031,0.0006581008520986087,-0.000949859619140625,0.0012273703468963504,40181,7,43020149,,,,,,,,,,,,,,,,,,
ele-fashion,43,s44_scalar_raw,EDGE_SHUFFLE_REPLICATE,0.881661057472229,0.777357214820383,0.5160810947418213,0.0,0.0008523797365137531,-0.0005221366882324219,0.001431932090781629,40181,8,43020150,,,,,,,,,,,,,,,,,,
ele-fashion,43,s44_scalar_raw,EDGE_SHUFFLE_REPLICATE,0.881661057472229,0.7773492487013051,0.5159208178520203,0.0,0.000844413617435813,-0.0006824135780334473,0.0016364938346669078,40181,9,43020151,,,,,,,,,,,,,,,,,,
ele-fashion,43,s44_scalar_raw,EDGE_SHUFFLE_REPLICATE,0.8811496496200562,0.7760632648134681,0.5162739157676697,-0.0005114078521728516,-0.00044157027040114816,-0.0003293156623840332,0.0013296512188389897,40181,10,43020152,,,,,,,,,,,,,,,,,,
ele-fashion,43,s44_scalar_raw,EDGE_SHUFFLE_MEAN_STD,,,,,,,,40181,,,10,0.881528091430664,0.00021479129791259765,0.7767078821865655,0.0004664532813379296,0.5159598052501678,0.00046165874563297853,-0.00013296604156494142,0.00021479129791259765,0.00020304710269629654,0.0004664532813379296,-0.0006434261798858642,0.00046165874563297853,0.001462616352364421,0.00024653721627102,,,
ele-fashion,43,s44_scalar_rel,MEAN_REPLACE,0.878797173500061,0.772329911238712,0.5176364779472351,-0.003579854965209961,-0.008602910167758937,0.01112222671508789,0.015853533521294594,40181,,,,,,,,,,,,,,,,,,,,
ele-fashion,43,s44_scalar_rel,EDGE_SHUFFLE_REPLICATE,0.8815587759017944,0.7797351047417103,0.506576418876648,-0.0008182525634765625,-0.0011977166647606508,6.216764450073242e-05,0.0023524598218500614,40181,1,43030150,,,,,,,,,,,,,,,,,,
ele-fashion,43,s44_scalar_rel,EDGE_SHUFFLE_REPLICATE,0.8818656206130981,0.7815823079431983,0.5064895749092102,-0.0005114078521728516,0.0006494865367273617,-2.467632293701172e-05,0.0017387747066095471,40181,2,43030151,,,,,,,,,,,,,,,,,,
ele-fashion,43,s44_scalar_rel,EDGE_SHUFFLE_REPLICATE,0.881661057472229,0.778504163548818,0.5066068768501282,-0.0007159709930419922,-0.002428657857652894,9.262561798095703e-05,0.0024547406937927008,40181,3,43030152,,,,,,,,,,,,,,,,,,
ele-fashion,43,s44_scalar_rel,EDGE_SHUFFLE_REPLICATE,0.8814564943313599,0.7789747900310307,0.5064648389816284,-0.0009205341339111328,-0.001958031375440261,-4.941225051879883e-05,0.002250178949907422,40181,4,43030153,,,,,,,,,,,,,,,,,,
ele-fashion,43,s44_scalar_rel,EDGE_SHUFFLE_REPLICATE,0.8818656206130981,0.7790755793935648,0.5066865682601929,-0.0005114078521728516,-0.0018572420129061573,0.0001723170280456543,0.002250178949907422,40181,5,43030154,,,,,,,,,,,,,,,,,,
ele-fashion,43,s44_scalar_rel,EDGE_SHUFFLE_REPLICATE,0.8815587759017944,0.7790136658964649,0.5068115592002869,-0.0008182525634765625,-0.0019191555100059876,0.00029730796813964844,0.0017387747066095471,40181,6,43030155,,,,,,,,,,,,,,,,,,
ele-fashion,43,s44_scalar_rel,EDGE_SHUFFLE_REPLICATE,0.8813542127609253,0.7796106450612004,0.5076330304145813,-0.0010228157043457031,-0.0013221763452705426,0.001118779182434082,0.003068425925448537,40181,7,43030156,,,,,,,,,,,,,,,,,,
ele-fashion,43,s44_scalar_rel,EDGE_SHUFFLE_REPLICATE,0.8818656206130981,0.7788181085823573,0.5062490701675415,-0.0005114078521728516,-0.0021147128241135738,-0.0002651810646057129,0.0018410555785521865,40181,8,43030157,,,,,,,,,,,,,,,,,,
ele-fashion,43,s44_scalar_rel,EDGE_SHUFFLE_REPLICATE,0.8819679021835327,0.7803739727972453,0.5061256885528564,-0.00040912628173828125,-0.0005588486092256151,-0.0003885626792907715,0.0024547406937927008,40181,9,43030158,,,,,,,,,,,,,,,,,,
ele-fashion,43,s44_scalar_rel,EDGE_SHUFFLE_REPLICATE,0.8814564943313599,0.7801859402717912,0.5073056817054749,-0.0009205341339111328,-0.0007468811346796889,0.0007914304733276367,0.0023524598218500614,40181,10,43030159,,,,,,,,,,,,,,,,,,
ele-fashion,43,s44_scalar_rel,EDGE_SHUFFLE_MEAN_STD,,,,,,,,40181,,,10,0.881661057472229,0.00020456314086914062,0.7795874278267381,0.0008780999124956086,0.5066949307918549,0.0004366302751274825,-0.0007159709930419922,0.00020456314086914062,-0.001345393579732801,0.0008780999124956086,0.0001806795597076416,0.0004366302751274825,0.0022501789848320187,0.00038269993647123245,,,
ele-fashion,43,s44_scalar_rel_multi,MEAN_REPLACE,0.878081202507019,0.7557817978215762,0.42547646164894104,-0.0005114078521728516,0.0002592253730705485,0.003204822540283203,0.008796154521405697,40181,,,,,,,,,,,,,,,,,,,,
ele-fashion,43,s44_scalar_rel_multi,EDGE_SHUFFLE_REPLICATE,0.878081202507019,0.7558425999874,0.42324119806289673,-0.0005114078521728516,0.0003200275388943741,0.0009695589542388916,0.003068425925448537,40181,1,43040157,,,,,,,,,,,,,,,,,,
ele-fashion,43,s44_scalar_rel_multi,EDGE_SHUFFLE_REPLICATE,0.8777743577957153,0.7556263853274138,0.4222598969936371,-0.0008182525634765625,0.00010381287890814939,-1.1742115020751953e-05,0.0020456172060221434,40181,2,43040158,,,,,,,,,,,,,,,,,,
ele-fashion,43,s44_scalar_rel_multi,EDGE_SHUFFLE_REPLICATE,0.8783880472183228,0.7559599096371659,0.42160844802856445,-0.00020456314086914062,0.0004373371886602362,-0.0006631910800933838,0.002250178949907422,40181,3,43040159,,,,,,,,,,,,,,,,,,
ele-fashion,43,s44_scalar_rel_multi,EDGE_SHUFFLE_REPLICATE,0.8783880472183228,0.7560549032888716,0.42277225852012634,-0.00020456314086914062,0.0005323308403659688,0.0005006194114685059,0.0019433364504948258,40181,4,43040160,,,,,,,,,,,,,,,,,,
ele-fashion,43,s44_scalar_rel_multi,EDGE_SHUFFLE_REPLICATE,0.8778766393661499,0.7559763642577433,0.4224296510219574,-0.0007159709930419922,0.00045379180923765805,0.00015801191329956055,0.0021478980779647827,40181,5,43040161,,,,,,,,,,,,,,,,,,
ele-fashion,43,s44_scalar_rel_multi,EDGE_SHUFFLE_REPLICATE,0.8782857656478882,0.7559513589234661,0.42212677001953125,-0.00030684471130371094,0.0004287864749604742,-0.00014486908912658691,0.0016364938346669078,40181,6,43040162,,,,,,,,,,,,,,,,,,
ele-fashion,43,s44_scalar_rel_multi,EDGE_SHUFFLE_REPLICATE,0.8784903287887573,0.7566011681917728,0.42257943749427795,-0.00010228157043457031,0.0010785957432671855,0.0003077983856201172,0.0017387747066095471,40181,7,43040163,,,,,,,,,,,,,,,,,,
ele-fashion,43,s44_scalar_rel_multi,EDGE_SHUFFLE_REPLICATE,0.8779789209365845,0.7554560117829919,0.4227341413497925,-0.0006136894226074219,-6.6560665513693e-05,0.00046250224113464355,0.0019433364504948258,40181,8,43040164,,,,,,,,,,,,,,,,,,
ele-fashion,43,s44_scalar_rel_multi,EDGE_SHUFFLE_REPLICATE,0.8786948919296265,0.756768751107365,0.4230211079120636,0.00010228157043457031,0.0012461786588593426,0.0007494688034057617,0.0020456172060221434,40181,9,43040165,,,,,,,,,,,,,,,,,,
ele-fashion,43,s44_scalar_rel_multi,EDGE_SHUFFLE_REPLICATE,0.878081202507019,0.7557666048773058,0.42236706614494324,-0.0005114078521728516,0.0002440324288002227,9.542703628540039e-05,0.0020456172060221434,40181,10,43040166,,,,,,,,,,,,,,,,,,
ele-fashion,43,s44_scalar_rel_multi,EDGE_SHUFFLE_MEAN_STD,,,,,,,,40181,,,10,0.8782039403915405,0.00027748294475181005,0.7560004057381496,0.00038401629857058356,0.42251399755477903,0.0004436959855924015,-0.0003886699676513672,0.00027748294475181005,0.00047783328964399183,0.00038401629857058356,0.00024235844612121581,0.0004436959855924015,0.002086529601365328,0.00036934581055855266,,,
ele-fashion,43,s44_lowrank_global,MEAN_REPLACE,0.8798199892044067,0.7572899166721243,0.44688892364501953,0.0,0.0,0.0,0.0,40181,,,,,,,,,,,,,,,,,,,,
ele-fashion,43,s44_lowrank_global,EDGE_SHUFFLE_REPLICATE,0.8798199892044067,0.7572899166721243,0.44688892364501953,0.0,0.0,0.0,0.0,40181,1,43050164,,,,,,,,,,,,,,,,,,
ele-fashion,43,s44_lowrank_global,EDGE_SHUFFLE_REPLICATE,0.8798199892044067,0.7572899166721243,0.44688892364501953,0.0,0.0,0.0,0.0,40181,2,43050165,,,,,,,,,,,,,,,,,,
ele-fashion,43,s44_lowrank_global,EDGE_SHUFFLE_REPLICATE,0.8798199892044067,0.7572899166721243,0.44688892364501953,0.0,0.0,0.0,0.0,40181,3,43050166,,,,,,,,,,,,,,,,,,
ele-fashion,43,s44_lowrank_global,EDGE_SHUFFLE_REPLICATE,0.8798199892044067,0.7572899166721243,0.44688892364501953,0.0,0.0,0.0,0.0,40181,4,43050167,,,,,,,,,,,,,,,,,,
ele-fashion,43,s44_lowrank_global,EDGE_SHUFFLE_REPLICATE,0.8798199892044067,0.7572899166721243,0.44688892364501953,0.0,0.0,0.0,0.0,40181,5,43050168,,,,,,,,,,,,,,,,,,
ele-fashion,43,s44_lowrank_global,EDGE_SHUFFLE_REPLICATE,0.8798199892044067,0.7572899166721243,0.44688892364501953,0.0,0.0,0.0,0.0,40181,6,43050169,,,,,,,,,,,,,,,,,,
ele-fashion,43,s44_lowrank_global,EDGE_SHUFFLE_REPLICATE,0.8798199892044067,0.7572899166721243,0.44688892364501953,0.0,0.0,0.0,0.0,40181,7,43050170,,,,,,,,,,,,,,,,,,
ele-fashion,43,s44_lowrank_global,EDGE_SHUFFLE_REPLICATE,0.8798199892044067,0.7572899166721243,0.44688892364501953,0.0,0.0,0.0,0.0,40181,8,43050171,,,,,,,,,,,,,,,,,,
ele-fashion,43,s44_lowrank_global,EDGE_SHUFFLE_REPLICATE,0.8798199892044067,0.7572899166721243,0.44688892364501953,0.0,0.0,0.0,0.0,40181,9,43050172,,,,,,,,,,,,,,,,,,
ele-fashion,43,s44_lowrank_global,EDGE_SHUFFLE_REPLICATE,0.8798199892044067,0.7572899166721243,0.44688892364501953,0.0,0.0,0.0,0.0,40181,10,43050173,,,,,,,,,,,,,,,,,,
ele-fashion,43,s44_lowrank_global,EDGE_SHUFFLE_MEAN_STD,,,,,,,,40181,,,10,0.8798199892044067,0.0,0.7572899166721243,0.0,0.44688892364501953,0.0,0.0,0.0,0.0,0.0,0.0,0.0,0.0,0.0,,,
ele-fashion,43,s44_lowrank_global,ZERO_DYNAMIC,0.8797177076339722,0.7573457799916677,0.4473152160644531,-0.00010228157043457031,5.5863319543436596e-05,0.00042629241943359375,0.0005114043015055358,,,,,,,,,,,,,,,,,,,3.814697265625e-06,1e-05,1e-06
ele-fashion,43,s44_lowrank_rel,MEAN_REPLACE,0.8751150965690613,0.7524285423362161,0.4637424945831299,-0.0032729506492614746,-0.010311297210793269,0.013981282711029053,0.013910197652876377,40181,,,,,,,,,,,,,,,,,,,,
ele-fashion,43,s44_lowrank_rel,EDGE_SHUFFLE_REPLICATE,0.8782857656478882,0.7639637819227889,0.44993481040000916,-0.00010228157043457031,0.0012239423757794965,0.0001735985279083252,0.0008182469173334539,40181,1,43060171,,,,,,,,,,,,,,,,,,
ele-fashion,43,s44_lowrank_rel,EDGE_SHUFFLE_REPLICATE,0.8781834840774536,0.7624680927705403,0.45024609565734863,-0.00020456314086914062,-0.00027174677646912837,0.00048488378524780273,0.0005114043015055358,40181,2,43060172,,,,,,,,,,,,,,,,,,
ele-fashion,43,s44_lowrank_rel,EDGE_SHUFFLE_REPLICATE,0.8783880472183228,0.7638365503253202,0.45022451877593994,0.0,0.00109671077831075,0.00046330690383911133,0.0006136851734481752,40181,3,43060173,,,,,,,,,,,,,,,,,,
ele-fashion,43,s44_lowrank_rel,EDGE_SHUFFLE_REPLICATE,0.8781834840774536,0.7624547145308721,0.4499618709087372,-0.00020456314086914062,-0.0002851250161373109,0.00020065903663635254,0.0009205277892760932,40181,4,43060174,,,,,,,,,,,,,,,,,,
ele-fashion,43,s44_lowrank_rel,EDGE_SHUFFLE_REPLICATE,0.8782857656478882,0.7633660071331332,0.45002636313438416,-0.00010228157043457031,0.0006261675861237714,0.0002651512622833252,0.0007159660453908145,40181,5,43060175,,,,,,,,,,,,,,,,,,
ele-fashion,43,s44_lowrank_rel,EDGE_SHUFFLE_REPLICATE,0.8784903287887573,0.7640399357082185,0.4497392475605011,0.00010228157043457031,0.0013000961612090745,-2.1964311599731445e-05,0.0007159660453908145,40181,6,43060176,,,,,,,,,,,,,,,,,,
ele-fashion,43,s44_lowrank_rel,EDGE_SHUFFLE_REPLICATE,0.8783880472183228,0.7627583830350038,0.4499374032020569,0.0,1.8543487994349128e-05,0.0001761913299560547,0.0006136851734481752,40181,7,43060177,,,,,,,,,,,,,,,,,,
ele-fashion,43,s44_lowrank_rel,EDGE_SHUFFLE_REPLICATE,0.8781834840774536,0.7631582217167253,0.4498516023159027,-0.00020456314086914062,0.0004183821697159029,9.039044380187988e-05,0.0009205277892760932,40181,8,43060178,,,,,,,,,,,,,,,,,,
ele-fashion,43,s44_lowrank_rel,EDGE_SHUFFLE_REPLICATE,0.8786948919296265,0.765054236543034,0.44998735189437866,0.00030684471130371094,0.002314396996024537,0.00022614002227783203,0.0008182469173334539,40181,9,43060179,,,,,,,,,,,,,,,,,,
ele-fashion,43,s44_lowrank_rel,EDGE_SHUFFLE_REPLICATE,0.8784903287887573,0.7646978593088836,0.4501050114631653,0.00010228157043457031,0.0019580197618741524,0.0003437995910644531,0.0006136851734481752,40181,10,43060180,,,,,,,,,,,,,,,,,,
ele-fashion,43,s44_lowrank_rel,EDGE_SHUFFLE_MEAN_STD,,,,,,,,40181,,,10,0.8783573627471923,0.00015878369676340938,0.763579778299452,0.0008514093724863323,0.4500014275312424,0.0001491540645432494,-3.068447113037109e-05,0.00015878369676340938,0.0008399387524425595,0.0008514093724863323,0.00024021565914154053,0.0001491540645432494,0.0007261941325850784,0.00013296513352543116,,,
ele-fashion,43,s44_lowrank_rel,ZERO_DYNAMIC,0.8756265044212341,0.7504868725501683,0.4709490239620209,-0.002761542797088623,-0.012252966996841086,0.021187812089920044,0.016058094799518585,,,,,,,,,,,,,,,,,,,3.814697265625e-06,1e-05,1e-06
ele-fashion,43,s44_lowrank_rel_multi,MEAN_REPLACE,0.8752173781394958,0.7461005796909267,0.42511484026908875,-0.0016364455223083496,-0.0010498797956635109,-0.0004565119743347168,0.0168763417750597,40181,,,,,,,,,,,,,,,,,,,,
ele-fashion,43,s44_lowrank_rel_multi,EDGE_SHUFFLE_REPLICATE,0.8772629499435425,0.7481459807326225,0.42582181096076965,0.00040912628173828125,0.0009955212460323049,0.0002504587173461914,0.00040912345866672695,40181,1,43070178,,,,,,,,,,,,,,,,,,
ele-fashion,43,s44_lowrank_rel_multi,EDGE_SHUFFLE_REPLICATE,0.8771606683731079,0.747801012842897,0.4252391755580902,0.00030684471130371094,0.0006505533563068155,-0.00033217668533325195,0.0009205277892760932,40181,2,43070179,,,,,,,,,,,,,,,,,,
ele-fashion,43,s44_lowrank_rel_multi,EDGE_SHUFFLE_REPLICATE,0.8771606683731079,0.747895914753656,0.4252386689186096,0.00030684471130371094,0.0007454552670658199,-0.0003326833248138428,0.0006136851734481752,40181,3,43070180,,,,,,,,,,,,,,,,,,
ele-fashion,43,s44_lowrank_rel_multi,EDGE_SHUFFLE_REPLICATE,0.8768538236618042,0.7471504594865902,0.4255896806716919,0.0,0.0,1.8328428268432617e-05,0.00040912345866672695,40181,4,43070181,,,,,,,,,,,,,,,,,,
ele-fashion,43,s44_lowrank_rel_multi,EDGE_SHUFFLE_REPLICATE,0.8768538236618042,0.74807746285982,0.4256158471107483,0.0,0.0009270033732298177,4.44948673248291e-05,0.0007159660453908145,40181,5,43070182,,,,,,,,,,,,,,,,,,
ele-fashion,43,s44_lowrank_rel_multi,EDGE_SHUFFLE_REPLICATE,0.8770583868026733,0.7474843963733253,0.42526715993881226,0.00020456314086914062,0.0003339368867351089,-0.00030419230461120605,0.0009205277892760932,40181,6,43070183,,,,,,,,,,,,,,,,,,
ele-fashion,43,s44_lowrank_rel_multi,EDGE_SHUFFLE_REPLICATE,0.8767516016960144,0.7479259510442481,0.4256862699985504,-0.00010222196578979492,0.0007754915576578814,0.00011491775512695312,0.0008182469173334539,40181,7,43070184,,,,,,,,,,,,,,,,,,
ele-fashion,43,s44_lowrank_rel_multi,EDGE_SHUFFLE_REPLICATE,0.8767516016960144,0.7476264341467254,0.42526775598526,-0.00010222196578979492,0.0004759746601351589,-0.00030359625816345215,0.0007159660453908145,40181,8,43070185,,,,,,,,,,,,,,,,,,
ele-fashion,43,s44_lowrank_rel_multi,EDGE_SHUFFLE_REPLICATE,0.8770583868026733,0.7477763012556825,0.4253760576248169,0.00020456314086914062,0.0006258417690923057,-0.00019529461860656738,0.0007159660453908145,40181,9,43070186,,,,,,,,,,,,,,,,,,
ele-fashion,43,s44_lowrank_rel_multi,EDGE_SHUFFLE_REPLICATE,0.8769561052322388,0.7478835053426942,0.42542991042137146,0.00010228157043457031,0.0007330458561040087,-0.00014144182205200195,0.0008182469173334539,40181,10,43070187,,,,,,,,,,,,,,,,,,
ele-fashion,43,s44_lowrank_rel_multi,EDGE_SHUFFLE_MEAN_STD,,,,,,,,40181,,,10,0.8769868016242981,0.00017143879971107568,0.7477767418838261,0.0002784800968664161,0.42545323371887206,0.00020064907020541265,0.00013297796249389648,0.00017143879971107568,0.0006262823972359221,0.0002784800968664161,-0.0001181185245513916,0.00020064907020541265,0.0007057379640173167,0.00017387747237294484,,,
ele-fashion,43,s44_lowrank_rel_multi,ZERO_DYNAMIC,0.8736831545829773,0.7430872020787747,0.4207954704761505,-0.0031706690788269043,-0.004063257407815546,-0.004775881767272949,0.017899151891469955,,,,,,,,,,,,,,,,,,,1.9073486328125e-06,1e-05,1e-06
ele-fashion,43,s44_expert_rel,MEAN_REPLACE,0.877365231513977,0.7647887169572424,0.45472997426986694,-0.001329660415649414,0.0007010919028500595,-0.003333181142807007,0.010841771960258484,40181,,,,,,,,,,,,,,,,,,,,
ele-fashion,43,s44_expert_rel,EDGE_SHUFFLE_REPLICATE,0.8785926103591919,0.7635249729558935,0.45853009819984436,-0.00010228157043457031,-0.000562652098498817,0.00046694278717041016,0.0005114043015055358,40181,1,43090192,,,,,,,,,,,,,,,,,,
ele-fashion,43,s44_expert_rel,EDGE_SHUFFLE_REPLICATE,0.8786948919296265,0.7633950546918468,0.45848700404167175,0.0,-0.0006925703625455526,0.00042384862899780273,0.00040912345866672695,40181,2,43090193,,,,,,,,,,,,,,,,,,
ele-fashion,43,s44_expert_rel,EDGE_SHUFFLE_REPLICATE,0.8790017366409302,0.7653144049886222,0.4583430588245392,0.00030684471130371094,0.0012267799342299268,0.0002799034118652344,0.0003068425867240876,40181,3,43090194,,,,,,,,,,,,,,,,,,
ele-fashion,43,s44_expert_rel,EDGE_SHUFFLE_REPLICATE,0.8784903287887573,0.7636345353660833,0.45830512046813965,-0.00020456314086914062,-0.0004530896883090385,0.00024196505546569824,0.0005114043015055358,40181,4,43090195,,,,,,,,,,,,,,,,,,
ele-fashion,43,s44_expert_rel,EDGE_SHUFFLE_REPLICATE,0.878797173500061,0.764974595308961,0.4583989977836609,0.00010228157043457031,0.0008869702545686309,0.0003358423709869385,0.0003068425867240876,40181,5,43090196,,,,,,,,,,,,,,,,,,
ele-fashion,43,s44_expert_rel,EDGE_SHUFFLE_REPLICATE,0.878797173500061,0.7643434017976535,0.45843616127967834,0.00010228157043457031,0.0002557767432611602,0.00037300586700439453,0.0003068425867240876,40181,6,43090197,,,,,,,,,,,,,,,,,,
ele-fashion,43,s44_expert_rel,EDGE_SHUFFLE_REPLICATE,0.878797173500061,0.7651428689948813,0.458498477935791,0.00010228157043457031,0.001055243940488948,0.00043532252311706543,0.0003068425867240876,40181,7,43090198,,,,,,,,,,,,,,,,,,
ele-fashion,43,s44_expert_rel,EDGE_SHUFFLE_REPLICATE,0.8786948919296265,0.7649096472779213,0.4581705629825592,0.0,0.0008220222235290064,0.0001074075698852539,0.00020456172933336347,40181,8,43090199,,,,,,,,,,,,,,,,,,
ele-fashion,43,s44_expert_rel,EDGE_SHUFFLE_REPLICATE,0.878797173500061,0.7642417515958506,0.45858705043792725,0.00010228157043457031,0.0001541265414582993,0.0005238950252532959,0.0003068425867240876,40181,9,43090200,,,,,,,,,,,,,,,,,,
ele-fashion,43,s44_expert_rel,EDGE_SHUFFLE_REPLICATE,0.8786948919296265,0.7635635864453566,0.4584740102291107,0.0,-0.0005240386090357152,0.0004108548164367676,0.00040912345866672695,40181,10,43090201,,,,,,,,,,,,,,,,,,
ele-fashion,43,s44_expert_rel,EDGE_SHUFFLE_MEAN_STD,,,,,,,,40181,,,10,0.8787358045578003,0.00013098432053845844,0.7643044819423069,0.0007054084635642933,0.4584230542182922,0.00011642077556233254,4.0912628173828124e-05,0.00013098432053845844,0.00021685688791468484,0.0007054084635642933,0.00035989880561828615,0.00011642077556233254,0.0003579830183298327,9.429829276275846e-05,,,
ele-fashion,43,s44_expert_rel,ROUTE_EDGE_SHUFFLE_REPLICATE,0.8785926103591919,0.7635249729558935,0.45853009819984436,-0.00010228157043457031,-0.000562652098498817,0.00046694278717041016,0.0005114043015055358,40181,1,43090192,,,,,,,,,,,,,,,,,,
ele-fashion,43,s44_expert_rel,ROUTE_EDGE_SHUFFLE_REPLICATE,0.8786948919296265,0.7633950546918468,0.45848700404167175,0.0,-0.0006925703625455526,0.00042384862899780273,0.00040912345866672695,40181,2,43090193,,,,,,,,,,,,,,,,,,
ele-fashion,43,s44_expert_rel,ROUTE_EDGE_SHUFFLE_REPLICATE,0.8790017366409302,0.7653144049886222,0.4583430588245392,0.00030684471130371094,0.0012267799342299268,0.0002799034118652344,0.0003068425867240876,40181,3,43090194,,,,,,,,,,,,,,,,,,
ele-fashion,43,s44_expert_rel,ROUTE_EDGE_SHUFFLE_REPLICATE,0.8784903287887573,0.7636345353660833,0.45830512046813965,-0.00020456314086914062,-0.0004530896883090385,0.00024196505546569824,0.0005114043015055358,40181,4,43090195,,,,,,,,,,,,,,,,,,
ele-fashion,43,s44_expert_rel,ROUTE_EDGE_SHUFFLE_REPLICATE,0.878797173500061,0.764974595308961,0.4583989977836609,0.00010228157043457031,0.0008869702545686309,0.0003358423709869385,0.0003068425867240876,40181,5,43090196,,,,,,,,,,,,,,,,,,
ele-fashion,43,s44_expert_rel,ROUTE_EDGE_SHUFFLE_REPLICATE,0.878797173500061,0.7643434017976535,0.45843616127967834,0.00010228157043457031,0.0002557767432611602,0.00037300586700439453,0.0003068425867240876,40181,6,43090197,,,,,,,,,,,,,,,,,,
ele-fashion,43,s44_expert_rel,ROUTE_EDGE_SHUFFLE_REPLICATE,0.878797173500061,0.7651428689948813,0.458498477935791,0.00010228157043457031,0.001055243940488948,0.00043532252311706543,0.0003068425867240876,40181,7,43090198,,,,,,,,,,,,,,,,,,
ele-fashion,43,s44_expert_rel,ROUTE_EDGE_SHUFFLE_REPLICATE,0.8786948919296265,0.7649096472779213,0.4581705629825592,0.0,0.0008220222235290064,0.0001074075698852539,0.00020456172933336347,40181,8,43090199,,,,,,,,,,,,,,,,,,
ele-fashion,43,s44_expert_rel,ROUTE_EDGE_SHUFFLE_REPLICATE,0.878797173500061,0.7642417515958506,0.45858705043792725,0.00010228157043457031,0.0001541265414582993,0.0005238950252532959,0.0003068425867240876,40181,9,43090200,,,,,,,,,,,,,,,,,,
ele-fashion,43,s44_expert_rel,ROUTE_EDGE_SHUFFLE_REPLICATE,0.8786948919296265,0.7635635864453566,0.4584740102291107,0.0,-0.0005240386090357152,0.0004108548164367676,0.00040912345866672695,40181,10,43090201,,,,,,,,,,,,,,,,,,
ele-fashion,43,s44_expert_rel,ROUTE_EDGE_SHUFFLE_MEAN_STD,,,,,,,,40181,,,10,0.8787358045578003,0.00013098432053845844,0.7643044819423069,0.0007054084635642933,0.4584230542182922,0.00011642077556233254,4.0912628173828124e-05,0.00013098432053845844,0.00021685688791468484,0.0007054084635642933,0.00035989880561828615,0.00011642077556233254,0.0003579830183298327,9.429829276275846e-05,,,
ele-fashion,43,s44_expert_rel,ROUTE_UNIFORMIZE,0.8778766393661499,0.7634526064830379,0.4519309997558594,-0.0008182525634765625,-0.0006350185713543954,-0.006132155656814575,0.01022808626294136,,,,,,,,,,,,,,,,,,,,,
ele-fashion,43,s44_expert_rel_multi,MEAN_REPLACE,0.8785926103591919,0.7562379964790726,0.4007939398288727,-0.0005114078521728516,-0.000609416773104221,0.0008512139320373535,0.0023524598218500614,40181,,,,,,,,,,,,,,,,,,,,
ele-fashion,43,s44_expert_rel_multi,EDGE_SHUFFLE_REPLICATE,0.8791040182113647,0.7568474132521769,0.39990052580833435,0.0,0.0,-4.220008850097656e-05,0.0,40181,1,43100199,,,,,,,,,,,,,,,,,,
ele-fashion,43,s44_expert_rel_multi,EDGE_SHUFFLE_REPLICATE,0.8790017366409302,0.756808596751346,0.3999035954475403,-0.00010228157043457031,-3.8816500830818335e-05,-3.9130449295043945e-05,0.00010228086466668174,40181,2,43100200,,,,,,,,,,,,,,,,,,
ele-fashion,43,s44_expert_rel_multi,EDGE_SHUFFLE_REPLICATE,0.8790017366409302,0.756808596751346,0.39989781379699707,-0.00010228157043457031,-3.8816500830818335e-05,-4.4912099838256836e-05,0.00010228086466668174,40181,3,43100201,,,,,,,,,,,,,,,,,,
ele-fashion,43,s44_expert_rel_multi,EDGE_SHUFFLE_REPLICATE,0.8790017366409302,0.756808596751346,0.3999055027961731,-0.00010228157043457031,-3.8816500830818335e-05,-3.7223100662231445e-05,0.00010228086466668174,40181,4,43100202,,,,,,,,,,,,,,,,,,
ele-fashion,43,s44_expert_rel_multi,EDGE_SHUFFLE_REPLICATE,0.8791040182113647,0.7568474132521769,0.3999011814594269,0.0,0.0,-4.1544437408447266e-05,0.0,40181,5,43100203,,,,,,,,,,,,,,,,,,
ele-fashion,43,s44_expert_rel_multi,EDGE_SHUFFLE_REPLICATE,0.8791040182113647,0.7568474132521769,0.3999275863170624,0.0,0.0,-1.5139579772949219e-05,0.0,40181,6,43100204,,,,,,,,,,,,,,,,,,
ele-fashion,43,s44_expert_rel_multi,EDGE_SHUFFLE_REPLICATE,0.8791040182113647,0.7568474132521769,0.3998755216598511,0.0,0.0,-6.720423698425293e-05,0.0,40181,7,43100205,,,,,,,,,,,,,,,,,,
ele-fashion,43,s44_expert_rel_multi,EDGE_SHUFFLE_REPLICATE,0.8790017366409302,0.756808596751346,0.399918794631958,-0.00010228157043457031,-3.8816500830818335e-05,-2.3931264877319336e-05,0.00010228086466668174,40181,8,43100206,,,,,,,,,,,,,,,,,,
ele-fashion,43,s44_expert_rel_multi,EDGE_SHUFFLE_REPLICATE,0.8790017366409302,0.756808596751346,0.3999105393886566,-0.00010228157043457031,-3.8816500830818335e-05,-3.218650817871094e-05,0.00010228086466668174,40181,9,43100207,,,,,,,,,,,,,,,,,,
ele-fashion,43,s44_expert_rel_multi,EDGE_SHUFFLE_REPLICATE,0.8791040182113647,0.7568474132521769,0.399871289730072,0.0,0.0,-7.143616676330566e-05,0.0,40181,10,43100208,,,,,,,,,,,,,,,,,,
ele-fashion,43,s44_expert_rel_multi,EDGE_SHUFFLE_MEAN_STD,,,,,,,,40181,,,10,0.8790528774261475,5.1140785217285156e-05,0.7568280050017615,1.9408250415409167e-05,0.3999012351036072,1.6380462546664876e-05,-5.1140785217285156e-05,5.1140785217285156e-05,-1.9408250415409167e-05,1.9408250415409167e-05,-4.1490793228149415e-05,1.6380462546664876e-05,5.114043233334087e-05,5.114043233334087e-05,,,
ele-fashion,43,s44_expert_rel_multi,ROUTE_EDGE_SHUFFLE_REPLICATE,0.8791040182113647,0.7568474132521769,0.39990052580833435,0.0,0.0,-4.220008850097656e-05,0.0,40181,1,43100199,,,,,,,,,,,,,,,,,,
ele-fashion,43,s44_expert_rel_multi,ROUTE_EDGE_SHUFFLE_REPLICATE,0.8790017366409302,0.756808596751346,0.3999035954475403,-0.00010228157043457031,-3.8816500830818335e-05,-3.9130449295043945e-05,0.00010228086466668174,40181,2,43100200,,,,,,,,,,,,,,,,,,
ele-fashion,43,s44_expert_rel_multi,ROUTE_EDGE_SHUFFLE_REPLICATE,0.8790017366409302,0.756808596751346,0.39989781379699707,-0.00010228157043457031,-3.8816500830818335e-05,-4.4912099838256836e-05,0.00010228086466668174,40181,3,43100201,,,,,,,,,,,,,,,,,,
ele-fashion,43,s44_expert_rel_multi,ROUTE_EDGE_SHUFFLE_REPLICATE,0.8790017366409302,0.756808596751346,0.3999055027961731,-0.00010228157043457031,-3.8816500830818335e-05,-3.7223100662231445e-05,0.00010228086466668174,40181,4,43100202,,,,,,,,,,,,,,,,,,
ele-fashion,43,s44_expert_rel_multi,ROUTE_EDGE_SHUFFLE_REPLICATE,0.8791040182113647,0.7568474132521769,0.3999011814594269,0.0,0.0,-4.1544437408447266e-05,0.0,40181,5,43100203,,,,,,,,,,,,,,,,,,
ele-fashion,43,s44_expert_rel_multi,ROUTE_EDGE_SHUFFLE_REPLICATE,0.8791040182113647,0.7568474132521769,0.3999275863170624,0.0,0.0,-1.5139579772949219e-05,0.0,40181,6,43100204,,,,,,,,,,,,,,,,,,
ele-fashion,43,s44_expert_rel_multi,ROUTE_EDGE_SHUFFLE_REPLICATE,0.8791040182113647,0.7568474132521769,0.3998755216598511,0.0,0.0,-6.720423698425293e-05,0.0,40181,7,43100205,,,,,,,,,,,,,,,,,,
ele-fashion,43,s44_expert_rel_multi,ROUTE_EDGE_SHUFFLE_REPLICATE,0.8790017366409302,0.756808596751346,0.399918794631958,-0.00010228157043457031,-3.8816500830818335e-05,-2.3931264877319336e-05,0.00010228086466668174,40181,8,43100206,,,,,,,,,,,,,,,,,,
ele-fashion,43,s44_expert_rel_multi,ROUTE_EDGE_SHUFFLE_REPLICATE,0.8790017366409302,0.756808596751346,0.3999105393886566,-0.00010228157043457031,-3.8816500830818335e-05,-3.218650817871094e-05,0.00010228086466668174,40181,9,43100207,,,,,,,,,,,,,,,,,,
ele-fashion,43,s44_expert_rel_multi,ROUTE_EDGE_SHUFFLE_REPLICATE,0.8791040182113647,0.7568474132521769,0.399871289730072,0.0,0.0,-7.143616676330566e-05,0.0,40181,10,43100208,,,,,,,,,,,,,,,,,,
ele-fashion,43,s44_expert_rel_multi,ROUTE_EDGE_SHUFFLE_MEAN_STD,,,,,,,,40181,,,10,0.8790528774261475,5.1140785217285156e-05,0.7568280050017615,1.9408250415409167e-05,0.3999012351036072,1.6380462546664876e-05,-5.1140785217285156e-05,5.1140785217285156e-05,-1.9408250415409167e-05,1.9408250415409167e-05,-4.1490793228149415e-05,1.6380462546664876e-05,5.114043233334087e-05,5.114043233334087e-05,,,
ele-fashion,43,s44_expert_rel_multi,ROUTE_UNIFORMIZE,0.878797173500061,0.7588000991818937,0.39997243881225586,-0.00030684471130371094,0.0019526859297168686,2.9712915420532227e-05,0.002761583309620619,,,,,,,,,,,,,,,,,,,,,
ele-fashion,44,s44_scalar_raw,MEAN_REPLACE,0.8820701837539673,0.7773657236432666,0.5354264974594116,-0.00040912628173828125,-0.00048398650501335627,0.004595041275024414,0.0069550988264381886,40181,,,,,,,,,,,,,,,,,,,,
ele-fashion,44,s44_scalar_raw,EDGE_SHUFFLE_REPLICATE,0.8821724653244019,0.7773732671216979,0.5292858481407166,-0.00030684471130371094,-0.00047644302658211846,-0.0015456080436706543,0.0009205277892760932,40181,1,44020146,,,,,,,,,,,,,,,,,,
ele-fashion,44,s44_scalar_raw,EDGE_SHUFFLE_REPLICATE,0.882377028465271,0.7783117803472972,0.5295377373695374,-0.00010228157043457031,0.00046207019901722823,-0.0012937188148498535,0.0019433364504948258,40181,2,44020147,,,,,,,,,,,,,,,,,,
ele-fashion,44,s44_scalar_raw,EDGE_SHUFFLE_REPLICATE,0.8820701837539673,0.7774400606884228,0.5301024913787842,-0.00040912628173828125,-0.0004096494598572198,-0.0007289648056030273,0.0015342129627242684,40181,3,44020148,,,,,,,,,,,,,,,,,,
ele-fashion,44,s44_scalar_raw,EDGE_SHUFFLE_REPLICATE,0.8822747468948364,0.7772094470313422,0.529607892036438,-0.00020456314086914062,-0.000640263116937767,-0.0012235641479492188,0.001431932090781629,40181,4,44020149,,,,,,,,,,,,,,,,,,
ele-fashion,44,s44_scalar_raw,EDGE_SHUFFLE_REPLICATE,0.882377028465271,0.7776794203755106,0.5301054120063782,-0.00010228157043457031,-0.00017028977276933865,-0.0007260441780090332,0.0013296512188389897,40181,5,44020150,,,,,,,,,,,,,,,,,,
ele-fashion,44,s44_scalar_raw,EDGE_SHUFFLE_REPLICATE,0.8820701837539673,0.7767830553507097,0.5298469662666321,-0.00040912628173828125,-0.0010666547975702878,-0.000984489917755127,0.0013296512188389897,40181,6,44020151,,,,,,,,,,,,,,,,,,
ele-fashion,44,s44_scalar_raw,EDGE_SHUFFLE_REPLICATE,0.882377028465271,0.7782805711123673,0.5292288661003113,-0.00010228157043457031,0.00043086096408728736,-0.0016025900840759277,0.001125089474953711,40181,7,44020152,,,,,,,,,,,,,,,,,,
ele-fashion,44,s44_scalar_raw,EDGE_SHUFFLE_REPLICATE,0.8826838731765747,0.777552407198229,0.5297035574913025,0.00020456314086914062,-0.0002973029500509261,-0.0011278986930847168,0.0010228086030110717,40181,8,44020153,,,,,,,,,,,,,,,,,,
ele-fashion,44,s44_scalar_raw,EDGE_SHUFFLE_REPLICATE,0.8819679021835327,0.7776213465143242,0.5295083522796631,-0.0005114078521728516,-0.00022836363395573045,-0.001323103904724121,0.0015342129627242684,40181,9,44020154,,,,,,,,,,,,,,,,,,
ele-fashion,44,s44_scalar_raw,EDGE_SHUFFLE_REPLICATE,0.8824793100357056,0.7775952855338882,0.530442476272583,0.0,-0.000254424614391735,-0.0003889799118041992,0.0015342129627242684,40181,10,44020155,,,,,,,,,,,,,,,,,,
ele-fashion,44,s44_scalar_raw,EDGE_SHUFFLE_MEAN_STD,,,,,,,,40181,,,10,0.8822849750518799,0.00020685167480781596,0.7775846641273789,0.00043283086135469546,0.5297369599342346,0.00036750665205355956,-0.0001943349838256836,0.00020685167480781596,-0.0002650460209010608,0.00043283086135469546,-0.0010944962501525878,0.00036750665205355956,0.0013705635734368115,0.0002827099454354968,,,
ele-fashion,44,s44_scalar_rel,MEAN_REPLACE,0.8797177076339722,0.764499138831835,0.46724066138267517,-0.0009205341339111328,-0.0029590080994157386,0.0101889967918396,0.00838703103363514,40181,,,,,,,,,,,,,,,,,,,,
ele-fashion,44,s44_scalar_rel,EDGE_SHUFFLE_REPLICATE,0.8803313970565796,0.7685233443312658,0.4566553235054016,-0.00030684471130371094,0.0010651974000150943,-0.00039634108543395996,0.0019433364504948258,40181,1,44030153,,,,,,,,,,,,,,,,,,
ele-fashion,44,s44_scalar_rel,EDGE_SHUFFLE_REPLICATE,0.8801268339157104,0.7673570930057011,0.45805880427360535,-0.0005114078521728516,-0.00010105392554959902,0.0010071396827697754,0.0016364938346669078,40181,2,44030154,,,,,,,,,,,,,,,,,,
ele-fashion,44,s44_scalar_rel,EDGE_SHUFFLE_REPLICATE,0.8803313970565796,0.7683548142354932,0.45664021372795105,-0.00030684471130371094,0.0008966673042425377,-0.0004114508628845215,0.0017387747066095471,40181,3,44030155,,,,,,,,,,,,,,,,,,
ele-fashion,44,s44_scalar_rel,EDGE_SHUFFLE_REPLICATE,0.8801268339157104,0.7670145051584629,0.4568702280521393,-0.0005114078521728516,-0.00044364177278777284,-0.00018143653869628906,0.0016364938346669078,40181,4,44030156,,,,,,,,,,,,,,,,,,
ele-fashion,44,s44_scalar_rel,EDGE_SHUFFLE_REPLICATE,0.8799222707748413,0.767244096112045,0.45680126547813416,-0.0007159709930419922,-0.00021405081920566893,-0.000250399112701416,0.0019433364504948258,40181,5,44030157,,,,,,,,,,,,,,,,,,
ele-fashion,44,s44_scalar_rel,EDGE_SHUFFLE_REPLICATE,0.8797177076339722,0.7678844420389054,0.45598167181015015,-0.0009205341339111328,0.0004262951076546839,-0.0010699927806854248,0.00255702156573534,40181,6,44030158,,,,,,,,,,,,,,,,,,
ele-fashion,44,s44_scalar_rel,EDGE_SHUFFLE_REPLICATE,0.8800245523452759,0.7670890690875225,0.4576869308948517,-0.0006136894226074219,-0.00036907784372819386,0.0006352663040161133,0.0017387747066095471,40181,7,44030159,,,,,,,,,,,,,,,,,,
ele-fashion,44,s44_scalar_rel,EDGE_SHUFFLE_REPLICATE,0.8804336786270142,0.7674056593833188,0.4571279287338257,-0.00020456314086914062,-5.2487547931856504e-05,7.62641429901123e-05,0.001431932090781629,40181,8,44030160,,,,,,,,,,,,,,,,,,
ele-fashion,44,s44_scalar_rel,EDGE_SHUFFLE_REPLICATE,0.8799222707748413,0.7677987605510785,0.456845760345459,-0.0007159709930419922,0.0003406136198278453,-0.00020590424537658691,0.0019433364504948258,40181,9,44030161,,,,,,,,,,,,,,,,,,
ele-fashion,44,s44_scalar_rel,EDGE_SHUFFLE_REPLICATE,0.8796154260635376,0.7663995094316778,0.4565965533256531,-0.0010228157043457031,-0.001058637499572912,-0.0004551112651824951,0.0017387747066095471,40181,10,44030162,,,,,,,,,,,,,,,,,,
ele-fashion,44,s44_scalar_rel,EDGE_SHUFFLE_MEAN_STD,,,,,,,,40181,,,10,0.8800552368164063,0.0002548843601125613,0.7675071293335471,0.0006103232405477103,0.4569264680147171,0.0005552812246854931,-0.0005830049514770508,0.0002548843601125613,4.898240229641582e-05,0.0006103232405477103,-0.00012519657611846923,0.0005552812246854931,0.0018308274797163905,0.00028729818267883236,,,
ele-fashion,44,s44_scalar_rel_multi,MEAN_REPLACE,0.8797177076339722,0.7646471319053462,0.45899441838264465,-0.0010228157043457031,-0.0015230128745697957,0.009654819965362549,0.012273703701794147,40181,,,,,,,,,,,,,,,,,,,,
ele-fashion,44,s44_scalar_rel_multi,EDGE_SHUFFLE_REPLICATE,0.8801268339157104,0.7657777382094154,0.4503491222858429,-0.0006136894226074219,-0.0003924065705005475,0.001009523868560791,0.0037843920290470123,40181,1,44040160,,,,,,,,,,,,,,,,,,
ele-fashion,44,s44_scalar_rel_multi,EDGE_SHUFFLE_REPLICATE,0.8801268339157104,0.7657608463838854,0.44970017671585083,-0.0006136894226074219,-0.0004092983960305441,0.0003605782985687256,0.002863864181563258,40181,2,44040161,,,,,,,,,,,,,,,,,,
ele-fashion,44,s44_scalar_rel_multi,EDGE_SHUFFLE_REPLICATE,0.8804336786270142,0.7653198174075999,0.449379563331604,-0.00030684471130371094,-0.0008503273723160509,3.9964914321899414e-05,0.00255702156573534,40181,3,44040162,,,,,,,,,,,,,,,,,,
ele-fashion,44,s44_scalar_rel_multi,EDGE_SHUFFLE_REPLICATE,0.8806382417678833,0.767521537993176,0.4499407708644867,-0.00010228157043457031,0.0013513932132600548,0.0006011724472045898,0.0035798302851617336,40181,4,44040163,,,,,,,,,,,,,,,,,,
ele-fashion,44,s44_scalar_rel_multi,EDGE_SHUFFLE_REPLICATE,0.8804336786270142,0.7649379649089472,0.4508430063724518,-0.00030684471130371094,-0.001232179870968797,0.0015034079551696777,0.0037843920290470123,40181,5,44040164,,,,,,,,,,,,,,,,,,
ele-fashion,44,s44_scalar_rel_multi,EDGE_SHUFFLE_REPLICATE,0.8805359601974487,0.7657343885392502,0.44922804832458496,-0.00020456314086914062,-0.00043575624066571894,-0.00011155009269714355,0.002863864181563258,40181,6,44040165,,,,,,,,,,,,,,,,,,
ele-fashion,44,s44_scalar_rel_multi,EDGE_SHUFFLE_REPLICATE,0.8804336786270142,0.7648178056833781,0.449473112821579,-0.00030684471130371094,-0.001352339096537869,0.000133514404296875,0.002761583309620619,40181,7,44040166,,,,,,,,,,,,,,,,,,
ele-fashion,44,s44_scalar_rel_multi,EDGE_SHUFFLE_REPLICATE,0.8801268339157104,0.7655412505334102,0.44958171248435974,-0.0006136894226074219,-0.0006288942465058067,0.00024211406707763672,0.003068425925448537,40181,8,44040167,,,,,,,,,,,,,,,,,,
ele-fashion,44,s44_scalar_rel_multi,EDGE_SHUFFLE_REPLICATE,0.879513144493103,0.7657752751619591,0.45031991600990295,-0.0012273788452148438,-0.00039486961795687225,0.0009803175926208496,0.0029661450535058975,40181,9,44040168,,,,,,,,,,,,,,,,,,
ele-fashion,44,s44_scalar_rel_multi,EDGE_SHUFFLE_REPLICATE,0.8798199892044067,0.7644015232122748,0.45085564255714417,-0.0009205341339111328,-0.0017686215676411265,0.0015160441398620605,0.0026593024376779795,40181,10,44040169,,,,,,,,,,,,,,,,,,
ele-fashion,44,s44_scalar_rel_multi,EDGE_SHUFFLE_MEAN_STD,,,,,,,,40181,,,10,0.8802188873291016,0.0003312723066215995,0.7655588148033297,0.0007968694343186694,0.4499671071767807,0.0005641830253264072,-0.0005216360092163086,0.0003312723066215995,-0.0006113299765863278,0.0007968694343186694,0.0006275087594985962,0.0005641830253264072,0.0030888820998370647,0.00043586534854091587,,,
ele-fashion,44,s44_lowrank_global,MEAN_REPLACE,0.8798199892044067,0.769563320639709,0.5198796987533569,0.0,0.0,5.960464477539063e-08,0.0,40181,,,,,,,,,,,,,,,,,,,,
ele-fashion,44,s44_lowrank_global,EDGE_SHUFFLE_REPLICATE,0.8798199892044067,0.769563320639709,0.5198796391487122,0.0,0.0,0.0,0.0,40181,1,44050167,,,,,,,,,,,,,,,,,,
ele-fashion,44,s44_lowrank_global,EDGE_SHUFFLE_REPLICATE,0.8798199892044067,0.769563320639709,0.5198796391487122,0.0,0.0,0.0,0.0,40181,2,44050168,,,,,,,,,,,,,,,,,,
ele-fashion,44,s44_lowrank_global,EDGE_SHUFFLE_REPLICATE,0.8798199892044067,0.769563320639709,0.5198796391487122,0.0,0.0,0.0,0.0,40181,3,44050169,,,,,,,,,,,,,,,,,,
ele-fashion,44,s44_lowrank_global,EDGE_SHUFFLE_REPLICATE,0.8798199892044067,0.769563320639709,0.5198796987533569,0.0,0.0,5.960464477539063e-08,0.0,40181,4,44050170,,,,,,,,,,,,,,,,,,
ele-fashion,44,s44_lowrank_global,EDGE_SHUFFLE_REPLICATE,0.8798199892044067,0.769563320639709,0.5198796987533569,0.0,0.0,5.960464477539063e-08,0.0,40181,5,44050171,,,,,,,,,,,,,,,,,,
ele-fashion,44,s44_lowrank_global,EDGE_SHUFFLE_REPLICATE,0.8798199892044067,0.769563320639709,0.5198796987533569,0.0,0.0,5.960464477539063e-08,0.0,40181,6,44050172,,,,,,,,,,,,,,,,,,
ele-fashion,44,s44_lowrank_global,EDGE_SHUFFLE_REPLICATE,0.8798199892044067,0.769563320639709,0.5198796391487122,0.0,0.0,0.0,0.0,40181,7,44050173,,,,,,,,,,,,,,,,,,
ele-fashion,44,s44_lowrank_global,EDGE_SHUFFLE_REPLICATE,0.8798199892044067,0.769563320639709,0.5198796391487122,0.0,0.0,0.0,0.0,40181,8,44050174,,,,,,,,,,,,,,,,,,
ele-fashion,44,s44_lowrank_global,EDGE_SHUFFLE_REPLICATE,0.8798199892044067,0.769563320639709,0.5198796391487122,0.0,0.0,0.0,0.0,40181,9,44050175,,,,,,,,,,,,,,,,,,
ele-fashion,44,s44_lowrank_global,EDGE_SHUFFLE_REPLICATE,0.8798199892044067,0.769563320639709,0.5198796391487122,0.0,0.0,0.0,0.0,40181,10,44050176,,,,,,,,,,,,,,,,,,
ele-fashion,44,s44_lowrank_global,EDGE_SHUFFLE_MEAN_STD,,,,,,,,40181,,,10,0.8798199892044067,0.0,0.769563320639709,0.0,0.5198796570301056,2.7314279645418167e-08,0.0,0.0,0.0,0.0,1.7881393432617187e-08,2.7314279645418167e-08,0.0,0.0,,,
ele-fashion,44,s44_lowrank_global,ZERO_DYNAMIC,0.8799222707748413,0.7689365080663257,0.5199862718582153,0.00010228157043457031,-0.0006268125733832619,0.00010663270950317383,0.0005114043015055358,,,,,,,,,,,,,,,,,,,3.814697265625e-06,1e-05,1e-06
ele-fashion,44,s44_lowrank_rel,MEAN_REPLACE,0.8798199892044067,0.7741840943826653,0.48731568455696106,0.0,0.0024703833150050425,0.002364516258239746,0.012478264980018139,40181,,,,,,,,,,,,,,,,,,,,
ele-fashion,44,s44_lowrank_rel,EDGE_SHUFFLE_REPLICATE,0.8799222707748413,0.7734070345650512,0.4853406250476837,0.00010228157043457031,0.0016933234973909306,0.00038945674896240234,0.0005114043015055358,40181,1,44060174,,,,,,,,,,,,,,,,,,
ele-fashion,44,s44_lowrank_rel,EDGE_SHUFFLE_REPLICATE,0.8799222707748413,0.7733111031443596,0.48536404967308044,0.00010228157043457031,0.0015973920766992888,0.00041288137435913086,0.0003068425867240876,40181,2,44060175,,,,,,,,,,,,,,,,,,
ele-fashion,44,s44_lowrank_rel,EDGE_SHUFFLE_REPLICATE,0.8799222707748413,0.7733437010181672,0.4850463271141052,0.00010228157043457031,0.0016299899505068938,9.515881538391113e-05,0.0003068425867240876,40181,3,44060176,,,,,,,,,,,,,,,,,,
ele-fashion,44,s44_lowrank_rel,EDGE_SHUFFLE_REPLICATE,0.8801268339157104,0.7734903653155871,0.4854919910430908,0.00030684471130371094,0.0017766542479268344,0.0005408227443695068,0.0003068425867240876,40181,4,44060177,,,,,,,,,,,,,,,,,,
ele-fashion,44,s44_lowrank_rel,EDGE_SHUFFLE_REPLICATE,0.8799222707748413,0.7718862460848883,0.4851064085960388,0.00010228157043457031,0.000172535017228026,0.00015524029731750488,0.00040912345866672695,40181,5,44060178,,,,,,,,,,,,,,,,,,
ele-fashion,44,s44_lowrank_rel,EDGE_SHUFFLE_REPLICATE,0.8799222707748413,0.7729787045950224,0.4851078987121582,0.00010228157043457031,0.0012649935273620905,0.00015673041343688965,0.0005114043015055358,40181,6,44060179,,,,,,,,,,,,,,,,,,
ele-fashion,44,s44_lowrank_rel,EDGE_SHUFFLE_REPLICATE,0.8796154260635376,0.7712019392391251,0.48550108075141907,-0.00020456314086914062,-0.0005117718285352346,0.0005499124526977539,0.00020456172933336347,40181,7,44060180,,,,,,,,,,,,,,,,,,
ele-fashion,44,s44_lowrank_rel,EDGE_SHUFFLE_REPLICATE,0.8797177076339722,0.7731645364544925,0.4851805567741394,-0.00010228157043457031,0.0014508253868321663,0.00022938847541809082,0.0003068425867240876,40181,8,44060181,,,,,,,,,,,,,,,,,,
ele-fashion,44,s44_lowrank_rel,EDGE_SHUFFLE_REPLICATE,0.8799222707748413,0.7729787045950224,0.4853307008743286,0.00010228157043457031,0.0012649935273620905,0.0003795325756072998,0.0005114043015055358,40181,9,44060182,,,,,,,,,,,,,,,,,,
ele-fashion,44,s44_lowrank_rel,EDGE_SHUFFLE_REPLICATE,0.8798199892044067,0.7732532703556282,0.4852530360221863,0.0,0.0015395592879678954,0.0003018677234649658,0.00040912345866672695,40181,10,44060183,,,,,,,,,,,,,,,,,,
ele-fashion,44,s44_lowrank_rel,EDGE_SHUFFLE_MEAN_STD,,,,,,,,40181,,,10,0.8798813581466675,0.00013098432053845844,0.7729015605367344,0.0007134243440326901,0.4852722674608231,0.00015215162163588814,6.136894226074218e-05,0.00013098432053845844,0.001187849469074098,0.0007134243440326901,0.0003210991621017456,0.00015215162163588814,0.00037843918980797755,0.00010279099038862006,,,
ele-fashion,44,s44_lowrank_rel,ZERO_DYNAMIC,0.875421941280365,0.7571230426949015,0.5004842877388,-0.004398047924041748,-0.014590668372758797,0.015533119440078735,0.01841055601835251,,,,,,,,,,,,,,,,,,,3.814697265625e-06,1e-05,1e-06
ele-fashion,44,s44_lowrank_rel_multi,MEAN_REPLACE,0.876137912273407,0.7571413817761904,0.4912365972995758,-0.0025569796562194824,-0.010024956923679551,0.016240030527114868,0.026797587051987648,40181,,,,,,,,,,,,,,,,,,,,
ele-fashion,44,s44_lowrank_rel_multi,EDGE_SHUFFLE_REPLICATE,0.8784903287887573,0.7662093215828777,0.4756855070590973,-0.00020456314086914062,-0.0009570171169922537,0.0006889402866363525,0.0016364938346669078,40181,1,44070181,,,,,,,,,,,,,,,,,,
ele-fashion,44,s44_lowrank_rel_multi,EDGE_SHUFFLE_REPLICATE,0.8784903287887573,0.7665048192782827,0.4750501215457916,-0.00020456314086914062,-0.0006615194215872089,5.3554773330688477e-05,0.0015342129627242684,40181,2,44070182,,,,,,,,,,,,,,,,,,
ele-fashion,44,s44_lowrank_rel_multi,EDGE_SHUFFLE_REPLICATE,0.8790017366409302,0.7667540400888345,0.4750567674636841,0.00030684471130371094,-0.0004122986110354221,6.020069122314453e-05,0.0015342129627242684,40181,3,44070183,,,,,,,,,,,,,,,,,,
ele-fashion,44,s44_lowrank_rel_multi,EDGE_SHUFFLE_REPLICATE,0.878081202507019,0.7668422529933832,0.47533413767814636,-0.0006136894226074219,-0.00032408570648678747,0.0003375709056854248,0.0012273703468963504,40181,4,44070184,,,,,,,,,,,,,,,,,,
ele-fashion,44,s44_lowrank_rel_multi,EDGE_SHUFFLE_REPLICATE,0.8779789209365845,0.7656878937604931,0.47582751512527466,-0.0007159709930419922,-0.0014784449393768773,0.0008309483528137207,0.0013296512188389897,40181,5,44070185,,,,,,,,,,,,,,,,,,
ele-fashion,44,s44_lowrank_rel_multi,EDGE_SHUFFLE_REPLICATE,0.878081202507019,0.7656471729703593,0.47526979446411133,-0.0006136894226074219,-0.0015191657295106076,0.0002732276916503906,0.0015342129627242684,40181,6,44070186,,,,,,,,,,,,,,,,,,
ele-fashion,44,s44_lowrank_rel_multi,EDGE_SHUFFLE_REPLICATE,0.8782857656478882,0.7670588772846257,0.47602882981300354,-0.00040912628173828125,-0.00010746141524420327,0.0010322630405426025,0.001431932090781629,40181,7,44070187,,,,,,,,,,,,,,,,,,
ele-fashion,44,s44_lowrank_rel_multi,EDGE_SHUFFLE_REPLICATE,0.8782857656478882,0.7668493115059518,0.47563278675079346,-0.00040912628173828125,-0.00031702719391812906,0.0006362199783325195,0.001125089474953711,40181,8,44070188,,,,,,,,,,,,,,,,,,
ele-fashion,44,s44_lowrank_rel_multi,EDGE_SHUFFLE_REPLICATE,0.8785926103591919,0.7671601339673728,0.4743967652320862,-0.00010228157043457031,-6.2047324971281625e-06,-0.0005998015403747559,0.0009205277892760932,40181,9,44070189,,,,,,,,,,,,,,,,,,
ele-fashion,44,s44_lowrank_rel_multi,EDGE_SHUFFLE_REPLICATE,0.8781834840774536,0.7658202192024043,0.4756889045238495,-0.0005114078521728516,-0.0013461194974656587,0.0006923377513885498,0.0013296512188389897,40181,10,44070190,,,,,,,,,,,,,,,,,,
ele-fashion,44,s44_lowrank_rel_multi,EDGE_SHUFFLE_MEAN_STD,,,,,,,,40181,,,10,0.8783471345901489,0.0002900183063024095,0.7664534042634585,0.0005443850329548254,0.4753971129655838,0.00045445322924320044,-0.00034775733947753904,0.0002900183063024095,-0.0007129344364114276,0.0005443850329548254,0.0004005461931228638,0.00045445322924320044,0.0013603354862425476,0.00020986279103755716,,,
ele-fashion,44,s44_lowrank_rel_multi,ZERO_DYNAMIC,0.8457604646682739,0.7424254549361429,0.524365246295929,-0.03293442726135254,-0.024740883763727073,0.04936867952346802,0.06801677495241165,,,,,,,,,,,,,,,,,,,3.814697265625e-06,1e-05,1e-06
ele-fashion,44,s44_expert_rel,MEAN_REPLACE,0.8792062997817993,0.7594692685250817,0.45042553544044495,-0.0006136894226074219,-0.0034241237138250558,0.0014982521533966064,0.010739490389823914,40181,,,,,,,,,,,,,,,,,,,,
ele-fashion,44,s44_expert_rel,EDGE_SHUFFLE_REPLICATE,0.8799222707748413,0.7629650787426866,0.4493716359138489,0.00010228157043457031,7.16865037798664e-05,0.0004443526268005371,0.0003068425867240876,40181,1,44090195,,,,,,,,,,,,,,,,,,
ele-fashion,44,s44_expert_rel,EDGE_SHUFFLE_REPLICATE,0.8796154260635376,0.7626342302641519,0.44929200410842896,-0.00020456314086914062,-0.00025916197475484015,0.00036472082138061523,0.0005114043015055358,40181,2,44090196,,,,,,,,,,,,,,,,,,
ele-fashion,44,s44_expert_rel,EDGE_SHUFFLE_REPLICATE,0.8798199892044067,0.762698434583115,0.44881492853164673,0.0,-0.00019495765579169433,-0.00011235475540161133,0.0005114043015055358,40181,3,44090197,,,,,,,,,,,,,,,,,,
ele-fashion,44,s44_expert_rel,EDGE_SHUFFLE_REPLICATE,0.8797177076339722,0.7626408009889097,0.4491271674633026,-0.00010228157043457031,-0.0002525912499969918,0.00019988417625427246,0.00040912345866672695,40181,4,44090198,,,,,,,,,,,,,,,,,,
ele-fashion,44,s44_expert_rel,EDGE_SHUFFLE_REPLICATE,0.8798199892044067,0.7629073466802577,0.4489118158817291,0.0,1.3954441350993996e-05,-1.5467405319213867e-05,0.00020456172933336347,40181,5,44090199,,,,,,,,,,,,,,,,,,
ele-fashion,44,s44_expert_rel,EDGE_SHUFFLE_REPLICATE,0.879513144493103,0.7625077549980186,0.44912195205688477,-0.00030684471130371094,-0.000385637240888137,0.00019466876983642578,0.0003068425867240876,40181,6,44090200,,,,,,,,,,,,,,,,,,
ele-fashion,44,s44_expert_rel,EDGE_SHUFFLE_REPLICATE,0.8797177076339722,0.7626901462956877,0.44899487495422363,-0.00010228157043457031,-0.00020324594321907696,6.759166717529297e-05,0.00040912345866672695,40181,7,44090201,,,,,,,,,,,,,,,,,,
ele-fashion,44,s44_expert_rel,EDGE_SHUFFLE_REPLICATE,0.8798199892044067,0.762636722807481,0.44885602593421936,0.0,-0.00025666943142577114,-7.125735282897949e-05,0.0005114043015055358,40181,8,44090202,,,,,,,,,,,,,,,,,,
ele-fashion,44,s44_expert_rel,EDGE_SHUFFLE_REPLICATE,0.8797177076339722,0.7625275436482841,0.44870129227638245,-0.00010228157043457031,-0.00036584859062260833,-0.00022599101066589355,0.0006136851734481752,40181,9,44090203,,,,,,,,,,,,,,,,,,
ele-fashion,44,s44_expert_rel,EDGE_SHUFFLE_REPLICATE,0.8797177076339722,0.7625808048852751,0.4494830369949341,-0.00010228157043457031,-0.0003125873536315993,0.0005557537078857422,0.0006136851734481752,40181,10,44090204,,,,,,,,,,,,,,,,,,
ele-fashion,44,s44_expert_rel,EDGE_SHUFFLE_MEAN_STD,,,,,,,,40181,,,10,0.879738163948059,0.00011016062270453941,0.7626788863893867,0.00014200073228493092,0.44906747341156006,0.00024376846278310679,-8.182525634765625e-05,0.00011016062270453941,-0.00021450584951998586,0.00014200073228493092,0.00014019012451171875,0.00024376846278310679,0.00043980770715279505,0.00012977986220177084,,,
ele-fashion,44,s44_expert_rel,ROUTE_EDGE_SHUFFLE_REPLICATE,0.8799222707748413,0.7629650787426866,0.4493716359138489,0.00010228157043457031,7.16865037798664e-05,0.0004443526268005371,0.0003068425867240876,40181,1,44090195,,,,,,,,,,,,,,,,,,
ele-fashion,44,s44_expert_rel,ROUTE_EDGE_SHUFFLE_REPLICATE,0.8796154260635376,0.7626342302641519,0.44929200410842896,-0.00020456314086914062,-0.00025916197475484015,0.00036472082138061523,0.0005114043015055358,40181,2,44090196,,,,,,,,,,,,,,,,,,
ele-fashion,44,s44_expert_rel,ROUTE_EDGE_SHUFFLE_REPLICATE,0.8798199892044067,0.762698434583115,0.44881492853164673,0.0,-0.00019495765579169433,-0.00011235475540161133,0.0005114043015055358,40181,3,44090197,,,,,,,,,,,,,,,,,,
ele-fashion,44,s44_expert_rel,ROUTE_EDGE_SHUFFLE_REPLICATE,0.8797177076339722,0.7626408009889097,0.4491271674633026,-0.00010228157043457031,-0.0002525912499969918,0.00019988417625427246,0.00040912345866672695,40181,4,44090198,,,,,,,,,,,,,,,,,,
ele-fashion,44,s44_expert_rel,ROUTE_EDGE_SHUFFLE_REPLICATE,0.8798199892044067,0.7629073466802577,0.4489118158817291,0.0,1.3954441350993996e-05,-1.5467405319213867e-05,0.00020456172933336347,40181,5,44090199,,,,,,,,,,,,,,,,,,
ele-fashion,44,s44_expert_rel,ROUTE_EDGE_SHUFFLE_REPLICATE,0.879513144493103,0.7625077549980186,0.44912195205688477,-0.00030684471130371094,-0.000385637240888137,0.00019466876983642578,0.0003068425867240876,40181,6,44090200,,,,,,,,,,,,,,,,,,
ele-fashion,44,s44_expert_rel,ROUTE_EDGE_SHUFFLE_REPLICATE,0.8797177076339722,0.7626901462956877,0.44899487495422363,-0.00010228157043457031,-0.00020324594321907696,6.759166717529297e-05,0.00040912345866672695,40181,7,44090201,,,,,,,,,,,,,,,,,,
ele-fashion,44,s44_expert_rel,ROUTE_EDGE_SHUFFLE_REPLICATE,0.8798199892044067,0.762636722807481,0.44885602593421936,0.0,-0.00025666943142577114,-7.125735282897949e-05,0.0005114043015055358,40181,8,44090202,,,,,,,,,,,,,,,,,,
ele-fashion,44,s44_expert_rel,ROUTE_EDGE_SHUFFLE_REPLICATE,0.8797177076339722,0.7625275436482841,0.44870129227638245,-0.00010228157043457031,-0.00036584859062260833,-0.00022599101066589355,0.0006136851734481752,40181,9,44090203,,,,,,,,,,,,,,,,,,
ele-fashion,44,s44_expert_rel,ROUTE_EDGE_SHUFFLE_REPLICATE,0.8797177076339722,0.7625808048852751,0.4494830369949341,-0.00010228157043457031,-0.0003125873536315993,0.0005557537078857422,0.0006136851734481752,40181,10,44090204,,,,,,,,,,,,,,,,,,
ele-fashion,44,s44_expert_rel,ROUTE_EDGE_SHUFFLE_MEAN_STD,,,,,,,,40181,,,10,0.879738163948059,0.00011016062270453941,0.7626788863893867,0.00014200073228493092,0.44906747341156006,0.00024376846278310679,-8.182525634765625e-05,0.00011016062270453941,-0.00021450584951998586,0.00014200073228493092,0.00014019012451171875,0.00024376846278310679,0.00043980770715279505,0.00012977986220177084,,,
ele-fashion,44,s44_expert_rel,ROUTE_UNIFORMIZE,0.8778766393661499,0.7578100107696248,0.4469962418079376,-0.001943349838256836,-0.005083381469281889,-0.0019310414791107178,0.01094405259937048,,,,,,,,,,,,,,,,,,,,,
ele-fashion,44,s44_expert_rel_multi,MEAN_REPLACE,0.8785926103591919,0.7625344929344018,0.44877520203590393,-0.00020456314086914062,-0.00046358696058490523,-0.0037761032581329346,0.010330366902053356,40181,,,,,,,,,,,,,,,,,,,,
ele-fashion,44,s44_expert_rel_multi,EDGE_SHUFFLE_REPLICATE,0.8788994550704956,0.7621462407160539,0.4528901278972626,0.00010228157043457031,-0.0008518391789328339,0.000338822603225708,0.0005114043015055358,40181,1,44100202,,,,,,,,,,,,,,,,,,
ele-fashion,44,s44_expert_rel_multi,EDGE_SHUFFLE_REPLICATE,0.8790017366409302,0.7630715554264238,0.4528878629207611,0.00020456314086914062,7.347553143710606e-05,0.00033655762672424316,0.00020456172933336347,40181,2,44100203,,,,,,,,,,,,,,,,,,
ele-fashion,44,s44_expert_rel_multi,EDGE_SHUFFLE_REPLICATE,0.878797173500061,0.7628219691720656,0.4526515603065491,0.0,-0.00017611072292111896,0.00010025501251220703,0.00020456172933336347,40181,3,44100204,,,,,,,,,,,,,,,,,,
ele-fashion,44,s44_expert_rel_multi,EDGE_SHUFFLE_REPLICATE,0.8786948919296265,0.7627883969248814,0.45321226119995117,-0.00010228157043457031,-0.0002096829701052627,0.0006609559059143066,0.0003068425867240876,40181,4,44100205,,,,,,,,,,,,,,,,,,
ele-fashion,44,s44_expert_rel_multi,EDGE_SHUFFLE_REPLICATE,0.878797173500061,0.7621126669837955,0.45314642786979675,0.0,-0.0008854129111911524,0.0005951225757598877,0.0006136851734481752,40181,5,44100206,,,,,,,,,,,,,,,,,,
ele-fashion,44,s44_expert_rel_multi,EDGE_SHUFFLE_REPLICATE,0.8790017366409302,0.7630749391797177,0.45295414328575134,0.00020456314086914062,7.685928473100123e-05,0.00040283799171447754,0.00020456172933336347,40181,6,44100207,,,,,,,,,,,,,,,,,,
ele-fashion,44,s44_expert_rel_multi,EDGE_SHUFFLE_REPLICATE,0.8788994550704956,0.7630413596335771,0.45266494154930115,0.00010228157043457031,4.3279738590418226e-05,0.00011363625526428223,0.0003068425867240876,40181,7,44100208,,,,,,,,,,,,,,,,,,
ele-fashion,44,s44_expert_rel_multi,EDGE_SHUFFLE_REPLICATE,0.878797173500061,0.7628285124202182,0.4525681436061859,0.0,-0.00016956747476848388,1.683831214904785e-05,0.00040912345866672695,40181,8,44100209,,,,,,,,,,,,,,,,,,
ele-fashion,44,s44_expert_rel_multi,EDGE_SHUFFLE_REPLICATE,0.878797173500061,0.7622887777067167,0.45319950580596924,0.0,-0.0007093021882700334,0.000648200511932373,0.00040912345866672695,40181,9,44100210,,,,,,,,,,,,,,,,,,
ele-fashion,44,s44_expert_rel_multi,EDGE_SHUFFLE_REPLICATE,0.8788994550704956,0.7628620919663589,0.4527435302734375,0.00010228157043457031,-0.00013598792862778986,0.00019222497940063477,0.0003068425867240876,40181,10,44100211,,,,,,,,,,,,,,,,,,
ele-fashion,44,s44_expert_rel_multi,EDGE_SHUFFLE_MEAN_STD,,,,,,,,40181,,,10,0.8788585424423218,9.374260774307516e-05,0.7627036510129809,0.0003579411764264144,0.4528918504714966,0.00022406155228823723,6.136894226074218e-05,9.374260774307516e-05,-0.00029442888200581496,0.0003579411764264144,0.0003405451774597168,0.00022406155228823723,0.00034775493404595184,0.00013098341171478373,,,
ele-fashion,44,s44_expert_rel_multi,ROUTE_EDGE_SHUFFLE_REPLICATE,0.8788994550704956,0.7621462407160539,0.4528901278972626,0.00010228157043457031,-0.0008518391789328339,0.000338822603225708,0.0005114043015055358,40181,1,44100202,,,,,,,,,,,,,,,,,,
ele-fashion,44,s44_expert_rel_multi,ROUTE_EDGE_SHUFFLE_REPLICATE,0.8790017366409302,0.7630715554264238,0.4528878629207611,0.00020456314086914062,7.347553143710606e-05,0.00033655762672424316,0.00020456172933336347,40181,2,44100203,,,,,,,,,,,,,,,,,,
ele-fashion,44,s44_expert_rel_multi,ROUTE_EDGE_SHUFFLE_REPLICATE,0.878797173500061,0.7628219691720656,0.4526515603065491,0.0,-0.00017611072292111896,0.00010025501251220703,0.00020456172933336347,40181,3,44100204,,,,,,,,,,,,,,,,,,
ele-fashion,44,s44_expert_rel_multi,ROUTE_EDGE_SHUFFLE_REPLICATE,0.8786948919296265,0.7627883969248814,0.45321226119995117,-0.00010228157043457031,-0.0002096829701052627,0.0006609559059143066,0.0003068425867240876,40181,4,44100205,,,,,,,,,,,,,,,,,,
ele-fashion,44,s44_expert_rel_multi,ROUTE_EDGE_SHUFFLE_REPLICATE,0.878797173500061,0.7621126669837955,0.45314642786979675,0.0,-0.0008854129111911524,0.0005951225757598877,0.0006136851734481752,40181,5,44100206,,,,,,,,,,,,,,,,,,
ele-fashion,44,s44_expert_rel_multi,ROUTE_EDGE_SHUFFLE_REPLICATE,0.8790017366409302,0.7630749391797177,0.45295414328575134,0.00020456314086914062,7.685928473100123e-05,0.00040283799171447754,0.00020456172933336347,40181,6,44100207,,,,,,,,,,,,,,,,,,
ele-fashion,44,s44_expert_rel_multi,ROUTE_EDGE_SHUFFLE_REPLICATE,0.8788994550704956,0.7630413596335771,0.45266494154930115,0.00010228157043457031,4.3279738590418226e-05,0.00011363625526428223,0.0003068425867240876,40181,7,44100208,,,,,,,,,,,,,,,,,,
ele-fashion,44,s44_expert_rel_multi,ROUTE_EDGE_SHUFFLE_REPLICATE,0.878797173500061,0.7628285124202182,0.4525681436061859,0.0,-0.00016956747476848388,1.683831214904785e-05,0.00040912345866672695,40181,8,44100209,,,,,,,,,,,,,,,,,,
ele-fashion,44,s44_expert_rel_multi,ROUTE_EDGE_SHUFFLE_REPLICATE,0.878797173500061,0.7622887777067167,0.45319950580596924,0.0,-0.0007093021882700334,0.000648200511932373,0.00040912345866672695,40181,9,44100210,,,,,,,,,,,,,,,,,,
ele-fashion,44,s44_expert_rel_multi,ROUTE_EDGE_SHUFFLE_REPLICATE,0.8788994550704956,0.7628620919663589,0.4527435302734375,0.00010228157043457031,-0.00013598792862778986,0.00019222497940063477,0.0003068425867240876,40181,10,44100211,,,,,,,,,,,,,,,,,,
ele-fashion,44,s44_expert_rel_multi,ROUTE_EDGE_SHUFFLE_MEAN_STD,,,,,,,,40181,,,10,0.8788585424423218,9.374260774307516e-05,0.7627036510129809,0.0003579411764264144,0.4528918504714966,0.00022406155228823723,6.136894226074218e-05,9.374260774307516e-05,-0.00029442888200581496,0.0003579411764264144,0.0003405451774597168,0.00022406155228823723,0.00034775493404595184,0.00013098341171478373,,,
ele-fashion,44,s44_expert_rel_multi,ROUTE_UNIFORMIZE,0.8782857656478882,0.7615119252666678,0.44886475801467896,-0.0005114078521728516,-0.0014861546283189142,-0.00368654727935791,0.009921243414282799,,,,,,,,,,,,,,,,,,,,,
Reddit-S,42,s44_scalar_raw,MEAN_REPLACE,0.9597357511520386,0.9206825557949451,0.18379947543144226,-0.001258254051208496,-0.002885853100786262,-0.0009641945362091064,0.0018873859662562609,59102,,,,,,,,,,,,,,,,,,,,
Reddit-S,42,s44_scalar_raw,EDGE_SHUFFLE_REPLICATE,0.9606794714927673,0.9230437205382307,0.1852121502161026,-0.00031453371047973633,-0.0005246883575006356,0.0004484802484512329,0.0009436929831281304,59102,1,42020140,,,,,,,,,,,,,,,,,,
Reddit-S,42,s44_scalar_raw,EDGE_SHUFFLE_REPLICATE,0.9606794714927673,0.9230437205382307,0.18511159718036652,-0.00031453371047973633,-0.0005246883575006356,0.0003479272127151489,0.0009436929831281304,59102,2,42020141,,,,,,,,,,,,,,,,,,
Reddit-S,42,s44_scalar_raw,EDGE_SHUFFLE_REPLICATE,0.9609940052032471,0.923177753846671,0.18273477256298065,0.0,-0.0003906550490603289,-0.0020288974046707153,0.0006291286554187536,59102,3,42020142,,,,,,,,,,,,,,,,,,
Reddit-S,42,s44_scalar_raw,EDGE_SHUFFLE_REPLICATE,0.9609940052032471,0.9233574091053139,0.1839269995689392,0.0,-0.0002109997904173877,-0.0008366703987121582,0.0006291286554187536,59102,4,42020143,,,,,,,,,,,,,,,,,,
Reddit-S,42,s44_scalar_raw,EDGE_SHUFFLE_REPLICATE,0.9606794714927673,0.9243271828818157,0.1843876838684082,-0.00031453371047973633,0.0007587739860843712,-0.00037598609924316406,0.0009436929831281304,59102,5,42020144,,,,,,,,,,,,,,,,,,
Reddit-S,42,s44_scalar_raw,EDGE_SHUFFLE_REPLICATE,0.9606794714927673,0.9230437205382307,0.18517035245895386,-0.00031453371047973633,-0.0005246883575006356,0.00040668249130249023,0.0009436929831281304,59102,6,42020145,,,,,,,,,,,,,,,,,,
Reddit-S,42,s44_scalar_raw,EDGE_SHUFFLE_REPLICATE,0.9606794714927673,0.9230437205382307,0.1838187873363495,-0.00031453371047973633,-0.0005246883575006356,-0.0009448826313018799,0.0009436929831281304,59102,7,42020146,,,,,,,,,,,,,,,,,,
Reddit-S,42,s44_scalar_raw,EDGE_SHUFFLE_REPLICATE,0.9613085985183716,0.9252041304029041,0.1819073110818863,0.0003145933151245117,0.0016357215071727271,-0.0028563588857650757,0.001572821638546884,59102,8,42020147,,,,,,,,,,,,,,,,,,
Reddit-S,42,s44_scalar_raw,EDGE_SHUFFLE_REPLICATE,0.9609940052032471,0.9252316959891453,0.1826464980840683,0.0,0.001663287093414012,-0.002117171883583069,0.001572821638546884,59102,9,42020148,,,,,,,,,,,,,,,,,,
Reddit-S,42,s44_scalar_raw,EDGE_SHUFFLE_REPLICATE,0.9616231322288513,0.9260923802011579,0.18315067887306213,0.000629127025604248,0.0025239713054265867,-0.0016129910945892334,0.0018873859662562609,59102,10,42020149,,,,,,,,,,,,,,,,,,
Reddit-S,42,s44_scalar_raw,EDGE_SHUFFLE_MEAN_STD,,,,,,,,59102,,,10,0.9609311103820801,0.00030819952273018726,0.923956543457993,0.0011036356872355306,0.1838066831231117,0.0011145803797743767,-6.289482116699219e-05,0.00030819952273018726,0.00038813456226174383,0.0011036356872355306,-0.0009569868445396424,0.0011145803797743767,0.0011009751469828188,0.0004040651950378381,,,
Reddit-S,42,s44_scalar_rel,MEAN_REPLACE,0.9606794714927673,0.9223086660880409,0.19713091850280762,-0.001258254051208496,-0.00208335385111158,-0.0026051998138427734,0.00408933637663722,59102,,,,,,,,,,,,,,,,,,,,
Reddit-S,42,s44_scalar_rel,EDGE_SHUFFLE_REPLICATE,0.9616231322288513,0.9259284182830848,0.19813373684883118,-0.0003145933151245117,0.001536398343932377,-0.0016023814678192139,0.001572821638546884,59102,1,42030147,,,,,,,,,,,,,,,,,,
Reddit-S,42,s44_scalar_rel,EDGE_SHUFFLE_REPLICATE,0.9616231322288513,0.9245234779138862,0.1990950107574463,-0.0003145933151245117,0.00013145797473379517,-0.0006411075592041016,0.0009436929831281304,59102,2,42030148,,,,,,,,,,,,,,,,,,
Reddit-S,42,s44_scalar_rel,EDGE_SHUFFLE_REPLICATE,0.9613085985183716,0.924240532060781,0.20030342042446136,-0.000629127025604248,-0.00015148787837138133,0.0005673021078109741,0.0012582573108375072,59102,3,42030149,,,,,,,,,,,,,,,,,,
Reddit-S,42,s44_scalar_rel,EDGE_SHUFFLE_REPLICATE,0.9622522592544556,0.925379190227224,0.1983080804347992,0.00031453371047973633,0.0009871702880716038,-0.0014280378818511963,0.001572821638546884,59102,4,42030150,,,,,,,,,,,,,,,,,,
Reddit-S,42,s44_scalar_rel,EDGE_SHUFFLE_REPLICATE,0.9616231322288513,0.9262025838205792,0.2005402147769928,-0.0003145933151245117,0.0018105638814267522,0.0008040964603424072,0.0018873859662562609,59102,5,42030151,,,,,,,,,,,,,,,,,,
Reddit-S,42,s44_scalar_rel,EDGE_SHUFFLE_REPLICATE,0.9609940052032471,0.9236190337821565,0.20141902565956116,-0.0009437203407287598,-0.0007729861569959473,0.0016829073429107666,0.0009436929831281304,59102,6,42030152,,,,,,,,,,,,,,,,,,
Reddit-S,42,s44_scalar_rel,EDGE_SHUFFLE_REPLICATE,0.9622522592544556,0.9252557517083823,0.1985108107328415,0.00031453371047973633,0.0008637317692298252,-0.001225307583808899,0.001572821638546884,59102,7,42030153,,,,,,,,,,,,,,,,,,
Reddit-S,42,s44_scalar_rel,EDGE_SHUFFLE_REPLICATE,0.9628813862800598,0.9275121004852929,0.1966186761856079,0.0009436607360839844,0.0031200805461404357,-0.0031174421310424805,0.001572821638546884,59102,8,42030154,,,,,,,,,,,,,,,,,,
Reddit-S,42,s44_scalar_rel,EDGE_SHUFFLE_REPLICATE,0.9619377255439758,0.9250427047883569,0.19659677147865295,0.0,0.000650684849204497,-0.0031393468379974365,0.0012582573108375072,59102,9,42030155,,,,,,,,,,,,,,,,,,
Reddit-S,42,s44_scalar_rel,EDGE_SHUFFLE_REPLICATE,0.9628813862800598,0.9273627965909821,0.19752216339111328,0.0009436607360839844,0.002970776651829654,-0.0022139549255371094,0.001572821638546884,59102,10,42030156,,,,,,,,,,,,,,,,,,
Reddit-S,42,s44_scalar_rel,EDGE_SHUFFLE_MEAN_STD,,,,,,,,59102,,,10,0.9619377017021179,0.0005968391602131214,0.9255066589660726,0.0012065049631569986,0.19870479106903077,0.0015543190652768854,-2.384185791015625e-08,0.0005968391602131214,0.0011146390269201611,0.0012065049631569986,-0.0010313272476196289,0.0015543190652768854,0.0014155394746921957,0.00029001398039950484,,,
Reddit-S,42,s44_scalar_rel_multi,MEAN_REPLACE,0.9603648781776428,0.9215108942899368,0.22765877842903137,-0.0009437203407287598,-0.0025354739013365712,-0.0030709505081176758,0.00471846479922533,59102,,,,,,,,,,,,,,,,,,,,
Reddit-S,42,s44_scalar_rel_multi,EDGE_SHUFFLE_REPLICATE,0.9616231322288513,0.9253976720610044,0.22456738352775574,0.00031453371047973633,0.0013513038697310353,-0.0061623454093933105,0.0022019504103809595,59102,1,42040154,,,,,,,,,,,,,,,,,,
Reddit-S,42,s44_scalar_rel_multi,EDGE_SHUFFLE_REPLICATE,0.9606794714927673,0.9225259329094119,0.2314780354499817,-0.000629127025604248,-0.0015204352818615208,0.0007483065128326416,0.0022019504103809595,59102,2,42040155,,,,,,,,,,,,,,,,,,
Reddit-S,42,s44_scalar_rel_multi,EDGE_SHUFFLE_REPLICATE,0.9613085985183716,0.924000981439268,0.22788283228874207,0.0,-4.5386752005383e-05,-0.0028468966484069824,0.0022019504103809595,59102,3,42040156,,,,,,,,,,,,,,,,,,
Reddit-S,42,s44_scalar_rel_multi,EDGE_SHUFFLE_REPLICATE,0.9606794714927673,0.9226234071531788,0.22897720336914062,-0.000629127025604248,-0.0014229610380945834,-0.0017525255680084229,0.002831079065799713,59102,4,42040157,,,,,,,,,,,,,,,,,,
Reddit-S,42,s44_scalar_rel_multi,EDGE_SHUFFLE_REPLICATE,0.9613085985183716,0.9240463681912734,0.22696669399738312,0.0,0.0,-0.00376303493976593,0.0006291286554187536,59102,5,42040158,,,,,,,,,,,,,,,,,,
Reddit-S,42,s44_scalar_rel_multi,EDGE_SHUFFLE_REPLICATE,0.9619377255439758,0.9254757472849908,0.226060688495636,0.000629127025604248,0.001429379093717431,-0.0046690404415130615,0.0012582573108375072,59102,6,42040159,,,,,,,,,,,,,,,,,,
Reddit-S,42,s44_scalar_rel_multi,EDGE_SHUFFLE_REPLICATE,0.9603648781776428,0.922828955490129,0.22848288714885712,-0.0009437203407287598,-0.0012174127011443936,-0.002246841788291931,0.001572821638546884,59102,7,42040160,,,,,,,,,,,,,,,,,,
Reddit-S,42,s44_scalar_rel_multi,EDGE_SHUFFLE_REPLICATE,0.9613085985183716,0.923592141233011,0.2274683117866516,0.0,-0.00045422695826236037,-0.0032614171504974365,0.0022019504103809595,59102,8,42040161,,,,,,,,,,,,,,,,,,
Reddit-S,42,s44_scalar_rel_multi,EDGE_SHUFFLE_REPLICATE,0.9613085985183716,0.9241804170191324,0.22482933104038239,0.0,0.0001340488278590568,-0.005900397896766663,0.002831079065799713,59102,9,42040162,,,,,,,,,,,,,,,,,,
Reddit-S,42,s44_scalar_rel_multi,EDGE_SHUFFLE_REPLICATE,0.9606794714927673,0.9234461283312433,0.23091727495193481,-0.000629127025604248,-0.0006002398600301051,0.0001875460147857666,0.002831079065799713,59102,10,42040163,,,,,,,,,,,,,,,,,,
Reddit-S,42,s44_scalar_rel_multi,EDGE_SHUFFLE_MEAN_STD,,,,,,,,59102,,,10,0.9611198544502259,0.00047079714966361756,0.9238117751112643,0.0009861075966590312,0.22776306420564651,0.0021953362609183724,-0.00018874406814575195,0.00047079714966361756,-0.0002345930800090823,0.0009861075966590312,-0.002966664731502533,0.0021953362609183724,0.002076124644372612,0.0006920415675267582,,,
Reddit-S,42,s44_lowrank_global,MEAN_REPLACE,0.9594212174415588,0.9191418745061876,0.20832623541355133,0.0,0.0,0.0,0.0,59102,,,,,,,,,,,,,,,,,,,,
Reddit-S,42,s44_lowrank_global,EDGE_SHUFFLE_REPLICATE,0.9594212174415588,0.9191418745061876,0.20832623541355133,0.0,0.0,0.0,0.0,59102,1,42050161,,,,,,,,,,,,,,,,,,
Reddit-S,42,s44_lowrank_global,EDGE_SHUFFLE_REPLICATE,0.9594212174415588,0.9191418745061876,0.20832623541355133,0.0,0.0,0.0,0.0,59102,2,42050162,,,,,,,,,,,,,,,,,,
Reddit-S,42,s44_lowrank_global,EDGE_SHUFFLE_REPLICATE,0.9594212174415588,0.9191418745061876,0.20832623541355133,0.0,0.0,0.0,0.0,59102,3,42050163,,,,,,,,,,,,,,,,,,
Reddit-S,42,s44_lowrank_global,EDGE_SHUFFLE_REPLICATE,0.9594212174415588,0.9191418745061876,0.20832623541355133,0.0,0.0,0.0,0.0,59102,4,42050164,,,,,,,,,,,,,,,,,,
Reddit-S,42,s44_lowrank_global,EDGE_SHUFFLE_REPLICATE,0.9594212174415588,0.9191418745061876,0.20832623541355133,0.0,0.0,0.0,0.0,59102,5,42050165,,,,,,,,,,,,,,,,,,
Reddit-S,42,s44_lowrank_global,EDGE_SHUFFLE_REPLICATE,0.9594212174415588,0.9191418745061876,0.20832623541355133,0.0,0.0,0.0,0.0,59102,6,42050166,,,,,,,,,,,,,,,,,,
Reddit-S,42,s44_lowrank_global,EDGE_SHUFFLE_REPLICATE,0.9594212174415588,0.9191418745061876,0.20832623541355133,0.0,0.0,0.0,0.0,59102,7,42050167,,,,,,,,,,,,,,,,,,
Reddit-S,42,s44_lowrank_global,EDGE_SHUFFLE_REPLICATE,0.9594212174415588,0.9191418745061876,0.20832623541355133,0.0,0.0,0.0,0.0,59102,8,42050168,,,,,,,,,,,,,,,,,,
Reddit-S,42,s44_lowrank_global,EDGE_SHUFFLE_REPLICATE,0.9594212174415588,0.9191418745061876,0.20832623541355133,0.0,0.0,0.0,0.0,59102,9,42050169,,,,,,,,,,,,,,,,,,
Reddit-S,42,s44_lowrank_global,EDGE_SHUFFLE_REPLICATE,0.9594212174415588,0.9191418745061876,0.20832622051239014,0.0,0.0,-1.4901161193847656e-08,0.0,59102,10,42050170,,,,,,,,,,,,,,,,,,
Reddit-S,42,s44_lowrank_global,EDGE_SHUFFLE_MEAN_STD,,,,,,,,59102,,,10,0.9594212174415588,0.0,0.9191418745061876,0.0,0.20832623392343522,4.470348358154297e-09,0.0,0.0,0.0,0.0,-1.4901161193847657e-09,4.470348358154297e-09,0.0,0.0,,,
Reddit-S,42,s44_lowrank_global,ZERO_DYNAMIC,0.9594212174415588,0.9191418745061876,0.20830455422401428,0.0,0.0,-2.168118953704834e-05,0.0,,,,,,,,,,,,,,,,,,,7.62939453125e-06,1e-05,1e-06
Reddit-S,42,s44_lowrank_rel,MEAN_REPLACE,0.9591066241264343,0.9129172693398143,0.16548193991184235,-0.0003145933151245117,-0.0007794041008757358,-0.0004469752311706543,0.0003145643277093768,59102,,,,,,,,,,,,,,,,,,,,
Reddit-S,42,s44_lowrank_rel,EDGE_SHUFFLE_REPLICATE,0.9594212174415588,0.91369667344069,0.16589990258216858,0.0,0.0,-2.9012560844421387e-05,0.0,59102,1,42060168,,,,,,,,,,,,,,,,,,
Reddit-S,42,s44_lowrank_rel,EDGE_SHUFFLE_REPLICATE,0.9594212174415588,0.91369667344069,0.16592749953269958,0.0,0.0,-1.4156103134155273e-06,0.0,59102,2,42060169,,,,,,,,,,,,,,,,,,
Reddit-S,42,s44_lowrank_rel,EDGE_SHUFFLE_REPLICATE,0.9594212174415588,0.91369667344069,0.1659231036901474,0.0,0.0,-5.811452865600586e-06,0.0,59102,3,42060170,,,,,,,,,,,,,,,,,,
Reddit-S,42,s44_lowrank_rel,EDGE_SHUFFLE_REPLICATE,0.9594212174415588,0.91369667344069,0.16592279076576233,0.0,0.0,-6.124377250671387e-06,0.0,59102,4,42060171,,,,,,,,,,,,,,,,,,
Reddit-S,42,s44_lowrank_rel,EDGE_SHUFFLE_REPLICATE,0.9594212174415588,0.91369667344069,0.16591058671474457,0.0,0.0,-1.8328428268432617e-05,0.0,59102,5,42060172,,,,,,,,,,,,,,,,,,
Reddit-S,42,s44_lowrank_rel,EDGE_SHUFFLE_REPLICATE,0.9594212174415588,0.91369667344069,0.16590657830238342,0.0,0.0,-2.2336840629577637e-05,0.0,59102,6,42060173,,,,,,,,,,,,,,,,,,
Reddit-S,42,s44_lowrank_rel,EDGE_SHUFFLE_REPLICATE,0.9594212174415588,0.91369667344069,0.16591453552246094,0.0,0.0,-1.4379620552062988e-05,0.0,59102,7,42060174,,,,,,,,,,,,,,,,,,
Reddit-S,42,s44_lowrank_rel,EDGE_SHUFFLE_REPLICATE,0.9594212174415588,0.91369667344069,0.16593430936336517,0.0,0.0,5.3942203521728516e-06,0.0,59102,8,42060175,,,,,,,,,,,,,,,,,,
Reddit-S,42,s44_lowrank_rel,EDGE_SHUFFLE_REPLICATE,0.9594212174415588,0.91369667344069,0.16590940952301025,0.0,0.0,-1.9505620002746582e-05,0.0,59102,9,42060176,,,,,,,,,,,,,,,,,,
Reddit-S,42,s44_lowrank_rel,EDGE_SHUFFLE_REPLICATE,0.9594212174415588,0.91369667344069,0.16591429710388184,0.0,0.0,-1.461803913116455e-05,0.0,59102,10,42060177,,,,,,,,,,,,,,,,,,
Reddit-S,42,s44_lowrank_rel,EDGE_SHUFFLE_MEAN_STD,,,,,,,,59102,,,10,0.9594212174415588,0.0,0.91369667344069,0.0,0.1659163013100624,9.943937427584049e-06,0.0,0.0,0.0,0.0,-1.2613832950592041e-05,9.943937427584049e-06,0.0,0.0,,,
Reddit-S,42,s44_lowrank_rel,ZERO_DYNAMIC,0.9578483700752258,0.9113934133817541,0.16508710384368896,-0.0015728473663330078,-0.0023032600589359964,-0.0008418112993240356,0.0022019504103809595,,,,,,,,,,,,,,,,,,,5.7220458984375e-06,1e-05,1e-06
Reddit-S,42,s44_lowrank_rel_multi,MEAN_REPLACE,0.9606794714927673,0.9185659677203082,0.22153924405574799,0.0,-0.00010948623383821854,-0.000214308500289917,0.0003145643277093768,59102,,,,,,,,,,,,,,,,,,,,
Reddit-S,42,s44_lowrank_rel_multi,EDGE_SHUFFLE_REPLICATE,0.9606794714927673,0.9186754539541464,0.22173693776130676,0.0,0.0,-1.6614794731140137e-05,0.0,59102,1,42070175,,,,,,,,,,,,,,,,,,
Reddit-S,42,s44_lowrank_rel_multi,EDGE_SHUFFLE_REPLICATE,0.9606794714927673,0.9186754539541464,0.22173355519771576,0.0,0.0,-1.9997358322143555e-05,0.0,59102,2,42070176,,,,,,,,,,,,,,,,,,
Reddit-S,42,s44_lowrank_rel_multi,EDGE_SHUFFLE_REPLICATE,0.9606794714927673,0.9186754539541464,0.2217586189508438,0.0,0.0,5.066394805908203e-06,0.0,59102,3,42070177,,,,,,,,,,,,,,,,,,
Reddit-S,42,s44_lowrank_rel_multi,EDGE_SHUFFLE_REPLICATE,0.9606794714927673,0.9186754539541464,0.22175030410289764,0.0,0.0,-3.248453140258789e-06,0.0,59102,4,42070178,,,,,,,,,,,,,,,,,,
Reddit-S,42,s44_lowrank_rel_multi,EDGE_SHUFFLE_REPLICATE,0.9606794714927673,0.9186754539541464,0.22174938023090363,0.0,0.0,-4.172325134277344e-06,0.0,59102,5,42070179,,,,,,,,,,,,,,,,,,
Reddit-S,42,s44_lowrank_rel_multi,EDGE_SHUFFLE_REPLICATE,0.9606794714927673,0.9186754539541464,0.22173164784908295,0.0,0.0,-2.1904706954956055e-05,0.0,59102,6,42070180,,,,,,,,,,,,,,,,,,
Reddit-S,42,s44_lowrank_rel_multi,EDGE_SHUFFLE_REPLICATE,0.9606794714927673,0.9186754539541464,0.2217288762331009,0.0,0.0,-2.467632293701172e-05,0.0,59102,7,42070181,,,,,,,,,,,,,,,,,,
Reddit-S,42,s44_lowrank_rel_multi,EDGE_SHUFFLE_REPLICATE,0.9606794714927673,0.9186754539541464,0.22174662351608276,0.0,0.0,-6.92903995513916e-06,0.0,59102,8,42070182,,,,,,,,,,,,,,,,,,
Reddit-S,42,s44_lowrank_rel_multi,EDGE_SHUFFLE_REPLICATE,0.9606794714927673,0.9186754539541464,0.2217627465724945,0.0,0.0,9.194016456604004e-06,0.0,59102,9,42070183,,,,,,,,,,,,,,,,,,
Reddit-S,42,s44_lowrank_rel_multi,EDGE_SHUFFLE_REPLICATE,0.9606794714927673,0.9186754539541464,0.22174429893493652,0.0,0.0,-9.253621101379395e-06,0.0,59102,10,42070184,,,,,,,,,,,,,,,,,,
Reddit-S,42,s44_lowrank_rel_multi,EDGE_SHUFFLE_MEAN_STD,,,,,,,,59102,,,10,0.9606794714927673,0.0,0.9186754539541464,0.0,0.22174429893493652,1.086364555464419e-05,0.0,0.0,0.0,0.0,-9.253621101379395e-06,1.086364555464419e-05,0.0,0.0,,,
Reddit-S,42,s44_lowrank_rel_multi,ZERO_DYNAMIC,0.9591066241264343,0.9162956546493722,0.2196718454360962,-0.0015728473663330078,-0.002379799304774166,-0.0020817071199417114,0.0034602077212184668,,,,,,,,,,,,,,,,,,,7.62939453125e-06,1e-05,1e-06
Reddit-S,42,s44_expert_rel,MEAN_REPLACE,0.9606794714927673,0.9235237654553782,0.1665646880865097,0.0,0.0,3.3974647521972656e-06,0.0,59102,,,,,,,,,,,,,,,,,,,,
Reddit-S,42,s44_expert_rel,EDGE_SHUFFLE_REPLICATE,0.9606794714927673,0.9235237654553782,0.1665610671043396,0.0,0.0,-2.2351741790771484e-07,0.0,59102,1,42090189,,,,,,,,,,,,,,,,,,
Reddit-S,42,s44_expert_rel,EDGE_SHUFFLE_REPLICATE,0.9606794714927673,0.9235237654553782,0.16656000912189484,0.0,0.0,-1.2814998626708984e-06,0.0,59102,2,42090190,,,,,,,,,,,,,,,,,,
Reddit-S,42,s44_expert_rel,EDGE_SHUFFLE_REPLICATE,0.9606794714927673,0.9235237654553782,0.1665586680173874,0.0,0.0,-2.6226043701171875e-06,0.0,59102,3,42090191,,,,,,,,,,,,,,,,,,
Reddit-S,42,s44_expert_rel,EDGE_SHUFFLE_REPLICATE,0.9606794714927673,0.9235237654553782,0.1665610820055008,0.0,0.0,-2.086162567138672e-07,0.0,59102,4,42090192,,,,,,,,,,,,,,,,,,
Reddit-S,42,s44_expert_rel,EDGE_SHUFFLE_REPLICATE,0.9606794714927673,0.9235237654553782,0.16656190156936646,0.0,0.0,6.109476089477539e-07,0.0,59102,5,42090193,,,,,,,,,,,,,,,,,,
Reddit-S,42,s44_expert_rel,EDGE_SHUFFLE_REPLICATE,0.9606794714927673,0.9235237654553782,0.1665600687265396,0.0,0.0,-1.2218952178955078e-06,0.0,59102,6,42090194,,,,,,,,,,,,,,,,,,
Reddit-S,42,s44_expert_rel,EDGE_SHUFFLE_REPLICATE,0.9606794714927673,0.9235237654553782,0.166559636592865,0.0,0.0,-1.6540288925170898e-06,0.0,59102,7,42090195,,,,,,,,,,,,,,,,,,
Reddit-S,42,s44_expert_rel,EDGE_SHUFFLE_REPLICATE,0.9606794714927673,0.9235237654553782,0.16655927896499634,0.0,0.0,-2.0116567611694336e-06,0.0,59102,8,42090196,,,,,,,,,,,,,,,,,,
Reddit-S,42,s44_expert_rel,EDGE_SHUFFLE_REPLICATE,0.9606794714927673,0.9235237654553782,0.16655941307544708,0.0,0.0,-1.8775463104248047e-06,0.0,59102,9,42090197,,,,,,,,,,,,,,,,,,
Reddit-S,42,s44_expert_rel,EDGE_SHUFFLE_REPLICATE,0.9606794714927673,0.9235237654553782,0.16656187176704407,0.0,0.0,5.811452865600586e-07,0.0,59102,10,42090198,,,,,,,,,,,,,,,,,,
Reddit-S,42,s44_expert_rel,EDGE_SHUFFLE_MEAN_STD,,,,,,,,59102,,,10,0.9606794714927673,0.0,0.9235237654553782,0.0,0.16656029969453812,1.0633051403936317e-06,0.0,0.0,0.0,0.0,-9.909272193908691e-07,1.0633051403936317e-06,0.0,0.0,,,
Reddit-S,42,s44_expert_rel,ROUTE_EDGE_SHUFFLE_REPLICATE,0.9606794714927673,0.9235237654553782,0.1665610671043396,0.0,0.0,-2.2351741790771484e-07,0.0,59102,1,42090189,,,,,,,,,,,,,,,,,,
Reddit-S,42,s44_expert_rel,ROUTE_EDGE_SHUFFLE_REPLICATE,0.9606794714927673,0.9235237654553782,0.16656000912189484,0.0,0.0,-1.2814998626708984e-06,0.0,59102,2,42090190,,,,,,,,,,,,,,,,,,
Reddit-S,42,s44_expert_rel,ROUTE_EDGE_SHUFFLE_REPLICATE,0.9606794714927673,0.9235237654553782,0.1665586680173874,0.0,0.0,-2.6226043701171875e-06,0.0,59102,3,42090191,,,,,,,,,,,,,,,,,,
Reddit-S,42,s44_expert_rel,ROUTE_EDGE_SHUFFLE_REPLICATE,0.9606794714927673,0.9235237654553782,0.1665610820055008,0.0,0.0,-2.086162567138672e-07,0.0,59102,4,42090192,,,,,,,,,,,,,,,,,,
Reddit-S,42,s44_expert_rel,ROUTE_EDGE_SHUFFLE_REPLICATE,0.9606794714927673,0.9235237654553782,0.16656190156936646,0.0,0.0,6.109476089477539e-07,0.0,59102,5,42090193,,,,,,,,,,,,,,,,,,
Reddit-S,42,s44_expert_rel,ROUTE_EDGE_SHUFFLE_REPLICATE,0.9606794714927673,0.9235237654553782,0.1665600687265396,0.0,0.0,-1.2218952178955078e-06,0.0,59102,6,42090194,,,,,,,,,,,,,,,,,,
Reddit-S,42,s44_expert_rel,ROUTE_EDGE_SHUFFLE_REPLICATE,0.9606794714927673,0.9235237654553782,0.166559636592865,0.0,0.0,-1.6540288925170898e-06,0.0,59102,7,42090195,,,,,,,,,,,,,,,,,,
Reddit-S,42,s44_expert_rel,ROUTE_EDGE_SHUFFLE_REPLICATE,0.9606794714927673,0.9235237654553782,0.16655927896499634,0.0,0.0,-2.0116567611694336e-06,0.0,59102,8,42090196,,,,,,,,,,,,,,,,,,
Reddit-S,42,s44_expert_rel,ROUTE_EDGE_SHUFFLE_REPLICATE,0.9606794714927673,0.9235237654553782,0.16655941307544708,0.0,0.0,-1.8775463104248047e-06,0.0,59102,9,42090197,,,,,,,,,,,,,,,,,,
Reddit-S,42,s44_expert_rel,ROUTE_EDGE_SHUFFLE_REPLICATE,0.9606794714927673,0.9235237654553782,0.16656187176704407,0.0,0.0,5.811452865600586e-07,0.0,59102,10,42090198,,,,,,,,,,,,,,,,,,
Reddit-S,42,s44_expert_rel,ROUTE_EDGE_SHUFFLE_MEAN_STD,,,,,,,,59102,,,10,0.9606794714927673,0.0,0.9235237654553782,0.0,0.16656029969453812,1.0633051403936317e-06,0.0,0.0,0.0,0.0,-9.909272193908691e-07,1.0633051403936317e-06,0.0,0.0,,,
Reddit-S,42,s44_expert_rel,ROUTE_UNIFORMIZE,0.9600503444671631,0.9230975580411623,0.1665029227733612,-0.000629127025604248,-0.0004262074142158401,-5.836784839630127e-05,0.0018873859662562609,,,,,,,,,,,,,,,,,,,,,
Reddit-S,42,s44_expert_rel_multi,MEAN_REPLACE,0.9609940052032471,0.9201405185425612,0.19728893041610718,-0.0009437203407287598,-0.002864814957101558,-0.00027108192443847656,0.0009436929831281304,59102,,,,,,,,,,,,,,,,,,,,
Reddit-S,42,s44_expert_rel_multi,EDGE_SHUFFLE_REPLICATE,0.9622522592544556,0.9245817387841806,0.19754046201705933,0.00031453371047973633,0.0015764052845178567,-1.9550323486328125e-05,0.0003145643277093768,59102,1,42100196,,,,,,,,,,,,,,,,,,
Reddit-S,42,s44_expert_rel_multi,EDGE_SHUFFLE_REPLICATE,0.9622522592544556,0.9245817387841806,0.1975480616092682,0.00031453371047973633,0.0015764052845178567,-1.195073127746582e-05,0.0003145643277093768,59102,2,42100197,,,,,,,,,,,,,,,,,,
Reddit-S,42,s44_expert_rel_multi,EDGE_SHUFFLE_REPLICATE,0.9619377255439758,0.9230053334996627,0.19753551483154297,0.0,0.0,-2.4497509002685547e-05,0.0,59102,3,42100198,,,,,,,,,,,,,,,,,,
Reddit-S,42,s44_expert_rel_multi,EDGE_SHUFFLE_REPLICATE,0.9619377255439758,0.9230053334996627,0.19756393134593964,0.0,0.0,3.919005393981934e-06,0.0,59102,4,42100199,,,,,,,,,,,,,,,,,,
Reddit-S,42,s44_expert_rel_multi,EDGE_SHUFFLE_REPLICATE,0.9619377255439758,0.9230053334996627,0.19751153886318207,0.0,0.0,-4.8473477363586426e-05,0.0,59102,5,42100200,,,,,,,,,,,,,,,,,,
Reddit-S,42,s44_expert_rel_multi,EDGE_SHUFFLE_REPLICATE,0.9622522592544556,0.9245817387841806,0.19750159978866577,0.00031453371047973633,0.0015764052845178567,-5.841255187988281e-05,0.0003145643277093768,59102,6,42100201,,,,,,,,,,,,,,,,,,
Reddit-S,42,s44_expert_rel_multi,EDGE_SHUFFLE_REPLICATE,0.9619377255439758,0.9230053334996627,0.19751767814159393,0.0,0.0,-4.233419895172119e-05,0.0,59102,7,42100202,,,,,,,,,,,,,,,,,,
Reddit-S,42,s44_expert_rel_multi,EDGE_SHUFFLE_REPLICATE,0.9622522592544556,0.9245817387841806,0.19750937819480896,0.00031453371047973633,0.0015764052845178567,-5.0634145736694336e-05,0.0003145643277093768,59102,8,42100203,,,,,,,,,,,,,,,,,,
Reddit-S,42,s44_expert_rel_multi,EDGE_SHUFFLE_REPLICATE,0.9619377255439758,0.9230053334996627,0.19755469262599945,0.0,0.0,-5.319714546203613e-06,0.0,59102,9,42100204,,,,,,,,,,,,,,,,,,
Reddit-S,42,s44_expert_rel_multi,EDGE_SHUFFLE_REPLICATE,0.9619377255439758,0.9230053334996627,0.19754385948181152,0.0,0.0,-1.615285873413086e-05,0.0,59102,10,42100205,,,,,,,,,,,,,,,,,,
Reddit-S,42,s44_expert_rel_multi,EDGE_SHUFFLE_MEAN_STD,,,,,,,,59102,,,10,0.9620635390281678,0.00015408941951592959,0.9236358956134699,0.0007722777149791375,0.19753267168998717,2.018001361704479e-05,0.00012581348419189454,0.00015408941951592959,0.0006305621138071426,0.0007722777149791375,-2.734065055847168e-05,2.018001361704479e-05,0.00012582573108375073,0.00015410441883392096,,,
Reddit-S,42,s44_expert_rel_multi,ROUTE_EDGE_SHUFFLE_REPLICATE,0.9622522592544556,0.9245817387841806,0.19754046201705933,0.00031453371047973633,0.0015764052845178567,-1.9550323486328125e-05,0.0003145643277093768,59102,1,42100196,,,,,,,,,,,,,,,,,,
Reddit-S,42,s44_expert_rel_multi,ROUTE_EDGE_SHUFFLE_REPLICATE,0.9622522592544556,0.9245817387841806,0.1975480616092682,0.00031453371047973633,0.0015764052845178567,-1.195073127746582e-05,0.0003145643277093768,59102,2,42100197,,,,,,,,,,,,,,,,,,
Reddit-S,42,s44_expert_rel_multi,ROUTE_EDGE_SHUFFLE_REPLICATE,0.9619377255439758,0.9230053334996627,0.19753551483154297,0.0,0.0,-2.4497509002685547e-05,0.0,59102,3,42100198,,,,,,,,,,,,,,,,,,
Reddit-S,42,s44_expert_rel_multi,ROUTE_EDGE_SHUFFLE_REPLICATE,0.9619377255439758,0.9230053334996627,0.19756393134593964,0.0,0.0,3.919005393981934e-06,0.0,59102,4,42100199,,,,,,,,,,,,,,,,,,
Reddit-S,42,s44_expert_rel_multi,ROUTE_EDGE_SHUFFLE_REPLICATE,0.9619377255439758,0.9230053334996627,0.19751153886318207,0.0,0.0,-4.8473477363586426e-05,0.0,59102,5,42100200,,,,,,,,,,,,,,,,,,
Reddit-S,42,s44_expert_rel_multi,ROUTE_EDGE_SHUFFLE_REPLICATE,0.9622522592544556,0.9245817387841806,0.19750159978866577,0.00031453371047973633,0.0015764052845178567,-5.841255187988281e-05,0.0003145643277093768,59102,6,42100201,,,,,,,,,,,,,,,,,,
Reddit-S,42,s44_expert_rel_multi,ROUTE_EDGE_SHUFFLE_REPLICATE,0.9619377255439758,0.9230053334996627,0.19751767814159393,0.0,0.0,-4.233419895172119e-05,0.0,59102,7,42100202,,,,,,,,,,,,,,,,,,
Reddit-S,42,s44_expert_rel_multi,ROUTE_EDGE_SHUFFLE_REPLICATE,0.9622522592544556,0.9245817387841806,0.19750937819480896,0.00031453371047973633,0.0015764052845178567,-5.0634145736694336e-05,0.0003145643277093768,59102,8,42100203,,,,,,,,,,,,,,,,,,
Reddit-S,42,s44_expert_rel_multi,ROUTE_EDGE_SHUFFLE_REPLICATE,0.9619377255439758,0.9230053334996627,0.19755469262599945,0.0,0.0,-5.319714546203613e-06,0.0,59102,9,42100204,,,,,,,,,,,,,,,,,,
Reddit-S,42,s44_expert_rel_multi,ROUTE_EDGE_SHUFFLE_REPLICATE,0.9619377255439758,0.9230053334996627,0.19754385948181152,0.0,0.0,-1.615285873413086e-05,0.0,59102,10,42100205,,,,,,,,,,,,,,,,,,
Reddit-S,42,s44_expert_rel_multi,ROUTE_EDGE_SHUFFLE_MEAN_STD,,,,,,,,59102,,,10,0.9620635390281678,0.00015408941951592959,0.9236358956134699,0.0007722777149791375,0.19753267168998717,2.018001361704479e-05,0.00012581348419189454,0.00015408941951592959,0.0006305621138071426,0.0007722777149791375,-2.734065055847168e-05,2.018001361704479e-05,0.00012582573108375073,0.00015410441883392096,,,
Reddit-S,42,s44_expert_rel_multi,ROUTE_UNIFORMIZE,0.9609940052032471,0.9201405185425612,0.197426438331604,-0.0009437203407287598,-0.002864814957101558,-0.0001335740089416504,0.0009436929831281304,,,,,,,,,,,,,,,,,,,,,
Reddit-S,43,s44_scalar_raw,MEAN_REPLACE,0.9606794714927673,0.91788113455229,0.2191908061504364,-0.0018873810768127441,-0.005126334335187943,-0.0009513348340988159,0.005033029243350029,59102,,,,,,,,,,,,,,,,,,,,
Reddit-S,43,s44_scalar_raw,EDGE_SHUFFLE_REPLICATE,0.9619377255439758,0.921820726040926,0.2207815945148468,-0.000629127025604248,-0.001186742846551958,0.0006394535303115845,0.0018873859662562609,59102,1,43020143,,,,,,,,,,,,,,,,,,
Reddit-S,43,s44_scalar_raw,EDGE_SHUFFLE_REPLICATE,0.9606794714927673,0.920369752693931,0.21887598931789398,-0.0018873810768127441,-0.002637716193547024,-0.0012661516666412354,0.003145643277093768,59102,2,43020144,,,,,,,,,,,,,,,,,,
Reddit-S,43,s44_scalar_raw,EDGE_SHUFFLE_REPLICATE,0.9616231322288513,0.9220415990140071,0.2193158119916916,-0.0009437203407287598,-0.0009658698734709148,-0.0008263289928436279,0.0022019504103809595,59102,3,43020145,,,,,,,,,,,,,,,,,,
Reddit-S,43,s44_scalar_raw,EDGE_SHUFFLE_REPLICATE,0.9613085985183716,0.9208416797978604,0.21713092923164368,-0.001258254051208496,-0.00216578908961762,-0.0030112117528915405,0.00408933637663722,59102,4,43020146,,,,,,,,,,,,,,,,,,
Reddit-S,43,s44_scalar_raw,EDGE_SHUFFLE_REPLICATE,0.9603648781776428,0.919395636232126,0.21829479932785034,-0.002201974391937256,-0.003611832655352032,-0.0018473416566848755,0.003145643277093768,59102,5,43020147,,,,,,,,,,,,,,,,,,
Reddit-S,43,s44_scalar_raw,EDGE_SHUFFLE_REPLICATE,0.9616231322288513,0.9207446820523524,0.21931016445159912,-0.0009437203407287598,-0.0022627868351255964,-0.0008319765329360962,0.0025165146216750145,59102,6,43020148,,,,,,,,,,,,,,,,,,
Reddit-S,43,s44_scalar_raw,EDGE_SHUFFLE_REPLICATE,0.9613085985183716,0.9203695772528132,0.22001132369041443,-0.001258254051208496,-0.0026378916346647685,-0.00013081729412078857,0.002831079065799713,59102,7,43020149,,,,,,,,,,,,,,,,,,
Reddit-S,43,s44_scalar_raw,EDGE_SHUFFLE_REPLICATE,0.9622522592544556,0.9227578480733722,0.21629148721694946,-0.0003145933151245117,-0.0002496208141057332,-0.0038506537675857544,0.002831079065799713,59102,8,43020150,,,,,,,,,,,,,,,,,,
Reddit-S,43,s44_scalar_raw,EDGE_SHUFFLE_REPLICATE,0.9606794714927673,0.919855007559409,0.21965064108371735,-0.0018873810768127441,-0.0031524613280690117,-0.0004914999008178711,0.0037747719325125217,59102,9,43020151,,,,,,,,,,,,,,,,,,
Reddit-S,43,s44_scalar_raw,EDGE_SHUFFLE_REPLICATE,0.9616231322288513,0.9220049373746455,0.21778322756290436,-0.0009437203407287598,-0.0010025315128324719,-0.0023589134216308594,0.0018873859662562609,59102,10,43020152,,,,,,,,,,,,,,,,,,
Reddit-S,43,s44_scalar_raw,EDGE_SHUFFLE_MEAN_STD,,,,,,,,59102,,,10,0.9613400399684906,0.0005705624266105596,0.9210201446091443,0.0010307414079161054,0.21874459683895112,0.0013033230117804856,-0.0012268126010894775,0.0005705624266105596,-0.0019873242783337132,0.0010307414079161054,-0.0013975441455841065,0.0013033230117804856,0.00283107899595052,0.0007033872304671924,,,
Reddit-S,43,s44_scalar_rel,MEAN_REPLACE,0.9603648781776428,0.9217531984580749,0.16322489082813263,-0.0003145933151245117,0.00024638412281774436,-5.061924457550049e-05,0.002831079065799713,59102,,,,,,,,,,,,,,,,,,,,
Reddit-S,43,s44_scalar_rel,EDGE_SHUFFLE_REPLICATE,0.9600503444671631,0.9207444094456912,0.16330653429031372,-0.000629127025604248,-0.0007624048895659152,3.102421760559082e-05,0.0018873859662562609,59102,1,43030150,,,,,,,,,,,,,,,,,,
Reddit-S,43,s44_scalar_rel,EDGE_SHUFFLE_REPLICATE,0.9603648781776428,0.9209536562756735,0.16285602748394012,-0.0003145933151245117,-0.0005531580595836694,-0.00041948258876800537,0.001572821638546884,59102,2,43030151,,,,,,,,,,,,,,,,,,
Reddit-S,43,s44_scalar_rel,EDGE_SHUFFLE_REPLICATE,0.9603648781776428,0.9209748223257168,0.1616372913122177,-0.0003145933151245117,-0.0005319920095403496,-0.0016382187604904175,0.0012582573108375072,59102,3,43030152,,,,,,,,,,,,,,,,,,
Reddit-S,43,s44_scalar_rel,EDGE_SHUFFLE_REPLICATE,0.9609940052032471,0.9217609396130223,0.16205033659934998,0.00031453371047973633,0.00025412527776513816,-0.0012251734733581543,0.0003145643277093768,59102,4,43030153,,,,,,,,,,,,,,,,,,
Reddit-S,43,s44_scalar_rel,EDGE_SHUFFLE_REPLICATE,0.9600503444671631,0.9207655754957346,0.163834810256958,-0.000629127025604248,-0.0007412388395225955,0.0005593001842498779,0.001572821638546884,59102,5,43030154,,,,,,,,,,,,,,,,,,
Reddit-S,43,s44_scalar_rel,EDGE_SHUFFLE_REPLICATE,0.9606794714927673,0.9215376296244087,0.16143487393856049,0.0,3.081528915149789e-05,-0.001840636134147644,0.0012582573108375072,59102,6,43030155,,,,,,,,,,,,,,,,,,
Reddit-S,43,s44_scalar_rel,EDGE_SHUFFLE_REPLICATE,0.9603648781776428,0.9212904625530104,0.16373729705810547,-0.0003145933151245117,-0.00021635178224677087,0.00046178698539733887,0.001572821638546884,59102,7,43030156,,,,,,,,,,,,,,,,,,
Reddit-S,43,s44_scalar_rel,EDGE_SHUFFLE_REPLICATE,0.9606794714927673,0.9212008233470715,0.16324803233146667,0.0,-0.00030599098818562265,-2.7477741241455078e-05,0.0012582573108375072,59102,8,43030157,,,,,,,,,,,,,,,,,,
Reddit-S,43,s44_scalar_rel,EDGE_SHUFFLE_REPLICATE,0.9603648781776428,0.9212904625530104,0.16329631209373474,-0.0003145933151245117,-0.00021635178224677087,2.0802021026611328e-05,0.001572821638546884,59102,9,43030158,,,,,,,,,,,,,,,,,,
Reddit-S,43,s44_scalar_rel,EDGE_SHUFFLE_REPLICATE,0.9603648781776428,0.9210611325163904,0.162908673286438,-0.0003145933151245117,-0.00044568181886672775,-0.0003668367862701416,0.0012582573108375072,59102,10,43030159,,,,,,,,,,,,,,,,,,
Reddit-S,43,s44_scalar_rel,EDGE_SHUFFLE_MEAN_STD,,,,,,,,59102,,,10,0.9604278028011322,0.00027422737825228316,0.921157991374973,0.00030892218898298144,0.16283101886510848,0.0008022329354672962,-0.00025166869163513185,0.00027422737825228316,-0.0003488229602841786,0.00030892218898298144,-0.0004444912075996399,0.0008022329354672962,0.0013526266091503202,0.0003991373863599801,,,
Reddit-S,43,s44_scalar_rel_multi,MEAN_REPLACE,0.9578483700752258,0.9161942345118781,0.15818145871162415,-0.0009437203407287598,-0.0010419802600459827,-0.0005641430616378784,0.0037747719325125217,59102,,,,,,,,,,,,,,,,,,,,
Reddit-S,43,s44_scalar_rel_multi,EDGE_SHUFFLE_REPLICATE,0.9584774971008301,0.9169713029390554,0.15836574137210846,-0.0003145933151245117,-0.00026491183286869724,-0.00037986040115356445,0.0025165146216750145,59102,1,43040157,,,,,,,,,,,,,,,,,,
Reddit-S,43,s44_scalar_rel_multi,EDGE_SHUFFLE_REPLICATE,0.9587920904159546,0.9171977098010146,0.15830570459365845,0.0,-3.8504970909514213e-05,-0.00043989717960357666,0.002831079065799713,59102,2,43040158,,,,,,,,,,,,,,,,,,
Reddit-S,43,s44_scalar_rel_multi,EDGE_SHUFFLE_REPLICATE,0.9587920904159546,0.9174406748174526,0.156947061419487,0.0,0.0002044600455285428,-0.0017985403537750244,0.0018873859662562609,59102,3,43040159,,,,,,,,,,,,,,,,,,
Reddit-S,43,s44_scalar_rel_multi,EDGE_SHUFFLE_REPLICATE,0.9584774971008301,0.9171898190750586,0.1581653654575348,-0.0003145933151245117,-4.639569686548661e-05,-0.0005802363157272339,0.0022019504103809595,59102,4,43040160,,,,,,,,,,,,,,,,,,
Reddit-S,43,s44_scalar_rel_multi,EDGE_SHUFFLE_REPLICATE,0.9591066241264343,0.9177418807441814,0.1583963930606842,0.00031453371047973633,0.0005056659722573187,-0.0003492087125778198,0.0022019504103809595,59102,5,43040161,,,,,,,,,,,,,,,,,,
Reddit-S,43,s44_scalar_rel_multi,EDGE_SHUFFLE_REPLICATE,0.9591066241264343,0.9177494362483152,0.1577872484922409,0.00031453371047973633,0.0005132214763911014,-0.0009583532810211182,0.0025165146216750145,59102,6,43040162,,,,,,,,,,,,,,,,,,
Reddit-S,43,s44_scalar_rel_multi,EDGE_SHUFFLE_REPLICATE,0.9591066241264343,0.9174628671606826,0.15747065842151642,0.00031453371047973633,0.00022665238875851923,-0.0012749433517456055,0.0025165146216750145,59102,7,43040163,,,,,,,,,,,,,,,,,,
Reddit-S,43,s44_scalar_rel_multi,EDGE_SHUFFLE_REPLICATE,0.9591066241264343,0.9177494362483152,0.15782198309898376,0.00031453371047973633,0.0005132214763911014,-0.0009236186742782593,0.0025165146216750145,59102,8,43040164,,,,,,,,,,,,,,,,,,
Reddit-S,43,s44_scalar_rel_multi,EDGE_SHUFFLE_REPLICATE,0.9591066241264343,0.917733084464377,0.15808185935020447,0.00031453371047973633,0.0004968696924528837,-0.0006637424230575562,0.001572821638546884,59102,9,43040165,,,,,,,,,,,,,,,,,,
Reddit-S,43,s44_scalar_rel_multi,EDGE_SHUFFLE_REPLICATE,0.9581629633903503,0.9167061455793878,0.1580083817243576,-0.000629127025604248,-0.0005300691925362866,-0.0007372200489044189,0.002831079065799713,59102,10,43040166,,,,,,,,,,,,,,,,,,
Reddit-S,43,s44_scalar_rel_multi,EDGE_SHUFFLE_MEAN_STD,,,,,,,,59102,,,10,0.9588235259056092,0.00032840738378274236,0.917394235707784,0.00035037494342839707,0.1579350396990776,0.00042919732346150246,3.1435489654541014e-05,0.00032840738378274236,0.00015802093585994825,0.00035037494342839707,-0.0008105620741844177,0.00042919732346150246,0.0023592325043864546,0.0003787856296582038,,,
Reddit-S,43,s44_lowrank_global,MEAN_REPLACE,0.9613085985183716,0.9221770020051929,0.23248063027858734,0.0,0.0,2.9802322387695312e-08,0.0,59102,,,,,,,,,,,,,,,,,,,,
Reddit-S,43,s44_lowrank_global,EDGE_SHUFFLE_REPLICATE,0.9613085985183716,0.9221770020051929,0.23248060047626495,0.0,0.0,0.0,0.0,59102,1,43050164,,,,,,,,,,,,,,,,,,
Reddit-S,43,s44_lowrank_global,EDGE_SHUFFLE_REPLICATE,0.9613085985183716,0.9221770020051929,0.23248060047626495,0.0,0.0,0.0,0.0,59102,2,43050165,,,,,,,,,,,,,,,,,,
Reddit-S,43,s44_lowrank_global,EDGE_SHUFFLE_REPLICATE,0.9613085985183716,0.9221770020051929,0.23248060047626495,0.0,0.0,0.0,0.0,59102,3,43050166,,,,,,,,,,,,,,,,,,
Reddit-S,43,s44_lowrank_global,EDGE_SHUFFLE_REPLICATE,0.9613085985183716,0.9221770020051929,0.23248060047626495,0.0,0.0,0.0,0.0,59102,4,43050167,,,,,,,,,,,,,,,,,,
Reddit-S,43,s44_lowrank_global,EDGE_SHUFFLE_REPLICATE,0.9613085985183716,0.9221770020051929,0.23248060047626495,0.0,0.0,0.0,0.0,59102,5,43050168,,,,,,,,,,,,,,,,,,
Reddit-S,43,s44_lowrank_global,EDGE_SHUFFLE_REPLICATE,0.9613085985183716,0.9221770020051929,0.23248057067394257,0.0,0.0,-2.9802322387695312e-08,0.0,59102,6,43050169,,,,,,,,,,,,,,,,,,
Reddit-S,43,s44_lowrank_global,EDGE_SHUFFLE_REPLICATE,0.9613085985183716,0.9221770020051929,0.23248060047626495,0.0,0.0,0.0,0.0,59102,7,43050170,,,,,,,,,,,,,,,,,,
Reddit-S,43,s44_lowrank_global,EDGE_SHUFFLE_REPLICATE,0.9613085985183716,0.9221770020051929,0.23248060047626495,0.0,0.0,0.0,0.0,59102,8,43050171,,,,,,,,,,,,,,,,,,
Reddit-S,43,s44_lowrank_global,EDGE_SHUFFLE_REPLICATE,0.9613085985183716,0.9221770020051929,0.23248060047626495,0.0,0.0,0.0,0.0,59102,9,43050172,,,,,,,,,,,,,,,,,,
Reddit-S,43,s44_lowrank_global,EDGE_SHUFFLE_REPLICATE,0.9613085985183716,0.9221770020051929,0.23248060047626495,0.0,0.0,0.0,0.0,59102,10,43050173,,,,,,,,,,,,,,,,,,
Reddit-S,43,s44_lowrank_global,EDGE_SHUFFLE_MEAN_STD,,,,,,,,59102,,,10,0.9613085985183716,0.0,0.9221770020051929,0.0,0.23248059749603273,8.940696716308593e-09,0.0,0.0,0.0,0.0,-2.9802322387695314e-09,8.940696716308593e-09,0.0,0.0,,,
Reddit-S,43,s44_lowrank_global,ZERO_DYNAMIC,0.9613085985183716,0.9221770020051929,0.23248878121376038,0.0,0.0,8.180737495422363e-06,0.0,,,,,,,,,,,,,,,,,,,7.62939453125e-06,1e-05,1e-06
Reddit-S,43,s44_lowrank_rel,MEAN_REPLACE,0.9594212174415588,0.9191498401167687,0.22922229766845703,-0.000629127025604248,0.0010855885058974613,-0.002727195620536804,0.0022019504103809595,59102,,,,,,,,,,,,,,,,,,,,
Reddit-S,43,s44_lowrank_rel,EDGE_SHUFFLE_REPLICATE,0.9600503444671631,0.9180642516108712,0.23202842473983765,0.0,0.0,7.893145084381104e-05,0.0,59102,1,43060171,,,,,,,,,,,,,,,,,,
Reddit-S,43,s44_lowrank_rel,EDGE_SHUFFLE_REPLICATE,0.9600503444671631,0.9180642516108712,0.23200243711471558,0.0,0.0,5.294382572174072e-05,0.0,59102,2,43060172,,,,,,,,,,,,,,,,,,
Reddit-S,43,s44_lowrank_rel,EDGE_SHUFFLE_REPLICATE,0.9600503444671631,0.9180642516108712,0.23199407756328583,0.0,0.0,4.458427429199219e-05,0.0,59102,3,43060173,,,,,,,,,,,,,,,,,,
Reddit-S,43,s44_lowrank_rel,EDGE_SHUFFLE_REPLICATE,0.9600503444671631,0.9180717770101208,0.23192837834358215,0.0,7.525399249530551e-06,-2.111494541168213e-05,0.0003145643277093768,59102,4,43060174,,,,,,,,,,,,,,,,,,
Reddit-S,43,s44_lowrank_rel,EDGE_SHUFFLE_REPLICATE,0.9600503444671631,0.9180642516108712,0.23198100924491882,0.0,0.0,3.151595592498779e-05,0.0,59102,5,43060175,,,,,,,,,,,,,,,,,,
Reddit-S,43,s44_lowrank_rel,EDGE_SHUFFLE_REPLICATE,0.9600503444671631,0.9180642516108712,0.23193594813346863,0.0,0.0,-1.354515552520752e-05,0.0,59102,6,43060176,,,,,,,,,,,,,,,,,,
Reddit-S,43,s44_lowrank_rel,EDGE_SHUFFLE_REPLICATE,0.9600503444671631,0.9180642516108712,0.23199555277824402,0.0,0.0,4.6059489250183105e-05,0.0,59102,7,43060177,,,,,,,,,,,,,,,,,,
Reddit-S,43,s44_lowrank_rel,EDGE_SHUFFLE_REPLICATE,0.9600503444671631,0.9180642516108712,0.23193436861038208,0.0,0.0,-1.5124678611755371e-05,0.0,59102,8,43060178,,,,,,,,,,,,,,,,,,
Reddit-S,43,s44_lowrank_rel,EDGE_SHUFFLE_REPLICATE,0.9600503444671631,0.9180642516108712,0.23197031021118164,0.0,0.0,2.0816922187805176e-05,0.0,59102,9,43060179,,,,,,,,,,,,,,,,,,
Reddit-S,43,s44_lowrank_rel,EDGE_SHUFFLE_REPLICATE,0.9600503444671631,0.9180717770101208,0.23196521401405334,0.0,7.525399249530551e-06,1.5720725059509277e-05,0.0003145643277093768,59102,10,43060180,,,,,,,,,,,,,,,,,,
Reddit-S,43,s44_lowrank_rel,EDGE_SHUFFLE_MEAN_STD,,,,,,,,59102,,,10,0.9600503444671631,0.0,0.9180657566907211,3.0101596998122203e-06,0.23197357207536698,3.142671814101312e-05,0.0,0.0,1.5050798499061102e-06,3.0101596998122203e-06,2.407878637313843e-05,3.142671814101312e-05,6.291286554187537e-05,0.00012582573108375073,,,
Reddit-S,43,s44_lowrank_rel,ZERO_DYNAMIC,0.9587920904159546,0.9183481707341752,0.23027019202709198,-0.001258254051208496,0.000283919123303944,-0.0016793012619018555,0.005033029243350029,,,,,,,,,,,,,,,,,,,5.7220458984375e-06,1e-05,1e-06
Reddit-S,43,s44_lowrank_rel_multi,MEAN_REPLACE,0.9531298875808716,0.9087139834044654,0.24359478056430817,-0.00723499059677124,-0.015234744158276747,0.017942234873771667,0.013840830884873867,59102,,,,,,,,,,,,,,,,,,,,
Reddit-S,43,s44_lowrank_rel_multi,EDGE_SHUFFLE_REPLICATE,0.9600503444671631,0.9232445511713288,0.22566649317741394,-0.00031453371047973633,-0.0007041763914134025,1.3947486877441406e-05,0.0003145643277093768,59102,1,43070178,,,,,,,,,,,,,,,,,,
Reddit-S,43,s44_lowrank_rel_multi,EDGE_SHUFFLE_REPLICATE,0.9600503444671631,0.9232445511713288,0.22574612498283386,-0.00031453371047973633,-0.0007041763914134025,9.357929229736328e-05,0.0003145643277093768,59102,2,43070179,,,,,,,,,,,,,,,,,,
Reddit-S,43,s44_lowrank_rel_multi,EDGE_SHUFFLE_REPLICATE,0.9600503444671631,0.9228267547207162,0.22595445811748505,-0.00031453371047973633,-0.0011219728420259756,0.00030191242694854736,0.0009436929831281304,59102,3,43070180,,,,,,,,,,,,,,,,,,
Reddit-S,43,s44_lowrank_rel_multi,EDGE_SHUFFLE_REPLICATE,0.9606794714927673,0.9242325670716195,0.22575664520263672,0.0003145933151245117,0.0002838395088773371,0.00010409951210021973,0.0003145643277093768,59102,4,43070181,,,,,,,,,,,,,,,,,,
Reddit-S,43,s44_lowrank_rel_multi,EDGE_SHUFFLE_REPLICATE,0.9600503444671631,0.9232445511713288,0.22571992874145508,-0.00031453371047973633,-0.0007041763914134025,6.73830509185791e-05,0.0003145643277093768,59102,5,43070182,,,,,,,,,,,,,,,,,,
Reddit-S,43,s44_lowrank_rel_multi,EDGE_SHUFFLE_REPLICATE,0.9606794714927673,0.9242325670716195,0.2256830632686615,0.0003145933151245117,0.0002838395088773371,3.0517578125e-05,0.0003145643277093768,59102,6,43070183,,,,,,,,,,,,,,,,,,
Reddit-S,43,s44_lowrank_rel_multi,EDGE_SHUFFLE_REPLICATE,0.9600503444671631,0.9232445511713288,0.22589759528636932,-0.00031453371047973633,-0.0007041763914134025,0.0002450495958328247,0.0009436929831281304,59102,7,43070184,,,,,,,,,,,,,,,,,,
Reddit-S,43,s44_lowrank_rel_multi,EDGE_SHUFFLE_REPLICATE,0.9606794714927673,0.9242325670716195,0.22552011907100677,0.0003145933151245117,0.0002838395088773371,-0.00013242661952972412,0.0009436929831281304,59102,8,43070185,,,,,,,,,,,,,,,,,,
Reddit-S,43,s44_lowrank_rel_multi,EDGE_SHUFFLE_REPLICATE,0.9609940052032471,0.9249395493335107,0.22565636038780212,0.000629127025604248,0.0009908217707685907,3.814697265625e-06,0.0006291286554187536,59102,9,43070186,,,,,,,,,,,,,,,,,,
Reddit-S,43,s44_lowrank_rel_multi,EDGE_SHUFFLE_REPLICATE,0.9603648781776428,0.9239487275627422,0.22574765980243683,0.0,0.0,9.511411190032959e-05,0.0,59102,10,43070187,,,,,,,,,,,,,,,,,,
Reddit-S,43,s44_lowrank_rel_multi,EDGE_SHUFFLE_MEAN_STD,,,,,,,,59102,,,10,0.9603649020195008,0.00034458162248807617,0.9237390937517143,0.0006345265678998188,0.22573484480381012,0.00011633020078540408,2.384185791015625e-08,0.00034458162248807617,-0.00020963381102789835,0.0006345265678998188,8.22991132736206e-05,0.00011633020078540408,0.0005033029243350029,0.0003207939290540616,,,
Reddit-S,43,s44_lowrank_rel_multi,ZERO_DYNAMIC,0.9584774971008301,0.9209387520709935,0.22195255756378174,-0.0018873810768127441,-0.00300997549174864,-0.0036999881267547607,0.0069204154424369335,,,,,,,,,,,,,,,,,,,7.62939453125e-06,1e-05,1e-06
Reddit-S,43,s44_expert_rel,MEAN_REPLACE,0.9600503444671631,0.9214295474228514,0.23415173590183258,-0.0009436607360839844,-0.0013676339039615515,-0.0018129199743270874,0.001572821638546884,59102,,,,,,,,,,,,,,,,,,,,
Reddit-S,43,s44_expert_rel,EDGE_SHUFFLE_REPLICATE,0.9609940052032471,0.922797181326813,0.23601827025413513,0.0,0.0,5.361437797546387e-05,0.0,59102,1,43090192,,,,,,,,,,,,,,,,,,
Reddit-S,43,s44_expert_rel,EDGE_SHUFFLE_REPLICATE,0.9609940052032471,0.922797181326813,0.2360248863697052,0.0,0.0,6.0230493545532227e-05,0.0,59102,2,43090193,,,,,,,,,,,,,,,,,,
Reddit-S,43,s44_expert_rel,EDGE_SHUFFLE_REPLICATE,0.9609940052032471,0.922797181326813,0.2359987199306488,0.0,0.0,3.406405448913574e-05,0.0,59102,3,43090194,,,,,,,,,,,,,,,,,,
Reddit-S,43,s44_expert_rel,EDGE_SHUFFLE_REPLICATE,0.9609940052032471,0.922797181326813,0.2359597235918045,0.0,0.0,-4.932284355163574e-06,0.0,59102,4,43090195,,,,,,,,,,,,,,,,,,
Reddit-S,43,s44_expert_rel,EDGE_SHUFFLE_REPLICATE,0.9609940052032471,0.922797181326813,0.23606084287166595,0.0,0.0,9.618699550628662e-05,0.0,59102,5,43090196,,,,,,,,,,,,,,,,,,
Reddit-S,43,s44_expert_rel,EDGE_SHUFFLE_REPLICATE,0.9609940052032471,0.922797181326813,0.23600417375564575,0.0,0.0,3.9517879486083984e-05,0.0,59102,6,43090197,,,,,,,,,,,,,,,,,,
Reddit-S,43,s44_expert_rel,EDGE_SHUFFLE_REPLICATE,0.9609940052032471,0.922797181326813,0.2360336035490036,0.0,0.0,6.89476728439331e-05,0.0,59102,7,43090198,,,,,,,,,,,,,,,,,,
Reddit-S,43,s44_expert_rel,EDGE_SHUFFLE_REPLICATE,0.9609940052032471,0.922797181326813,0.23598641157150269,0.0,0.0,2.1755695343017578e-05,0.0,59102,8,43090199,,,,,,,,,,,,,,,,,,
Reddit-S,43,s44_expert_rel,EDGE_SHUFFLE_REPLICATE,0.9609940052032471,0.922797181326813,0.2359967976808548,0.0,0.0,3.2141804695129395e-05,0.0,59102,9,43090200,,,,,,,,,,,,,,,,,,
Reddit-S,43,s44_expert_rel,EDGE_SHUFFLE_REPLICATE,0.9609940052032471,0.922797181326813,0.23592045903205872,0.0,0.0,-4.419684410095215e-05,0.0,59102,10,43090201,,,,,,,,,,,,,,,,,,
Reddit-S,43,s44_expert_rel,EDGE_SHUFFLE_MEAN_STD,,,,,,,,59102,,,10,0.9609940052032471,0.0,0.922797181326813,0.0,0.23600038886070251,3.734379290302353e-05,0.0,0.0,0.0,0.0,3.573298454284668e-05,3.734379290302353e-05,0.0,0.0,,,
Reddit-S,43,s44_expert_rel,ROUTE_EDGE_SHUFFLE_REPLICATE,0.9609940052032471,0.922797181326813,0.23601827025413513,0.0,0.0,5.361437797546387e-05,0.0,59102,1,43090192,,,,,,,,,,,,,,,,,,
Reddit-S,43,s44_expert_rel,ROUTE_EDGE_SHUFFLE_REPLICATE,0.9609940052032471,0.922797181326813,0.2360248863697052,0.0,0.0,6.0230493545532227e-05,0.0,59102,2,43090193,,,,,,,,,,,,,,,,,,
Reddit-S,43,s44_expert_rel,ROUTE_EDGE_SHUFFLE_REPLICATE,0.9609940052032471,0.922797181326813,0.2359987199306488,0.0,0.0,3.406405448913574e-05,0.0,59102,3,43090194,,,,,,,,,,,,,,,,,,
Reddit-S,43,s44_expert_rel,ROUTE_EDGE_SHUFFLE_REPLICATE,0.9609940052032471,0.922797181326813,0.2359597235918045,0.0,0.0,-4.932284355163574e-06,0.0,59102,4,43090195,,,,,,,,,,,,,,,,,,
Reddit-S,43,s44_expert_rel,ROUTE_EDGE_SHUFFLE_REPLICATE,0.9609940052032471,0.922797181326813,0.23606084287166595,0.0,0.0,9.618699550628662e-05,0.0,59102,5,43090196,,,,,,,,,,,,,,,,,,
Reddit-S,43,s44_expert_rel,ROUTE_EDGE_SHUFFLE_REPLICATE,0.9609940052032471,0.922797181326813,0.23600417375564575,0.0,0.0,3.9517879486083984e-05,0.0,59102,6,43090197,,,,,,,,,,,,,,,,,,
Reddit-S,43,s44_expert_rel,ROUTE_EDGE_SHUFFLE_REPLICATE,0.9609940052032471,0.922797181326813,0.2360336035490036,0.0,0.0,6.89476728439331e-05,0.0,59102,7,43090198,,,,,,,,,,,,,,,,,,
Reddit-S,43,s44_expert_rel,ROUTE_EDGE_SHUFFLE_REPLICATE,0.9609940052032471,0.922797181326813,0.23598641157150269,0.0,0.0,2.1755695343017578e-05,0.0,59102,8,43090199,,,,,,,,,,,,,,,,,,
Reddit-S,43,s44_expert_rel,ROUTE_EDGE_SHUFFLE_REPLICATE,0.9609940052032471,0.922797181326813,0.2359967976808548,0.0,0.0,3.2141804695129395e-05,0.0,59102,9,43090200,,,,,,,,,,,,,,,,,,
Reddit-S,43,s44_expert_rel,ROUTE_EDGE_SHUFFLE_REPLICATE,0.9609940052032471,0.922797181326813,0.23592045903205872,0.0,0.0,-4.419684410095215e-05,0.0,59102,10,43090201,,,,,,,,,,,,,,,,,,
Reddit-S,43,s44_expert_rel,ROUTE_EDGE_SHUFFLE_MEAN_STD,,,,,,,,59102,,,10,0.9609940052032471,0.0,0.922797181326813,0.0,0.23600038886070251,3.734379290302353e-05,0.0,0.0,0.0,0.0,3.573298454284668e-05,3.734379290302353e-05,0.0,0.0,,,
Reddit-S,43,s44_expert_rel,ROUTE_UNIFORMIZE,0.9600503444671631,0.9214295474228514,0.23523500561714172,-0.0009436607360839844,-0.0013676339039615515,-0.0007296502590179443,0.001572821638546884,,,,,,,,,,,,,,,,,,,,,
Reddit-S,43,s44_expert_rel_multi,MEAN_REPLACE,0.9594212174415588,0.916970647961526,0.17290233075618744,0.0003145933151245117,0.00020254399379626697,-0.0002618730068206787,0.0003145643277093768,59102,,,,,,,,,,,,,,,,,,,,
Reddit-S,43,s44_expert_rel_multi,EDGE_SHUFFLE_REPLICATE,0.9591066241264343,0.9167681039677298,0.17317213118076324,0.0,0.0,7.927417755126953e-06,0.0,59102,1,43100199,,,,,,,,,,,,,,,,,,
Reddit-S,43,s44_expert_rel_multi,EDGE_SHUFFLE_REPLICATE,0.9591066241264343,0.9167681039677298,0.17316830158233643,0.0,0.0,4.0978193283081055e-06,0.0,59102,2,43100200,,,,,,,,,,,,,,,,,,
Reddit-S,43,s44_expert_rel_multi,EDGE_SHUFFLE_REPLICATE,0.9591066241264343,0.9167681039677298,0.17316630482673645,0.0,0.0,2.1010637283325195e-06,0.0,59102,3,43100201,,,,,,,,,,,,,,,,,,
Reddit-S,43,s44_expert_rel_multi,EDGE_SHUFFLE_REPLICATE,0.9591066241264343,0.9167681039677298,0.1731664389371872,0.0,0.0,2.2351741790771484e-06,0.0,59102,4,43100202,,,,,,,,,,,,,,,,,,
Reddit-S,43,s44_expert_rel_multi,EDGE_SHUFFLE_REPLICATE,0.9591066241264343,0.9167681039677298,0.17316101491451263,0.0,0.0,-3.1888484954833984e-06,0.0,59102,5,43100203,,,,,,,,,,,,,,,,,,
Reddit-S,43,s44_expert_rel_multi,EDGE_SHUFFLE_REPLICATE,0.9591066241264343,0.9167681039677298,0.17317073047161102,0.0,0.0,6.5267086029052734e-06,0.0,59102,6,43100204,,,,,,,,,,,,,,,,,,
Reddit-S,43,s44_expert_rel_multi,EDGE_SHUFFLE_REPLICATE,0.9591066241264343,0.9167681039677298,0.17316067218780518,0.0,0.0,-3.5315752029418945e-06,0.0,59102,7,43100205,,,,,,,,,,,,,,,,,,
Reddit-S,43,s44_expert_rel_multi,EDGE_SHUFFLE_REPLICATE,0.9591066241264343,0.9167681039677298,0.17316491901874542,0.0,0.0,7.152557373046875e-07,0.0,59102,8,43100206,,,,,,,,,,,,,,,,,,
Reddit-S,43,s44_expert_rel_multi,EDGE_SHUFFLE_REPLICATE,0.9591066241264343,0.9167681039677298,0.17316773533821106,0.0,0.0,3.5315752029418945e-06,0.0,59102,9,43100207,,,,,,,,,,,,,,,,,,
Reddit-S,43,s44_expert_rel_multi,EDGE_SHUFFLE_REPLICATE,0.9591066241264343,0.9167681039677298,0.17316624522209167,0.0,0.0,2.041459083557129e-06,0.0,59102,10,43100208,,,,,,,,,,,,,,,,,,
Reddit-S,43,s44_expert_rel_multi,EDGE_SHUFFLE_MEAN_STD,,,,,,,,59102,,,10,0.9591066241264343,0.0,0.9167681039677298,0.0,0.17316644936800002,3.47863483018963e-06,0.0,0.0,0.0,0.0,2.2456049919128416e-06,3.47863483018963e-06,0.0,0.0,,,
Reddit-S,43,s44_expert_rel_multi,ROUTE_EDGE_SHUFFLE_REPLICATE,0.9591066241264343,0.9167681039677298,0.17317213118076324,0.0,0.0,7.927417755126953e-06,0.0,59102,1,43100199,,,,,,,,,,,,,,,,,,
Reddit-S,43,s44_expert_rel_multi,ROUTE_EDGE_SHUFFLE_REPLICATE,0.9591066241264343,0.9167681039677298,0.17316830158233643,0.0,0.0,4.0978193283081055e-06,0.0,59102,2,43100200,,,,,,,,,,,,,,,,,,
Reddit-S,43,s44_expert_rel_multi,ROUTE_EDGE_SHUFFLE_REPLICATE,0.9591066241264343,0.9167681039677298,0.17316630482673645,0.0,0.0,2.1010637283325195e-06,0.0,59102,3,43100201,,,,,,,,,,,,,,,,,,
Reddit-S,43,s44_expert_rel_multi,ROUTE_EDGE_SHUFFLE_REPLICATE,0.9591066241264343,0.9167681039677298,0.1731664389371872,0.0,0.0,2.2351741790771484e-06,0.0,59102,4,43100202,,,,,,,,,,,,,,,,,,
Reddit-S,43,s44_expert_rel_multi,ROUTE_EDGE_SHUFFLE_REPLICATE,0.9591066241264343,0.9167681039677298,0.17316101491451263,0.0,0.0,-3.1888484954833984e-06,0.0,59102,5,43100203,,,,,,,,,,,,,,,,,,
Reddit-S,43,s44_expert_rel_multi,ROUTE_EDGE_SHUFFLE_REPLICATE,0.9591066241264343,0.9167681039677298,0.17317073047161102,0.0,0.0,6.5267086029052734e-06,0.0,59102,6,43100204,,,,,,,,,,,,,,,,,,
Reddit-S,43,s44_expert_rel_multi,ROUTE_EDGE_SHUFFLE_REPLICATE,0.9591066241264343,0.9167681039677298,0.17316067218780518,0.0,0.0,-3.5315752029418945e-06,0.0,59102,7,43100205,,,,,,,,,,,,,,,,,,
Reddit-S,43,s44_expert_rel_multi,ROUTE_EDGE_SHUFFLE_REPLICATE,0.9591066241264343,0.9167681039677298,0.17316491901874542,0.0,0.0,7.152557373046875e-07,0.0,59102,8,43100206,,,,,,,,,,,,,,,,,,
Reddit-S,43,s44_expert_rel_multi,ROUTE_EDGE_SHUFFLE_REPLICATE,0.9591066241264343,0.9167681039677298,0.17316773533821106,0.0,0.0,3.5315752029418945e-06,0.0,59102,9,43100207,,,,,,,,,,,,,,,,,,
Reddit-S,43,s44_expert_rel_multi,ROUTE_EDGE_SHUFFLE_REPLICATE,0.9591066241264343,0.9167681039677298,0.17316624522209167,0.0,0.0,2.041459083557129e-06,0.0,59102,10,43100208,,,,,,,,,,,,,,,,,,
Reddit-S,43,s44_expert_rel_multi,ROUTE_EDGE_SHUFFLE_MEAN_STD,,,,,,,,59102,,,10,0.9591066241264343,0.0,0.9167681039677298,0.0,0.17316644936800002,3.47863483018963e-06,0.0,0.0,0.0,0.0,2.2456049919128416e-06,3.47863483018963e-06,0.0,0.0,,,
Reddit-S,43,s44_expert_rel_multi,ROUTE_UNIFORMIZE,0.9594212174415588,0.916970647961526,0.17287972569465637,0.0003145933151245117,0.00020254399379626697,-0.0002844780683517456,0.0003145643277093768,,,,,,,,,,,,,,,,,,,,,
Reddit-S,44,s44_scalar_raw,MEAN_REPLACE,0.9594212174415588,0.9237582027918473,0.2306966483592987,-0.0022019147872924805,-0.003992710555474344,-0.000354766845703125,0.0034602077212184668,59102,,,,,,,,,,,,,,,,,,,,
Reddit-S,44,s44_scalar_raw,EDGE_SHUFFLE_REPLICATE,0.9616231322288513,0.9288396099072898,0.22920267283916473,0.0,0.0010886965599681275,-0.0018487423658370972,0.0018873859662562609,59102,1,44020146,,,,,,,,,,,,,,,,,,
Reddit-S,44,s44_scalar_raw,EDGE_SHUFFLE_REPLICATE,0.9606794714927673,0.9248239843952396,0.22930175065994263,-0.0009436607360839844,-0.0029269289520820196,-0.001749664545059204,0.0018873859662562609,59102,2,44020147,,,,,,,,,,,,,,,,,,
Reddit-S,44,s44_scalar_raw,EDGE_SHUFFLE_REPLICATE,0.9606794714927673,0.925823325349198,0.23002304136753082,-0.0009436607360839844,-0.0019275879981236477,-0.0010283738374710083,0.0037747719325125217,59102,3,44020148,,,,,,,,,,,,,,,,,,
Reddit-S,44,s44_scalar_raw,EDGE_SHUFFLE_REPLICATE,0.9597357511520386,0.9241453726381972,0.2322482168674469,-0.0018873810768127441,-0.003605540709124444,0.0011968016624450684,0.0025165146216750145,59102,4,44020149,,,,,,,,,,,,,,,,,,
Reddit-S,44,s44_scalar_raw,EDGE_SHUFFLE_REPLICATE,0.9616231322288513,0.9279097722889423,0.2267138659954071,0.0,0.0001588589416207098,-0.0043375492095947266,0.0012582573108375072,59102,5,44020150,,,,,,,,,,,,,,,,,,
Reddit-S,44,s44_scalar_raw,EDGE_SHUFFLE_REPLICATE,0.9606794714927673,0.9246980106068484,0.2295656055212021,-0.0009436607360839844,-0.0030529027404732068,-0.0014858096837997437,0.0025165146216750145,59102,6,44020151,,,,,,,,,,,,,,,,,,
Reddit-S,44,s44_scalar_raw,EDGE_SHUFFLE_REPLICATE,0.9609940052032471,0.9253016326544211,0.22984586656093597,-0.000629127025604248,-0.002449280692900513,-0.001205548644065857,0.0018873859662562609,59102,7,44020152,,,,,,,,,,,,,,,,,,
Reddit-S,44,s44_scalar_raw,EDGE_SHUFFLE_REPLICATE,0.9600503444671631,0.9260424751325541,0.2305370420217514,-0.0015727877616882324,-0.001708438214767516,-0.0005143731832504272,0.0022019504103809595,59102,8,44020153,,,,,,,,,,,,,,,,,,
Reddit-S,44,s44_scalar_raw,EDGE_SHUFFLE_REPLICATE,0.9606794714927673,0.9266024979946273,0.22942614555358887,-0.0009436607360839844,-0.0011484153526942764,-0.0016252696514129639,0.001572821638546884,59102,9,44020154,,,,,,,,,,,,,,,,,,
Reddit-S,44,s44_scalar_raw,EDGE_SHUFFLE_REPLICATE,0.9613085985183716,0.9265832878342714,0.23058298230171204,-0.00031453371047973633,-0.0011676255130502744,-0.0004684329032897949,0.0025165146216750145,59102,10,44020155,,,,,,,,,,,,,,,,,,
Reddit-S,44,s44_scalar_raw,EDGE_SHUFFLE_MEAN_STD,,,,,,,,59102,,,10,0.9608052849769593,0.0005834245458354273,0.926076996880159,0.0013925919972822731,0.22974471896886825,0.0013226992281210961,-0.0008178472518920899,0.0005834245458354273,-0.001673916467162706,0.0013925919972822731,-0.0013066962361335754,0.0013226992281210961,0.00220195030560717,0.0006598357004405801,,,
Reddit-S,44,s44_scalar_rel,MEAN_REPLACE,0.9613085985183716,0.9268765602069863,0.23496438562870026,-0.001258254051208496,-0.0004616212339635384,0.0009327530860900879,0.003145643277093768,59102,,,,,,,,,,,,,,,,,,,,
Reddit-S,44,s44_scalar_rel,EDGE_SHUFFLE_REPLICATE,0.9628813862800598,0.9295179272195971,0.23113688826560974,0.00031453371047973633,0.002179745778647324,-0.0028947442770004272,0.0018873859662562609,59102,1,44030153,,,,,,,,,,,,,,,,,,
Reddit-S,44,s44_scalar_rel,EDGE_SHUFFLE_REPLICATE,0.9635105133056641,0.9305415094453269,0.2291857898235321,0.0009436607360839844,0.0032033280043770596,-0.004845842719078064,0.0022019504103809595,59102,2,44030154,,,,,,,,,,,,,,,,,,
Reddit-S,44,s44_scalar_rel,EDGE_SHUFFLE_REPLICATE,0.9628813862800598,0.9285366788348197,0.23230639100074768,0.00031453371047973633,0.0011984973938699017,-0.0017252415418624878,0.0037747719325125217,59102,3,44030155,,,,,,,,,,,,,,,,,,
Reddit-S,44,s44_scalar_rel,EDGE_SHUFFLE_REPLICATE,0.9631959795951843,0.9289597717485778,0.22989702224731445,0.000629127025604248,0.0016215903076279847,-0.004134610295295715,0.001572821638546884,59102,4,44030156,,,,,,,,,,,,,,,,,,
Reddit-S,44,s44_scalar_rel,EDGE_SHUFFLE_REPLICATE,0.9616231322288513,0.9252673142177933,0.2322438806295395,-0.0009437203407287598,-0.002070867223156525,-0.0017877519130706787,0.0022019504103809595,59102,5,44030157,,,,,,,,,,,,,,,,,,
Reddit-S,44,s44_scalar_rel,EDGE_SHUFFLE_REPLICATE,0.9622522592544556,0.927628782518774,0.23440703749656677,-0.0003145933151245117,0.000290601077824193,0.000375404953956604,0.0018873859662562609,59102,6,44030158,,,,,,,,,,,,,,,,,,
Reddit-S,44,s44_scalar_rel,EDGE_SHUFFLE_REPLICATE,0.9625668525695801,0.928780991947298,0.23129428923130035,0.0,0.0014428105063482022,-0.0027373433113098145,0.003145643277093768,59102,7,44030159,,,,,,,,,,,,,,,,,,
Reddit-S,44,s44_scalar_rel,EDGE_SHUFFLE_REPLICATE,0.9625668525695801,0.9294882708372713,0.23112380504608154,0.0,0.002150089396321442,-0.0029078274965286255,0.0018873859662562609,59102,8,44030160,,,,,,,,,,,,,,,,,,
Reddit-S,44,s44_scalar_rel,EDGE_SHUFFLE_REPLICATE,0.9625668525695801,0.9280510118292721,0.23105572164058685,0.0,0.0007128303883222609,-0.0029759109020233154,0.0018873859662562609,59102,9,44030161,,,,,,,,,,,,,,,,,,
Reddit-S,44,s44_scalar_rel,EDGE_SHUFFLE_REPLICATE,0.9625668525695801,0.9273676538084624,0.22990138828754425,0.0,2.947236751260629e-05,-0.004130244255065918,0.001572821638546884,59102,10,44030162,,,,,,,,,,,,,,,,,,
Reddit-S,44,s44_scalar_rel,EDGE_SHUFFLE_MEAN_STD,,,,,,,,59102,,,10,0.9626612067222595,0.0004883348526755177,0.9284139912407193,0.0013817166219599842,0.2312552213668823,0.0014159472034969054,9.435415267944336e-05,0.0004883348526755177,0.001075809799769445,0.0013817166219599842,-0.002776411175727844,0.0014159472034969054,0.002201950317248702,0.0006746653206067156,,,
Reddit-S,44,s44_scalar_rel_multi,MEAN_REPLACE,0.9616231322288513,0.9219139532043596,0.16822704672813416,0.000629127025604248,0.0010065899412354806,-0.0012091845273971558,0.001572821638546884,59102,,,,,,,,,,,,,,,,,,,,
Reddit-S,44,s44_scalar_rel_multi,EDGE_SHUFFLE_REPLICATE,0.9606794714927673,0.920900929173197,0.16937069594860077,-0.00031453371047973633,-6.434089927176423e-06,-6.553530693054199e-05,0.0009436929831281304,59102,1,44040160,,,,,,,,,,,,,,,,,,
Reddit-S,44,s44_scalar_rel_multi,EDGE_SHUFFLE_REPLICATE,0.9613085985183716,0.9221116622971387,0.16753706336021423,0.0003145933151245117,0.0012042990340145332,-0.0018991678953170776,0.001572821638546884,59102,2,44040161,,,,,,,,,,,,,,,,,,
Reddit-S,44,s44_scalar_rel_multi,EDGE_SHUFFLE_REPLICATE,0.9606794714927673,0.9212848850064621,0.16893106698989868,-0.00031453371047973633,0.00037752174333793853,-0.0005051642656326294,0.001572821638546884,59102,3,44040162,,,,,,,,,,,,,,,,,,
Reddit-S,44,s44_scalar_rel_multi,EDGE_SHUFFLE_REPLICATE,0.9616231322288513,0.9223952747946464,0.16788449883460999,0.000629127025604248,0.001487911531522279,-0.0015517324209213257,0.0012582573108375072,59102,4,44040163,,,,,,,,,,,,,,,,,,
Reddit-S,44,s44_scalar_rel_multi,EDGE_SHUFFLE_REPLICATE,0.9616231322288513,0.9221446650559036,0.16729529201984406,0.000629127025604248,0.0012373017927794772,-0.002140939235687256,0.0006291286554187536,59102,5,44040164,,,,,,,,,,,,,,,,,,
Reddit-S,44,s44_scalar_rel_multi,EDGE_SHUFFLE_REPLICATE,0.9609940052032471,0.9210553675496727,0.1680223047733307,0.0,0.00014800428654848652,-0.0014139264822006226,0.0006291286554187536,59102,6,44040165,,,,,,,,,,,,,,,,,,
Reddit-S,44,s44_scalar_rel_multi,EDGE_SHUFFLE_REPLICATE,0.9613085985183716,0.9216251058426952,0.1677679419517517,0.0003145933151245117,0.0007177425795710235,-0.001668289303779602,0.0009436929831281304,59102,7,44040166,,,,,,,,,,,,,,,,,,
Reddit-S,44,s44_scalar_rel_multi,EDGE_SHUFFLE_REPLICATE,0.9613085985183716,0.9218588712119627,0.168180450797081,0.0003145933151245117,0.0009515079488385814,-0.0012557804584503174,0.0009436929831281304,59102,8,44040167,,,,,,,,,,,,,,,,,,
Reddit-S,44,s44_scalar_rel_multi,EDGE_SHUFFLE_REPLICATE,0.9606794714927673,0.9207717598831809,0.16742204129695892,-0.00031453371047973633,-0.0001356033799432277,-0.0020141899585723877,0.0009436929831281304,59102,9,44040168,,,,,,,,,,,,,,,,,,
Reddit-S,44,s44_scalar_rel_multi,EDGE_SHUFFLE_REPLICATE,0.9613085985183716,0.9216251058426952,0.16777880489826202,0.0003145933151245117,0.0007177425795710235,-0.0016574263572692871,0.0009436929831281304,59102,10,44040169,,,,,,,,,,,,,,,,,,
Reddit-S,44,s44_scalar_rel_multi,EDGE_SHUFFLE_MEAN_STD,,,,,,,,59102,,,10,0.9611513078212738,0.00035168603513350167,0.9215773626657555,0.0005314766624767369,0.16801901608705522,0.0006273926731138804,0.0001573026180267334,0.00035168603513350167,0.0006699994026312939,0.0005314766624767369,-0.0014172151684761047,0.0006273926731138804,0.0010380622814409434,0.00031613323683207486,,,
Reddit-S,44,s44_lowrank_global,MEAN_REPLACE,0.9594212174415588,0.9179548227643158,0.16617511212825775,0.0,0.0,0.0,0.0,59102,,,,,,,,,,,,,,,,,,,,
Reddit-S,44,s44_lowrank_global,EDGE_SHUFFLE_REPLICATE,0.9594212174415588,0.9179548227643158,0.16617511212825775,0.0,0.0,0.0,0.0,59102,1,44050167,,,,,,,,,,,,,,,,,,
Reddit-S,44,s44_lowrank_global,EDGE_SHUFFLE_REPLICATE,0.9594212174415588,0.9179548227643158,0.16617509722709656,0.0,0.0,-1.4901161193847656e-08,0.0,59102,2,44050168,,,,,,,,,,,,,,,,,,
Reddit-S,44,s44_lowrank_global,EDGE_SHUFFLE_REPLICATE,0.9594212174415588,0.9179548227643158,0.16617511212825775,0.0,0.0,0.0,0.0,59102,3,44050169,,,,,,,,,,,,,,,,,,
Reddit-S,44,s44_lowrank_global,EDGE_SHUFFLE_REPLICATE,0.9594212174415588,0.9179548227643158,0.16617509722709656,0.0,0.0,-1.4901161193847656e-08,0.0,59102,4,44050170,,,,,,,,,,,,,,,,,,
Reddit-S,44,s44_lowrank_global,EDGE_SHUFFLE_REPLICATE,0.9594212174415588,0.9179548227643158,0.16617511212825775,0.0,0.0,0.0,0.0,59102,5,44050171,,,,,,,,,,,,,,,,,,
Reddit-S,44,s44_lowrank_global,EDGE_SHUFFLE_REPLICATE,0.9594212174415588,0.9179548227643158,0.16617511212825775,0.0,0.0,0.0,0.0,59102,6,44050172,,,,,,,,,,,,,,,,,,
Reddit-S,44,s44_lowrank_global,EDGE_SHUFFLE_REPLICATE,0.9594212174415588,0.9179548227643158,0.16617511212825775,0.0,0.0,0.0,0.0,59102,7,44050173,,,,,,,,,,,,,,,,,,
Reddit-S,44,s44_lowrank_global,EDGE_SHUFFLE_REPLICATE,0.9594212174415588,0.9179548227643158,0.16617511212825775,0.0,0.0,0.0,0.0,59102,8,44050174,,,,,,,,,,,,,,,,,,
Reddit-S,44,s44_lowrank_global,EDGE_SHUFFLE_REPLICATE,0.9594212174415588,0.9179548227643158,0.16617511212825775,0.0,0.0,0.0,0.0,59102,9,44050175,,,,,,,,,,,,,,,,,,
Reddit-S,44,s44_lowrank_global,EDGE_SHUFFLE_REPLICATE,0.9594212174415588,0.9179548227643158,0.16617511212825775,0.0,0.0,0.0,0.0,59102,10,44050176,,,,,,,,,,,,,,,,,,
Reddit-S,44,s44_lowrank_global,EDGE_SHUFFLE_MEAN_STD,,,,,,,,59102,,,10,0.9594212174415588,0.0,0.9179548227643158,0.0,0.16617510914802552,5.960464477539063e-09,0.0,0.0,0.0,0.0,-2.9802322387695314e-09,5.960464477539063e-09,0.0,0.0,,,
Reddit-S,44,s44_lowrank_global,ZERO_DYNAMIC,0.9594212174415588,0.9179548227643158,0.16615824401378632,0.0,0.0,-1.6868114471435547e-05,0.0,,,,,,,,,,,,,,,,,,,7.62939453125e-06,1e-05,1e-06
Reddit-S,44,s44_lowrank_rel,MEAN_REPLACE,0.9600503444671631,0.9231239747135158,0.24031059443950653,-0.0009436607360839844,0.00010944211832097928,-0.00121229887008667,0.00408933637663722,59102,,,,,,,,,,,,,,,,,,,,
Reddit-S,44,s44_lowrank_rel,EDGE_SHUFFLE_REPLICATE,0.9609940052032471,0.9230145325951948,0.24154958128929138,0.0,0.0,2.6687979698181152e-05,0.0,59102,1,44060174,,,,,,,,,,,,,,,,,,
Reddit-S,44,s44_lowrank_rel,EDGE_SHUFFLE_REPLICATE,0.9609940052032471,0.9230145325951948,0.24145908653736115,0.0,0.0,-6.380677223205566e-05,0.0,59102,2,44060175,,,,,,,,,,,,,,,,,,
Reddit-S,44,s44_lowrank_rel,EDGE_SHUFFLE_REPLICATE,0.9609940052032471,0.9230145325951948,0.24146899580955505,0.0,0.0,-5.389750003814697e-05,0.0,59102,3,44060176,,,,,,,,,,,,,,,,,,
Reddit-S,44,s44_lowrank_rel,EDGE_SHUFFLE_REPLICATE,0.9609940052032471,0.9230145325951948,0.24142837524414062,0.0,0.0,-9.451806545257568e-05,0.0,59102,4,44060177,,,,,,,,,,,,,,,,,,
Reddit-S,44,s44_lowrank_rel,EDGE_SHUFFLE_REPLICATE,0.9609940052032471,0.9230145325951948,0.2415347695350647,0.0,0.0,1.1876225471496582e-05,0.0,59102,5,44060178,,,,,,,,,,,,,,,,,,
Reddit-S,44,s44_lowrank_rel,EDGE_SHUFFLE_REPLICATE,0.9609940052032471,0.9230145325951948,0.24147608876228333,0.0,0.0,-4.680454730987549e-05,0.0,59102,6,44060179,,,,,,,,,,,,,,,,,,
Reddit-S,44,s44_lowrank_rel,EDGE_SHUFFLE_REPLICATE,0.9609940052032471,0.9230145325951948,0.24146056175231934,0.0,0.0,-6.233155727386475e-05,0.0,59102,7,44060180,,,,,,,,,,,,,,,,,,
Reddit-S,44,s44_lowrank_rel,EDGE_SHUFFLE_REPLICATE,0.9609940052032471,0.9230145325951948,0.24159134924411774,0.0,0.0,6.845593452453613e-05,0.0,59102,8,44060181,,,,,,,,,,,,,,,,,,
Reddit-S,44,s44_lowrank_rel,EDGE_SHUFFLE_REPLICATE,0.9609940052032471,0.9230145325951948,0.24144849181175232,0.0,0.0,-7.440149784088135e-05,0.0,59102,9,44060182,,,,,,,,,,,,,,,,,,
Reddit-S,44,s44_lowrank_rel,EDGE_SHUFFLE_REPLICATE,0.9609940052032471,0.9230145325951948,0.24145406484603882,0.0,0.0,-6.882846355438232e-05,0.0,59102,10,44060183,,,,,,,,,,,,,,,,,,
Reddit-S,44,s44_lowrank_rel,EDGE_SHUFFLE_MEAN_STD,,,,,,,,59102,,,10,0.9609940052032471,0.0,0.9230145325951948,0.0,0.24148713648319245,5.001273834547879e-05,0.0,0.0,0.0,0.0,-3.5756826400756835e-05,5.001273834547879e-05,0.0,0.0,,,
Reddit-S,44,s44_lowrank_rel,ZERO_DYNAMIC,0.9591066241264343,0.920693820334143,0.2410900890827179,-0.0018873810768127441,-0.002320712261051794,-0.0004328042268753052,0.0069204154424369335,,,,,,,,,,,,,,,,,,,9.5367431640625e-06,1e-05,1e-06
Reddit-S,44,s44_lowrank_rel_multi,MEAN_REPLACE,0.9625668525695801,0.9229528058345806,0.17764699459075928,0.0,0.0,7.969141006469727e-05,0.0,59102,,,,,,,,,,,,,,,,,,,,
Reddit-S,44,s44_lowrank_rel_multi,EDGE_SHUFFLE_REPLICATE,0.9625668525695801,0.9229528058345806,0.17757754027843475,0.0,0.0,1.023709774017334e-05,0.0,59102,1,44070181,,,,,,,,,,,,,,,,,,
Reddit-S,44,s44_lowrank_rel_multi,EDGE_SHUFFLE_REPLICATE,0.9622522592544556,0.9213033651601592,0.17756058275699615,-0.0003145933151245117,-0.0016494406744214096,-6.720423698425293e-06,0.0003145643277093768,59102,2,44070182,,,,,,,,,,,,,,,,,,
Reddit-S,44,s44_lowrank_rel_multi,EDGE_SHUFFLE_REPLICATE,0.9625668525695801,0.9229528058345806,0.17757055163383484,0.0,0.0,3.248453140258789e-06,0.0,59102,3,44070183,,,,,,,,,,,,,,,,,,
Reddit-S,44,s44_lowrank_rel_multi,EDGE_SHUFFLE_REPLICATE,0.9625668525695801,0.9229528058345806,0.1775772124528885,0.0,0.0,9.909272193908691e-06,0.0,59102,4,44070184,,,,,,,,,,,,,,,,,,
Reddit-S,44,s44_lowrank_rel_multi,EDGE_SHUFFLE_REPLICATE,0.9622522592544556,0.9213033651601592,0.17755857110023499,-0.0003145933151245117,-0.0016494406744214096,-8.732080459594727e-06,0.0003145643277093768,59102,5,44070185,,,,,,,,,,,,,,,,,,
Reddit-S,44,s44_lowrank_rel_multi,EDGE_SHUFFLE_REPLICATE,0.9625668525695801,0.9229528058345806,0.17757219076156616,0.0,0.0,4.887580871582031e-06,0.0,59102,6,44070186,,,,,,,,,,,,,,,,,,
Reddit-S,44,s44_lowrank_rel_multi,EDGE_SHUFFLE_REPLICATE,0.9622522592544556,0.9213033651601592,0.17757496237754822,-0.0003145933151245117,-0.0016494406744214096,7.659196853637695e-06,0.0003145643277093768,59102,7,44070187,,,,,,,,,,,,,,,,,,
Reddit-S,44,s44_lowrank_rel_multi,EDGE_SHUFFLE_REPLICATE,0.9622522592544556,0.9213033651601592,0.1775646060705185,-0.0003145933151245117,-0.0016494406744214096,-2.6971101760864258e-06,0.0003145643277093768,59102,8,44070188,,,,,,,,,,,,,,,,,,
Reddit-S,44,s44_lowrank_rel_multi,EDGE_SHUFFLE_REPLICATE,0.9625668525695801,0.9229528058345806,0.17755864560604095,0.0,0.0,-8.657574653625488e-06,0.0,59102,9,44070189,,,,,,,,,,,,,,,,,,
Reddit-S,44,s44_lowrank_rel_multi,EDGE_SHUFFLE_REPLICATE,0.9622522592544556,0.9213033651601592,0.17757874727249146,-0.0003145933151245117,-0.0016494406744214096,1.1444091796875e-05,0.0003145643277093768,59102,10,44070190,,,,,,,,,,,,,,,,,,
Reddit-S,44,s44_lowrank_rel_multi,EDGE_SHUFFLE_MEAN_STD,,,,,,,,59102,,,10,0.9624095559120178,0.00015729665756225586,0.9221280854973699,0.0008247203372107048,0.17756936103105544,7.67044404568939e-06,-0.00015729665756225586,0.00015729665756225586,-0.0008247203372107048,0.0008247203372107048,2.0578503608703612e-06,7.67044404568939e-06,0.0001572821638546884,0.0001572821638546884,,,
Reddit-S,44,s44_lowrank_rel_multi,ZERO_DYNAMIC,0.9613085985183716,0.9208006607047248,0.17758570611476898,-0.001258254051208496,-0.0021521451298558425,1.8402934074401855e-05,0.0012582573108375072,,,,,,,,,,,,,,,,,,,5.7220458984375e-06,1e-05,1e-06
Reddit-S,44,s44_expert_rel,MEAN_REPLACE,0.9638251066207886,0.9283794646701213,0.21483750641345978,0.0,0.0,-0.00026795268058776855,0.0,59102,,,,,,,,,,,,,,,,,,,,
Reddit-S,44,s44_expert_rel,EDGE_SHUFFLE_REPLICATE,0.9638251066207886,0.9283794646701213,0.21507146954536438,0.0,0.0,-3.3989548683166504e-05,0.0,59102,1,44090195,,,,,,,,,,,,,,,,,,
Reddit-S,44,s44_expert_rel,EDGE_SHUFFLE_REPLICATE,0.9638251066207886,0.9283794646701213,0.21508808434009552,0.0,0.0,-1.7374753952026367e-05,0.0,59102,2,44090196,,,,,,,,,,,,,,,,,,
Reddit-S,44,s44_expert_rel,EDGE_SHUFFLE_REPLICATE,0.9638251066207886,0.9283794646701213,0.21508757770061493,0.0,0.0,-1.7881393432617188e-05,0.0,59102,3,44090197,,,,,,,,,,,,,,,,,,
Reddit-S,44,s44_expert_rel,EDGE_SHUFFLE_REPLICATE,0.9638251066207886,0.9283794646701213,0.2151063084602356,0.0,0.0,8.493661880493164e-07,0.0,59102,4,44090198,,,,,,,,,,,,,,,,,,
Reddit-S,44,s44_expert_rel,EDGE_SHUFFLE_REPLICATE,0.9638251066207886,0.9283794646701213,0.2150924652814865,0.0,0.0,-1.2993812561035156e-05,0.0,59102,5,44090199,,,,,,,,,,,,,,,,,,
Reddit-S,44,s44_expert_rel,EDGE_SHUFFLE_REPLICATE,0.9638251066207886,0.9283794646701213,0.21506275236606598,0.0,0.0,-4.270672798156738e-05,0.0,59102,6,44090200,,,,,,,,,,,,,,,,,,
Reddit-S,44,s44_expert_rel,EDGE_SHUFFLE_REPLICATE,0.9638251066207886,0.9283794646701213,0.21508453786373138,0.0,0.0,-2.092123031616211e-05,0.0,59102,7,44090201,,,,,,,,,,,,,,,,,,
Reddit-S,44,s44_expert_rel,EDGE_SHUFFLE_REPLICATE,0.9638251066207886,0.9283794646701213,0.21509046852588654,0.0,0.0,-1.4990568161010742e-05,0.0,59102,8,44090202,,,,,,,,,,,,,,,,,,
Reddit-S,44,s44_expert_rel,EDGE_SHUFFLE_REPLICATE,0.9638251066207886,0.9283794646701213,0.21505142748355865,0.0,0.0,-5.40316104888916e-05,0.0,59102,9,44090203,,,,,,,,,,,,,,,,,,
Reddit-S,44,s44_expert_rel,EDGE_SHUFFLE_REPLICATE,0.9638251066207886,0.9283794646701213,0.21507830917835236,0.0,0.0,-2.714991569519043e-05,0.0,59102,10,44090204,,,,,,,,,,,,,,,,,,
Reddit-S,44,s44_expert_rel,EDGE_SHUFFLE_MEAN_STD,,,,,,,,59102,,,10,0.9638251066207886,0.0,0.9283794646701213,0.0,0.2150813400745392,1.5073213903872103e-05,0.0,0.0,0.0,0.0,-2.4119019508361815e-05,1.5073213903872103e-05,0.0,0.0,,,
Reddit-S,44,s44_expert_rel,ROUTE_EDGE_SHUFFLE_REPLICATE,0.9638251066207886,0.9283794646701213,0.21507146954536438,0.0,0.0,-3.3989548683166504e-05,0.0,59102,1,44090195,,,,,,,,,,,,,,,,,,
Reddit-S,44,s44_expert_rel,ROUTE_EDGE_SHUFFLE_REPLICATE,0.9638251066207886,0.9283794646701213,0.21508808434009552,0.0,0.0,-1.7374753952026367e-05,0.0,59102,2,44090196,,,,,,,,,,,,,,,,,,
Reddit-S,44,s44_expert_rel,ROUTE_EDGE_SHUFFLE_REPLICATE,0.9638251066207886,0.9283794646701213,0.21508757770061493,0.0,0.0,-1.7881393432617188e-05,0.0,59102,3,44090197,,,,,,,,,,,,,,,,,,
Reddit-S,44,s44_expert_rel,ROUTE_EDGE_SHUFFLE_REPLICATE,0.9638251066207886,0.9283794646701213,0.2151063084602356,0.0,0.0,8.493661880493164e-07,0.0,59102,4,44090198,,,,,,,,,,,,,,,,,,
Reddit-S,44,s44_expert_rel,ROUTE_EDGE_SHUFFLE_REPLICATE,0.9638251066207886,0.9283794646701213,0.2150924652814865,0.0,0.0,-1.2993812561035156e-05,0.0,59102,5,44090199,,,,,,,,,,,,,,,,,,
Reddit-S,44,s44_expert_rel,ROUTE_EDGE_SHUFFLE_REPLICATE,0.9638251066207886,0.9283794646701213,0.21506275236606598,0.0,0.0,-4.270672798156738e-05,0.0,59102,6,44090200,,,,,,,,,,,,,,,,,,
Reddit-S,44,s44_expert_rel,ROUTE_EDGE_SHUFFLE_REPLICATE,0.9638251066207886,0.9283794646701213,0.21508453786373138,0.0,0.0,-2.092123031616211e-05,0.0,59102,7,44090201,,,,,,,,,,,,,,,,,,
Reddit-S,44,s44_expert_rel,ROUTE_EDGE_SHUFFLE_REPLICATE,0.9638251066207886,0.9283794646701213,0.21509046852588654,0.0,0.0,-1.4990568161010742e-05,0.0,59102,8,44090202,,,,,,,,,,,,,,,,,,
Reddit-S,44,s44_expert_rel,ROUTE_EDGE_SHUFFLE_REPLICATE,0.9638251066207886,0.9283794646701213,0.21505142748355865,0.0,0.0,-5.40316104888916e-05,0.0,59102,9,44090203,,,,,,,,,,,,,,,,,,
Reddit-S,44,s44_expert_rel,ROUTE_EDGE_SHUFFLE_REPLICATE,0.9638251066207886,0.9283794646701213,0.21507830917835236,0.0,0.0,-2.714991569519043e-05,0.0,59102,10,44090204,,,,,,,,,,,,,,,,,,
Reddit-S,44,s44_expert_rel,ROUTE_EDGE_SHUFFLE_MEAN_STD,,,,,,,,59102,,,10,0.9638251066207886,0.0,0.9283794646701213,0.0,0.2150813400745392,1.5073213903872103e-05,0.0,0.0,0.0,0.0,-2.4119019508361815e-05,1.5073213903872103e-05,0.0,0.0,,,
Reddit-S,44,s44_expert_rel,ROUTE_UNIFORMIZE,0.9638251066207886,0.9283794646701213,0.21508540213108063,0.0,0.0,-2.0056962966918945e-05,0.0,,,,,,,,,,,,,,,,,,,,,
Reddit-S,44,s44_expert_rel_multi,MEAN_REPLACE,0.9609940052032471,0.9208202371303624,0.2283400297164917,0.00031453371047973633,0.0008612311321289923,-0.0014816969633102417,0.0003145643277093768,59102,,,,,,,,,,,,,,,,,,,,
Reddit-S,44,s44_expert_rel_multi,EDGE_SHUFFLE_REPLICATE,0.9606794714927673,0.9199590059982334,0.22983171045780182,0.0,0.0,9.98377799987793e-06,0.0,59102,1,44100202,,,,,,,,,,,,,,,,,,
Reddit-S,44,s44_expert_rel_multi,EDGE_SHUFFLE_REPLICATE,0.9606794714927673,0.9199590059982334,0.22982563078403473,0.0,0.0,3.904104232788086e-06,0.0,59102,2,44100203,,,,,,,,,,,,,,,,,,
Reddit-S,44,s44_expert_rel_multi,EDGE_SHUFFLE_REPLICATE,0.9606794714927673,0.9199590059982334,0.22981245815753937,0.0,0.0,-9.268522262573242e-06,0.0,59102,3,44100204,,,,,,,,,,,,,,,,,,
Reddit-S,44,s44_expert_rel_multi,EDGE_SHUFFLE_REPLICATE,0.9606794714927673,0.9199590059982334,0.2298164814710617,0.0,0.0,-5.245208740234375e-06,0.0,59102,4,44100205,,,,,,,,,,,,,,,,,,
Reddit-S,44,s44_expert_rel_multi,EDGE_SHUFFLE_REPLICATE,0.9606794714927673,0.9199590059982334,0.22982212901115417,0.0,0.0,4.023313522338867e-07,0.0,59102,5,44100206,,,,,,,,,,,,,,,,,,
Reddit-S,44,s44_expert_rel_multi,EDGE_SHUFFLE_REPLICATE,0.9606794714927673,0.9199590059982334,0.22980789840221405,0.0,0.0,-1.3828277587890625e-05,0.0,59102,6,44100207,,,,,,,,,,,,,,,,,,
Reddit-S,44,s44_expert_rel_multi,EDGE_SHUFFLE_REPLICATE,0.9606794714927673,0.9199590059982334,0.22982709109783173,0.0,0.0,5.364418029785156e-06,0.0,59102,7,44100208,,,,,,,,,,,,,,,,,,
Reddit-S,44,s44_expert_rel_multi,EDGE_SHUFFLE_REPLICATE,0.9606794714927673,0.9199590059982334,0.22982074320316315,0.0,0.0,-9.834766387939453e-07,0.0,59102,8,44100209,,,,,,,,,,,,,,,,,,
Reddit-S,44,s44_expert_rel_multi,EDGE_SHUFFLE_REPLICATE,0.9606794714927673,0.9199590059982334,0.22981007397174835,0.0,0.0,-1.1652708053588867e-05,0.0,59102,9,44100210,,,,,,,,,,,,,,,,,,
Reddit-S,44,s44_expert_rel_multi,EDGE_SHUFFLE_REPLICATE,0.9606794714927673,0.9199590059982334,0.22981080412864685,0.0,0.0,-1.0922551155090332e-05,0.0,59102,10,44100211,,,,,,,,,,,,,,,,,,
Reddit-S,44,s44_expert_rel_multi,EDGE_SHUFFLE_MEAN_STD,,,,,,,,59102,,,10,0.9606794714927673,0.0,0.9199590059982334,0.0,0.2298185020685196,7.74964167448465e-06,0.0,0.0,0.0,0.0,-3.224611282348633e-06,7.74964167448465e-06,0.0,0.0,,,
Reddit-S,44,s44_expert_rel_multi,ROUTE_EDGE_SHUFFLE_REPLICATE,0.9606794714927673,0.9199590059982334,0.22983171045780182,0.0,0.0,9.98377799987793e-06,0.0,59102,1,44100202,,,,,,,,,,,,,,,,,,
Reddit-S,44,s44_expert_rel_multi,ROUTE_EDGE_SHUFFLE_REPLICATE,0.9606794714927673,0.9199590059982334,0.22982563078403473,0.0,0.0,3.904104232788086e-06,0.0,59102,2,44100203,,,,,,,,,,,,,,,,,,
Reddit-S,44,s44_expert_rel_multi,ROUTE_EDGE_SHUFFLE_REPLICATE,0.9606794714927673,0.9199590059982334,0.22981245815753937,0.0,0.0,-9.268522262573242e-06,0.0,59102,3,44100204,,,,,,,,,,,,,,,,,,
Reddit-S,44,s44_expert_rel_multi,ROUTE_EDGE_SHUFFLE_REPLICATE,0.9606794714927673,0.9199590059982334,0.2298164814710617,0.0,0.0,-5.245208740234375e-06,0.0,59102,4,44100205,,,,,,,,,,,,,,,,,,
Reddit-S,44,s44_expert_rel_multi,ROUTE_EDGE_SHUFFLE_REPLICATE,0.9606794714927673,0.9199590059982334,0.22982212901115417,0.0,0.0,4.023313522338867e-07,0.0,59102,5,44100206,,,,,,,,,,,,,,,,,,
Reddit-S,44,s44_expert_rel_multi,ROUTE_EDGE_SHUFFLE_REPLICATE,0.9606794714927673,0.9199590059982334,0.22980789840221405,0.0,0.0,-1.3828277587890625e-05,0.0,59102,6,44100207,,,,,,,,,,,,,,,,,,
Reddit-S,44,s44_expert_rel_multi,ROUTE_EDGE_SHUFFLE_REPLICATE,0.9606794714927673,0.9199590059982334,0.22982709109783173,0.0,0.0,5.364418029785156e-06,0.0,59102,7,44100208,,,,,,,,,,,,,,,,,,
Reddit-S,44,s44_expert_rel_multi,ROUTE_EDGE_SHUFFLE_REPLICATE,0.9606794714927673,0.9199590059982334,0.22982074320316315,0.0,0.0,-9.834766387939453e-07,0.0,59102,8,44100209,,,,,,,,,,,,,,,,,,
Reddit-S,44,s44_expert_rel_multi,ROUTE_EDGE_SHUFFLE_REPLICATE,0.9606794714927673,0.9199590059982334,0.22981007397174835,0.0,0.0,-1.1652708053588867e-05,0.0,59102,9,44100210,,,,,,,,,,,,,,,,,,
Reddit-S,44,s44_expert_rel_multi,ROUTE_EDGE_SHUFFLE_REPLICATE,0.9606794714927673,0.9199590059982334,0.22981080412864685,0.0,0.0,-1.0922551155090332e-05,0.0,59102,10,44100211,,,,,,,,,,,,,,,,,,
Reddit-S,44,s44_expert_rel_multi,ROUTE_EDGE_SHUFFLE_MEAN_STD,,,,,,,,59102,,,10,0.9606794714927673,0.0,0.9199590059982334,0.0,0.2298185020685196,7.74964167448465e-06,0.0,0.0,0.0,0.0,-3.224611282348633e-06,7.74964167448465e-06,0.0,0.0,,,
Reddit-S,44,s44_expert_rel_multi,ROUTE_UNIFORMIZE,0.9606794714927673,0.9199656786267065,0.22814524173736572,0.0,6.672628473092246e-06,-0.0016764849424362183,0.0012582573108375072,,,,,,,,,,,,,,,,,,,,,
