dataset,seed,variant,class_id,support_validation,class_frequency_train,accuracy,precision,recall,f1,self_to_uniform_accuracy_gain,terminal_to_uniform_accuracy_gain,multimodal_to_best_unimodal_accuracy_gain,validation_only
Movies,42,self,0,355,1066,0.428169014084507,0.4735202492211838,0.428169014084507,0.44970414201183434,-0.04225352112676056,0.1436619718309859,0.03661971830985916,True
Movies,42,terminal,0,355,1066,0.24225352112676057,0.5276073619631901,0.24225352112676057,0.33204633204633205,-0.04225352112676056,0.1436619718309859,0.03661971830985916,True
Movies,42,uniform,0,355,1066,0.38591549295774646,0.5661157024793388,0.38591549295774646,0.45896147403685095,-0.04225352112676056,0.1436619718309859,0.03661971830985916,True
Movies,42,gpr,0,355,1066,0.37746478873239436,0.575107296137339,0.37746478873239436,0.4557823129251701,-0.04225352112676056,0.1436619718309859,0.03661971830985916,True
Movies,42,text_uniform,0,355,1066,0.3492957746478873,0.5276595744680851,0.3492957746478873,0.42033898305084744,-0.04225352112676056,0.1436619718309859,0.03661971830985916,True
Movies,42,visual_uniform,0,355,1066,0.3267605633802817,0.44106463878326996,0.3267605633802817,0.37540453074433655,-0.04225352112676056,0.1436619718309859,0.03661971830985916,True
Movies,42,self,1,1098,3294,0.7049180327868853,0.5678650036683786,0.7049180327868853,0.6290125965054856,0.006375227686703067,-0.032786885245901676,-0.01821493624772319,True
Movies,42,terminal,1,1098,3294,0.74408014571949,0.5685455810716771,0.74408014571949,0.6445759368836292,0.006375227686703067,-0.032786885245901676,-0.01821493624772319,True
Movies,42,uniform,1,1098,3294,0.7112932604735883,0.6203335980937251,0.7112932604735883,0.6627068307170132,0.006375227686703067,-0.032786885245901676,-0.01821493624772319,True
Movies,42,gpr,1,1098,3294,0.7131147540983607,0.6165354330708661,0.7131147540983607,0.6613175675675675,0.006375227686703067,-0.032786885245901676,-0.01821493624772319,True
Movies,42,text_uniform,1,1098,3294,0.7276867030965392,0.536241610738255,0.7276867030965392,0.6174652241112828,0.006375227686703067,-0.032786885245901676,-0.01821493624772319,True
Movies,42,visual_uniform,1,1098,3294,0.7295081967213115,0.5775054073540015,0.7295081967213115,0.6446680080482897,0.006375227686703067,-0.032786885245901676,-0.01821493624772319,True
Movies,42,self,2,363,1090,0.5041322314049587,0.375,0.5041322314049587,0.4300822561692127,-0.02203856749311295,-0.04132231404958675,0.05785123966942146,True
Movies,42,terminal,2,363,1090,0.5234159779614325,0.39337474120082816,0.5234159779614325,0.4491725768321513,-0.02203856749311295,-0.04132231404958675,0.05785123966942146,True
Movies,42,uniform,2,363,1090,0.4820936639118457,0.47554347826086957,0.4820936639118457,0.478796169630643,-0.02203856749311295,-0.04132231404958675,0.05785123966942146,True
Movies,42,gpr,2,363,1090,0.5785123966942148,0.43568464730290457,0.5785123966942148,0.4970414201183432,-0.02203856749311295,-0.04132231404958675,0.05785123966942146,True
Movies,42,text_uniform,2,363,1090,0.3526170798898072,0.46886446886446886,0.3526170798898072,0.4025157232704403,-0.02203856749311295,-0.04132231404958675,0.05785123966942146,True
Movies,42,visual_uniform,2,363,1090,0.42424242424242425,0.4624624624624625,0.42424242424242425,0.4425287356321839,-0.02203856749311295,-0.04132231404958675,0.05785123966942146,True
Movies,42,self,3,277,832,0.7617328519855595,0.735191637630662,0.7617328519855595,0.74822695035461,0.07942238267148016,0.0036101083032490378,0.032490974729241895,True
Movies,42,terminal,3,277,832,0.8375451263537906,0.7508090614886731,0.8375451263537906,0.7918088737201365,0.07942238267148016,0.0036101083032490378,0.032490974729241895,True
Movies,42,uniform,3,277,832,0.8411552346570397,0.7564935064935064,0.8411552346570397,0.7965811965811965,0.07942238267148016,0.0036101083032490378,0.032490974729241895,True
Movies,42,gpr,3,277,832,0.8194945848375451,0.7591973244147158,0.8194945848375451,0.7881944444444444,0.07942238267148016,0.0036101083032490378,0.032490974729241895,True
Movies,42,text_uniform,3,277,832,0.8086642599277978,0.7593220338983051,0.8086642599277978,0.7832167832167832,0.07942238267148016,0.0036101083032490378,0.032490974729241895,True
Movies,42,visual_uniform,3,277,832,0.8086642599277978,0.7724137931034483,0.8086642599277978,0.7901234567901234,0.07942238267148016,0.0036101083032490378,0.032490974729241895,True
Movies,42,self,4,24,71,0.4583333333333333,0.8461538461538461,0.4583333333333333,0.5945945945945946,0.12500000000000006,0.04166666666666674,0.0,True
Movies,42,terminal,4,24,71,0.5416666666666666,0.5652173913043478,0.5416666666666666,0.5531914893617021,0.12500000000000006,0.04166666666666674,0.0,True
Movies,42,uniform,4,24,71,0.5833333333333334,0.6363636363636364,0.5833333333333334,0.6086956521739131,0.12500000000000006,0.04166666666666674,0.0,True
Movies,42,gpr,4,24,71,0.5,0.631578947368421,0.5,0.5581395348837209,0.12500000000000006,0.04166666666666674,0.0,True
Movies,42,text_uniform,4,24,71,0.4166666666666667,0.7142857142857143,0.4166666666666667,0.5263157894736842,0.12500000000000006,0.04166666666666674,0.0,True
Movies,42,visual_uniform,4,24,71,0.5833333333333334,0.7,0.5833333333333334,0.6363636363636364,0.12500000000000006,0.04166666666666674,0.0,True
Movies,42,self,5,82,248,0.21951219512195122,0.46153846153846156,0.21951219512195122,0.2975206611570248,0.06097560975609759,0.14634146341463417,-0.036585365853658514,True
Movies,42,terminal,5,82,248,0.13414634146341464,0.3235294117647059,0.13414634146341464,0.1896551724137931,0.06097560975609759,0.14634146341463417,-0.036585365853658514,True
Movies,42,uniform,5,82,248,0.2804878048780488,0.3770491803278688,0.2804878048780488,0.32167832167832167,0.06097560975609759,0.14634146341463417,-0.036585365853658514,True
Movies,42,gpr,5,82,248,0.24390243902439024,0.45454545454545453,0.24390243902439024,0.31746031746031744,0.06097560975609759,0.14634146341463417,-0.036585365853658514,True
Movies,42,text_uniform,5,82,248,0.3170731707317073,0.4727272727272727,0.3170731707317073,0.3795620437956204,0.06097560975609759,0.14634146341463417,-0.036585365853658514,True
Movies,42,visual_uniform,5,82,248,0.14634146341463414,0.35294117647058826,0.14634146341463414,0.20689655172413793,0.06097560975609759,0.14634146341463417,-0.036585365853658514,True
Movies,42,self,6,122,366,0.28688524590163933,0.4268292682926829,0.28688524590163933,0.3431372549019608,0.11475409836065575,0.09836065573770492,0.05737704918032788,True
Movies,42,terminal,6,122,366,0.30327868852459017,0.5441176470588235,0.30327868852459017,0.3894736842105263,0.11475409836065575,0.09836065573770492,0.05737704918032788,True
Movies,42,uniform,6,122,366,0.4016393442622951,0.4666666666666667,0.4016393442622951,0.43171806167400884,0.11475409836065575,0.09836065573770492,0.05737704918032788,True
Movies,42,gpr,6,122,366,0.32786885245901637,0.5063291139240507,0.32786885245901637,0.39800995024875624,0.11475409836065575,0.09836065573770492,0.05737704918032788,True
Movies,42,text_uniform,6,122,366,0.30327868852459017,0.43529411764705883,0.30327868852459017,0.357487922705314,0.11475409836065575,0.09836065573770492,0.05737704918032788,True
Movies,42,visual_uniform,6,122,366,0.3442622950819672,0.4421052631578947,0.3442622950819672,0.3870967741935484,0.11475409836065575,0.09836065573770492,0.05737704918032788,True
Movies,42,self,7,210,631,0.29523809523809524,0.45255474452554745,0.29523809523809524,0.3573487031700288,0.1952380952380952,0.15238095238095234,0.06666666666666665,True
Movies,42,terminal,7,210,631,0.3380952380952381,0.5338345864661654,0.3380952380952381,0.4139941690962099,0.1952380952380952,0.15238095238095234,0.06666666666666665,True
Movies,42,uniform,7,210,631,0.49047619047619045,0.4204081632653061,0.49047619047619045,0.45274725274725275,0.1952380952380952,0.15238095238095234,0.06666666666666665,True
Movies,42,gpr,7,210,631,0.43333333333333335,0.4354066985645933,0.43333333333333335,0.4343675417661098,0.1952380952380952,0.15238095238095234,0.06666666666666665,True
Movies,42,text_uniform,7,210,631,0.3380952380952381,0.4127906976744186,0.3380952380952381,0.3717277486910995,0.1952380952380952,0.15238095238095234,0.06666666666666665,True
Movies,42,visual_uniform,7,210,631,0.4238095238095238,0.41784037558685444,0.4238095238095238,0.42080378250591016,0.1952380952380952,0.15238095238095234,0.06666666666666665,True
Movies,42,self,8,30,89,0.5333333333333333,0.5517241379310345,0.5333333333333333,0.5423728813559322,0.06666666666666665,0.0,0.0,True
Movies,42,terminal,8,30,89,0.6,0.5806451612903226,0.6,0.5901639344262295,0.06666666666666665,0.0,0.0,True
Movies,42,uniform,8,30,89,0.6,0.5806451612903226,0.6,0.5901639344262295,0.06666666666666665,0.0,0.0,True
Movies,42,gpr,8,30,89,0.7,0.5833333333333334,0.7,0.6363636363636364,0.06666666666666665,0.0,0.0,True
Movies,42,text_uniform,8,30,89,0.5666666666666667,0.5151515151515151,0.5666666666666667,0.5396825396825397,0.06666666666666665,0.0,0.0,True
Movies,42,visual_uniform,8,30,89,0.6,0.5294117647058824,0.6,0.5625,0.06666666666666665,0.0,0.0,True
Movies,42,self,9,37,112,0.08108108108108109,0.6,0.08108108108108109,0.14285714285714285,0.02702702702702703,0.08108108108108109,-0.05405405405405406,True
Movies,42,terminal,9,37,112,0.02702702702702703,1.0,0.02702702702702703,0.05263157894736842,0.02702702702702703,0.08108108108108109,-0.05405405405405406,True
Movies,42,uniform,9,37,112,0.10810810810810811,0.8,0.10810810810810811,0.19047619047619047,0.02702702702702703,0.08108108108108109,-0.05405405405405406,True
Movies,42,gpr,9,37,112,0.10810810810810811,0.6666666666666666,0.10810810810810811,0.18604651162790697,0.02702702702702703,0.08108108108108109,-0.05405405405405406,True
Movies,42,text_uniform,9,37,112,0.13513513513513514,0.5555555555555556,0.13513513513513514,0.21739130434782608,0.02702702702702703,0.08108108108108109,-0.05405405405405406,True
Movies,42,visual_uniform,9,37,112,0.16216216216216217,0.6,0.16216216216216217,0.2553191489361702,0.02702702702702703,0.08108108108108109,-0.05405405405405406,True
Movies,42,self,10,269,807,0.5390334572490706,0.5370370370370371,0.5390334572490706,0.5380333951762524,0.1003717472118959,0.06319702602230481,-0.02230483271375472,True
Movies,42,terminal,10,269,807,0.5762081784386617,0.5849056603773585,0.5762081784386617,0.5805243445692884,0.1003717472118959,0.06319702602230481,-0.02230483271375472,True
Movies,42,uniform,10,269,807,0.6394052044609665,0.5993031358885017,0.6394052044609665,0.6187050359712231,0.1003717472118959,0.06319702602230481,-0.02230483271375472,True
Movies,42,gpr,10,269,807,0.6245353159851301,0.5915492957746479,0.6245353159851301,0.6075949367088608,0.1003717472118959,0.06319702602230481,-0.02230483271375472,True
Movies,42,text_uniform,10,269,807,0.5910780669144982,0.4428969359331476,0.5910780669144982,0.5063694267515924,0.1003717472118959,0.06319702602230481,-0.02230483271375472,True
Movies,42,visual_uniform,10,269,807,0.6617100371747212,0.5741935483870968,0.6617100371747212,0.614853195164076,0.1003717472118959,0.06319702602230481,-0.02230483271375472,True
Movies,42,self,11,88,264,0.23863636363636365,0.3888888888888889,0.23863636363636365,0.29577464788732394,0.13636363636363635,0.0,0.011363636363636354,True
Movies,42,terminal,11,88,264,0.375,0.5689655172413793,0.375,0.4520547945205479,0.13636363636363635,0.0,0.011363636363636354,True
Movies,42,uniform,11,88,264,0.375,0.532258064516129,0.375,0.44,0.13636363636363635,0.0,0.011363636363636354,True
Movies,42,gpr,11,88,264,0.3522727272727273,0.543859649122807,0.3522727272727273,0.42758620689655175,0.13636363636363635,0.0,0.011363636363636354,True
Movies,42,text_uniform,11,88,264,0.17045454545454544,0.42857142857142855,0.17045454545454544,0.24390243902439024,0.13636363636363635,0.0,0.011363636363636354,True
Movies,42,visual_uniform,11,88,264,0.36363636363636365,0.5614035087719298,0.36363636363636365,0.4413793103448276,0.13636363636363635,0.0,0.011363636363636354,True
Movies,42,self,12,23,67,0.5217391304347826,0.631578947368421,0.5217391304347826,0.5714285714285714,0.3913043478260869,0.08695652173913038,0.0,True
Movies,42,terminal,12,23,67,0.8260869565217391,0.6785714285714286,0.8260869565217391,0.7450980392156863,0.3913043478260869,0.08695652173913038,0.0,True
Movies,42,uniform,12,23,67,0.9130434782608695,0.75,0.9130434782608695,0.8235294117647058,0.3913043478260869,0.08695652173913038,0.0,True
Movies,42,gpr,12,23,67,0.9565217391304348,0.8148148148148148,0.9565217391304348,0.88,0.3913043478260869,0.08695652173913038,0.0,True
Movies,42,text_uniform,12,23,67,0.6521739130434783,0.5769230769230769,0.6521739130434783,0.6122448979591837,0.3913043478260869,0.08695652173913038,0.0,True
Movies,42,visual_uniform,12,23,67,0.9130434782608695,0.6774193548387096,0.9130434782608695,0.7777777777777778,0.3913043478260869,0.08695652173913038,0.0,True
Movies,42,self,13,43,128,0.5581395348837209,0.5454545454545454,0.5581395348837209,0.5517241379310345,-0.046511627906976716,0.1162790697674419,0.04651162790697677,True
Movies,42,terminal,13,43,128,0.3953488372093023,0.4594594594594595,0.3953488372093023,0.425,-0.046511627906976716,0.1162790697674419,0.04651162790697677,True
Movies,42,uniform,13,43,128,0.5116279069767442,0.55,0.5116279069767442,0.5301204819277109,-0.046511627906976716,0.1162790697674419,0.04651162790697677,True
Movies,42,gpr,13,43,128,0.4418604651162791,0.5428571428571428,0.4418604651162791,0.48717948717948717,-0.046511627906976716,0.1162790697674419,0.04651162790697677,True
Movies,42,text_uniform,13,43,128,0.4418604651162791,0.59375,0.4418604651162791,0.5066666666666667,-0.046511627906976716,0.1162790697674419,0.04651162790697677,True
Movies,42,visual_uniform,13,43,128,0.46511627906976744,0.5263157894736842,0.46511627906976744,0.49382716049382713,-0.046511627906976716,0.1162790697674419,0.04651162790697677,True
Movies,42,self,14,50,151,0.26,0.48148148148148145,0.26,0.33766233766233766,0.2,-0.03999999999999998,0.020000000000000018,True
Movies,42,terminal,14,50,151,0.5,0.5434782608695652,0.5,0.5208333333333334,0.2,-0.03999999999999998,0.020000000000000018,True
Movies,42,uniform,14,50,151,0.46,0.4423076923076923,0.46,0.45098039215686275,0.2,-0.03999999999999998,0.020000000000000018,True
Movies,42,gpr,14,50,151,0.46,0.4791666666666667,0.46,0.46938775510204084,0.2,-0.03999999999999998,0.020000000000000018,True
Movies,42,text_uniform,14,50,151,0.44,0.4888888888888889,0.44,0.4631578947368421,0.2,-0.03999999999999998,0.020000000000000018,True
Movies,42,visual_uniform,14,50,151,0.42,0.5384615384615384,0.42,0.47191011235955055,0.2,-0.03999999999999998,0.020000000000000018,True
Movies,42,self,15,47,142,0.2127659574468085,0.3225806451612903,0.2127659574468085,0.2564102564102564,0.19148936170212763,0.04255319148936165,0.021276595744680826,True
Movies,42,terminal,15,47,142,0.3617021276595745,0.4473684210526316,0.3617021276595745,0.4,0.19148936170212763,0.04255319148936165,0.021276595744680826,True
Movies,42,uniform,15,47,142,0.40425531914893614,0.41304347826086957,0.40425531914893614,0.40860215053763443,0.19148936170212763,0.04255319148936165,0.021276595744680826,True
Movies,42,gpr,15,47,142,0.3829787234042553,0.43902439024390244,0.3829787234042553,0.4090909090909091,0.19148936170212763,0.04255319148936165,0.021276595744680826,True
Movies,42,text_uniform,15,47,142,0.2553191489361702,0.3870967741935484,0.2553191489361702,0.3076923076923077,0.19148936170212763,0.04255319148936165,0.021276595744680826,True
Movies,42,visual_uniform,15,47,142,0.3829787234042553,0.47368421052631576,0.3829787234042553,0.4235294117647059,0.19148936170212763,0.04255319148936165,0.021276595744680826,True
Movies,42,self,16,38,113,0.0,0.0,0.0,0.0,0.0,0.0,-0.02631578947368421,True
Movies,42,terminal,16,38,113,0.0,0.0,0.0,0.0,0.0,0.0,-0.02631578947368421,True
Movies,42,uniform,16,38,113,0.0,0.0,0.0,0.0,0.0,0.0,-0.02631578947368421,True
Movies,42,gpr,16,38,113,0.02631578947368421,0.2,0.02631578947368421,0.046511627906976744,0.0,0.0,-0.02631578947368421,True
Movies,42,text_uniform,16,38,113,0.0,0.0,0.0,0.0,0.0,0.0,-0.02631578947368421,True
Movies,42,visual_uniform,16,38,113,0.02631578947368421,0.16666666666666666,0.02631578947368421,0.045454545454545456,0.0,0.0,-0.02631578947368421,True
Movies,42,self,17,141,424,0.2978723404255319,0.3684210526315789,0.2978723404255319,0.32941176470588235,0.16312056737588654,-0.021276595744680826,0.06382978723404253,True
Movies,42,terminal,17,141,424,0.48226950354609927,0.4788732394366197,0.48226950354609927,0.48056537102473496,0.16312056737588654,-0.021276595744680826,0.06382978723404253,True
Movies,42,uniform,17,141,424,0.46099290780141844,0.4452054794520548,0.46099290780141844,0.4529616724738676,0.16312056737588654,-0.021276595744680826,0.06382978723404253,True
Movies,42,gpr,17,141,424,0.44680851063829785,0.4632352941176471,0.44680851063829785,0.4548736462093863,0.16312056737588654,-0.021276595744680826,0.06382978723404253,True
Movies,42,text_uniform,17,141,424,0.3971631205673759,0.49557522123893805,0.3971631205673759,0.4409448818897638,0.16312056737588654,-0.021276595744680826,0.06382978723404253,True
Movies,42,visual_uniform,17,141,424,0.3617021276595745,0.4857142857142857,0.3617021276595745,0.4146341463414634,0.16312056737588654,-0.021276595744680826,0.06382978723404253,True
Movies,42,self,18,23,68,0.21739130434782608,0.7142857142857143,0.21739130434782608,0.3333333333333333,0.34782608695652173,0.04347826086956519,0.0,True
Movies,42,terminal,18,23,68,0.5217391304347826,0.42857142857142855,0.5217391304347826,0.47058823529411764,0.34782608695652173,0.04347826086956519,0.0,True
Movies,42,uniform,18,23,68,0.5652173913043478,0.7222222222222222,0.5652173913043478,0.6341463414634146,0.34782608695652173,0.04347826086956519,0.0,True
Movies,42,gpr,18,23,68,0.6086956521739131,0.7777777777777778,0.6086956521739131,0.6829268292682927,0.34782608695652173,0.04347826086956519,0.0,True
Movies,42,text_uniform,18,23,68,0.5652173913043478,0.6190476190476191,0.5652173913043478,0.5909090909090909,0.34782608695652173,0.04347826086956519,0.0,True
Movies,42,visual_uniform,18,23,68,0.5652173913043478,0.5909090909090909,0.5652173913043478,0.5777777777777777,0.34782608695652173,0.04347826086956519,0.0,True
Movies,42,self,19,14,40,0.21428571428571427,0.75,0.21428571428571427,0.3333333333333333,0.14285714285714288,-0.14285714285714285,-0.14285714285714285,True
Movies,42,terminal,19,14,40,0.5,0.7777777777777778,0.5,0.6086956521739131,0.14285714285714288,-0.14285714285714285,-0.14285714285714285,True
Movies,42,uniform,19,14,40,0.35714285714285715,0.625,0.35714285714285715,0.45454545454545453,0.14285714285714288,-0.14285714285714285,-0.14285714285714285,True
Movies,42,gpr,19,14,40,0.2857142857142857,0.6666666666666666,0.2857142857142857,0.4,0.14285714285714288,-0.14285714285714285,-0.14285714285714285,True
Movies,42,text_uniform,19,14,40,0.35714285714285715,0.7142857142857143,0.35714285714285715,0.47619047619047616,0.14285714285714288,-0.14285714285714285,-0.14285714285714285,True
Movies,42,visual_uniform,19,14,40,0.5,0.7777777777777778,0.5,0.6086956521739131,0.14285714285714288,-0.14285714285714285,-0.14285714285714285,True
Movies,43,self,0,355,1066,0.5830985915492958,0.7666666666666667,0.5830985915492958,0.6624,-0.05633802816901412,0.21690140845070421,0.047887323943661964,True
Movies,43,terminal,0,355,1066,0.30985915492957744,0.6145251396648045,0.30985915492957744,0.41198501872659177,-0.05633802816901412,0.21690140845070421,0.047887323943661964,True
Movies,43,uniform,0,355,1066,0.5267605633802817,0.6951672862453532,0.5267605633802817,0.5993589743589743,-0.05633802816901412,0.21690140845070421,0.047887323943661964,True
Movies,43,gpr,0,355,1066,0.6507042253521127,0.6676300578034682,0.6507042253521127,0.6590584878744651,-0.05633802816901412,0.21690140845070421,0.047887323943661964,True
Movies,43,text_uniform,0,355,1066,0.4422535211267606,0.7235023041474654,0.4422535211267606,0.548951048951049,-0.05633802816901412,0.21690140845070421,0.047887323943661964,True
Movies,43,visual_uniform,0,355,1066,0.4788732394366197,0.6538461538461539,0.4788732394366197,0.5528455284552846,-0.05633802816901412,0.21690140845070421,0.047887323943661964,True
Movies,43,self,1,1098,3294,0.8679417122040073,0.6890817064352857,0.8679417122040073,0.7682386134623136,-0.030965391621129323,-0.0018214936247723523,-0.02914389799635697,True
Movies,43,terminal,1,1098,3294,0.8387978142076503,0.587747287811104,0.8387978142076503,0.6911819887429643,-0.030965391621129323,-0.0018214936247723523,-0.02914389799635697,True
Movies,43,uniform,1,1098,3294,0.836976320582878,0.6999238385376999,0.836976320582878,0.7623392783077562,-0.030965391621129323,-0.0018214936247723523,-0.02914389799635697,True
Movies,43,gpr,1,1098,3294,0.8096539162112932,0.7328936521022259,0.8096539162112932,0.7693639117265253,-0.030965391621129323,-0.0018214936247723523,-0.02914389799635697,True
Movies,43,text_uniform,1,1098,3294,0.8661202185792349,0.5607311320754716,0.8661202185792349,0.6807444523979957,-0.030965391621129323,-0.0018214936247723523,-0.02914389799635697,True
Movies,43,visual_uniform,1,1098,3294,0.8533697632058288,0.6673789173789174,0.8533697632058288,0.7490007993605116,-0.030965391621129323,-0.0018214936247723523,-0.02914389799635697,True
Movies,43,self,2,363,1090,0.6859504132231405,0.6335877862595419,0.6859504132231405,0.6587301587301587,-0.05509641873278237,0.1707988980716254,0.10468319559228656,True
Movies,43,terminal,2,363,1090,0.46005509641873277,0.4550408719346049,0.46005509641873277,0.4575342465753425,-0.05509641873278237,0.1707988980716254,0.10468319559228656,True
Movies,43,uniform,2,363,1090,0.6308539944903582,0.613941018766756,0.6308539944903582,0.6222826086956522,-0.05509641873278237,0.1707988980716254,0.10468319559228656,True
Movies,43,gpr,2,363,1090,0.628099173553719,0.6477272727272727,0.628099173553719,0.6377622377622377,-0.05509641873278237,0.1707988980716254,0.10468319559228656,True
Movies,43,text_uniform,2,363,1090,0.3939393939393939,0.6190476190476191,0.3939393939393939,0.48148148148148145,-0.05509641873278237,0.1707988980716254,0.10468319559228656,True
Movies,43,visual_uniform,2,363,1090,0.5261707988980716,0.6366666666666667,0.5261707988980716,0.5761689291101055,-0.05509641873278237,0.1707988980716254,0.10468319559228656,True
Movies,43,self,3,277,832,0.9097472924187726,0.863013698630137,0.9097472924187726,0.8857644991212654,-0.03971119133574008,-0.010830324909747224,-0.028880866425992746,True
Movies,43,terminal,3,277,832,0.8808664259927798,0.8160535117056856,0.8808664259927798,0.8472222222222222,-0.03971119133574008,-0.010830324909747224,-0.028880866425992746,True
Movies,43,uniform,3,277,832,0.8700361010830325,0.8731884057971014,0.8700361010830325,0.8716094032549728,-0.03971119133574008,-0.010830324909747224,-0.028880866425992746,True
Movies,43,gpr,3,277,832,0.9061371841155235,0.8394648829431438,0.9061371841155235,0.8715277777777778,-0.03971119133574008,-0.010830324909747224,-0.028880866425992746,True
Movies,43,text_uniform,3,277,832,0.8483754512635379,0.8159722222222222,0.8483754512635379,0.831858407079646,-0.03971119133574008,-0.010830324909747224,-0.028880866425992746,True
Movies,43,visual_uniform,3,277,832,0.8989169675090253,0.8440677966101695,0.8989169675090253,0.8706293706293706,-0.03971119133574008,-0.010830324909747224,-0.028880866425992746,True
Movies,43,self,4,24,71,0.5,0.9230769230769231,0.5,0.6486486486486487,0.04166666666666663,0.20833333333333331,0.08333333333333331,True
Movies,43,terminal,4,24,71,0.3333333333333333,0.6666666666666666,0.3333333333333333,0.4444444444444444,0.04166666666666663,0.20833333333333331,0.08333333333333331,True
Movies,43,uniform,4,24,71,0.5416666666666666,0.7647058823529411,0.5416666666666666,0.6341463414634146,0.04166666666666663,0.20833333333333331,0.08333333333333331,True
Movies,43,gpr,4,24,71,0.5833333333333334,0.8235294117647058,0.5833333333333334,0.6829268292682927,0.04166666666666663,0.20833333333333331,0.08333333333333331,True
Movies,43,text_uniform,4,24,71,0.3333333333333333,0.5714285714285714,0.3333333333333333,0.42105263157894735,0.04166666666666663,0.20833333333333331,0.08333333333333331,True
Movies,43,visual_uniform,4,24,71,0.4583333333333333,0.7857142857142857,0.4583333333333333,0.5789473684210527,0.04166666666666663,0.20833333333333331,0.08333333333333331,True
Movies,43,self,5,82,248,0.3780487804878049,0.6078431372549019,0.3780487804878049,0.46616541353383456,-0.09756097560975607,0.09756097560975613,-0.07317073170731703,True
Movies,43,terminal,5,82,248,0.18292682926829268,0.625,0.18292682926829268,0.2830188679245283,-0.09756097560975607,0.09756097560975613,-0.07317073170731703,True
Movies,43,uniform,5,82,248,0.2804878048780488,0.5897435897435898,0.2804878048780488,0.38016528925619836,-0.09756097560975607,0.09756097560975613,-0.07317073170731703,True
Movies,43,gpr,5,82,248,0.43902439024390244,0.4931506849315068,0.43902439024390244,0.4645161290322581,-0.09756097560975607,0.09756097560975613,-0.07317073170731703,True
Movies,43,text_uniform,5,82,248,0.35365853658536583,0.6590909090909091,0.35365853658536583,0.4603174603174603,-0.09756097560975607,0.09756097560975613,-0.07317073170731703,True
Movies,43,visual_uniform,5,82,248,0.35365853658536583,0.6444444444444445,0.35365853658536583,0.4566929133858268,-0.09756097560975607,0.09756097560975613,-0.07317073170731703,True
Movies,43,self,6,122,366,0.5573770491803278,0.6017699115044248,0.5573770491803278,0.5787234042553191,-0.016393442622950727,0.17213114754098363,0.024590163934426257,True
Movies,43,terminal,6,122,366,0.36885245901639346,0.46875,0.36885245901639346,0.41284403669724773,-0.016393442622950727,0.17213114754098363,0.024590163934426257,True
Movies,43,uniform,6,122,366,0.5409836065573771,0.5365853658536586,0.5409836065573771,0.5387755102040817,-0.016393442622950727,0.17213114754098363,0.024590163934426257,True
Movies,43,gpr,6,122,366,0.39344262295081966,0.6075949367088608,0.39344262295081966,0.47761194029850745,-0.016393442622950727,0.17213114754098363,0.024590163934426257,True
Movies,43,text_uniform,6,122,366,0.4344262295081967,0.53,0.4344262295081967,0.4774774774774775,-0.016393442622950727,0.17213114754098363,0.024590163934426257,True
Movies,43,visual_uniform,6,122,366,0.5163934426229508,0.6116504854368932,0.5163934426229508,0.56,-0.016393442622950727,0.17213114754098363,0.024590163934426257,True
Movies,43,self,7,210,631,0.6142857142857143,0.6935483870967742,0.6142857142857143,0.6515151515151515,0.014285714285714235,0.2619047619047619,0.00952380952380949,True
Movies,43,terminal,7,210,631,0.36666666666666664,0.5833333333333334,0.36666666666666664,0.4502923976608187,0.014285714285714235,0.2619047619047619,0.00952380952380949,True
Movies,43,uniform,7,210,631,0.6285714285714286,0.55,0.6285714285714286,0.5866666666666667,0.014285714285714235,0.2619047619047619,0.00952380952380949,True
Movies,43,gpr,7,210,631,0.5904761904761905,0.6595744680851063,0.5904761904761905,0.6231155778894473,0.014285714285714235,0.2619047619047619,0.00952380952380949,True
Movies,43,text_uniform,7,210,631,0.4095238095238095,0.5584415584415584,0.4095238095238095,0.4725274725274725,0.014285714285714235,0.2619047619047619,0.00952380952380949,True
Movies,43,visual_uniform,7,210,631,0.6190476190476191,0.5531914893617021,0.6190476190476191,0.5842696629213483,0.014285714285714235,0.2619047619047619,0.00952380952380949,True
Movies,43,self,8,30,89,0.6,0.6923076923076923,0.6,0.6428571428571429,0.1333333333333333,0.0,0.033333333333333326,True
Movies,43,terminal,8,30,89,0.7333333333333333,0.6470588235294118,0.7333333333333333,0.6875,0.1333333333333333,0.0,0.033333333333333326,True
Movies,43,uniform,8,30,89,0.7333333333333333,0.6470588235294118,0.7333333333333333,0.6875,0.1333333333333333,0.0,0.033333333333333326,True
Movies,43,gpr,8,30,89,0.7,0.7,0.7,0.7,0.1333333333333333,0.0,0.033333333333333326,True
Movies,43,text_uniform,8,30,89,0.5333333333333333,0.6153846153846154,0.5333333333333333,0.5714285714285714,0.1333333333333333,0.0,0.033333333333333326,True
Movies,43,visual_uniform,8,30,89,0.7,0.7241379310344828,0.7,0.711864406779661,0.1333333333333333,0.0,0.033333333333333326,True
Movies,43,self,9,37,112,0.21621621621621623,0.8888888888888888,0.21621621621621623,0.34782608695652173,-0.16216216216216217,0.05405405405405406,-0.13513513513513514,True
Movies,43,terminal,9,37,112,0.0,0.0,0.0,0.0,-0.16216216216216217,0.05405405405405406,-0.13513513513513514,True
Movies,43,uniform,9,37,112,0.05405405405405406,0.3333333333333333,0.05405405405405406,0.09302325581395349,-0.16216216216216217,0.05405405405405406,-0.13513513513513514,True
Movies,43,gpr,9,37,112,0.08108108108108109,0.6,0.08108108108108109,0.14285714285714285,-0.16216216216216217,0.05405405405405406,-0.13513513513513514,True
Movies,43,text_uniform,9,37,112,0.13513513513513514,0.625,0.13513513513513514,0.2222222222222222,-0.16216216216216217,0.05405405405405406,-0.13513513513513514,True
Movies,43,visual_uniform,9,37,112,0.1891891891891892,0.5384615384615384,0.1891891891891892,0.28,-0.16216216216216217,0.05405405405405406,-0.13513513513513514,True
Movies,43,self,10,269,807,0.7620817843866171,0.6925675675675675,0.7620817843866171,0.7256637168141593,-0.0037174721189591198,0.09293680297397766,-0.0037174721189591198,True
Movies,43,terminal,10,269,807,0.6654275092936803,0.6047297297297297,0.6654275092936803,0.6336283185840708,-0.0037174721189591198,0.09293680297397766,-0.0037174721189591198,True
Movies,43,uniform,10,269,807,0.758364312267658,0.6938775510204082,0.758364312267658,0.7246891651865008,-0.0037174721189591198,0.09293680297397766,-0.0037174721189591198,True
Movies,43,gpr,10,269,807,0.8141263940520446,0.6886792452830188,0.8141263940520446,0.7461669505962522,-0.0037174721189591198,0.09293680297397766,-0.0037174721189591198,True
Movies,43,text_uniform,10,269,807,0.5613382899628253,0.5807692307692308,0.5613382899628253,0.5708884688090737,-0.0037174721189591198,0.09293680297397766,-0.0037174721189591198,True
Movies,43,visual_uniform,10,269,807,0.7620817843866171,0.7167832167832168,0.7620817843866171,0.7387387387387387,-0.0037174721189591198,0.09293680297397766,-0.0037174721189591198,True
Movies,43,self,11,88,264,0.5568181818181818,0.7424242424242424,0.5568181818181818,0.6363636363636364,0.022727272727272818,0.06818181818181823,-0.011363636363636354,True
Movies,43,terminal,11,88,264,0.5113636363636364,0.6716417910447762,0.5113636363636364,0.5806451612903226,0.022727272727272818,0.06818181818181823,-0.011363636363636354,True
Movies,43,uniform,11,88,264,0.5795454545454546,0.7727272727272727,0.5795454545454546,0.6623376623376623,0.022727272727272818,0.06818181818181823,-0.011363636363636354,True
Movies,43,gpr,11,88,264,0.5909090909090909,0.7761194029850746,0.5909090909090909,0.6709677419354839,0.022727272727272818,0.06818181818181823,-0.011363636363636354,True
Movies,43,text_uniform,11,88,264,0.29545454545454547,0.5777777777777777,0.29545454545454547,0.39097744360902253,0.022727272727272818,0.06818181818181823,-0.011363636363636354,True
Movies,43,visual_uniform,11,88,264,0.5909090909090909,0.8253968253968254,0.5909090909090909,0.6887417218543046,0.022727272727272818,0.06818181818181823,-0.011363636363636354,True
Movies,43,self,12,23,67,0.6521739130434783,0.7894736842105263,0.6521739130434783,0.7142857142857143,0.26086956521739124,0.26086956521739124,0.0,True
Movies,43,terminal,12,23,67,0.6521739130434783,0.7894736842105263,0.6521739130434783,0.7142857142857143,0.26086956521739124,0.26086956521739124,0.0,True
Movies,43,uniform,12,23,67,0.9130434782608695,0.75,0.9130434782608695,0.8235294117647058,0.26086956521739124,0.26086956521739124,0.0,True
Movies,43,gpr,12,23,67,0.9130434782608695,0.7777777777777778,0.9130434782608695,0.84,0.26086956521739124,0.26086956521739124,0.0,True
Movies,43,text_uniform,12,23,67,0.6956521739130435,0.7272727272727273,0.6956521739130435,0.7111111111111111,0.26086956521739124,0.26086956521739124,0.0,True
Movies,43,visual_uniform,12,23,67,0.9130434782608695,0.75,0.9130434782608695,0.8235294117647058,0.26086956521739124,0.26086956521739124,0.0,True
Movies,43,self,13,43,128,0.7441860465116279,0.64,0.7441860465116279,0.6881720430107527,-0.13953488372093026,0.20930232558139533,0.023255813953488302,True
Movies,43,terminal,13,43,128,0.3953488372093023,0.4473684210526316,0.3953488372093023,0.41975308641975306,-0.13953488372093026,0.20930232558139533,0.023255813953488302,True
Movies,43,uniform,13,43,128,0.6046511627906976,0.5531914893617021,0.6046511627906976,0.5777777777777777,-0.13953488372093026,0.20930232558139533,0.023255813953488302,True
Movies,43,gpr,13,43,128,0.7441860465116279,0.6153846153846154,0.7441860465116279,0.6736842105263158,-0.13953488372093026,0.20930232558139533,0.023255813953488302,True
Movies,43,text_uniform,13,43,128,0.5116279069767442,0.5789473684210527,0.5116279069767442,0.5432098765432098,-0.13953488372093026,0.20930232558139533,0.023255813953488302,True
Movies,43,visual_uniform,13,43,128,0.5813953488372093,0.5813953488372093,0.5813953488372093,0.5813953488372093,-0.13953488372093026,0.20930232558139533,0.023255813953488302,True
Movies,43,self,14,50,151,0.66,0.66,0.66,0.66,-0.020000000000000018,0.07999999999999996,-0.020000000000000018,True
Movies,43,terminal,14,50,151,0.56,0.717948717948718,0.56,0.6292134831460674,-0.020000000000000018,0.07999999999999996,-0.020000000000000018,True
Movies,43,uniform,14,50,151,0.64,0.6956521739130435,0.64,0.6666666666666666,-0.020000000000000018,0.07999999999999996,-0.020000000000000018,True
Movies,43,gpr,14,50,151,0.76,0.6031746031746031,0.76,0.672566371681416,-0.020000000000000018,0.07999999999999996,-0.020000000000000018,True
Movies,43,text_uniform,14,50,151,0.54,0.627906976744186,0.54,0.5806451612903226,-0.020000000000000018,0.07999999999999996,-0.020000000000000018,True
Movies,43,visual_uniform,14,50,151,0.66,0.8048780487804879,0.66,0.7252747252747253,-0.020000000000000018,0.07999999999999996,-0.020000000000000018,True
Movies,43,self,15,47,142,0.3617021276595745,0.5666666666666667,0.3617021276595745,0.44155844155844154,-0.1063829787234043,-0.021276595744680882,-0.17021276595744683,True
Movies,43,terminal,15,47,142,0.2765957446808511,0.5909090909090909,0.2765957446808511,0.37681159420289856,-0.1063829787234043,-0.021276595744680882,-0.17021276595744683,True
Movies,43,uniform,15,47,142,0.2553191489361702,0.5217391304347826,0.2553191489361702,0.34285714285714286,-0.1063829787234043,-0.021276595744680882,-0.17021276595744683,True
Movies,43,gpr,15,47,142,0.48936170212765956,0.6052631578947368,0.48936170212765956,0.5411764705882353,-0.1063829787234043,-0.021276595744680882,-0.17021276595744683,True
Movies,43,text_uniform,15,47,142,0.23404255319148937,0.4074074074074074,0.23404255319148937,0.2972972972972973,-0.1063829787234043,-0.021276595744680882,-0.17021276595744683,True
Movies,43,visual_uniform,15,47,142,0.425531914893617,0.6666666666666666,0.425531914893617,0.5194805194805194,-0.1063829787234043,-0.021276595744680882,-0.17021276595744683,True
Movies,43,self,16,38,113,0.0,0.0,0.0,0.0,0.0,0.0,-0.13157894736842105,True
Movies,43,terminal,16,38,113,0.0,0.0,0.0,0.0,0.0,0.0,-0.13157894736842105,True
Movies,43,uniform,16,38,113,0.0,0.0,0.0,0.0,0.0,0.0,-0.13157894736842105,True
Movies,43,gpr,16,38,113,0.0,0.0,0.0,0.0,0.0,0.0,-0.13157894736842105,True
Movies,43,text_uniform,16,38,113,0.02631578947368421,0.25,0.02631578947368421,0.047619047619047616,0.0,0.0,-0.13157894736842105,True
Movies,43,visual_uniform,16,38,113,0.13157894736842105,0.7142857142857143,0.13157894736842105,0.2222222222222222,0.0,0.0,-0.13157894736842105,True
Movies,43,self,17,141,424,0.375886524822695,0.7571428571428571,0.375886524822695,0.5023696682464455,0.12765957446808507,0.06382978723404248,0.014184397163120532,True
Movies,43,terminal,17,141,424,0.4397163120567376,0.5740740740740741,0.4397163120567376,0.4979919678714859,0.12765957446808507,0.06382978723404248,0.014184397163120532,True
Movies,43,uniform,17,141,424,0.5035460992907801,0.6761904761904762,0.5035460992907801,0.5772357723577236,0.12765957446808507,0.06382978723404248,0.014184397163120532,True
Movies,43,gpr,17,141,424,0.6312056737588653,0.6742424242424242,0.6312056737588653,0.652014652014652,0.12765957446808507,0.06382978723404248,0.014184397163120532,True
Movies,43,text_uniform,17,141,424,0.4326241134751773,0.6853932584269663,0.4326241134751773,0.5304347826086957,0.12765957446808507,0.06382978723404248,0.014184397163120532,True
Movies,43,visual_uniform,17,141,424,0.48936170212765956,0.6448598130841121,0.48936170212765956,0.5564516129032258,0.12765957446808507,0.06382978723404248,0.014184397163120532,True
Movies,43,self,18,23,68,0.34782608695652173,0.6666666666666666,0.34782608695652173,0.45714285714285713,0.4782608695652174,0.13043478260869568,0.08695652173913049,True
Movies,43,terminal,18,23,68,0.6956521739130435,0.6666666666666666,0.6956521739130435,0.6808510638297872,0.4782608695652174,0.13043478260869568,0.08695652173913049,True
Movies,43,uniform,18,23,68,0.8260869565217391,0.7916666666666666,0.8260869565217391,0.8085106382978723,0.4782608695652174,0.13043478260869568,0.08695652173913049,True
Movies,43,gpr,18,23,68,0.8260869565217391,0.8636363636363636,0.8260869565217391,0.8444444444444444,0.4782608695652174,0.13043478260869568,0.08695652173913049,True
Movies,43,text_uniform,18,23,68,0.6956521739130435,0.6956521739130435,0.6956521739130435,0.6956521739130435,0.4782608695652174,0.13043478260869568,0.08695652173913049,True
Movies,43,visual_uniform,18,23,68,0.7391304347826086,0.7727272727272727,0.7391304347826086,0.7555555555555555,0.4782608695652174,0.13043478260869568,0.08695652173913049,True
Movies,43,self,19,14,40,0.2857142857142857,0.8,0.2857142857142857,0.42105263157894735,0.3571428571428572,0.1428571428571429,0.07142857142857151,True
Movies,43,terminal,19,14,40,0.5,0.7777777777777778,0.5,0.6086956521739131,0.3571428571428572,0.1428571428571429,0.07142857142857151,True
Movies,43,uniform,19,14,40,0.6428571428571429,0.9,0.6428571428571429,0.75,0.3571428571428572,0.1428571428571429,0.07142857142857151,True
Movies,43,gpr,19,14,40,0.5714285714285714,0.6666666666666666,0.5714285714285714,0.6153846153846154,0.3571428571428572,0.1428571428571429,0.07142857142857151,True
Movies,43,text_uniform,19,14,40,0.35714285714285715,1.0,0.35714285714285715,0.5263157894736842,0.3571428571428572,0.1428571428571429,0.07142857142857151,True
Movies,43,visual_uniform,19,14,40,0.5714285714285714,0.8888888888888888,0.5714285714285714,0.6956521739130435,0.3571428571428572,0.1428571428571429,0.07142857142857151,True
Movies,44,self,0,355,1066,0.5521126760563381,0.7567567567567568,0.5521126760563381,0.6384364820846905,0.030985915492957705,0.09014084507042253,0.016901408450704203,True
Movies,44,terminal,0,355,1066,0.49295774647887325,0.660377358490566,0.49295774647887325,0.5645161290322581,0.030985915492957705,0.09014084507042253,0.016901408450704203,True
Movies,44,uniform,0,355,1066,0.5830985915492958,0.8054474708171206,0.5830985915492958,0.6764705882352942,0.030985915492957705,0.09014084507042253,0.016901408450704203,True
Movies,44,gpr,0,355,1066,0.5915492957746479,0.7664233576642335,0.5915492957746479,0.6677265500794912,0.030985915492957705,0.09014084507042253,0.016901408450704203,True
Movies,44,text_uniform,0,355,1066,0.48450704225352115,0.7078189300411523,0.48450704225352115,0.5752508361204013,0.030985915492957705,0.09014084507042253,0.016901408450704203,True
Movies,44,visual_uniform,0,355,1066,0.5661971830985916,0.6547231270358306,0.5661971830985916,0.6072507552870091,0.030985915492957705,0.09014084507042253,0.016901408450704203,True
Movies,44,self,1,1098,3294,0.8397085610200364,0.6695715323166304,0.8397085610200364,0.7450505050505051,0.051001821493624755,0.11384335154826952,0.03916211293260474,True
Movies,44,terminal,1,1098,3294,0.7768670309653917,0.6190130624092888,0.7768670309653917,0.6890145395799677,0.051001821493624755,0.11384335154826952,0.03916211293260474,True
Movies,44,uniform,1,1098,3294,0.8907103825136612,0.6877637130801688,0.8907103825136612,0.7761904761904762,0.051001821493624755,0.11384335154826952,0.03916211293260474,True
Movies,44,gpr,1,1098,3294,0.8597449908925319,0.6762177650429799,0.8597449908925319,0.7570168404170008,0.051001821493624755,0.11384335154826952,0.03916211293260474,True
Movies,44,text_uniform,1,1098,3294,0.8515482695810564,0.5840099937539038,0.8515482695810564,0.6928492034086698,0.051001821493624755,0.11384335154826952,0.03916211293260474,True
Movies,44,visual_uniform,1,1098,3294,0.8260473588342441,0.6753536857781087,0.8260473588342441,0.7431380581728799,0.051001821493624755,0.11384335154826952,0.03916211293260474,True
Movies,44,self,2,363,1090,0.6391184573002755,0.6073298429319371,0.6391184573002755,0.6228187919463087,-0.05509641873278237,0.052341597796143224,0.05785123966942152,True
Movies,44,terminal,2,363,1090,0.5316804407713499,0.44883720930232557,0.5316804407713499,0.48675914249684743,-0.05509641873278237,0.052341597796143224,0.05785123966942152,True
Movies,44,uniform,2,363,1090,0.5840220385674931,0.7412587412587412,0.5840220385674931,0.6533127889060092,-0.05509641873278237,0.052341597796143224,0.05785123966942152,True
Movies,44,gpr,2,363,1090,0.6060606060606061,0.6470588235294118,0.6060606060606061,0.6258890469416786,-0.05509641873278237,0.052341597796143224,0.05785123966942152,True
Movies,44,text_uniform,2,363,1090,0.3691460055096419,0.6232558139534884,0.3691460055096419,0.46366782006920415,-0.05509641873278237,0.052341597796143224,0.05785123966942152,True
Movies,44,visual_uniform,2,363,1090,0.5261707988980716,0.6063492063492063,0.5261707988980716,0.5634218289085545,-0.05509641873278237,0.052341597796143224,0.05785123966942152,True
Movies,44,self,3,277,832,0.8664259927797834,0.8727272727272727,0.8664259927797834,0.8695652173913043,0.05054151624548742,0.02166064981949467,0.028880866425992857,True
Movies,44,terminal,3,277,832,0.8953068592057761,0.797427652733119,0.8953068592057761,0.8435374149659864,0.05054151624548742,0.02166064981949467,0.028880866425992857,True
Movies,44,uniform,3,277,832,0.9169675090252708,0.8494983277591973,0.9169675090252708,0.8819444444444444,0.05054151624548742,0.02166064981949467,0.028880866425992857,True
Movies,44,gpr,3,277,832,0.9169675090252708,0.8438538205980066,0.9169675090252708,0.8788927335640139,0.05054151624548742,0.02166064981949467,0.028880866425992857,True
Movies,44,text_uniform,3,277,832,0.8772563176895307,0.8408304498269896,0.8772563176895307,0.8586572438162544,0.05054151624548742,0.02166064981949467,0.028880866425992857,True
Movies,44,visual_uniform,3,277,832,0.8880866425992779,0.8367346938775511,0.8880866425992779,0.861646234676007,0.05054151624548742,0.02166064981949467,0.028880866425992857,True
Movies,44,self,4,24,71,0.5,0.8,0.5,0.6153846153846154,0.125,-0.08333333333333337,0.04166666666666663,True
Movies,44,terminal,4,24,71,0.7083333333333334,0.7391304347826086,0.7083333333333334,0.723404255319149,0.125,-0.08333333333333337,0.04166666666666663,True
Movies,44,uniform,4,24,71,0.625,0.7894736842105263,0.625,0.6976744186046512,0.125,-0.08333333333333337,0.04166666666666663,True
Movies,44,gpr,4,24,71,0.5833333333333334,0.7777777777777778,0.5833333333333334,0.6666666666666666,0.125,-0.08333333333333337,0.04166666666666663,True
Movies,44,text_uniform,4,24,71,0.5416666666666666,0.8666666666666667,0.5416666666666666,0.6666666666666666,0.125,-0.08333333333333337,0.04166666666666663,True
Movies,44,visual_uniform,4,24,71,0.5833333333333334,0.7777777777777778,0.5833333333333334,0.6666666666666666,0.125,-0.08333333333333337,0.04166666666666663,True
Movies,44,self,5,82,248,0.43902439024390244,0.6101694915254238,0.43902439024390244,0.5106382978723404,0.09756097560975613,0.1585365853658537,0.04878048780487809,True
Movies,44,terminal,5,82,248,0.3780487804878049,0.4696969696969697,0.3780487804878049,0.4189189189189189,0.09756097560975613,0.1585365853658537,0.04878048780487809,True
Movies,44,uniform,5,82,248,0.5365853658536586,0.6875,0.5365853658536586,0.6027397260273972,0.09756097560975613,0.1585365853658537,0.04878048780487809,True
Movies,44,gpr,5,82,248,0.45121951219512196,0.6271186440677966,0.45121951219512196,0.524822695035461,0.09756097560975613,0.1585365853658537,0.04878048780487809,True
Movies,44,text_uniform,5,82,248,0.47560975609756095,0.6610169491525424,0.47560975609756095,0.5531914893617021,0.09756097560975613,0.1585365853658537,0.04878048780487809,True
Movies,44,visual_uniform,5,82,248,0.4878048780487805,0.6896551724137931,0.4878048780487805,0.5714285714285714,0.09756097560975613,0.1585365853658537,0.04878048780487809,True
Movies,44,self,6,122,366,0.5245901639344263,0.5714285714285714,0.5245901639344263,0.5470085470085471,0.09836065573770492,0.18852459016393447,-0.008196721311475419,True
Movies,44,terminal,6,122,366,0.4344262295081967,0.5638297872340425,0.4344262295081967,0.49074074074074076,0.09836065573770492,0.18852459016393447,-0.008196721311475419,True
Movies,44,uniform,6,122,366,0.6229508196721312,0.7378640776699029,0.6229508196721312,0.6755555555555556,0.09836065573770492,0.18852459016393447,-0.008196721311475419,True
Movies,44,gpr,6,122,366,0.6311475409836066,0.652542372881356,0.6311475409836066,0.6416666666666667,0.09836065573770492,0.18852459016393447,-0.008196721311475419,True
Movies,44,text_uniform,6,122,366,0.5655737704918032,0.6634615384615384,0.5655737704918032,0.6106194690265486,0.09836065573770492,0.18852459016393447,-0.008196721311475419,True
Movies,44,visual_uniform,6,122,366,0.6311475409836066,0.6015625,0.6311475409836066,0.616,0.09836065573770492,0.18852459016393447,-0.008196721311475419,True
Movies,44,self,7,210,631,0.6714285714285714,0.5949367088607594,0.6714285714285714,0.6308724832214765,-0.00952380952380949,0.26666666666666666,0.13809523809523805,True
Movies,44,terminal,7,210,631,0.3952380952380952,0.5804195804195804,0.3952380952380952,0.4702549575070821,-0.00952380952380949,0.26666666666666666,0.13809523809523805,True
Movies,44,uniform,7,210,631,0.6619047619047619,0.6318181818181818,0.6619047619047619,0.6465116279069767,-0.00952380952380949,0.26666666666666666,0.13809523809523805,True
Movies,44,gpr,7,210,631,0.5047619047619047,0.7162162162162162,0.5047619047619047,0.5921787709497207,-0.00952380952380949,0.26666666666666666,0.13809523809523805,True
Movies,44,text_uniform,7,210,631,0.45714285714285713,0.5274725274725275,0.45714285714285713,0.4897959183673469,-0.00952380952380949,0.26666666666666666,0.13809523809523805,True
Movies,44,visual_uniform,7,210,631,0.5238095238095238,0.6432748538011696,0.5238095238095238,0.5774278215223098,-0.00952380952380949,0.26666666666666666,0.13809523809523805,True
Movies,44,self,8,30,89,0.5333333333333333,0.8,0.5333333333333333,0.64,0.09999999999999998,-0.09999999999999998,0.0,True
Movies,44,terminal,8,30,89,0.7333333333333333,0.6666666666666666,0.7333333333333333,0.6984126984126984,0.09999999999999998,-0.09999999999999998,0.0,True
Movies,44,uniform,8,30,89,0.6333333333333333,0.8636363636363636,0.6333333333333333,0.7307692307692307,0.09999999999999998,-0.09999999999999998,0.0,True
Movies,44,gpr,8,30,89,0.6666666666666666,0.8333333333333334,0.6666666666666666,0.7407407407407407,0.09999999999999998,-0.09999999999999998,0.0,True
Movies,44,text_uniform,8,30,89,0.5333333333333333,0.64,0.5333333333333333,0.5818181818181818,0.09999999999999998,-0.09999999999999998,0.0,True
Movies,44,visual_uniform,8,30,89,0.6333333333333333,0.6785714285714286,0.6333333333333333,0.6551724137931034,0.09999999999999998,-0.09999999999999998,0.0,True
Movies,44,self,9,37,112,0.08108108108108109,0.375,0.08108108108108109,0.13333333333333333,-0.02702702702702703,0.02702702702702703,-0.13513513513513514,True
Movies,44,terminal,9,37,112,0.02702702702702703,0.5,0.02702702702702703,0.05128205128205128,-0.02702702702702703,0.02702702702702703,-0.13513513513513514,True
Movies,44,uniform,9,37,112,0.05405405405405406,1.0,0.05405405405405406,0.10256410256410256,-0.02702702702702703,0.02702702702702703,-0.13513513513513514,True
Movies,44,gpr,9,37,112,0.05405405405405406,0.6666666666666666,0.05405405405405406,0.1,-0.02702702702702703,0.02702702702702703,-0.13513513513513514,True
Movies,44,text_uniform,9,37,112,0.10810810810810811,0.5714285714285714,0.10810810810810811,0.18181818181818182,-0.02702702702702703,0.02702702702702703,-0.13513513513513514,True
Movies,44,visual_uniform,9,37,112,0.1891891891891892,0.6363636363636364,0.1891891891891892,0.2916666666666667,-0.02702702702702703,0.02702702702702703,-0.13513513513513514,True
Movies,44,self,10,269,807,0.7397769516728625,0.7316176470588235,0.7397769516728625,0.7356746765249538,0.07063197026022294,0.20446096654275092,0.044609665427509215,True
Movies,44,terminal,10,269,807,0.6059479553903345,0.7276785714285714,0.6059479553903345,0.6612576064908722,0.07063197026022294,0.20446096654275092,0.044609665427509215,True
Movies,44,uniform,10,269,807,0.8104089219330854,0.7927272727272727,0.8104089219330854,0.8014705882352942,0.07063197026022294,0.20446096654275092,0.044609665427509215,True
Movies,44,gpr,10,269,807,0.7992565055762082,0.7465277777777778,0.7992565055762082,0.7719928186714542,0.07063197026022294,0.20446096654275092,0.044609665427509215,True
Movies,44,text_uniform,10,269,807,0.6765799256505576,0.6254295532646048,0.6765799256505576,0.65,0.07063197026022294,0.20446096654275092,0.044609665427509215,True
Movies,44,visual_uniform,10,269,807,0.7657992565055762,0.71280276816609,0.7657992565055762,0.7383512544802867,0.07063197026022294,0.20446096654275092,0.044609665427509215,True
Movies,44,self,11,88,264,0.4659090909090909,0.7321428571428571,0.4659090909090909,0.5694444444444444,0.18181818181818182,0.19318181818181818,0.06818181818181812,True
Movies,44,terminal,11,88,264,0.45454545454545453,0.7017543859649122,0.45454545454545453,0.5517241379310345,0.18181818181818182,0.19318181818181818,0.06818181818181812,True
Movies,44,uniform,11,88,264,0.6477272727272727,0.8028169014084507,0.6477272727272727,0.7169811320754716,0.18181818181818182,0.19318181818181818,0.06818181818181812,True
Movies,44,gpr,11,88,264,0.5681818181818182,0.746268656716418,0.5681818181818182,0.6451612903225806,0.18181818181818182,0.19318181818181818,0.06818181818181812,True
Movies,44,text_uniform,11,88,264,0.36363636363636365,0.7619047619047619,0.36363636363636365,0.49230769230769234,0.18181818181818182,0.19318181818181818,0.06818181818181812,True
Movies,44,visual_uniform,11,88,264,0.5795454545454546,0.7611940298507462,0.5795454545454546,0.6580645161290323,0.18181818181818182,0.19318181818181818,0.06818181818181812,True
Movies,44,self,12,23,67,0.7391304347826086,0.6296296296296297,0.7391304347826086,0.68,0.0434782608695653,0.13043478260869568,-0.08695652173913038,True
Movies,44,terminal,12,23,67,0.6521739130434783,0.6,0.6521739130434783,0.625,0.0434782608695653,0.13043478260869568,-0.08695652173913038,True
Movies,44,uniform,12,23,67,0.782608695652174,0.782608695652174,0.782608695652174,0.782608695652174,0.0434782608695653,0.13043478260869568,-0.08695652173913038,True
Movies,44,gpr,12,23,67,0.8260869565217391,0.7916666666666666,0.8260869565217391,0.8085106382978723,0.0434782608695653,0.13043478260869568,-0.08695652173913038,True
Movies,44,text_uniform,12,23,67,0.8260869565217391,0.6785714285714286,0.8260869565217391,0.7450980392156863,0.0434782608695653,0.13043478260869568,-0.08695652173913038,True
Movies,44,visual_uniform,12,23,67,0.8695652173913043,0.7142857142857143,0.8695652173913043,0.7843137254901961,0.0434782608695653,0.13043478260869568,-0.08695652173913038,True
Movies,44,self,13,43,128,0.6511627906976745,0.6511627906976745,0.6511627906976745,0.6511627906976745,0.046511627906976716,0.16279069767441867,0.0,True
Movies,44,terminal,13,43,128,0.5348837209302325,0.5609756097560976,0.5348837209302325,0.5476190476190477,0.046511627906976716,0.16279069767441867,0.0,True
Movies,44,uniform,13,43,128,0.6976744186046512,0.7692307692307693,0.6976744186046512,0.7317073170731707,0.046511627906976716,0.16279069767441867,0.0,True
Movies,44,gpr,13,43,128,0.7441860465116279,0.6808510638297872,0.7441860465116279,0.7111111111111111,0.046511627906976716,0.16279069767441867,0.0,True
Movies,44,text_uniform,13,43,128,0.6976744186046512,0.7317073170731707,0.6976744186046512,0.7142857142857143,0.046511627906976716,0.16279069767441867,0.0,True
Movies,44,visual_uniform,13,43,128,0.627906976744186,0.7105263157894737,0.627906976744186,0.6666666666666666,0.046511627906976716,0.16279069767441867,0.0,True
Movies,44,self,14,50,151,0.52,0.6842105263157895,0.52,0.5909090909090909,0.16000000000000003,0.020000000000000018,0.040000000000000036,True
Movies,44,terminal,14,50,151,0.66,0.6111111111111112,0.66,0.6346153846153846,0.16000000000000003,0.020000000000000018,0.040000000000000036,True
Movies,44,uniform,14,50,151,0.68,0.7391304347826086,0.68,0.7083333333333334,0.16000000000000003,0.020000000000000018,0.040000000000000036,True
Movies,44,gpr,14,50,151,0.62,0.6595744680851063,0.62,0.6391752577319587,0.16000000000000003,0.020000000000000018,0.040000000000000036,True
Movies,44,text_uniform,14,50,151,0.58,0.725,0.58,0.6444444444444445,0.16000000000000003,0.020000000000000018,0.040000000000000036,True
Movies,44,visual_uniform,14,50,151,0.64,0.6956521739130435,0.64,0.6666666666666666,0.16000000000000003,0.020000000000000018,0.040000000000000036,True
Movies,44,self,15,47,142,0.44680851063829785,0.7,0.44680851063829785,0.5454545454545454,0.17021276595744683,0.1063829787234043,0.04255319148936165,True
Movies,44,terminal,15,47,142,0.5106382978723404,0.6666666666666666,0.5106382978723404,0.5783132530120482,0.17021276595744683,0.1063829787234043,0.04255319148936165,True
Movies,44,uniform,15,47,142,0.6170212765957447,0.8055555555555556,0.6170212765957447,0.6987951807228916,0.17021276595744683,0.1063829787234043,0.04255319148936165,True
Movies,44,gpr,15,47,142,0.5106382978723404,0.6857142857142857,0.5106382978723404,0.5853658536585366,0.17021276595744683,0.1063829787234043,0.04255319148936165,True
Movies,44,text_uniform,15,47,142,0.5531914893617021,0.7647058823529411,0.5531914893617021,0.6419753086419753,0.17021276595744683,0.1063829787234043,0.04255319148936165,True
Movies,44,visual_uniform,15,47,142,0.574468085106383,0.7105263157894737,0.574468085106383,0.6352941176470588,0.17021276595744683,0.1063829787234043,0.04255319148936165,True
Movies,44,self,16,38,113,0.0,0.0,0.0,0.0,0.02631578947368421,0.0,-0.10526315789473684,True
Movies,44,terminal,16,38,113,0.02631578947368421,1.0,0.02631578947368421,0.05128205128205128,0.02631578947368421,0.0,-0.10526315789473684,True
Movies,44,uniform,16,38,113,0.02631578947368421,0.2,0.02631578947368421,0.046511627906976744,0.02631578947368421,0.0,-0.10526315789473684,True
Movies,44,gpr,16,38,113,0.02631578947368421,0.5,0.02631578947368421,0.05,0.02631578947368421,0.0,-0.10526315789473684,True
Movies,44,text_uniform,16,38,113,0.10526315789473684,0.8,0.10526315789473684,0.18604651162790697,0.02631578947368421,0.0,-0.10526315789473684,True
Movies,44,visual_uniform,16,38,113,0.13157894736842105,0.5555555555555556,0.13157894736842105,0.2127659574468085,0.02631578947368421,0.0,-0.10526315789473684,True
Movies,44,self,17,141,424,0.475177304964539,0.6203703703703703,0.475177304964539,0.5381526104417671,0.11347517730496448,0.13475177304964536,0.09219858156028365,True
Movies,44,terminal,17,141,424,0.45390070921985815,0.5565217391304348,0.45390070921985815,0.5,0.11347517730496448,0.13475177304964536,0.09219858156028365,True
Movies,44,uniform,17,141,424,0.5886524822695035,0.7477477477477478,0.5886524822695035,0.6587301587301587,0.11347517730496448,0.13475177304964536,0.09219858156028365,True
Movies,44,gpr,17,141,424,0.574468085106383,0.7168141592920354,0.574468085106383,0.6377952755905512,0.11347517730496448,0.13475177304964536,0.09219858156028365,True
Movies,44,text_uniform,17,141,424,0.425531914893617,0.7317073170731707,0.425531914893617,0.5381165919282511,0.11347517730496448,0.13475177304964536,0.09219858156028365,True
Movies,44,visual_uniform,17,141,424,0.49645390070921985,0.6140350877192983,0.49645390070921985,0.5490196078431373,0.11347517730496448,0.13475177304964536,0.09219858156028365,True
Movies,44,self,18,23,68,0.30434782608695654,0.7777777777777778,0.30434782608695654,0.4375,0.34782608695652173,0.0,0.04347826086956519,True
Movies,44,terminal,18,23,68,0.6521739130434783,0.75,0.6521739130434783,0.6976744186046512,0.34782608695652173,0.0,0.04347826086956519,True
Movies,44,uniform,18,23,68,0.6521739130434783,0.7894736842105263,0.6521739130434783,0.7142857142857143,0.34782608695652173,0.0,0.04347826086956519,True
Movies,44,gpr,18,23,68,0.6086956521739131,0.9333333333333333,0.6086956521739131,0.7368421052631579,0.34782608695652173,0.0,0.04347826086956519,True
Movies,44,text_uniform,18,23,68,0.6086956521739131,0.6666666666666666,0.6086956521739131,0.6363636363636364,0.34782608695652173,0.0,0.04347826086956519,True
Movies,44,visual_uniform,18,23,68,0.6086956521739131,0.8235294117647058,0.6086956521739131,0.7,0.34782608695652173,0.0,0.04347826086956519,True
Movies,44,self,19,14,40,0.42857142857142855,0.8571428571428571,0.42857142857142855,0.5714285714285714,0.28571428571428575,-0.0714285714285714,-0.0714285714285714,True
Movies,44,terminal,19,14,40,0.7857142857142857,0.6875,0.7857142857142857,0.7333333333333333,0.28571428571428575,-0.0714285714285714,-0.0714285714285714,True
Movies,44,uniform,19,14,40,0.7142857142857143,0.6666666666666666,0.7142857142857143,0.6896551724137931,0.28571428571428575,-0.0714285714285714,-0.0714285714285714,True
Movies,44,gpr,19,14,40,0.7142857142857143,0.6666666666666666,0.7142857142857143,0.6896551724137931,0.28571428571428575,-0.0714285714285714,-0.0714285714285714,True
Movies,44,text_uniform,19,14,40,0.6428571428571429,0.9,0.6428571428571429,0.75,0.28571428571428575,-0.0714285714285714,-0.0714285714285714,True
Movies,44,visual_uniform,19,14,40,0.7857142857142857,0.7333333333333333,0.7857142857142857,0.7586206896551724,0.28571428571428575,-0.0714285714285714,-0.0714285714285714,True
Toys,42,self,0,64,190,0.734375,0.6714285714285714,0.734375,0.7014925373134329,-0.0625,0.125,0.046875,True
Toys,42,terminal,0,64,190,0.546875,0.7608695652173914,0.546875,0.6363636363636364,-0.0625,0.125,0.046875,True
Toys,42,uniform,0,64,190,0.671875,0.7166666666666667,0.671875,0.6935483870967742,-0.0625,0.125,0.046875,True
Toys,42,gpr,0,64,190,0.609375,0.7358490566037735,0.609375,0.6666666666666666,-0.0625,0.125,0.046875,True
Toys,42,text_uniform,0,64,190,0.625,0.8163265306122449,0.625,0.7079646017699115,-0.0625,0.125,0.046875,True
Toys,42,visual_uniform,0,64,190,0.484375,0.775,0.484375,0.5961538461538461,-0.0625,0.125,0.046875,True
Toys,42,self,1,285,855,0.5754385964912281,0.6456692913385826,0.5754385964912281,0.608534322820037,0.12982456140350873,0.056140350877192935,0.028070175438596467,True
Toys,42,terminal,1,285,855,0.6491228070175439,0.7115384615384616,0.6491228070175439,0.6788990825688074,0.12982456140350873,0.056140350877192935,0.028070175438596467,True
Toys,42,uniform,1,285,855,0.7052631578947368,0.6767676767676768,0.7052631578947368,0.6907216494845361,0.12982456140350873,0.056140350877192935,0.028070175438596467,True
Toys,42,gpr,1,285,855,0.7087719298245614,0.6733333333333333,0.7087719298245614,0.6905982905982906,0.12982456140350873,0.056140350877192935,0.028070175438596467,True
Toys,42,text_uniform,1,285,855,0.6771929824561403,0.6701388888888888,0.6771929824561403,0.6736474694589878,0.12982456140350873,0.056140350877192935,0.028070175438596467,True
Toys,42,visual_uniform,1,285,855,0.631578947368421,0.6293706293706294,0.631578947368421,0.6304728546409807,0.12982456140350873,0.056140350877192935,0.028070175438596467,True
Toys,42,self,2,325,974,0.8492307692307692,0.8961038961038961,0.8492307692307692,0.8720379146919431,0.06769230769230772,0.015384615384615441,-0.009230769230769154,True
Toys,42,terminal,2,325,974,0.9015384615384615,0.8798798798798799,0.9015384615384615,0.8905775075987842,0.06769230769230772,0.015384615384615441,-0.009230769230769154,True
Toys,42,uniform,2,325,974,0.916923076923077,0.8816568047337278,0.916923076923077,0.8989441930618401,0.06769230769230772,0.015384615384615441,-0.009230769230769154,True
Toys,42,gpr,2,325,974,0.9292307692307692,0.8653295128939829,0.9292307692307692,0.8961424332344213,0.06769230769230772,0.015384615384615441,-0.009230769230769154,True
Toys,42,text_uniform,2,325,974,0.9261538461538461,0.887905604719764,0.9261538461538461,0.9066265060240963,0.06769230769230772,0.015384615384615441,-0.009230769230769154,True
Toys,42,visual_uniform,2,325,974,0.8984615384615384,0.8690476190476191,0.8984615384615384,0.8835098335854765,0.06769230769230772,0.015384615384615441,-0.009230769230769154,True
Toys,42,self,3,174,520,0.5747126436781609,0.5780346820809249,0.5747126436781609,0.5763688760806917,0.04022988505747127,-0.028735632183908066,-0.028735632183908066,True
Toys,42,terminal,3,174,520,0.6436781609195402,0.6473988439306358,0.6436781609195402,0.6455331412103746,0.04022988505747127,-0.028735632183908066,-0.028735632183908066,True
Toys,42,uniform,3,174,520,0.6149425287356322,0.601123595505618,0.6149425287356322,0.6079545454545454,0.04022988505747127,-0.028735632183908066,-0.028735632183908066,True
Toys,42,gpr,3,174,520,0.5862068965517241,0.6257668711656442,0.5862068965517241,0.6053412462908012,0.04022988505747127,-0.028735632183908066,-0.028735632183908066,True
Toys,42,text_uniform,3,174,520,0.6436781609195402,0.64,0.6436781609195402,0.6418338108882522,0.04022988505747127,-0.028735632183908066,-0.028735632183908066,True
Toys,42,visual_uniform,3,174,520,0.5689655172413793,0.6073619631901841,0.5689655172413793,0.5875370919881305,0.04022988505747127,-0.028735632183908066,-0.028735632183908066,True
Toys,42,self,4,236,707,0.864406779661017,0.8192771084337349,0.864406779661017,0.8412371134020619,0.07627118644067798,0.0,0.012711864406779738,True
Toys,42,terminal,4,236,707,0.940677966101695,0.891566265060241,0.940677966101695,0.9154639175257732,0.07627118644067798,0.0,0.012711864406779738,True
Toys,42,uniform,4,236,707,0.940677966101695,0.8809523809523809,0.940677966101695,0.9098360655737705,0.07627118644067798,0.0,0.012711864406779738,True
Toys,42,gpr,4,236,707,0.9322033898305084,0.8943089430894309,0.9322033898305084,0.9128630705394191,0.07627118644067798,0.0,0.012711864406779738,True
Toys,42,text_uniform,4,236,707,0.9279661016949152,0.8866396761133604,0.9279661016949152,0.906832298136646,0.07627118644067798,0.0,0.012711864406779738,True
Toys,42,visual_uniform,4,236,707,0.885593220338983,0.8893617021276595,0.885593220338983,0.8874734607218684,0.07627118644067798,0.0,0.012711864406779738,True
Toys,42,self,5,109,329,0.5045871559633027,0.6547619047619048,0.5045871559633027,0.5699481865284974,0.12844036697247707,-0.01834862385321101,-0.00917431192660556,True
Toys,42,terminal,5,109,329,0.6513761467889908,0.6698113207547169,0.6513761467889908,0.6604651162790698,0.12844036697247707,-0.01834862385321101,-0.00917431192660556,True
Toys,42,uniform,5,109,329,0.6330275229357798,0.69,0.6330275229357798,0.6602870813397129,0.12844036697247707,-0.01834862385321101,-0.00917431192660556,True
Toys,42,gpr,5,109,329,0.6055045871559633,0.75,0.6055045871559633,0.6700507614213198,0.12844036697247707,-0.01834862385321101,-0.00917431192660556,True
Toys,42,text_uniform,5,109,329,0.6422018348623854,0.6862745098039216,0.6422018348623854,0.6635071090047393,0.12844036697247707,-0.01834862385321101,-0.00917431192660556,True
Toys,42,visual_uniform,5,109,329,0.5779816513761468,0.7078651685393258,0.5779816513761468,0.6363636363636364,0.12844036697247707,-0.01834862385321101,-0.00917431192660556,True
Toys,42,self,6,309,928,0.8673139158576052,0.8297213622291022,0.8673139158576052,0.8481012658227848,0.0744336569579288,0.035598705501618144,0.04207119741100329,True
Toys,42,terminal,6,309,928,0.9061488673139159,0.875,0.9061488673139159,0.890302066772655,0.0744336569579288,0.035598705501618144,0.04207119741100329,True
Toys,42,uniform,6,309,928,0.941747572815534,0.8765060240963856,0.941747572815534,0.9079563182527302,0.0744336569579288,0.035598705501618144,0.04207119741100329,True
Toys,42,gpr,6,309,928,0.9385113268608414,0.8454810495626822,0.9385113268608414,0.8895705521472392,0.0744336569579288,0.035598705501618144,0.04207119741100329,True
Toys,42,text_uniform,6,309,928,0.8996763754045307,0.8660436137071651,0.8996763754045307,0.8825396825396825,0.0744336569579288,0.035598705501618144,0.04207119741100329,True
Toys,42,visual_uniform,6,309,928,0.8673139158576052,0.8589743589743589,0.8673139158576052,0.8631239935587761,0.0744336569579288,0.035598705501618144,0.04207119741100329,True
Toys,42,self,7,132,397,0.22727272727272727,0.3409090909090909,0.22727272727272727,0.2727272727272727,-0.03787878787878787,-0.08333333333333331,-0.030303030303030304,True
Toys,42,terminal,7,132,397,0.2727272727272727,0.45569620253164556,0.2727272727272727,0.3412322274881517,-0.03787878787878787,-0.08333333333333331,-0.030303030303030304,True
Toys,42,uniform,7,132,397,0.1893939393939394,0.43859649122807015,0.1893939393939394,0.26455026455026454,-0.03787878787878787,-0.08333333333333331,-0.030303030303030304,True
Toys,42,gpr,7,132,397,0.20454545454545456,0.43548387096774194,0.20454545454545456,0.27835051546391754,-0.03787878787878787,-0.08333333333333331,-0.030303030303030304,True
Toys,42,text_uniform,7,132,397,0.20454545454545456,0.39705882352941174,0.20454545454545456,0.27,-0.03787878787878787,-0.08333333333333331,-0.030303030303030304,True
Toys,42,visual_uniform,7,132,397,0.2196969696969697,0.3258426966292135,0.2196969696969697,0.26244343891402716,-0.03787878787878787,-0.08333333333333331,-0.030303030303030304,True
Toys,42,self,8,327,983,0.8593272171253823,0.7553763440860215,0.8593272171253823,0.804005722460658,0.024464831804281273,-0.015290519877675934,-0.006116207951070374,True
Toys,42,terminal,8,327,983,0.8990825688073395,0.8448275862068966,0.8990825688073395,0.8711111111111111,0.024464831804281273,-0.015290519877675934,-0.006116207951070374,True
Toys,42,uniform,8,327,983,0.8837920489296636,0.8731117824773413,0.8837920489296636,0.878419452887538,0.024464831804281273,-0.015290519877675934,-0.006116207951070374,True
Toys,42,gpr,8,327,983,0.8929663608562691,0.8513119533527697,0.8929663608562691,0.8716417910447761,0.024464831804281273,-0.015290519877675934,-0.006116207951070374,True
Toys,42,text_uniform,8,327,983,0.8899082568807339,0.8267045454545454,0.8899082568807339,0.8571428571428571,0.024464831804281273,-0.015290519877675934,-0.006116207951070374,True
Toys,42,visual_uniform,8,327,983,0.8807339449541285,0.8252148997134671,0.8807339449541285,0.8520710059171598,0.024464831804281273,-0.015290519877675934,-0.006116207951070374,True
Toys,42,self,9,427,1281,0.7681498829039812,0.7505720823798627,0.7681498829039812,0.7592592592592593,0.04449648711943799,-0.0491803278688524,0.0023419203747072626,True
Toys,42,terminal,9,427,1281,0.8618266978922716,0.7863247863247863,0.8618266978922716,0.8223463687150838,0.04449648711943799,-0.0491803278688524,0.0023419203747072626,True
Toys,42,uniform,9,427,1281,0.8126463700234192,0.8401937046004843,0.8126463700234192,0.8261904761904761,0.04449648711943799,-0.0491803278688524,0.0023419203747072626,True
Toys,42,gpr,9,427,1281,0.8266978922716628,0.8547215496368039,0.8266978922716628,0.8404761904761905,0.04449648711943799,-0.0491803278688524,0.0023419203747072626,True
Toys,42,text_uniform,9,427,1281,0.8079625292740047,0.8353510895883777,0.8079625292740047,0.8214285714285714,0.04449648711943799,-0.0491803278688524,0.0023419203747072626,True
Toys,42,visual_uniform,9,427,1281,0.810304449648712,0.8160377358490566,0.810304449648712,0.8131609870740305,0.04449648711943799,-0.0491803278688524,0.0023419203747072626,True
Toys,42,self,10,428,1285,0.7336448598130841,0.7235023041474654,0.7336448598130841,0.728538283062645,0.053738317757009324,0.016355140186915862,0.004672897196261738,True
Toys,42,terminal,10,428,1285,0.7710280373831776,0.765661252900232,0.7710280373831776,0.7683352735739232,0.053738317757009324,0.016355140186915862,0.004672897196261738,True
Toys,42,uniform,10,428,1285,0.7873831775700935,0.7472283813747228,0.7873831775700935,0.7667804323094426,0.053738317757009324,0.016355140186915862,0.004672897196261738,True
Toys,42,gpr,10,428,1285,0.764018691588785,0.7804295942720764,0.764018691588785,0.7721369539551358,0.053738317757009324,0.016355140186915862,0.004672897196261738,True
Toys,42,text_uniform,10,428,1285,0.7827102803738317,0.7665903890160183,0.7827102803738317,0.7745664739884393,0.053738317757009324,0.016355140186915862,0.004672897196261738,True
Toys,42,visual_uniform,10,428,1285,0.7593457943925234,0.7303370786516854,0.7593457943925234,0.7445589919816724,0.053738317757009324,0.016355140186915862,0.004672897196261738,True
Toys,42,self,11,351,1051,0.6638176638176638,0.7191358024691358,0.6638176638176638,0.6903703703703704,0.0911680911680911,0.022792022792022748,-0.03418803418803429,True
Toys,42,terminal,11,351,1051,0.7321937321937322,0.749271137026239,0.7321937321937322,0.7406340057636888,0.0911680911680911,0.022792022792022748,-0.03418803418803429,True
Toys,42,uniform,11,351,1051,0.7549857549857549,0.7957957957957958,0.7549857549857549,0.7748538011695907,0.0911680911680911,0.022792022792022748,-0.03418803418803429,True
Toys,42,gpr,11,351,1051,0.7749287749287749,0.7705382436260623,0.7749287749287749,0.7727272727272727,0.0911680911680911,0.022792022792022748,-0.03418803418803429,True
Toys,42,text_uniform,11,351,1051,0.7891737891737892,0.7426273458445041,0.7891737891737892,0.7651933701657458,0.0911680911680911,0.022792022792022748,-0.03418803418803429,True
Toys,42,visual_uniform,11,351,1051,0.7606837606837606,0.6935064935064935,0.7606837606837606,0.7255434782608695,0.0911680911680911,0.022792022792022748,-0.03418803418803429,True
Toys,42,self,12,227,683,0.8898678414096917,0.9223744292237442,0.8898678414096917,0.905829596412556,0.026431718061673992,0.017621145374449365,-0.008810572687224627,True
Toys,42,terminal,12,227,683,0.8986784140969163,0.9444444444444444,0.8986784140969163,0.9209932279909706,0.026431718061673992,0.017621145374449365,-0.008810572687224627,True
Toys,42,uniform,12,227,683,0.9162995594713657,0.9541284403669725,0.9162995594713657,0.9348314606741573,0.026431718061673992,0.017621145374449365,-0.008810572687224627,True
Toys,42,gpr,12,227,683,0.9162995594713657,0.9541284403669725,0.9162995594713657,0.9348314606741573,0.026431718061673992,0.017621145374449365,-0.008810572687224627,True
Toys,42,text_uniform,12,227,683,0.9251101321585903,0.9545454545454546,0.9251101321585903,0.9395973154362416,0.026431718061673992,0.017621145374449365,-0.008810572687224627,True
Toys,42,visual_uniform,12,227,683,0.8854625550660793,0.9348837209302325,0.8854625550660793,0.9095022624434389,0.026431718061673992,0.017621145374449365,-0.008810572687224627,True
Toys,42,self,13,139,415,0.8129496402877698,0.7687074829931972,0.8129496402877698,0.7902097902097902,0.014388489208633004,0.06474820143884885,0.007194244604316502,True
Toys,42,terminal,13,139,415,0.762589928057554,0.7910447761194029,0.762589928057554,0.7765567765567766,0.014388489208633004,0.06474820143884885,0.007194244604316502,True
Toys,42,uniform,13,139,415,0.8273381294964028,0.777027027027027,0.8273381294964028,0.8013937282229965,0.014388489208633004,0.06474820143884885,0.007194244604316502,True
Toys,42,gpr,13,139,415,0.8345323741007195,0.7733333333333333,0.8345323741007195,0.8027681660899654,0.014388489208633004,0.06474820143884885,0.007194244604316502,True
Toys,42,text_uniform,13,139,415,0.8201438848920863,0.7808219178082192,0.8201438848920863,0.8,0.014388489208633004,0.06474820143884885,0.007194244604316502,True
Toys,42,visual_uniform,13,139,415,0.7553956834532374,0.7720588235294118,0.7553956834532374,0.7636363636363637,0.014388489208633004,0.06474820143884885,0.007194244604316502,True
Toys,42,self,14,140,420,0.8571428571428571,0.821917808219178,0.8571428571428571,0.8391608391608392,0.07142857142857151,0.05714285714285716,0.0071428571428572285,True
Toys,42,terminal,14,140,420,0.8714285714285714,0.8714285714285714,0.8714285714285714,0.8714285714285714,0.07142857142857151,0.05714285714285716,0.0071428571428572285,True
Toys,42,uniform,14,140,420,0.9285714285714286,0.8441558441558441,0.9285714285714286,0.8843537414965986,0.07142857142857151,0.05714285714285716,0.0071428571428572285,True
Toys,42,gpr,14,140,420,0.9214285714285714,0.8431372549019608,0.9214285714285714,0.8805460750853242,0.07142857142857151,0.05714285714285716,0.0071428571428572285,True
Toys,42,text_uniform,14,140,420,0.85,0.9153846153846154,0.85,0.8814814814814815,0.07142857142857151,0.05714285714285716,0.0071428571428572285,True
Toys,42,visual_uniform,14,140,420,0.9214285714285714,0.8543046357615894,0.9214285714285714,0.8865979381443299,0.07142857142857151,0.05714285714285716,0.0071428571428572285,True
Toys,42,self,15,100,299,0.68,0.591304347826087,0.68,0.6325581395348837,0.1399999999999999,0.08999999999999997,0.07999999999999996,True
Toys,42,terminal,15,100,299,0.73,0.7684210526315789,0.73,0.7487179487179487,0.1399999999999999,0.08999999999999997,0.07999999999999996,True
Toys,42,uniform,15,100,299,0.82,0.780952380952381,0.82,0.8,0.1399999999999999,0.08999999999999997,0.07999999999999996,True
Toys,42,gpr,15,100,299,0.82,0.7522935779816514,0.82,0.784688995215311,0.1399999999999999,0.08999999999999997,0.07999999999999996,True
Toys,42,text_uniform,15,100,299,0.71,0.7395833333333334,0.71,0.7244897959183674,0.1399999999999999,0.08999999999999997,0.07999999999999996,True
Toys,42,visual_uniform,15,100,299,0.74,0.7628865979381443,0.74,0.751269035532995,0.1399999999999999,0.08999999999999997,0.07999999999999996,True
Toys,42,self,16,328,984,0.8536585365853658,0.775623268698061,0.8536585365853658,0.8127721335268505,0.012195121951219523,0.0,-0.0030487804878048808,True
Toys,42,terminal,16,328,984,0.8658536585365854,0.7780821917808219,0.8658536585365854,0.8196248196248196,0.012195121951219523,0.0,-0.0030487804878048808,True
Toys,42,uniform,16,328,984,0.8658536585365854,0.8304093567251462,0.8658536585365854,0.8477611940298507,0.012195121951219523,0.0,-0.0030487804878048808,True
Toys,42,gpr,16,328,984,0.8689024390243902,0.8213256484149856,0.8689024390243902,0.8444444444444444,0.012195121951219523,0.0,-0.0030487804878048808,True
Toys,42,text_uniform,16,328,984,0.8689024390243902,0.8166189111747851,0.8689024390243902,0.8419497784342689,0.012195121951219523,0.0,-0.0030487804878048808,True
Toys,42,visual_uniform,16,328,984,0.8658536585365854,0.797752808988764,0.8658536585365854,0.8304093567251462,0.012195121951219523,0.0,-0.0030487804878048808,True
Toys,42,self,17,38,116,0.7894736842105263,0.8571428571428571,0.7894736842105263,0.821917808219178,0.0,-0.02631578947368418,-0.05263157894736836,True
Toys,42,terminal,17,38,116,0.8157894736842105,0.9393939393939394,0.8157894736842105,0.8732394366197183,0.0,-0.02631578947368418,-0.05263157894736836,True
Toys,42,uniform,17,38,116,0.7894736842105263,1.0,0.7894736842105263,0.8823529411764706,0.0,-0.02631578947368418,-0.05263157894736836,True
Toys,42,gpr,17,38,116,0.7894736842105263,1.0,0.7894736842105263,0.8823529411764706,0.0,-0.02631578947368418,-0.05263157894736836,True
Toys,42,text_uniform,17,38,116,0.8421052631578947,0.9411764705882353,0.8421052631578947,0.8888888888888888,0.0,-0.02631578947368418,-0.05263157894736836,True
Toys,42,visual_uniform,17,38,116,0.7894736842105263,0.967741935483871,0.7894736842105263,0.8695652173913043,0.0,-0.02631578947368418,-0.05263157894736836,True
Toys,43,self,0,63,190,0.6984126984126984,0.7096774193548387,0.6984126984126984,0.704,-0.015873015873015817,0.031746031746031744,0.04761904761904767,True
Toys,43,terminal,0,63,190,0.6507936507936508,0.7454545454545455,0.6507936507936508,0.6949152542372882,-0.015873015873015817,0.031746031746031744,0.04761904761904767,True
Toys,43,uniform,0,63,190,0.6825396825396826,0.7413793103448276,0.6825396825396826,0.7107438016528925,-0.015873015873015817,0.031746031746031744,0.04761904761904767,True
Toys,43,gpr,0,63,190,0.6507936507936508,0.7884615384615384,0.6507936507936508,0.7130434782608696,-0.015873015873015817,0.031746031746031744,0.04761904761904767,True
Toys,43,text_uniform,0,63,190,0.6349206349206349,0.8695652173913043,0.6349206349206349,0.7339449541284404,-0.015873015873015817,0.031746031746031744,0.04761904761904767,True
Toys,43,visual_uniform,0,63,190,0.6190476190476191,0.78,0.6190476190476191,0.6902654867256637,-0.015873015873015817,0.031746031746031744,0.04761904761904767,True
Toys,43,self,1,285,855,0.7263157894736842,0.7472924187725631,0.7263157894736842,0.7366548042704626,0.014035087719298178,0.021052631578947323,0.0,True
Toys,43,terminal,1,285,855,0.7192982456140351,0.7481751824817519,0.7192982456140351,0.7334525939177102,0.014035087719298178,0.021052631578947323,0.0,True
Toys,43,uniform,1,285,855,0.7403508771929824,0.717687074829932,0.7403508771929824,0.7288428324697754,0.014035087719298178,0.021052631578947323,0.0,True
Toys,43,gpr,1,285,855,0.6982456140350877,0.7425373134328358,0.6982456140350877,0.7197106690777577,0.014035087719298178,0.021052631578947323,0.0,True
Toys,43,text_uniform,1,285,855,0.7403508771929824,0.7589928057553957,0.7403508771929824,0.7495559502664298,0.014035087719298178,0.021052631578947323,0.0,True
Toys,43,visual_uniform,1,285,855,0.7228070175438597,0.7463768115942029,0.7228070175438597,0.7344028520499108,0.014035087719298178,0.021052631578947323,0.0,True
Toys,43,self,2,325,974,0.9661538461538461,0.8746518105849582,0.9661538461538461,0.9181286549707602,-0.009230769230769265,0.027692307692307683,0.009230769230769154,True
Toys,43,terminal,2,325,974,0.9292307692307692,0.8830409356725146,0.9292307692307692,0.9055472263868066,-0.009230769230769265,0.027692307692307683,0.009230769230769154,True
Toys,43,uniform,2,325,974,0.9569230769230769,0.8936781609195402,0.9569230769230769,0.924219910846954,-0.009230769230769265,0.027692307692307683,0.009230769230769154,True
Toys,43,gpr,2,325,974,0.96,0.8888888888888888,0.96,0.9230769230769231,-0.009230769230769265,0.027692307692307683,0.009230769230769154,True
Toys,43,text_uniform,2,325,974,0.9476923076923077,0.8953488372093024,0.9476923076923077,0.9207772795216741,-0.009230769230769265,0.027692307692307683,0.009230769230769154,True
Toys,43,visual_uniform,2,325,974,0.9292307692307692,0.877906976744186,0.9292307692307692,0.9028400597907325,-0.009230769230769265,0.027692307692307683,0.009230769230769154,True
Toys,43,self,3,173,520,0.7052023121387283,0.7052023121387283,0.7052023121387283,0.7052023121387283,-0.09826589595375723,-0.017341040462427793,-0.06936416184971106,True
Toys,43,terminal,3,173,520,0.6242774566473989,0.631578947368421,0.6242774566473989,0.627906976744186,-0.09826589595375723,-0.017341040462427793,-0.06936416184971106,True
Toys,43,uniform,3,173,520,0.6069364161849711,0.7342657342657343,0.6069364161849711,0.6645569620253164,-0.09826589595375723,-0.017341040462427793,-0.06936416184971106,True
Toys,43,gpr,3,173,520,0.6184971098265896,0.6858974358974359,0.6184971098265896,0.6504559270516718,-0.09826589595375723,-0.017341040462427793,-0.06936416184971106,True
Toys,43,text_uniform,3,173,520,0.6763005780346821,0.7358490566037735,0.6763005780346821,0.7048192771084337,-0.09826589595375723,-0.017341040462427793,-0.06936416184971106,True
Toys,43,visual_uniform,3,173,520,0.6242774566473989,0.6171428571428571,0.6242774566473989,0.6206896551724138,-0.09826589595375723,-0.017341040462427793,-0.06936416184971106,True
Toys,43,self,4,236,707,0.9491525423728814,0.896,0.9491525423728814,0.9218106995884774,0.021186440677966045,0.021186440677966045,0.029661016949152463,True
Toys,43,terminal,4,236,707,0.9491525423728814,0.9105691056910569,0.9491525423728814,0.9294605809128631,0.021186440677966045,0.021186440677966045,0.029661016949152463,True
Toys,43,uniform,4,236,707,0.9703389830508474,0.9087301587301587,0.9703389830508474,0.9385245901639344,0.021186440677966045,0.021186440677966045,0.029661016949152463,True
Toys,43,gpr,4,236,707,0.961864406779661,0.9227642276422764,0.961864406779661,0.941908713692946,0.021186440677966045,0.021186440677966045,0.029661016949152463,True
Toys,43,text_uniform,4,236,707,0.940677966101695,0.9135802469135802,0.940677966101695,0.9269311064718163,0.021186440677966045,0.021186440677966045,0.029661016949152463,True
Toys,43,visual_uniform,4,236,707,0.923728813559322,0.9121338912133892,0.923728813559322,0.9178947368421052,0.021186440677966045,0.021186440677966045,0.029661016949152463,True
Toys,43,self,5,110,329,0.6818181818181818,0.8241758241758241,0.6818181818181818,0.746268656716418,-0.009090909090909038,-0.027272727272727226,-0.045454545454545414,True
Toys,43,terminal,5,110,329,0.7,0.7064220183486238,0.7,0.7031963470319634,-0.009090909090909038,-0.027272727272727226,-0.045454545454545414,True
Toys,43,uniform,5,110,329,0.6727272727272727,0.7789473684210526,0.6727272727272727,0.7219512195121951,-0.009090909090909038,-0.027272727272727226,-0.045454545454545414,True
Toys,43,gpr,5,110,329,0.6454545454545455,0.7634408602150538,0.6454545454545455,0.6995073891625616,-0.009090909090909038,-0.027272727272727226,-0.045454545454545414,True
Toys,43,text_uniform,5,110,329,0.7181818181818181,0.7523809523809524,0.7181818181818181,0.7348837209302326,-0.009090909090909038,-0.027272727272727226,-0.045454545454545414,True
Toys,43,visual_uniform,5,110,329,0.6818181818181818,0.78125,0.6818181818181818,0.7281553398058253,-0.009090909090909038,-0.027272727272727226,-0.045454545454545414,True
Toys,43,self,6,310,928,0.9161290322580645,0.890282131661442,0.9161290322580645,0.9030206677265501,0.032258064516129004,0.03548387096774186,0.032258064516129004,True
Toys,43,terminal,6,310,928,0.9129032258064517,0.8955696202531646,0.9129032258064517,0.9041533546325878,0.032258064516129004,0.03548387096774186,0.032258064516129004,True
Toys,43,uniform,6,310,928,0.9483870967741935,0.9216300940438872,0.9483870967741935,0.9348171701112877,0.032258064516129004,0.03548387096774186,0.032258064516129004,True
Toys,43,gpr,6,310,928,0.9354838709677419,0.9235668789808917,0.9354838709677419,0.9294871794871795,0.032258064516129004,0.03548387096774186,0.032258064516129004,True
Toys,43,text_uniform,6,310,928,0.9161290322580645,0.8987341772151899,0.9161290322580645,0.9073482428115016,0.032258064516129004,0.03548387096774186,0.032258064516129004,True
Toys,43,visual_uniform,6,310,928,0.9129032258064517,0.8955696202531646,0.9129032258064517,0.9041533546325878,0.032258064516129004,0.03548387096774186,0.032258064516129004,True
Toys,43,self,7,132,397,0.3787878787878788,0.5376344086021505,0.3787878787878788,0.4444444444444444,-0.10606060606060608,-0.09090909090909094,-0.12121212121212122,True
Toys,43,terminal,7,132,397,0.36363636363636365,0.6486486486486487,0.36363636363636365,0.46601941747572817,-0.10606060606060608,-0.09090909090909094,-0.12121212121212122,True
Toys,43,uniform,7,132,397,0.2727272727272727,0.6666666666666666,0.2727272727272727,0.3870967741935484,-0.10606060606060608,-0.09090909090909094,-0.12121212121212122,True
Toys,43,gpr,7,132,397,0.38636363636363635,0.6,0.38636363636363635,0.4700460829493088,-0.10606060606060608,-0.09090909090909094,-0.12121212121212122,True
Toys,43,text_uniform,7,132,397,0.3939393939393939,0.6190476190476191,0.3939393939393939,0.48148148148148145,-0.10606060606060608,-0.09090909090909094,-0.12121212121212122,True
Toys,43,visual_uniform,7,132,397,0.3560606060606061,0.5802469135802469,0.3560606060606061,0.4413145539906103,-0.10606060606060608,-0.09090909090909094,-0.12121212121212122,True
Toys,43,self,8,327,983,0.8899082568807339,0.8686567164179104,0.8899082568807339,0.879154078549849,0.04892966360856266,0.015290519877675823,0.006116207951070263,True
Toys,43,terminal,8,327,983,0.9235474006116208,0.8388888888888889,0.9235474006116208,0.8791848617176128,0.04892966360856266,0.015290519877675823,0.006116207951070263,True
Toys,43,uniform,8,327,983,0.9388379204892966,0.8319783197831978,0.9388379204892966,0.882183908045977,0.04892966360856266,0.015290519877675823,0.006116207951070263,True
Toys,43,gpr,8,327,983,0.9357798165137615,0.8476454293628809,0.9357798165137615,0.8895348837209303,0.04892966360856266,0.015290519877675823,0.006116207951070263,True
Toys,43,text_uniform,8,327,983,0.9327217125382263,0.8789625360230547,0.9327217125382263,0.9050445103857567,0.04892966360856266,0.015290519877675823,0.006116207951070263,True
Toys,43,visual_uniform,8,327,983,0.9143730886850153,0.835195530726257,0.9143730886850153,0.872992700729927,0.04892966360856266,0.015290519877675823,0.006116207951070263,True
Toys,43,self,9,427,1281,0.8430913348946136,0.851063829787234,0.8430913348946136,0.8470588235294118,0.00936768149882894,0.03747072599531609,0.007025761124121677,True
Toys,43,terminal,9,427,1281,0.8149882903981265,0.8446601941747572,0.8149882903981265,0.8295589988081049,0.00936768149882894,0.03747072599531609,0.007025761124121677,True
Toys,43,uniform,9,427,1281,0.8524590163934426,0.8035320088300221,0.8524590163934426,0.8272727272727273,0.00936768149882894,0.03747072599531609,0.007025761124121677,True
Toys,43,gpr,9,427,1281,0.8384074941451991,0.8483412322274881,0.8384074941451991,0.8433451118963486,0.00936768149882894,0.03747072599531609,0.007025761124121677,True
Toys,43,text_uniform,9,427,1281,0.8454332552693209,0.7763440860215054,0.8454332552693209,0.8094170403587444,0.00936768149882894,0.03747072599531609,0.007025761124121677,True
Toys,43,visual_uniform,9,427,1281,0.8032786885245902,0.8325242718446602,0.8032786885245902,0.8176400476758046,0.00936768149882894,0.03747072599531609,0.007025761124121677,True
Toys,43,self,10,428,1285,0.8130841121495327,0.8305489260143198,0.8130841121495327,0.8217237308146399,-0.02336448598130836,0.0,-0.02102803738317749,True
Toys,43,terminal,10,428,1285,0.7897196261682243,0.8009478672985783,0.7897196261682243,0.7952941176470588,-0.02336448598130836,0.0,-0.02102803738317749,True
Toys,43,uniform,10,428,1285,0.7897196261682243,0.8513853904282116,0.7897196261682243,0.8193939393939393,-0.02336448598130836,0.0,-0.02102803738317749,True
Toys,43,gpr,10,428,1285,0.8107476635514018,0.8381642512077294,0.8107476635514018,0.8242280285035629,-0.02336448598130836,0.0,-0.02102803738317749,True
Toys,43,text_uniform,10,428,1285,0.8107476635514018,0.8301435406698564,0.8107476635514018,0.8203309692671394,-0.02336448598130836,0.0,-0.02102803738317749,True
Toys,43,visual_uniform,10,428,1285,0.7897196261682243,0.8028503562945368,0.7897196261682243,0.7962308598351001,-0.02336448598130836,0.0,-0.02102803738317749,True
Toys,43,self,11,350,1051,0.8342857142857143,0.8390804597701149,0.8342857142857143,0.836676217765043,-0.0028571428571428914,0.020000000000000018,-0.014285714285714346,True
Toys,43,terminal,11,350,1051,0.8114285714285714,0.8304093567251462,0.8114285714285714,0.8208092485549133,-0.0028571428571428914,0.020000000000000018,-0.014285714285714346,True
Toys,43,uniform,11,350,1051,0.8314285714285714,0.8508771929824561,0.8314285714285714,0.8410404624277457,-0.0028571428571428914,0.020000000000000018,-0.014285714285714346,True
Toys,43,gpr,11,350,1051,0.8714285714285714,0.8176943699731903,0.8714285714285714,0.8437067773167358,-0.0028571428571428914,0.020000000000000018,-0.014285714285714346,True
Toys,43,text_uniform,11,350,1051,0.8342857142857143,0.8439306358381503,0.8342857142857143,0.8390804597701149,-0.0028571428571428914,0.020000000000000018,-0.014285714285714346,True
Toys,43,visual_uniform,11,350,1051,0.8457142857142858,0.8087431693989071,0.8457142857142858,0.8268156424581006,-0.0028571428571428914,0.020000000000000018,-0.014285714285714346,True
Toys,43,self,12,228,683,0.9517543859649122,0.9559471365638766,0.9517543859649122,0.9538461538461539,-0.00877192982456132,0.004385964912280715,0.004385964912280715,True
Toys,43,terminal,12,228,683,0.9385964912280702,0.9385964912280702,0.9385964912280702,0.9385964912280702,-0.00877192982456132,0.004385964912280715,0.004385964912280715,True
Toys,43,uniform,12,228,683,0.9429824561403509,0.9598214285714286,0.9429824561403509,0.9513274336283186,-0.00877192982456132,0.004385964912280715,0.004385964912280715,True
Toys,43,gpr,12,228,683,0.9429824561403509,0.9598214285714286,0.9429824561403509,0.9513274336283186,-0.00877192982456132,0.004385964912280715,0.004385964912280715,True
Toys,43,text_uniform,12,228,683,0.9385964912280702,0.9683257918552036,0.9385964912280702,0.9532293986636972,-0.00877192982456132,0.004385964912280715,0.004385964912280715,True
Toys,43,visual_uniform,12,228,683,0.9210526315789473,0.9251101321585903,0.9210526315789473,0.9230769230769231,-0.00877192982456132,0.004385964912280715,0.004385964912280715,True
Toys,43,self,13,138,415,0.8768115942028986,0.8962962962962963,0.8768115942028986,0.8864468864468864,0.021739130434782594,0.050724637681159424,0.007246376811594235,True
Toys,43,terminal,13,138,415,0.8478260869565217,0.8297872340425532,0.8478260869565217,0.8387096774193549,0.021739130434782594,0.050724637681159424,0.007246376811594235,True
Toys,43,uniform,13,138,415,0.8985507246376812,0.8493150684931506,0.8985507246376812,0.8732394366197183,0.021739130434782594,0.050724637681159424,0.007246376811594235,True
Toys,43,gpr,13,138,415,0.8768115942028986,0.8642857142857143,0.8768115942028986,0.8705035971223022,0.021739130434782594,0.050724637681159424,0.007246376811594235,True
Toys,43,text_uniform,13,138,415,0.8913043478260869,0.8723404255319149,0.8913043478260869,0.8817204301075269,0.021739130434782594,0.050724637681159424,0.007246376811594235,True
Toys,43,visual_uniform,13,138,415,0.8623188405797102,0.8686131386861314,0.8623188405797102,0.8654545454545455,0.021739130434782594,0.050724637681159424,0.007246376811594235,True
Toys,43,self,14,140,420,0.8571428571428571,0.9090909090909091,0.8571428571428571,0.8823529411764706,0.07857142857142863,0.0357142857142857,-0.014285714285714235,True
Toys,43,terminal,14,140,420,0.9,0.9130434782608695,0.9,0.9064748201438849,0.07857142857142863,0.0357142857142857,-0.014285714285714235,True
Toys,43,uniform,14,140,420,0.9357142857142857,0.916083916083916,0.9357142857142857,0.9257950530035336,0.07857142857142863,0.0357142857142857,-0.014285714285714235,True
Toys,43,gpr,14,140,420,0.9214285714285714,0.9214285714285714,0.9214285714285714,0.9214285714285714,0.07857142857142863,0.0357142857142857,-0.014285714285714235,True
Toys,43,text_uniform,14,140,420,0.9142857142857143,0.9343065693430657,0.9142857142857143,0.924187725631769,0.07857142857142863,0.0357142857142857,-0.014285714285714235,True
Toys,43,visual_uniform,14,140,420,0.95,0.910958904109589,0.95,0.9300699300699301,0.07857142857142863,0.0357142857142857,-0.014285714285714235,True
Toys,43,self,15,100,299,0.8,0.7407407407407407,0.8,0.7692307692307693,0.0,0.020000000000000018,-0.029999999999999916,True
Toys,43,terminal,15,100,299,0.78,0.7878787878787878,0.78,0.7839195979899497,0.0,0.020000000000000018,-0.029999999999999916,True
Toys,43,uniform,15,100,299,0.8,0.7692307692307693,0.8,0.7843137254901961,0.0,0.020000000000000018,-0.029999999999999916,True
Toys,43,gpr,15,100,299,0.81,0.75,0.81,0.7788461538461539,0.0,0.020000000000000018,-0.029999999999999916,True
Toys,43,text_uniform,15,100,299,0.82,0.803921568627451,0.82,0.8118811881188119,0.0,0.020000000000000018,-0.029999999999999916,True
Toys,43,visual_uniform,15,100,299,0.83,0.8058252427184466,0.83,0.8177339901477833,0.0,0.020000000000000018,-0.029999999999999916,True
Toys,43,self,16,328,984,0.8963414634146342,0.8376068376068376,0.8963414634146342,0.865979381443299,-0.009146341463414642,0.0060975609756097615,-0.027439024390243927,True
Toys,43,terminal,16,328,984,0.8810975609756098,0.7706666666666667,0.8810975609756098,0.8221906116642959,-0.009146341463414642,0.0060975609756097615,-0.027439024390243927,True
Toys,43,uniform,16,328,984,0.8871951219512195,0.8128491620111732,0.8871951219512195,0.8483965014577259,-0.009146341463414642,0.0060975609756097615,-0.027439024390243927,True
Toys,43,gpr,16,328,984,0.8841463414634146,0.8215297450424929,0.8841463414634146,0.8516886930983847,-0.009146341463414642,0.0060975609756097615,-0.027439024390243927,True
Toys,43,text_uniform,16,328,984,0.9146341463414634,0.8522727272727273,0.9146341463414634,0.8823529411764706,-0.009146341463414642,0.0060975609756097615,-0.027439024390243927,True
Toys,43,visual_uniform,16,328,984,0.8536585365853658,0.7865168539325843,0.8536585365853658,0.8187134502923976,-0.009146341463414642,0.0060975609756097615,-0.027439024390243927,True
Toys,43,self,17,39,116,0.8205128205128205,0.8648648648648649,0.8205128205128205,0.8421052631578947,0.05128205128205132,0.05128205128205132,0.02564102564102566,True
Toys,43,terminal,17,39,116,0.8205128205128205,0.9142857142857143,0.8205128205128205,0.8648648648648649,0.05128205128205132,0.05128205128205132,0.02564102564102566,True
Toys,43,uniform,17,39,116,0.8717948717948718,0.85,0.8717948717948718,0.8607594936708861,0.05128205128205132,0.05128205128205132,0.02564102564102566,True
Toys,43,gpr,17,39,116,0.8461538461538461,0.8461538461538461,0.8461538461538461,0.8461538461538461,0.05128205128205132,0.05128205128205132,0.02564102564102566,True
Toys,43,text_uniform,17,39,116,0.8461538461538461,0.9428571428571428,0.8461538461538461,0.8918918918918919,0.05128205128205132,0.05128205128205132,0.02564102564102566,True
Toys,43,visual_uniform,17,39,116,0.8461538461538461,0.9166666666666666,0.8461538461538461,0.88,0.05128205128205132,0.05128205128205132,0.02564102564102566,True
Toys,44,self,0,64,190,0.765625,0.765625,0.765625,0.765625,0.0625,0.15625,0.0625,True
Toys,44,terminal,0,64,190,0.671875,0.7818181818181819,0.671875,0.7226890756302521,0.0625,0.15625,0.0625,True
Toys,44,uniform,0,64,190,0.828125,0.828125,0.828125,0.828125,0.0625,0.15625,0.0625,True
Toys,44,gpr,0,64,190,0.84375,0.84375,0.84375,0.84375,0.0625,0.15625,0.0625,True
Toys,44,text_uniform,0,64,190,0.765625,0.8166666666666667,0.765625,0.7903225806451613,0.0625,0.15625,0.0625,True
Toys,44,visual_uniform,0,64,190,0.71875,0.6865671641791045,0.71875,0.7022900763358778,0.0625,0.15625,0.0625,True
Toys,44,self,1,285,855,0.8385964912280702,0.6848137535816619,0.8385964912280702,0.7539432176656151,-0.09473684210526323,-0.024561403508771895,-0.007017543859649145,True
Toys,44,terminal,1,285,855,0.7684210526315789,0.6908517350157729,0.7684210526315789,0.7275747508305648,-0.09473684210526323,-0.024561403508771895,-0.007017543859649145,True
Toys,44,uniform,1,285,855,0.743859649122807,0.7794117647058824,0.743859649122807,0.7612208258527827,-0.09473684210526323,-0.024561403508771895,-0.007017543859649145,True
Toys,44,gpr,1,285,855,0.8456140350877193,0.7109144542772862,0.8456140350877193,0.7724358974358975,-0.09473684210526323,-0.024561403508771895,-0.007017543859649145,True
Toys,44,text_uniform,1,285,855,0.7263157894736842,0.708904109589041,0.7263157894736842,0.7175043327556326,-0.09473684210526323,-0.024561403508771895,-0.007017543859649145,True
Toys,44,visual_uniform,1,285,855,0.7508771929824561,0.7379310344827587,0.7508771929824561,0.7443478260869565,-0.09473684210526323,-0.024561403508771895,-0.007017543859649145,True
Toys,44,self,2,325,974,0.9384615384615385,0.9131736526946108,0.9384615384615385,0.9256449165402124,0.003076923076923088,0.03076923076923077,-0.003076923076923088,True
Toys,44,terminal,2,325,974,0.9107692307692308,0.9051987767584098,0.9107692307692308,0.9079754601226994,0.003076923076923088,0.03076923076923077,-0.003076923076923088,True
Toys,44,uniform,2,325,974,0.9415384615384615,0.9272727272727272,0.9415384615384615,0.934351145038168,0.003076923076923088,0.03076923076923077,-0.003076923076923088,True
Toys,44,gpr,2,325,974,0.9569230769230769,0.9147058823529411,0.9569230769230769,0.9353383458646617,0.003076923076923088,0.03076923076923077,-0.003076923076923088,True
Toys,44,text_uniform,2,325,974,0.916923076923077,0.8975903614457831,0.916923076923077,0.9071537290715372,0.003076923076923088,0.03076923076923077,-0.003076923076923088,True
Toys,44,visual_uniform,2,325,974,0.9446153846153846,0.9002932551319648,0.9446153846153846,0.9219219219219219,0.003076923076923088,0.03076923076923077,-0.003076923076923088,True
Toys,44,self,3,173,520,0.7225433526011561,0.6544502617801047,0.7225433526011561,0.6868131868131868,-0.028901734104046284,0.06936416184971095,0.05780346820809246,True
Toys,44,terminal,3,173,520,0.6242774566473989,0.7152317880794702,0.6242774566473989,0.6666666666666666,-0.028901734104046284,0.06936416184971095,0.05780346820809246,True
Toys,44,uniform,3,173,520,0.6936416184971098,0.7228915662650602,0.6936416184971098,0.7079646017699115,-0.028901734104046284,0.06936416184971095,0.05780346820809246,True
Toys,44,gpr,3,173,520,0.7167630057803468,0.7469879518072289,0.7167630057803468,0.7315634218289085,-0.028901734104046284,0.06936416184971095,0.05780346820809246,True
Toys,44,text_uniform,3,173,520,0.6358381502890174,0.7096774193548387,0.6358381502890174,0.6707317073170732,-0.028901734104046284,0.06936416184971095,0.05780346820809246,True
Toys,44,visual_uniform,3,173,520,0.6127167630057804,0.6883116883116883,0.6127167630057804,0.6483180428134556,-0.028901734104046284,0.06936416184971095,0.05780346820809246,True
Toys,44,self,4,236,707,0.9152542372881356,0.927038626609442,0.9152542372881356,0.9211087420042644,0.0423728813559322,0.012711864406779627,0.0,True
Toys,44,terminal,4,236,707,0.9449152542372882,0.902834008097166,0.9449152542372882,0.9233954451345756,0.0423728813559322,0.012711864406779627,0.0,True
Toys,44,uniform,4,236,707,0.9576271186440678,0.9300411522633745,0.9576271186440678,0.9436325678496869,0.0423728813559322,0.012711864406779627,0.0,True
Toys,44,gpr,4,236,707,0.9533898305084746,0.9414225941422594,0.9533898305084746,0.9473684210526315,0.0423728813559322,0.012711864406779627,0.0,True
Toys,44,text_uniform,4,236,707,0.9576271186440678,0.9112903225806451,0.9576271186440678,0.9338842975206612,0.0423728813559322,0.012711864406779627,0.0,True
Toys,44,visual_uniform,4,236,707,0.9449152542372882,0.8955823293172691,0.9449152542372882,0.9195876288659793,0.0423728813559322,0.012711864406779627,0.0,True
Toys,44,self,5,110,329,0.6636363636363637,0.7684210526315789,0.6636363636363637,0.7121951219512195,0.1272727272727272,0.0636363636363636,0.10909090909090913,True
Toys,44,terminal,5,110,329,0.7272727272727273,0.5755395683453237,0.7272727272727273,0.642570281124498,0.1272727272727272,0.0636363636363636,0.10909090909090913,True
Toys,44,uniform,5,110,329,0.7909090909090909,0.7981651376146789,0.7909090909090909,0.7945205479452054,0.1272727272727272,0.0636363636363636,0.10909090909090913,True
Toys,44,gpr,5,110,329,0.8,0.8380952380952381,0.8,0.8186046511627907,0.1272727272727272,0.0636363636363636,0.10909090909090913,True
Toys,44,text_uniform,5,110,329,0.6818181818181818,0.7653061224489796,0.6818181818181818,0.7211538461538461,0.1272727272727272,0.0636363636363636,0.10909090909090913,True
Toys,44,visual_uniform,5,110,329,0.6727272727272727,0.7872340425531915,0.6727272727272727,0.7254901960784313,0.1272727272727272,0.0636363636363636,0.10909090909090913,True
Toys,44,self,6,309,928,0.9061488673139159,0.9180327868852459,0.9061488673139159,0.9120521172638436,0.03883495145631066,0.04207119741100318,0.02265372168284785,True
Toys,44,terminal,6,309,928,0.9029126213592233,0.8913738019169329,0.9029126213592233,0.8971061093247589,0.03883495145631066,0.04207119741100318,0.02265372168284785,True
Toys,44,uniform,6,309,928,0.9449838187702265,0.9329073482428115,0.9449838187702265,0.9389067524115756,0.03883495145631066,0.04207119741100318,0.02265372168284785,True
Toys,44,gpr,6,309,928,0.9385113268608414,0.932475884244373,0.9385113268608414,0.9354838709677419,0.03883495145631066,0.04207119741100318,0.02265372168284785,True
Toys,44,text_uniform,6,309,928,0.9223300970873787,0.8742331288343558,0.9223300970873787,0.8976377952755905,0.03883495145631066,0.04207119741100318,0.02265372168284785,True
Toys,44,visual_uniform,6,309,928,0.8964401294498382,0.9022801302931596,0.8964401294498382,0.8993506493506493,0.03883495145631066,0.04207119741100318,0.02265372168284785,True
Toys,44,self,7,132,397,0.22727272727272727,0.6382978723404256,0.22727272727272727,0.33519553072625696,0.22727272727272727,0.19696969696969696,0.09848484848484845,True
Toys,44,terminal,7,132,397,0.25757575757575757,0.6938775510204082,0.25757575757575757,0.3756906077348066,0.22727272727272727,0.19696969696969696,0.09848484848484845,True
Toys,44,uniform,7,132,397,0.45454545454545453,0.5825242718446602,0.45454545454545453,0.5106382978723404,0.22727272727272727,0.19696969696969696,0.09848484848484845,True
Toys,44,gpr,7,132,397,0.3333333333333333,0.6376811594202898,0.3333333333333333,0.43781094527363185,0.22727272727272727,0.19696969696969696,0.09848484848484845,True
Toys,44,text_uniform,7,132,397,0.3560606060606061,0.6527777777777778,0.3560606060606061,0.46078431372549017,0.22727272727272727,0.19696969696969696,0.09848484848484845,True
Toys,44,visual_uniform,7,132,397,0.3333333333333333,0.6111111111111112,0.3333333333333333,0.43137254901960786,0.22727272727272727,0.19696969696969696,0.09848484848484845,True
Toys,44,self,8,327,983,0.8623853211009175,0.88125,0.8623853211009175,0.8717156105100463,0.04281345565749228,0.003058103975535187,0.003058103975535187,True
Toys,44,terminal,8,327,983,0.9021406727828746,0.8526011560693642,0.9021406727828746,0.8766716196136701,0.04281345565749228,0.003058103975535187,0.003058103975535187,True
Toys,44,uniform,8,327,983,0.9051987767584098,0.8862275449101796,0.9051987767584098,0.8956127080181543,0.04281345565749228,0.003058103975535187,0.003058103975535187,True
Toys,44,gpr,8,327,983,0.926605504587156,0.8706896551724138,0.926605504587156,0.8977777777777778,0.04281345565749228,0.003058103975535187,0.003058103975535187,True
Toys,44,text_uniform,8,327,983,0.8868501529051988,0.8454810495626822,0.8868501529051988,0.8656716417910447,0.04281345565749228,0.003058103975535187,0.003058103975535187,True
Toys,44,visual_uniform,8,327,983,0.9021406727828746,0.8333333333333334,0.9021406727828746,0.8663729809104258,0.04281345565749228,0.003058103975535187,0.003058103975535187,True
Toys,44,self,9,427,1281,0.8079625292740047,0.8984375,0.8079625292740047,0.8508014796547472,0.10304449648711944,0.042154566744730726,0.07494145199063229,True
Toys,44,terminal,9,427,1281,0.8688524590163934,0.8262806236080178,0.8688524590163934,0.8470319634703196,0.10304449648711944,0.042154566744730726,0.07494145199063229,True
Toys,44,uniform,9,427,1281,0.9110070257611241,0.8401727861771058,0.9110070257611241,0.8741573033707866,0.10304449648711944,0.042154566744730726,0.07494145199063229,True
Toys,44,gpr,9,427,1281,0.8641686182669789,0.9225,0.8641686182669789,0.8923821039903265,0.10304449648711944,0.042154566744730726,0.07494145199063229,True
Toys,44,text_uniform,9,427,1281,0.8360655737704918,0.8623188405797102,0.8360655737704918,0.8489892984542212,0.10304449648711944,0.042154566744730726,0.07494145199063229,True
Toys,44,visual_uniform,9,427,1281,0.8290398126463701,0.8428571428571429,0.8290398126463701,0.8358913813459268,0.10304449648711944,0.042154566744730726,0.07494145199063229,True
Toys,44,self,10,428,1285,0.8551401869158879,0.8043956043956044,0.8551401869158879,0.8289920724801813,-0.01869158878504673,0.02570093457943934,-0.016355140186915862,True
Toys,44,terminal,10,428,1285,0.8107476635514018,0.7940503432494279,0.8107476635514018,0.8023121387283237,-0.01869158878504673,0.02570093457943934,-0.016355140186915862,True
Toys,44,uniform,10,428,1285,0.8364485981308412,0.8710462287104623,0.8364485981308412,0.8533969010727056,-0.01869158878504673,0.02570093457943934,-0.016355140186915862,True
Toys,44,gpr,10,428,1285,0.8551401869158879,0.8755980861244019,0.8551401869158879,0.8652482269503546,-0.01869158878504673,0.02570093457943934,-0.016355140186915862,True
Toys,44,text_uniform,10,428,1285,0.852803738317757,0.7464212678936605,0.852803738317757,0.7960741548527808,-0.01869158878504673,0.02570093457943934,-0.016355140186915862,True
Toys,44,visual_uniform,10,428,1285,0.8060747663551402,0.7615894039735099,0.8060747663551402,0.7832009080590239,-0.01869158878504673,0.02570093457943934,-0.016355140186915862,True
Toys,44,self,11,350,1051,0.8342857142857143,0.8133704735376045,0.8342857142857143,0.8236953455571228,0.005714285714285672,0.04571428571428571,0.039999999999999925,True
Toys,44,terminal,11,350,1051,0.7942857142857143,0.8081395348837209,0.7942857142857143,0.8011527377521613,0.005714285714285672,0.04571428571428571,0.039999999999999925,True
Toys,44,uniform,11,350,1051,0.84,0.8621700879765396,0.84,0.8509406657018813,0.005714285714285672,0.04571428571428571,0.039999999999999925,True
Toys,44,gpr,11,350,1051,0.8428571428571429,0.8753709198813057,0.8428571428571429,0.858806404657933,0.005714285714285672,0.04571428571428571,0.039999999999999925,True
Toys,44,text_uniform,11,350,1051,0.7885714285714286,0.8414634146341463,0.7885714285714286,0.8141592920353983,0.005714285714285672,0.04571428571428571,0.039999999999999925,True
Toys,44,visual_uniform,11,350,1051,0.8,0.7909604519774012,0.8,0.7954545454545454,0.005714285714285672,0.04571428571428571,0.039999999999999925,True
Toys,44,self,12,228,683,0.9473684210526315,0.9515418502202643,0.9473684210526315,0.9494505494505494,0.026315789473684292,0.03508771929824561,0.026315789473684292,True
Toys,44,terminal,12,228,683,0.9385964912280702,0.9385964912280702,0.9385964912280702,0.9385964912280702,0.026315789473684292,0.03508771929824561,0.026315789473684292,True
Toys,44,uniform,12,228,683,0.9736842105263158,0.961038961038961,0.9736842105263158,0.9673202614379085,0.026315789473684292,0.03508771929824561,0.026315789473684292,True
Toys,44,gpr,12,228,683,0.9692982456140351,0.9650655021834061,0.9692982456140351,0.9671772428884027,0.026315789473684292,0.03508771929824561,0.026315789473684292,True
Toys,44,text_uniform,12,228,683,0.9473684210526315,0.9432314410480349,0.9473684210526315,0.9452954048140044,0.026315789473684292,0.03508771929824561,0.026315789473684292,True
Toys,44,visual_uniform,12,228,683,0.9078947368421053,0.9366515837104072,0.9078947368421053,0.9220489977728286,0.026315789473684292,0.03508771929824561,0.026315789473684292,True
Toys,44,self,13,139,415,0.9136690647482014,0.9071428571428571,0.9136690647482014,0.910394265232975,0.0,0.07194244604316546,0.021582733812949617,True
Toys,44,terminal,13,139,415,0.841726618705036,0.8297872340425532,0.841726618705036,0.8357142857142857,0.0,0.07194244604316546,0.021582733812949617,True
Toys,44,uniform,13,139,415,0.9136690647482014,0.9071428571428571,0.9136690647482014,0.910394265232975,0.0,0.07194244604316546,0.021582733812949617,True
Toys,44,gpr,13,139,415,0.935251798561151,0.9027777777777778,0.935251798561151,0.9187279151943463,0.0,0.07194244604316546,0.021582733812949617,True
Toys,44,text_uniform,13,139,415,0.8920863309352518,0.8493150684931506,0.8920863309352518,0.8701754385964913,0.0,0.07194244604316546,0.021582733812949617,True
Toys,44,visual_uniform,13,139,415,0.8201438848920863,0.8444444444444444,0.8201438848920863,0.8321167883211679,0.0,0.07194244604316546,0.021582733812949617,True
Toys,44,self,14,140,420,0.9214285714285714,0.8958333333333334,0.9214285714285714,0.9084507042253521,0.014285714285714346,0.0714285714285714,0.02857142857142858,True
Toys,44,terminal,14,140,420,0.8642857142857143,0.9236641221374046,0.8642857142857143,0.8929889298892989,0.014285714285714346,0.0714285714285714,0.02857142857142858,True
Toys,44,uniform,14,140,420,0.9357142857142857,0.903448275862069,0.9357142857142857,0.9192982456140351,0.014285714285714346,0.0714285714285714,0.02857142857142858,True
Toys,44,gpr,14,140,420,0.9357142857142857,0.9357142857142857,0.9357142857142857,0.9357142857142857,0.014285714285714346,0.0714285714285714,0.02857142857142858,True
Toys,44,text_uniform,14,140,420,0.8928571428571429,0.9328358208955224,0.8928571428571429,0.9124087591240876,0.014285714285714346,0.0714285714285714,0.02857142857142858,True
Toys,44,visual_uniform,14,140,420,0.9071428571428571,0.8581081081081081,0.9071428571428571,0.8819444444444444,0.014285714285714346,0.0714285714285714,0.02857142857142858,True
Toys,44,self,15,99,299,0.7474747474747475,0.7789473684210526,0.7474747474747475,0.7628865979381443,0.12121212121212122,0.04040404040404044,0.010101010101010166,True
Toys,44,terminal,15,99,299,0.8282828282828283,0.7961165048543689,0.8282828282828283,0.8118811881188119,0.12121212121212122,0.04040404040404044,0.010101010101010166,True
Toys,44,uniform,15,99,299,0.8686868686868687,0.8431372549019608,0.8686868686868687,0.8557213930348259,0.12121212121212122,0.04040404040404044,0.010101010101010166,True
Toys,44,gpr,15,99,299,0.9090909090909091,0.8108108108108109,0.9090909090909091,0.8571428571428571,0.12121212121212122,0.04040404040404044,0.010101010101010166,True
Toys,44,text_uniform,15,99,299,0.8585858585858586,0.8333333333333334,0.8585858585858586,0.845771144278607,0.12121212121212122,0.04040404040404044,0.010101010101010166,True
Toys,44,visual_uniform,15,99,299,0.7878787878787878,0.8125,0.7878787878787878,0.8,0.12121212121212122,0.04040404040404044,0.010101010101010166,True
Toys,44,self,16,328,984,0.899390243902439,0.8194444444444444,0.899390243902439,0.8575581395348837,-0.018292682926829285,0.04268292682926833,0.012195121951219523,True
Toys,44,terminal,16,328,984,0.8384146341463414,0.8333333333333334,0.8384146341463414,0.8358662613981763,-0.018292682926829285,0.04268292682926833,0.012195121951219523,True
Toys,44,uniform,16,328,984,0.8810975609756098,0.8678678678678678,0.8810975609756098,0.8744326777609682,-0.018292682926829285,0.04268292682926833,0.012195121951219523,True
Toys,44,gpr,16,328,984,0.8932926829268293,0.8643067846607669,0.8932926829268293,0.8785607196401799,-0.018292682926829285,0.04268292682926833,0.012195121951219523,True
Toys,44,text_uniform,16,328,984,0.8658536585365854,0.8402366863905325,0.8658536585365854,0.8528528528528528,-0.018292682926829285,0.04268292682926833,0.012195121951219523,True
Toys,44,visual_uniform,16,328,984,0.8689024390243902,0.8236994219653179,0.8689024390243902,0.8456973293768546,-0.018292682926829285,0.04268292682926833,0.012195121951219523,True
Toys,44,self,17,39,116,0.7435897435897436,0.7837837837837838,0.7435897435897436,0.7631578947368421,0.10256410256410253,0.10256410256410253,0.02564102564102566,True
Toys,44,terminal,17,39,116,0.7435897435897436,0.90625,0.7435897435897436,0.8169014084507042,0.10256410256410253,0.10256410256410253,0.02564102564102566,True
Toys,44,uniform,17,39,116,0.8461538461538461,0.8461538461538461,0.8461538461538461,0.8461538461538461,0.10256410256410253,0.10256410256410253,0.02564102564102566,True
Toys,44,gpr,17,39,116,0.8717948717948718,0.85,0.8717948717948718,0.8607594936708861,0.10256410256410253,0.10256410256410253,0.02564102564102566,True
Toys,44,text_uniform,17,39,116,0.7435897435897436,0.8787878787878788,0.7435897435897436,0.8055555555555556,0.10256410256410253,0.10256410256410253,0.02564102564102566,True
Toys,44,visual_uniform,17,39,116,0.8205128205128205,0.8421052631578947,0.8205128205128205,0.8311688311688312,0.10256410256410253,0.10256410256410253,0.02564102564102566,True
Grocery,42,self,0,45,135,0.6444444444444445,0.8285714285714286,0.6444444444444445,0.725,0.1777777777777777,0.15555555555555556,0.0,True
Grocery,42,terminal,0,45,135,0.6666666666666666,0.7317073170731707,0.6666666666666666,0.6976744186046512,0.1777777777777777,0.15555555555555556,0.0,True
Grocery,42,uniform,0,45,135,0.8222222222222222,0.8222222222222222,0.8222222222222222,0.8222222222222222,0.1777777777777777,0.15555555555555556,0.0,True
Grocery,42,gpr,0,45,135,0.9111111111111111,0.7735849056603774,0.9111111111111111,0.8367346938775511,0.1777777777777777,0.15555555555555556,0.0,True
Grocery,42,text_uniform,0,45,135,0.8222222222222222,0.8222222222222222,0.8222222222222222,0.8222222222222222,0.1777777777777777,0.15555555555555556,0.0,True
Grocery,42,visual_uniform,0,45,135,0.7555555555555555,0.8095238095238095,0.7555555555555555,0.7816091954022989,0.1777777777777777,0.15555555555555556,0.0,True
Grocery,42,self,1,321,962,0.9003115264797508,0.8865030674846626,0.9003115264797508,0.893353941267388,0.024922118380062308,0.024922118380062308,0.015576323987538943,True
Grocery,42,terminal,1,321,962,0.9003115264797508,0.8865030674846626,0.9003115264797508,0.893353941267388,0.024922118380062308,0.024922118380062308,0.015576323987538943,True
Grocery,42,uniform,1,321,962,0.9252336448598131,0.8918918918918919,0.9252336448598131,0.908256880733945,0.024922118380062308,0.024922118380062308,0.015576323987538943,True
Grocery,42,gpr,1,321,962,0.9252336448598131,0.8813056379821959,0.9252336448598131,0.9027355623100304,0.024922118380062308,0.024922118380062308,0.015576323987538943,True
Grocery,42,text_uniform,1,321,962,0.9096573208722741,0.9040247678018576,0.9096573208722741,0.906832298136646,0.024922118380062308,0.024922118380062308,0.015576323987538943,True
Grocery,42,visual_uniform,1,321,962,0.897196261682243,0.8622754491017964,0.897196261682243,0.8793893129770992,0.024922118380062308,0.024922118380062308,0.015576323987538943,True
Grocery,42,self,2,26,78,0.38461538461538464,0.45454545454545453,0.38461538461538464,0.4166666666666667,-0.07692307692307693,0.07692307692307693,-0.1923076923076923,True
Grocery,42,terminal,2,26,78,0.23076923076923078,0.4,0.23076923076923078,0.2926829268292683,-0.07692307692307693,0.07692307692307693,-0.1923076923076923,True
Grocery,42,uniform,2,26,78,0.3076923076923077,0.5333333333333333,0.3076923076923077,0.3902439024390244,-0.07692307692307693,0.07692307692307693,-0.1923076923076923,True
Grocery,42,gpr,2,26,78,0.5384615384615384,0.5185185185185185,0.5384615384615384,0.5283018867924528,-0.07692307692307693,0.07692307692307693,-0.1923076923076923,True
Grocery,42,text_uniform,2,26,78,0.5,0.6190476190476191,0.5,0.5531914893617021,-0.07692307692307693,0.07692307692307693,-0.1923076923076923,True
Grocery,42,visual_uniform,2,26,78,0.4230769230769231,0.44,0.4230769230769231,0.43137254901960786,-0.07692307692307693,0.07692307692307693,-0.1923076923076923,True
Grocery,42,self,3,144,431,0.7916666666666666,0.7402597402597403,0.7916666666666666,0.7651006711409396,0.03472222222222221,0.08333333333333326,0.01388888888888884,True
Grocery,42,terminal,3,144,431,0.7430555555555556,0.7867647058823529,0.7430555555555556,0.7642857142857142,0.03472222222222221,0.08333333333333326,0.01388888888888884,True
Grocery,42,uniform,3,144,431,0.8263888888888888,0.7628205128205128,0.8263888888888888,0.7933333333333333,0.03472222222222221,0.08333333333333326,0.01388888888888884,True
Grocery,42,gpr,3,144,431,0.7847222222222222,0.8129496402877698,0.7847222222222222,0.7985865724381626,0.03472222222222221,0.08333333333333326,0.01388888888888884,True
Grocery,42,text_uniform,3,144,431,0.8125,0.8125,0.8125,0.8125,0.03472222222222221,0.08333333333333326,0.01388888888888884,True
Grocery,42,visual_uniform,3,144,431,0.7361111111111112,0.7681159420289855,0.7361111111111112,0.75177304964539,0.03472222222222221,0.08333333333333326,0.01388888888888884,True
Grocery,42,self,4,54,161,0.2222222222222222,0.2553191489361702,0.2222222222222222,0.2376237623762376,-0.037037037037037035,0.05555555555555555,-0.18518518518518517,True
Grocery,42,terminal,4,54,161,0.12962962962962962,0.5384615384615384,0.12962962962962962,0.208955223880597,-0.037037037037037035,0.05555555555555555,-0.18518518518518517,True
Grocery,42,uniform,4,54,161,0.18518518518518517,0.4,0.18518518518518517,0.25316455696202533,-0.037037037037037035,0.05555555555555555,-0.18518518518518517,True
Grocery,42,gpr,4,54,161,0.3148148148148148,0.32075471698113206,0.3148148148148148,0.3177570093457944,-0.037037037037037035,0.05555555555555555,-0.18518518518518517,True
Grocery,42,text_uniform,4,54,161,0.37037037037037035,0.47619047619047616,0.37037037037037035,0.4166666666666667,-0.037037037037037035,0.05555555555555555,-0.18518518518518517,True
Grocery,42,visual_uniform,4,54,161,0.24074074074074073,0.41935483870967744,0.24074074074074073,0.3058823529411765,-0.037037037037037035,0.05555555555555555,-0.18518518518518517,True
Grocery,42,self,5,168,503,0.6130952380952381,0.6167664670658682,0.6130952380952381,0.6149253731343284,0.017857142857142794,0.023809523809523836,0.005952380952380931,True
Grocery,42,terminal,5,168,503,0.6071428571428571,0.723404255319149,0.6071428571428571,0.6601941747572816,0.017857142857142794,0.023809523809523836,0.005952380952380931,True
Grocery,42,uniform,5,168,503,0.6309523809523809,0.7681159420289855,0.6309523809523809,0.6928104575163399,0.017857142857142794,0.023809523809523836,0.005952380952380931,True
Grocery,42,gpr,5,168,503,0.6547619047619048,0.7638888888888888,0.6547619047619048,0.7051282051282052,0.017857142857142794,0.023809523809523836,0.005952380952380931,True
Grocery,42,text_uniform,5,168,503,0.625,0.7241379310344828,0.625,0.670926517571885,0.017857142857142794,0.023809523809523836,0.005952380952380931,True
Grocery,42,visual_uniform,5,168,503,0.5773809523809523,0.697841726618705,0.5773809523809523,0.6319218241042345,0.017857142857142794,0.023809523809523836,0.005952380952380931,True
Grocery,42,self,6,14,43,0.42857142857142855,0.46153846153846156,0.42857142857142855,0.4444444444444444,-0.42857142857142855,-0.07142857142857142,-0.5,True
Grocery,42,terminal,6,14,43,0.07142857142857142,1.0,0.07142857142857142,0.13333333333333333,-0.42857142857142855,-0.07142857142857142,-0.5,True
Grocery,42,uniform,6,14,43,0.0,0.0,0.0,0.0,-0.42857142857142855,-0.07142857142857142,-0.5,True
Grocery,42,gpr,6,14,43,0.2857142857142857,0.4444444444444444,0.2857142857142857,0.34782608695652173,-0.42857142857142855,-0.07142857142857142,-0.5,True
Grocery,42,text_uniform,6,14,43,0.2857142857142857,0.5,0.2857142857142857,0.36363636363636365,-0.42857142857142855,-0.07142857142857142,-0.5,True
Grocery,42,visual_uniform,6,14,43,0.5,0.5833333333333334,0.5,0.5384615384615384,-0.42857142857142855,-0.07142857142857142,-0.5,True
Grocery,42,self,7,237,710,0.9113924050632911,0.8150943396226416,0.9113924050632911,0.8605577689243028,0.029535864978903037,0.0,0.008438818565400852,True
Grocery,42,terminal,7,237,710,0.9409282700421941,0.8745098039215686,0.9409282700421941,0.9065040650406504,0.029535864978903037,0.0,0.008438818565400852,True
Grocery,42,uniform,7,237,710,0.9409282700421941,0.892,0.9409282700421941,0.9158110882956879,0.029535864978903037,0.0,0.008438818565400852,True
Grocery,42,gpr,7,237,710,0.9493670886075949,0.8858267716535433,0.9493670886075949,0.9164969450101833,0.029535864978903037,0.0,0.008438818565400852,True
Grocery,42,text_uniform,7,237,710,0.919831223628692,0.8790322580645161,0.919831223628692,0.8989690721649485,0.029535864978903037,0.0,0.008438818565400852,True
Grocery,42,visual_uniform,7,237,710,0.9324894514767933,0.8095238095238095,0.9324894514767933,0.8666666666666667,0.029535864978903037,0.0,0.008438818565400852,True
Grocery,42,self,8,257,771,0.8521400778210116,0.8588235294117647,0.8521400778210116,0.85546875,-0.0077821011673151474,0.0,-0.023346303501945553,True
Grocery,42,terminal,8,257,771,0.8443579766536965,0.7045454545454546,0.8443579766536965,0.768141592920354,-0.0077821011673151474,0.0,-0.023346303501945553,True
Grocery,42,uniform,8,257,771,0.8443579766536965,0.8857142857142857,0.8443579766536965,0.8645418326693227,-0.0077821011673151474,0.0,-0.023346303501945553,True
Grocery,42,gpr,8,257,771,0.8715953307392996,0.8888888888888888,0.8715953307392996,0.8801571709233792,-0.0077821011673151474,0.0,-0.023346303501945553,True
Grocery,42,text_uniform,8,257,771,0.867704280155642,0.8544061302681992,0.867704280155642,0.861003861003861,-0.0077821011673151474,0.0,-0.023346303501945553,True
Grocery,42,visual_uniform,8,257,771,0.8287937743190662,0.8452380952380952,0.8287937743190662,0.8369351669941061,-0.0077821011673151474,0.0,-0.023346303501945553,True
Grocery,42,self,9,226,679,0.5442477876106194,0.7321428571428571,0.5442477876106194,0.6243654822335025,0.039823008849557584,-0.02212389380530977,-0.008849557522123908,True
Grocery,42,terminal,9,226,679,0.6061946902654868,0.6555023923444976,0.6061946902654868,0.6298850574712643,0.039823008849557584,-0.02212389380530977,-0.008849557522123908,True
Grocery,42,uniform,9,226,679,0.584070796460177,0.75,0.584070796460177,0.6567164179104478,0.039823008849557584,-0.02212389380530977,-0.008849557522123908,True
Grocery,42,gpr,9,226,679,0.5707964601769911,0.7724550898203593,0.5707964601769911,0.6564885496183206,0.039823008849557584,-0.02212389380530977,-0.008849557522123908,True
Grocery,42,text_uniform,9,226,679,0.5929203539823009,0.73224043715847,0.5929203539823009,0.6552567237163814,0.039823008849557584,-0.02212389380530977,-0.008849557522123908,True
Grocery,42,visual_uniform,9,226,679,0.5707964601769911,0.6898395721925134,0.5707964601769911,0.6246973365617433,0.039823008849557584,-0.02212389380530977,-0.008849557522123908,True
Grocery,42,self,10,85,253,0.9882352941176471,0.9882352941176471,0.9882352941176471,0.9882352941176471,0.0,0.0,-0.0117647058823529,True
Grocery,42,terminal,10,85,253,0.9882352941176471,1.0,0.9882352941176471,0.9940828402366864,0.0,0.0,-0.0117647058823529,True
Grocery,42,uniform,10,85,253,0.9882352941176471,1.0,0.9882352941176471,0.9940828402366864,0.0,0.0,-0.0117647058823529,True
Grocery,42,gpr,10,85,253,0.9882352941176471,1.0,0.9882352941176471,0.9940828402366864,0.0,0.0,-0.0117647058823529,True
Grocery,42,text_uniform,10,85,253,1.0,0.9883720930232558,1.0,0.9941520467836257,0.0,0.0,-0.0117647058823529,True
Grocery,42,visual_uniform,10,85,253,0.9882352941176471,0.9882352941176471,0.9882352941176471,0.9882352941176471,0.0,0.0,-0.0117647058823529,True
Grocery,42,self,11,90,270,0.7555555555555555,0.7311827956989247,0.7555555555555555,0.7431693989071039,0.05555555555555558,0.25555555555555554,-0.011111111111111072,True
Grocery,42,terminal,11,90,270,0.5555555555555556,0.7575757575757576,0.5555555555555556,0.6410256410256411,0.05555555555555558,0.25555555555555554,-0.011111111111111072,True
Grocery,42,uniform,11,90,270,0.8111111111111111,0.8488372093023255,0.8111111111111111,0.8295454545454546,0.05555555555555558,0.25555555555555554,-0.011111111111111072,True
Grocery,42,gpr,11,90,270,0.8222222222222222,0.7789473684210526,0.8222222222222222,0.8,0.05555555555555558,0.25555555555555554,-0.011111111111111072,True
Grocery,42,text_uniform,11,90,270,0.8222222222222222,0.8131868131868132,0.8222222222222222,0.8176795580110497,0.05555555555555558,0.25555555555555554,-0.011111111111111072,True
Grocery,42,visual_uniform,11,90,270,0.6555555555555556,0.7468354430379747,0.6555555555555556,0.6982248520710059,0.05555555555555558,0.25555555555555554,-0.011111111111111072,True
Grocery,42,self,12,483,1450,0.8633540372670807,0.8241106719367589,0.8633540372670807,0.8432760364004045,0.06211180124223603,0.01449275362318836,0.03105590062111796,True
Grocery,42,terminal,12,483,1450,0.9109730848861284,0.8118081180811808,0.9109730848861284,0.8585365853658536,0.06211180124223603,0.01449275362318836,0.03105590062111796,True
Grocery,42,uniform,12,483,1450,0.9254658385093167,0.8186813186813187,0.9254658385093167,0.8688046647230321,0.06211180124223603,0.01449275362318836,0.03105590062111796,True
Grocery,42,gpr,12,483,1450,0.8902691511387164,0.8582834331337326,0.8902691511387164,0.8739837398373984,0.06211180124223603,0.01449275362318836,0.03105590062111796,True
Grocery,42,text_uniform,12,483,1450,0.8944099378881988,0.8520710059171598,0.8944099378881988,0.8727272727272727,0.06211180124223603,0.01449275362318836,0.03105590062111796,True
Grocery,42,visual_uniform,12,483,1450,0.8695652173913043,0.8203125,0.8695652173913043,0.8442211055276382,0.06211180124223603,0.01449275362318836,0.03105590062111796,True
Grocery,42,self,13,284,853,0.9190140845070423,0.8847457627118644,0.9190140845070423,0.9015544041450777,0.028169014084507005,0.028169014084507005,0.021126760563380254,True
Grocery,42,terminal,13,284,853,0.9190140845070423,0.9288256227758007,0.9190140845070423,0.9238938053097345,0.028169014084507005,0.028169014084507005,0.021126760563380254,True
Grocery,42,uniform,13,284,853,0.9471830985915493,0.8996655518394648,0.9471830985915493,0.9228130360205832,0.028169014084507005,0.028169014084507005,0.021126760563380254,True
Grocery,42,gpr,13,284,853,0.9401408450704225,0.9238754325259516,0.9401408450704225,0.9319371727748691,0.028169014084507005,0.028169014084507005,0.021126760563380254,True
Grocery,42,text_uniform,13,284,853,0.926056338028169,0.926056338028169,0.926056338028169,0.926056338028169,0.028169014084507005,0.028169014084507005,0.021126760563380254,True
Grocery,42,visual_uniform,13,284,853,0.9190140845070423,0.9157894736842105,0.9190140845070423,0.9173989455184535,0.028169014084507005,0.028169014084507005,0.021126760563380254,True
Grocery,42,self,14,175,526,0.7771428571428571,0.7195767195767195,0.7771428571428571,0.7472527472527473,0.10285714285714287,0.09142857142857141,0.04571428571428571,True
Grocery,42,terminal,14,175,526,0.7885714285714286,0.7150259067357513,0.7885714285714286,0.75,0.10285714285714287,0.09142857142857141,0.04571428571428571,True
Grocery,42,uniform,14,175,526,0.88,0.7096774193548387,0.88,0.7857142857142857,0.10285714285714287,0.09142857142857141,0.04571428571428571,True
Grocery,42,gpr,14,175,526,0.8628571428571429,0.7475247524752475,0.8628571428571429,0.8010610079575596,0.10285714285714287,0.09142857142857141,0.04571428571428571,True
Grocery,42,text_uniform,14,175,526,0.8342857142857143,0.7604166666666666,0.8342857142857143,0.7956403269754768,0.10285714285714287,0.09142857142857141,0.04571428571428571,True
Grocery,42,visual_uniform,14,175,526,0.8057142857142857,0.7421052631578947,0.8057142857142857,0.7726027397260274,0.10285714285714287,0.09142857142857141,0.04571428571428571,True
Grocery,42,self,15,182,548,0.9010989010989011,0.8770053475935828,0.9010989010989011,0.8888888888888888,0.038461538461538436,0.0494505494505495,0.03296703296703296,True
Grocery,42,terminal,15,182,548,0.8901098901098901,0.8756756756756757,0.8901098901098901,0.8828337874659401,0.038461538461538436,0.0494505494505495,0.03296703296703296,True
Grocery,42,uniform,15,182,548,0.9395604395604396,0.9,0.9395604395604396,0.9193548387096774,0.038461538461538436,0.0494505494505495,0.03296703296703296,True
Grocery,42,gpr,15,182,548,0.9340659340659341,0.918918918918919,0.9340659340659341,0.9264305177111717,0.038461538461538436,0.0494505494505495,0.03296703296703296,True
Grocery,42,text_uniform,15,182,548,0.9065934065934066,0.8870967741935484,0.9065934065934066,0.8967391304347826,0.038461538461538436,0.0494505494505495,0.03296703296703296,True
Grocery,42,visual_uniform,15,182,548,0.8846153846153846,0.8609625668449198,0.8846153846153846,0.8726287262872628,0.038461538461538436,0.0494505494505495,0.03296703296703296,True
Grocery,42,self,16,215,643,0.7209302325581395,0.7524271844660194,0.7209302325581395,0.7363420427553444,0.10232558139534886,0.051162790697674376,0.0046511627906976605,True
Grocery,42,terminal,16,215,643,0.772093023255814,0.8469387755102041,0.772093023255814,0.8077858880778589,0.10232558139534886,0.051162790697674376,0.0046511627906976605,True
Grocery,42,uniform,16,215,643,0.8232558139534883,0.8349056603773585,0.8232558139534883,0.8290398126463701,0.10232558139534886,0.051162790697674376,0.0046511627906976605,True
Grocery,42,gpr,16,215,643,0.8325581395348837,0.7617021276595745,0.8325581395348837,0.7955555555555556,0.10232558139534886,0.051162790697674376,0.0046511627906976605,True
Grocery,42,text_uniform,16,215,643,0.8186046511627907,0.775330396475771,0.8186046511627907,0.7963800904977375,0.10232558139534886,0.051162790697674376,0.0046511627906976605,True
Grocery,42,visual_uniform,16,215,643,0.786046511627907,0.786046511627907,0.786046511627907,0.786046511627907,0.10232558139534886,0.051162790697674376,0.0046511627906976605,True
Grocery,42,self,17,270,810,0.6814814814814815,0.7022900763358778,0.6814814814814815,0.6917293233082706,0.0888888888888889,-0.011111111111111072,0.007407407407407418,True
Grocery,42,terminal,17,270,810,0.7814814814814814,0.7403508771929824,0.7814814814814814,0.7603603603603604,0.0888888888888889,-0.011111111111111072,0.007407407407407418,True
Grocery,42,uniform,17,270,810,0.7703703703703704,0.7732342007434945,0.7703703703703704,0.7717996289424861,0.0888888888888889,-0.011111111111111072,0.007407407407407418,True
Grocery,42,gpr,17,270,810,0.7444444444444445,0.804,0.7444444444444445,0.7730769230769231,0.0888888888888889,-0.011111111111111072,0.007407407407407418,True
Grocery,42,text_uniform,17,270,810,0.762962962962963,0.7490909090909091,0.762962962962963,0.7559633027522936,0.0888888888888889,-0.011111111111111072,0.007407407407407418,True
Grocery,42,visual_uniform,17,270,810,0.7481481481481481,0.6847457627118644,0.7481481481481481,0.7150442477876107,0.0888888888888889,-0.011111111111111072,0.007407407407407418,True
Grocery,42,self,18,47,140,0.6595744680851063,0.6595744680851063,0.6595744680851063,0.6595744680851063,0.0,-0.08510638297872342,-0.1063829787234043,True
Grocery,42,terminal,18,47,140,0.7446808510638298,0.6481481481481481,0.7446808510638298,0.693069306930693,0.0,-0.08510638297872342,-0.1063829787234043,True
Grocery,42,uniform,18,47,140,0.6595744680851063,0.7380952380952381,0.6595744680851063,0.6966292134831461,0.0,-0.08510638297872342,-0.1063829787234043,True
Grocery,42,gpr,18,47,140,0.7446808510638298,0.7142857142857143,0.7446808510638298,0.7291666666666666,0.0,-0.08510638297872342,-0.1063829787234043,True
Grocery,42,text_uniform,18,47,140,0.7659574468085106,0.7058823529411765,0.7659574468085106,0.7346938775510204,0.0,-0.08510638297872342,-0.1063829787234043,True
Grocery,42,visual_uniform,18,47,140,0.723404255319149,0.6666666666666666,0.723404255319149,0.6938775510204082,0.0,-0.08510638297872342,-0.1063829787234043,True
Grocery,42,self,19,92,278,0.7282608695652174,0.7204301075268817,0.7282608695652174,0.7243243243243244,-0.03260869565217395,0.03260869565217395,-0.04347826086956519,True
Grocery,42,terminal,19,92,278,0.6630434782608695,0.7261904761904762,0.6630434782608695,0.6931818181818182,-0.03260869565217395,0.03260869565217395,-0.04347826086956519,True
Grocery,42,uniform,19,92,278,0.6956521739130435,0.7441860465116279,0.6956521739130435,0.7191011235955056,-0.03260869565217395,0.03260869565217395,-0.04347826086956519,True
Grocery,42,gpr,19,92,278,0.7717391304347826,0.7888888888888889,0.7717391304347826,0.7802197802197802,-0.03260869565217395,0.03260869565217395,-0.04347826086956519,True
Grocery,42,text_uniform,19,92,278,0.7391304347826086,0.7083333333333334,0.7391304347826086,0.723404255319149,-0.03260869565217395,0.03260869565217395,-0.04347826086956519,True
Grocery,42,visual_uniform,19,92,278,0.6739130434782609,0.7469879518072289,0.6739130434782609,0.7085714285714285,-0.03260869565217395,0.03260869565217395,-0.04347826086956519,True
Grocery,43,self,0,45,135,0.8888888888888888,0.9523809523809523,0.8888888888888888,0.9195402298850575,-0.0444444444444444,0.06666666666666665,-0.022222222222222254,True
Grocery,43,terminal,0,45,135,0.7777777777777778,0.6862745098039216,0.7777777777777778,0.7291666666666666,-0.0444444444444444,0.06666666666666665,-0.022222222222222254,True
Grocery,43,uniform,0,45,135,0.8444444444444444,0.8444444444444444,0.8444444444444444,0.8444444444444444,-0.0444444444444444,0.06666666666666665,-0.022222222222222254,True
Grocery,43,gpr,0,45,135,0.8,0.8571428571428571,0.8,0.8275862068965517,-0.0444444444444444,0.06666666666666665,-0.022222222222222254,True
Grocery,43,text_uniform,0,45,135,0.8666666666666667,0.9069767441860465,0.8666666666666667,0.8863636363636364,-0.0444444444444444,0.06666666666666665,-0.022222222222222254,True
Grocery,43,visual_uniform,0,45,135,0.8222222222222222,0.8604651162790697,0.8222222222222222,0.8409090909090909,-0.0444444444444444,0.06666666666666665,-0.022222222222222254,True
Grocery,43,self,1,320,962,0.953125,0.9442724458204335,0.953125,0.9486780715396579,0.012499999999999956,0.05312499999999998,0.028124999999999956,True
Grocery,43,terminal,1,320,962,0.9125,0.9240506329113924,0.9125,0.9182389937106918,0.012499999999999956,0.05312499999999998,0.028124999999999956,True
Grocery,43,uniform,1,320,962,0.965625,0.9566563467492261,0.965625,0.9611197511664075,0.012499999999999956,0.05312499999999998,0.028124999999999956,True
Grocery,43,gpr,1,320,962,0.946875,0.9619047619047619,0.946875,0.9543307086614173,0.012499999999999956,0.05312499999999998,0.028124999999999956,True
Grocery,43,text_uniform,1,320,962,0.9375,0.9375,0.9375,0.9375,0.012499999999999956,0.05312499999999998,0.028124999999999956,True
Grocery,43,visual_uniform,1,320,962,0.934375,0.9228395061728395,0.934375,0.9285714285714286,0.012499999999999956,0.05312499999999998,0.028124999999999956,True
Grocery,43,self,2,26,78,0.7307692307692307,0.7037037037037037,0.7307692307692307,0.7169811320754716,-0.11538461538461531,0.19230769230769235,0.0,True
Grocery,43,terminal,2,26,78,0.4230769230769231,0.6111111111111112,0.4230769230769231,0.5,-0.11538461538461531,0.19230769230769235,0.0,True
Grocery,43,uniform,2,26,78,0.6153846153846154,0.6956521739130435,0.6153846153846154,0.6530612244897959,-0.11538461538461531,0.19230769230769235,0.0,True
Grocery,43,gpr,2,26,78,0.5769230769230769,0.6818181818181818,0.5769230769230769,0.625,-0.11538461538461531,0.19230769230769235,0.0,True
Grocery,43,text_uniform,2,26,78,0.6153846153846154,0.7619047619047619,0.6153846153846154,0.6808510638297872,-0.11538461538461531,0.19230769230769235,0.0,True
Grocery,43,visual_uniform,2,26,78,0.6153846153846154,0.7619047619047619,0.6153846153846154,0.6808510638297872,-0.11538461538461531,0.19230769230769235,0.0,True
Grocery,43,self,3,144,431,0.9236111111111112,0.875,0.9236111111111112,0.8986486486486487,0.0,0.07638888888888895,0.01388888888888895,True
Grocery,43,terminal,3,144,431,0.8472222222222222,0.8714285714285714,0.8472222222222222,0.8591549295774648,0.0,0.07638888888888895,0.01388888888888895,True
Grocery,43,uniform,3,144,431,0.9236111111111112,0.910958904109589,0.9236111111111112,0.9172413793103448,0.0,0.07638888888888895,0.01388888888888895,True
Grocery,43,gpr,3,144,431,0.9027777777777778,0.8843537414965986,0.9027777777777778,0.8934707903780069,0.0,0.07638888888888895,0.01388888888888895,True
Grocery,43,text_uniform,3,144,431,0.8888888888888888,0.9014084507042254,0.8888888888888888,0.8951048951048951,0.0,0.07638888888888895,0.01388888888888895,True
Grocery,43,visual_uniform,3,144,431,0.9097222222222222,0.8851351351351351,0.9097222222222222,0.8972602739726028,0.0,0.07638888888888895,0.01388888888888895,True
Grocery,43,self,4,54,161,0.7777777777777778,0.8571428571428571,0.7777777777777778,0.8155339805825242,-0.3148148148148148,0.18518518518518517,-0.09259259259259262,True
Grocery,43,terminal,4,54,161,0.2777777777777778,0.5769230769230769,0.2777777777777778,0.375,-0.3148148148148148,0.18518518518518517,-0.09259259259259262,True
Grocery,43,uniform,4,54,161,0.46296296296296297,0.6756756756756757,0.46296296296296297,0.5494505494505495,-0.3148148148148148,0.18518518518518517,-0.09259259259259262,True
Grocery,43,gpr,4,54,161,0.4444444444444444,0.631578947368421,0.4444444444444444,0.5217391304347826,-0.3148148148148148,0.18518518518518517,-0.09259259259259262,True
Grocery,43,text_uniform,4,54,161,0.4074074074074074,0.8461538461538461,0.4074074074074074,0.55,-0.3148148148148148,0.18518518518518517,-0.09259259259259262,True
Grocery,43,visual_uniform,4,54,161,0.5555555555555556,0.6976744186046512,0.5555555555555556,0.6185567010309279,-0.3148148148148148,0.18518518518518517,-0.09259259259259262,True
Grocery,43,self,5,168,503,0.8095238095238095,0.8553459119496856,0.8095238095238095,0.8318042813455657,-0.0535714285714286,0.0714285714285714,-0.017857142857142905,True
Grocery,43,terminal,5,168,503,0.6845238095238095,0.7278481012658228,0.6845238095238095,0.7055214723926381,-0.0535714285714286,0.0714285714285714,-0.017857142857142905,True
Grocery,43,uniform,5,168,503,0.7559523809523809,0.900709219858156,0.7559523809523809,0.8220064724919094,-0.0535714285714286,0.0714285714285714,-0.017857142857142905,True
Grocery,43,gpr,5,168,503,0.8214285714285714,0.7885714285714286,0.8214285714285714,0.8046647230320699,-0.0535714285714286,0.0714285714285714,-0.017857142857142905,True
Grocery,43,text_uniform,5,168,503,0.7440476190476191,0.8116883116883117,0.7440476190476191,0.7763975155279503,-0.0535714285714286,0.0714285714285714,-0.017857142857142905,True
Grocery,43,visual_uniform,5,168,503,0.7738095238095238,0.7558139534883721,0.7738095238095238,0.7647058823529411,-0.0535714285714286,0.0714285714285714,-0.017857142857142905,True
Grocery,43,self,6,14,43,0.5714285714285714,0.8888888888888888,0.5714285714285714,0.6956521739130435,-0.2857142857142857,0.21428571428571427,-0.2142857142857143,True
Grocery,43,terminal,6,14,43,0.07142857142857142,1.0,0.07142857142857142,0.13333333333333333,-0.2857142857142857,0.21428571428571427,-0.2142857142857143,True
Grocery,43,uniform,6,14,43,0.2857142857142857,1.0,0.2857142857142857,0.4444444444444444,-0.2857142857142857,0.21428571428571427,-0.2142857142857143,True
Grocery,43,gpr,6,14,43,0.07142857142857142,0.5,0.07142857142857142,0.125,-0.2857142857142857,0.21428571428571427,-0.2142857142857143,True
Grocery,43,text_uniform,6,14,43,0.5,1.0,0.5,0.6666666666666666,-0.2857142857142857,0.21428571428571427,-0.2142857142857143,True
Grocery,43,visual_uniform,6,14,43,0.5,1.0,0.5,0.6666666666666666,-0.2857142857142857,0.21428571428571427,-0.2142857142857143,True
Grocery,43,self,7,237,710,0.9535864978902954,0.9338842975206612,0.9535864978902954,0.9436325678496869,-0.021097046413502074,-0.012658227848101222,-0.025316455696202445,True
Grocery,43,terminal,7,237,710,0.9451476793248945,0.8615384615384616,0.9451476793248945,0.9014084507042254,-0.021097046413502074,-0.012658227848101222,-0.025316455696202445,True
Grocery,43,uniform,7,237,710,0.9324894514767933,0.9364406779661016,0.9324894514767933,0.9344608879492601,-0.021097046413502074,-0.012658227848101222,-0.025316455696202445,True
Grocery,43,gpr,7,237,710,0.9324894514767933,0.9364406779661016,0.9324894514767933,0.9344608879492601,-0.021097046413502074,-0.012658227848101222,-0.025316455696202445,True
Grocery,43,text_uniform,7,237,710,0.9578059071729957,0.9007936507936508,0.9578059071729957,0.9284253578732107,-0.021097046413502074,-0.012658227848101222,-0.025316455696202445,True
Grocery,43,visual_uniform,7,237,710,0.9409282700421941,0.8814229249011858,0.9409282700421941,0.9102040816326531,-0.021097046413502074,-0.012658227848101222,-0.025316455696202445,True
Grocery,43,self,8,257,771,0.953307392996109,0.9351145038167938,0.953307392996109,0.9441233140655106,0.0038910505836575737,0.05058365758754868,0.011673151750972832,True
Grocery,43,terminal,8,257,771,0.9066147859922179,0.7396825396825397,0.9066147859922179,0.8146853146853147,0.0038910505836575737,0.05058365758754868,0.011673151750972832,True
Grocery,43,uniform,8,257,771,0.9571984435797666,0.9283018867924528,0.9571984435797666,0.9425287356321839,0.0038910505836575737,0.05058365758754868,0.011673151750972832,True
Grocery,43,gpr,8,257,771,0.9494163424124513,0.9070631970260223,0.9494163424124513,0.9277566539923955,0.0038910505836575737,0.05058365758754868,0.011673151750972832,True
Grocery,43,text_uniform,8,257,771,0.9455252918287937,0.8678571428571429,0.9455252918287937,0.9050279329608939,0.0038910505836575737,0.05058365758754868,0.011673151750972832,True
Grocery,43,visual_uniform,8,257,771,0.9416342412451362,0.8897058823529411,0.9416342412451362,0.9149338374291115,0.0038910505836575737,0.05058365758754868,0.011673151750972832,True
Grocery,43,self,9,226,679,0.8584070796460177,0.8818181818181818,0.8584070796460177,0.8699551569506726,-0.09292035398230092,0.03539823008849552,0.022123893805309658,True
Grocery,43,terminal,9,226,679,0.7300884955752213,0.7674418604651163,0.7300884955752213,0.7482993197278912,-0.09292035398230092,0.03539823008849552,0.022123893805309658,True
Grocery,43,uniform,9,226,679,0.7654867256637168,0.8917525773195877,0.7654867256637168,0.8238095238095238,-0.09292035398230092,0.03539823008849552,0.022123893805309658,True
Grocery,43,gpr,9,226,679,0.7920353982300885,0.8523809523809524,0.7920353982300885,0.8211009174311926,-0.09292035398230092,0.03539823008849552,0.022123893805309658,True
Grocery,43,text_uniform,9,226,679,0.7433628318584071,0.8571428571428571,0.7433628318584071,0.7962085308056872,-0.09292035398230092,0.03539823008849552,0.022123893805309658,True
Grocery,43,visual_uniform,9,226,679,0.7168141592920354,0.8526315789473684,0.7168141592920354,0.7788461538461539,-0.09292035398230092,0.03539823008849552,0.022123893805309658,True
Grocery,43,self,10,84,253,1.0,0.9767441860465116,1.0,0.9882352941176471,0.0,0.0,0.0,True
Grocery,43,terminal,10,84,253,1.0,1.0,1.0,1.0,0.0,0.0,0.0,True
Grocery,43,uniform,10,84,253,1.0,1.0,1.0,1.0,0.0,0.0,0.0,True
Grocery,43,gpr,10,84,253,1.0,1.0,1.0,1.0,0.0,0.0,0.0,True
Grocery,43,text_uniform,10,84,253,1.0,1.0,1.0,1.0,0.0,0.0,0.0,True
Grocery,43,visual_uniform,10,84,253,1.0,1.0,1.0,1.0,0.0,0.0,0.0,True
Grocery,43,self,11,90,270,0.8777777777777778,0.9404761904761905,0.8777777777777778,0.9080459770114943,0.05555555555555558,0.3666666666666667,0.09999999999999998,True
Grocery,43,terminal,11,90,270,0.5666666666666667,0.8225806451612904,0.5666666666666667,0.6710526315789473,0.05555555555555558,0.3666666666666667,0.09999999999999998,True
Grocery,43,uniform,11,90,270,0.9333333333333333,0.84,0.9333333333333333,0.8842105263157894,0.05555555555555558,0.3666666666666667,0.09999999999999998,True
Grocery,43,gpr,11,90,270,0.8,0.972972972972973,0.8,0.8780487804878049,0.05555555555555558,0.3666666666666667,0.09999999999999998,True
Grocery,43,text_uniform,11,90,270,0.8333333333333334,0.9615384615384616,0.8333333333333334,0.8928571428571429,0.05555555555555558,0.3666666666666667,0.09999999999999998,True
Grocery,43,visual_uniform,11,90,270,0.8222222222222222,0.9487179487179487,0.8222222222222222,0.8809523809523809,0.05555555555555558,0.3666666666666667,0.09999999999999998,True
Grocery,43,self,12,483,1450,0.9523809523809523,0.9090909090909091,0.9523809523809523,0.9302325581395349,0.0020703933747412417,0.04554865424430643,0.012422360248447228,True
Grocery,43,terminal,12,483,1450,0.9089026915113871,0.8762475049900199,0.9089026915113871,0.8922764227642277,0.0020703933747412417,0.04554865424430643,0.012422360248447228,True
Grocery,43,uniform,12,483,1450,0.9544513457556936,0.8916827852998066,0.9544513457556936,0.922,0.0020703933747412417,0.04554865424430643,0.012422360248447228,True
Grocery,43,gpr,12,483,1450,0.9523809523809523,0.8829174664107485,0.9523809523809523,0.9163346613545816,0.0020703933747412417,0.04554865424430643,0.012422360248447228,True
Grocery,43,text_uniform,12,483,1450,0.9420289855072463,0.8956692913385826,0.9420289855072463,0.9182643794147326,0.0020703933747412417,0.04554865424430643,0.012422360248447228,True
Grocery,43,visual_uniform,12,483,1450,0.9213250517598344,0.8777120315581854,0.9213250517598344,0.898989898989899,0.0020703933747412417,0.04554865424430643,0.012422360248447228,True
Grocery,43,self,13,285,853,0.9578947368421052,0.9413793103448276,0.9578947368421052,0.9495652173913044,0.021052631578947434,0.01403508771929829,0.0,True
Grocery,43,terminal,13,285,853,0.9649122807017544,0.889967637540453,0.9649122807017544,0.9259259259259259,0.021052631578947434,0.01403508771929829,0.0,True
Grocery,43,uniform,13,285,853,0.9789473684210527,0.9620689655172414,0.9789473684210527,0.9704347826086956,0.021052631578947434,0.01403508771929829,0.0,True
Grocery,43,gpr,13,285,853,0.9649122807017544,0.9450171821305842,0.9649122807017544,0.9548611111111112,0.021052631578947434,0.01403508771929829,0.0,True
Grocery,43,text_uniform,13,285,853,0.9789473684210527,0.9269102990033222,0.9789473684210527,0.9522184300341296,0.021052631578947434,0.01403508771929829,0.0,True
Grocery,43,visual_uniform,13,285,853,0.9649122807017544,0.9290540540540541,0.9649122807017544,0.9466437177280551,0.021052631578947434,0.01403508771929829,0.0,True
Grocery,43,self,14,176,526,0.9261363636363636,0.8907103825136612,0.9261363636363636,0.9080779944289693,0.03409090909090906,0.07386363636363635,0.005681818181818121,True
Grocery,43,terminal,14,176,526,0.8863636363636364,0.8167539267015707,0.8863636363636364,0.8501362397820164,0.03409090909090906,0.07386363636363635,0.005681818181818121,True
Grocery,43,uniform,14,176,526,0.9602272727272727,0.8622448979591837,0.9602272727272727,0.9086021505376344,0.03409090909090906,0.07386363636363635,0.005681818181818121,True
Grocery,43,gpr,14,176,526,0.9488636363636364,0.8743455497382199,0.9488636363636364,0.9100817438692098,0.03409090909090906,0.07386363636363635,0.005681818181818121,True
Grocery,43,text_uniform,14,176,526,0.9545454545454546,0.9081081081081082,0.9545454545454546,0.9307479224376731,0.03409090909090906,0.07386363636363635,0.005681818181818121,True
Grocery,43,visual_uniform,14,176,526,0.9318181818181818,0.8324873096446701,0.9318181818181818,0.8793565683646113,0.03409090909090906,0.07386363636363635,0.005681818181818121,True
Grocery,43,self,15,182,548,0.9505494505494505,0.9611111111111111,0.9505494505494505,0.9558011049723757,0.005494505494505586,0.027472527472527486,0.0,True
Grocery,43,terminal,15,182,548,0.9285714285714286,0.8492462311557789,0.9285714285714286,0.8871391076115486,0.005494505494505586,0.027472527472527486,0.0,True
Grocery,43,uniform,15,182,548,0.9560439560439561,0.9157894736842105,0.9560439560439561,0.9354838709677419,0.005494505494505586,0.027472527472527486,0.0,True
Grocery,43,gpr,15,182,548,0.9560439560439561,0.8969072164948454,0.9560439560439561,0.925531914893617,0.005494505494505586,0.027472527472527486,0.0,True
Grocery,43,text_uniform,15,182,548,0.9560439560439561,0.9109947643979057,0.9560439560439561,0.9329758713136729,0.005494505494505586,0.027472527472527486,0.0,True
Grocery,43,visual_uniform,15,182,548,0.9340659340659341,0.8900523560209425,0.9340659340659341,0.9115281501340483,0.005494505494505586,0.027472527472527486,0.0,True
Grocery,43,self,16,215,643,0.8976744186046511,0.9323671497584541,0.8976744186046511,0.9146919431279621,-0.06511627906976747,0.03255813953488362,0.0046511627906976605,True
Grocery,43,terminal,16,215,643,0.8,0.8686868686868687,0.8,0.8329297820823245,-0.06511627906976747,0.03255813953488362,0.0046511627906976605,True
Grocery,43,uniform,16,215,643,0.8325581395348837,0.9086294416243654,0.8325581395348837,0.8689320388349514,-0.06511627906976747,0.03255813953488362,0.0046511627906976605,True
Grocery,43,gpr,16,215,643,0.8093023255813954,0.9206349206349206,0.8093023255813954,0.8613861386138614,-0.06511627906976747,0.03255813953488362,0.0046511627906976605,True
Grocery,43,text_uniform,16,215,643,0.827906976744186,0.8682926829268293,0.827906976744186,0.8476190476190476,-0.06511627906976747,0.03255813953488362,0.0046511627906976605,True
Grocery,43,visual_uniform,16,215,643,0.8046511627906977,0.8693467336683417,0.8046511627906977,0.8357487922705314,-0.06511627906976747,0.03255813953488362,0.0046511627906976605,True
Grocery,43,self,17,270,810,0.8814814814814815,0.9224806201550387,0.8814814814814815,0.9015151515151515,0.0037037037037036535,0.08518518518518514,0.0037037037037036535,True
Grocery,43,terminal,17,270,810,0.8,0.8709677419354839,0.8,0.833976833976834,0.0037037037037036535,0.08518518518518514,0.0037037037037036535,True
Grocery,43,uniform,17,270,810,0.8851851851851852,0.8819188191881919,0.8851851851851852,0.8835489833641405,0.0037037037037036535,0.08518518518518514,0.0037037037037036535,True
Grocery,43,gpr,17,270,810,0.8888888888888888,0.8540925266903915,0.8888888888888888,0.8711433756805808,0.0037037037037036535,0.08518518518518514,0.0037037037037036535,True
Grocery,43,text_uniform,17,270,810,0.8814814814814815,0.8350877192982457,0.8814814814814815,0.8576576576576577,0.0037037037037036535,0.08518518518518514,0.0037037037037036535,True
Grocery,43,visual_uniform,17,270,810,0.8666666666666667,0.8731343283582089,0.8666666666666667,0.8698884758364313,0.0037037037037036535,0.08518518518518514,0.0037037037037036535,True
Grocery,43,self,18,47,140,0.8723404255319149,0.8913043478260869,0.8723404255319149,0.8817204301075269,0.0,0.27659574468085113,0.042553191489361764,True
Grocery,43,terminal,18,47,140,0.5957446808510638,0.8,0.5957446808510638,0.6829268292682927,0.0,0.27659574468085113,0.042553191489361764,True
Grocery,43,uniform,18,47,140,0.8723404255319149,0.7884615384615384,0.8723404255319149,0.8282828282828283,0.0,0.27659574468085113,0.042553191489361764,True
Grocery,43,gpr,18,47,140,0.6808510638297872,0.8205128205128205,0.6808510638297872,0.7441860465116279,0.0,0.27659574468085113,0.042553191489361764,True
Grocery,43,text_uniform,18,47,140,0.8297872340425532,0.8863636363636364,0.8297872340425532,0.8571428571428571,0.0,0.27659574468085113,0.042553191489361764,True
Grocery,43,visual_uniform,18,47,140,0.8085106382978723,0.926829268292683,0.8085106382978723,0.8636363636363636,0.0,0.27659574468085113,0.042553191489361764,True
Grocery,43,self,19,92,278,0.8369565217391305,0.8555555555555555,0.8369565217391305,0.8461538461538461,0.08695652173913038,0.14130434782608692,0.05434782608695654,True
Grocery,43,terminal,19,92,278,0.782608695652174,0.8181818181818182,0.782608695652174,0.8,0.08695652173913038,0.14130434782608692,0.05434782608695654,True
Grocery,43,uniform,19,92,278,0.9239130434782609,0.8173076923076923,0.9239130434782609,0.8673469387755102,0.08695652173913038,0.14130434782608692,0.05434782608695654,True
Grocery,43,gpr,19,92,278,0.8695652173913043,0.8421052631578947,0.8695652173913043,0.8556149732620321,0.08695652173913038,0.14130434782608692,0.05434782608695654,True
Grocery,43,text_uniform,19,92,278,0.8695652173913043,0.8602150537634409,0.8695652173913043,0.8648648648648649,0.08695652173913038,0.14130434782608692,0.05434782608695654,True
Grocery,43,visual_uniform,19,92,278,0.7934782608695652,0.9012345679012346,0.7934782608695652,0.8439306358381503,0.08695652173913038,0.14130434782608692,0.05434782608695654,True
Grocery,44,self,0,45,135,0.8222222222222222,0.925,0.8222222222222222,0.8705882352941177,0.0888888888888889,0.1777777777777778,0.0444444444444444,True
Grocery,44,terminal,0,45,135,0.7333333333333333,0.825,0.7333333333333333,0.7764705882352941,0.0888888888888889,0.1777777777777778,0.0444444444444444,True
Grocery,44,uniform,0,45,135,0.9111111111111111,0.9534883720930233,0.9111111111111111,0.9318181818181818,0.0888888888888889,0.1777777777777778,0.0444444444444444,True
Grocery,44,gpr,0,45,135,0.8666666666666667,0.9512195121951219,0.8666666666666667,0.9069767441860465,0.0888888888888889,0.1777777777777778,0.0444444444444444,True
Grocery,44,text_uniform,0,45,135,0.8666666666666667,0.9285714285714286,0.8666666666666667,0.896551724137931,0.0888888888888889,0.1777777777777778,0.0444444444444444,True
Grocery,44,visual_uniform,0,45,135,0.6444444444444445,0.8285714285714286,0.6444444444444445,0.725,0.0888888888888889,0.1777777777777778,0.0444444444444444,True
Grocery,44,self,1,321,962,0.956386292834891,0.941717791411043,0.956386292834891,0.9489953632148377,0.0031152647975077885,0.04361370716510904,0.006230529595015577,True
Grocery,44,terminal,1,321,962,0.9158878504672897,0.9074074074074074,0.9158878504672897,0.9116279069767442,0.0031152647975077885,0.04361370716510904,0.006230529595015577,True
Grocery,44,uniform,1,321,962,0.9595015576323987,0.9535603715170279,0.9595015576323987,0.9565217391304348,0.0031152647975077885,0.04361370716510904,0.006230529595015577,True
Grocery,44,gpr,1,321,962,0.9595015576323987,0.9476923076923077,0.9595015576323987,0.9535603715170279,0.0031152647975077885,0.04361370716510904,0.006230529595015577,True
Grocery,44,text_uniform,1,321,962,0.9532710280373832,0.9300911854103343,0.9532710280373832,0.9415384615384615,0.0031152647975077885,0.04361370716510904,0.006230529595015577,True
Grocery,44,visual_uniform,1,321,962,0.9190031152647975,0.9190031152647975,0.9190031152647975,0.9190031152647975,0.0031152647975077885,0.04361370716510904,0.006230529595015577,True
Grocery,44,self,2,26,78,0.8076923076923077,0.7777777777777778,0.8076923076923077,0.7924528301886793,-0.038461538461538436,0.5,0.2692307692307693,True
Grocery,44,terminal,2,26,78,0.2692307692307692,0.5,0.2692307692307692,0.35,-0.038461538461538436,0.5,0.2692307692307693,True
Grocery,44,uniform,2,26,78,0.7692307692307693,0.7407407407407407,0.7692307692307693,0.7547169811320755,-0.038461538461538436,0.5,0.2692307692307693,True
Grocery,44,gpr,2,26,78,0.6153846153846154,0.6956521739130435,0.6153846153846154,0.6530612244897959,-0.038461538461538436,0.5,0.2692307692307693,True
Grocery,44,text_uniform,2,26,78,0.5,0.7222222222222222,0.5,0.5909090909090909,-0.038461538461538436,0.5,0.2692307692307693,True
Grocery,44,visual_uniform,2,26,78,0.2692307692307692,0.875,0.2692307692307692,0.4117647058823529,-0.038461538461538436,0.5,0.2692307692307693,True
Grocery,44,self,3,144,431,0.9097222222222222,0.8972602739726028,0.9097222222222222,0.903448275862069,0.00694444444444442,0.06944444444444442,0.0,True
Grocery,44,terminal,3,144,431,0.8472222222222222,0.8026315789473685,0.8472222222222222,0.8243243243243243,0.00694444444444442,0.06944444444444442,0.0,True
Grocery,44,uniform,3,144,431,0.9166666666666666,0.9295774647887324,0.9166666666666666,0.9230769230769231,0.00694444444444442,0.06944444444444442,0.0,True
Grocery,44,gpr,3,144,431,0.9305555555555556,0.9054054054054054,0.9305555555555556,0.9178082191780822,0.00694444444444442,0.06944444444444442,0.0,True
Grocery,44,text_uniform,3,144,431,0.9166666666666666,0.8354430379746836,0.9166666666666666,0.8741721854304636,0.00694444444444442,0.06944444444444442,0.0,True
Grocery,44,visual_uniform,3,144,431,0.8958333333333334,0.8431372549019608,0.8958333333333334,0.8686868686868687,0.00694444444444442,0.06944444444444442,0.0,True
Grocery,44,self,4,54,161,0.6296296296296297,0.8292682926829268,0.6296296296296297,0.7157894736842105,-0.07407407407407407,0.12962962962962965,0.11111111111111116,True
Grocery,44,terminal,4,54,161,0.42592592592592593,0.5348837209302325,0.42592592592592593,0.4742268041237113,-0.07407407407407407,0.12962962962962965,0.11111111111111116,True
Grocery,44,uniform,4,54,161,0.5555555555555556,0.6818181818181818,0.5555555555555556,0.6122448979591837,-0.07407407407407407,0.12962962962962965,0.11111111111111116,True
Grocery,44,gpr,4,54,161,0.5,0.675,0.5,0.574468085106383,-0.07407407407407407,0.12962962962962965,0.11111111111111116,True
Grocery,44,text_uniform,4,54,161,0.4444444444444444,0.6486486486486487,0.4444444444444444,0.5274725274725275,-0.07407407407407407,0.12962962962962965,0.11111111111111116,True
Grocery,44,visual_uniform,4,54,161,0.24074074074074073,0.5,0.24074074074074073,0.325,-0.07407407407407407,0.12962962962962965,0.11111111111111116,True
Grocery,44,self,5,168,503,0.8392857142857143,0.8545454545454545,0.8392857142857143,0.8468468468468469,0.017857142857142794,0.13690476190476186,0.023809523809523725,True
Grocery,44,terminal,5,168,503,0.7202380952380952,0.7423312883435583,0.7202380952380952,0.7311178247734139,0.017857142857142794,0.13690476190476186,0.023809523809523725,True
Grocery,44,uniform,5,168,503,0.8571428571428571,0.9230769230769231,0.8571428571428571,0.8888888888888888,0.017857142857142794,0.13690476190476186,0.023809523809523725,True
Grocery,44,gpr,5,168,503,0.8452380952380952,0.8711656441717791,0.8452380952380952,0.8580060422960725,0.017857142857142794,0.13690476190476186,0.023809523809523725,True
Grocery,44,text_uniform,5,168,503,0.8333333333333334,0.7692307692307693,0.8333333333333334,0.8,0.017857142857142794,0.13690476190476186,0.023809523809523725,True
Grocery,44,visual_uniform,5,168,503,0.7440476190476191,0.7575757575757576,0.7440476190476191,0.7507507507507507,0.017857142857142794,0.13690476190476186,0.023809523809523725,True
Grocery,44,self,6,14,43,0.42857142857142855,1.0,0.42857142857142855,0.6,0.0,0.2857142857142857,0.0714285714285714,True
Grocery,44,terminal,6,14,43,0.14285714285714285,0.6666666666666666,0.14285714285714285,0.23529411764705882,0.0,0.2857142857142857,0.0714285714285714,True
Grocery,44,uniform,6,14,43,0.42857142857142855,0.8571428571428571,0.42857142857142855,0.5714285714285714,0.0,0.2857142857142857,0.0714285714285714,True
Grocery,44,gpr,6,14,43,0.21428571428571427,1.0,0.21428571428571427,0.35294117647058826,0.0,0.2857142857142857,0.0714285714285714,True
Grocery,44,text_uniform,6,14,43,0.35714285714285715,1.0,0.35714285714285715,0.5263157894736842,0.0,0.2857142857142857,0.0714285714285714,True
Grocery,44,visual_uniform,6,14,43,0.0,0.0,0.0,0.0,0.0,0.2857142857142857,0.0714285714285714,True
Grocery,44,self,7,237,710,0.9704641350210971,0.9274193548387096,0.9704641350210971,0.9484536082474226,-0.012658227848101333,0.03797468354430378,0.008438818565400852,True
Grocery,44,terminal,7,237,710,0.919831223628692,0.8825910931174089,0.919831223628692,0.9008264462809917,-0.012658227848101333,0.03797468354430378,0.008438818565400852,True
Grocery,44,uniform,7,237,710,0.9578059071729957,0.9578059071729957,0.9578059071729957,0.9578059071729957,-0.012658227848101333,0.03797468354430378,0.008438818565400852,True
Grocery,44,gpr,7,237,710,0.9620253164556962,0.9306122448979591,0.9620253164556962,0.946058091286307,-0.012658227848101333,0.03797468354430378,0.008438818565400852,True
Grocery,44,text_uniform,7,237,710,0.9493670886075949,0.907258064516129,0.9493670886075949,0.9278350515463918,-0.012658227848101333,0.03797468354430378,0.008438818565400852,True
Grocery,44,visual_uniform,7,237,710,0.890295358649789,0.8647540983606558,0.890295358649789,0.8773388773388774,-0.012658227848101333,0.03797468354430378,0.008438818565400852,True
Grocery,44,self,8,257,771,0.9416342412451362,0.8996282527881041,0.9416342412451362,0.9201520912547528,0.01945525291828798,0.07392996108949423,0.027237354085603127,True
Grocery,44,terminal,8,257,771,0.8871595330739299,0.8142857142857143,0.8871595330739299,0.8491620111731844,0.01945525291828798,0.07392996108949423,0.027237354085603127,True
Grocery,44,uniform,8,257,771,0.9610894941634242,0.894927536231884,0.9610894941634242,0.926829268292683,0.01945525291828798,0.07392996108949423,0.027237354085603127,True
Grocery,44,gpr,8,257,771,0.9494163424124513,0.9037037037037037,0.9494163424124513,0.9259962049335864,0.01945525291828798,0.07392996108949423,0.027237354085603127,True
Grocery,44,text_uniform,8,257,771,0.933852140077821,0.8727272727272727,0.933852140077821,0.9022556390977443,0.01945525291828798,0.07392996108949423,0.027237354085603127,True
Grocery,44,visual_uniform,8,257,771,0.9221789883268483,0.8088737201365188,0.9221789883268483,0.8618181818181818,0.01945525291828798,0.07392996108949423,0.027237354085603127,True
Grocery,44,self,9,226,679,0.8539823008849557,0.919047619047619,0.8539823008849557,0.8853211009174312,-0.02212389380530977,0.1991150442477876,0.13716814159292035,True
Grocery,44,terminal,9,226,679,0.6327433628318584,0.8511904761904762,0.6327433628318584,0.7258883248730964,-0.02212389380530977,0.1991150442477876,0.13716814159292035,True
Grocery,44,uniform,9,226,679,0.831858407079646,0.8867924528301887,0.831858407079646,0.8584474885844748,-0.02212389380530977,0.1991150442477876,0.13716814159292035,True
Grocery,44,gpr,9,226,679,0.8097345132743363,0.915,0.8097345132743363,0.8591549295774648,-0.02212389380530977,0.1991150442477876,0.13716814159292035,True
Grocery,44,text_uniform,9,226,679,0.6946902654867256,0.8674033149171271,0.6946902654867256,0.7714987714987716,-0.02212389380530977,0.1991150442477876,0.13716814159292035,True
Grocery,44,visual_uniform,9,226,679,0.6415929203539823,0.7837837837837838,0.6415929203539823,0.7055961070559611,-0.02212389380530977,0.1991150442477876,0.13716814159292035,True
Grocery,44,self,10,84,253,1.0,1.0,1.0,1.0,0.0,0.0,0.0,True
Grocery,44,terminal,10,84,253,1.0,0.9882352941176471,1.0,0.9940828402366864,0.0,0.0,0.0,True
Grocery,44,uniform,10,84,253,1.0,1.0,1.0,1.0,0.0,0.0,0.0,True
Grocery,44,gpr,10,84,253,1.0,1.0,1.0,1.0,0.0,0.0,0.0,True
Grocery,44,text_uniform,10,84,253,1.0,0.9882352941176471,1.0,0.9940828402366864,0.0,0.0,0.0,True
Grocery,44,visual_uniform,10,84,253,1.0,1.0,1.0,1.0,0.0,0.0,0.0,True
Grocery,44,self,11,90,270,0.9111111111111111,0.9879518072289156,0.9111111111111111,0.9479768786127167,-0.022222222222222254,0.11111111111111105,0.033333333333333326,True
Grocery,44,terminal,11,90,270,0.7777777777777778,0.7446808510638298,0.7777777777777778,0.7608695652173914,-0.022222222222222254,0.11111111111111105,0.033333333333333326,True
Grocery,44,uniform,11,90,270,0.8888888888888888,0.975609756097561,0.8888888888888888,0.9302325581395349,-0.022222222222222254,0.11111111111111105,0.033333333333333326,True
Grocery,44,gpr,11,90,270,0.9,0.9878048780487805,0.9,0.9418604651162791,-0.022222222222222254,0.11111111111111105,0.033333333333333326,True
Grocery,44,text_uniform,11,90,270,0.8555555555555555,0.9390243902439024,0.8555555555555555,0.8953488372093024,-0.022222222222222254,0.11111111111111105,0.033333333333333326,True
Grocery,44,visual_uniform,11,90,270,0.7555555555555555,0.85,0.7555555555555555,0.8,-0.022222222222222254,0.11111111111111105,0.033333333333333326,True
Grocery,44,self,12,483,1450,0.9730848861283644,0.91796875,0.9730848861283644,0.9447236180904522,-0.010351966873705987,0.04761904761904767,0.018633540372670843,True
Grocery,44,terminal,12,483,1450,0.9151138716356108,0.8875502008032129,0.9151138716356108,0.9011213047910296,-0.010351966873705987,0.04761904761904767,0.018633540372670843,True
Grocery,44,uniform,12,483,1450,0.9627329192546584,0.9412955465587044,0.9627329192546584,0.9518935516888434,-0.010351966873705987,0.04761904761904767,0.018633540372670843,True
Grocery,44,gpr,12,483,1450,0.9648033126293996,0.9264413518886679,0.9648033126293996,0.9452332657200812,-0.010351966873705987,0.04761904761904767,0.018633540372670843,True
Grocery,44,text_uniform,12,483,1450,0.9440993788819876,0.9101796407185628,0.9440993788819876,0.926829268292683,-0.010351966873705987,0.04761904761904767,0.018633540372670843,True
Grocery,44,visual_uniform,12,483,1450,0.9316770186335404,0.8426966292134831,0.9316770186335404,0.8849557522123894,-0.010351966873705987,0.04761904761904767,0.018633540372670843,True
Grocery,44,self,13,285,853,0.9508771929824561,0.9678571428571429,0.9508771929824561,0.95929203539823,0.021052631578947434,0.03157894736842104,0.038596491228070184,True
Grocery,44,terminal,13,285,853,0.9403508771929825,0.9209621993127147,0.9403508771929825,0.9305555555555556,0.021052631578947434,0.03157894736842104,0.038596491228070184,True
Grocery,44,uniform,13,285,853,0.9719298245614035,0.9787985865724381,0.9719298245614035,0.9753521126760564,0.021052631578947434,0.03157894736842104,0.038596491228070184,True
Grocery,44,gpr,13,285,853,0.9719298245614035,0.9719298245614035,0.9719298245614035,0.9719298245614035,0.021052631578947434,0.03157894736842104,0.038596491228070184,True
Grocery,44,text_uniform,13,285,853,0.9333333333333333,0.9602888086642599,0.9333333333333333,0.9466192170818505,0.021052631578947434,0.03157894736842104,0.038596491228070184,True
Grocery,44,visual_uniform,13,285,853,0.9333333333333333,0.9366197183098591,0.9333333333333333,0.9349736379613357,0.021052631578947434,0.03157894736842104,0.038596491228070184,True
Grocery,44,self,14,175,526,0.9257142857142857,0.8804347826086957,0.9257142857142857,0.9025069637883009,0.040000000000000036,0.08000000000000007,0.040000000000000036,True
Grocery,44,terminal,14,175,526,0.8857142857142857,0.8659217877094972,0.8857142857142857,0.8757062146892656,0.040000000000000036,0.08000000000000007,0.040000000000000036,True
Grocery,44,uniform,14,175,526,0.9657142857142857,0.9086021505376344,0.9657142857142857,0.9362880886426593,0.040000000000000036,0.08000000000000007,0.040000000000000036,True
Grocery,44,gpr,14,175,526,0.96,0.9180327868852459,0.96,0.9385474860335196,0.040000000000000036,0.08000000000000007,0.040000000000000036,True
Grocery,44,text_uniform,14,175,526,0.9257142857142857,0.8663101604278075,0.9257142857142857,0.8950276243093923,0.040000000000000036,0.08000000000000007,0.040000000000000036,True
Grocery,44,visual_uniform,14,175,526,0.9142857142857143,0.8333333333333334,0.9142857142857143,0.8719346049046321,0.040000000000000036,0.08000000000000007,0.040000000000000036,True
Grocery,44,self,15,182,548,0.9725274725274725,0.9365079365079365,0.9725274725274725,0.954177897574124,0.0,0.04395604395604391,0.04395604395604391,True
Grocery,44,terminal,15,182,548,0.9285714285714286,0.8366336633663366,0.9285714285714286,0.8802083333333334,0.0,0.04395604395604391,0.04395604395604391,True
Grocery,44,uniform,15,182,548,0.9725274725274725,0.9076923076923077,0.9725274725274725,0.9389920424403183,0.0,0.04395604395604391,0.04395604395604391,True
Grocery,44,gpr,15,182,548,0.945054945054945,0.9197860962566845,0.945054945054945,0.9322493224932249,0.0,0.04395604395604391,0.04395604395604391,True
Grocery,44,text_uniform,15,182,548,0.9285714285714286,0.9086021505376344,0.9285714285714286,0.9184782608695652,0.0,0.04395604395604391,0.04395604395604391,True
Grocery,44,visual_uniform,15,182,548,0.9065934065934066,0.8168316831683168,0.9065934065934066,0.859375,0.0,0.04395604395604391,0.04395604395604391,True
Grocery,44,self,16,215,643,0.8511627906976744,0.9014778325123153,0.8511627906976744,0.8755980861244019,0.018604651162790642,0.046511627906976716,0.013953488372092981,True
Grocery,44,terminal,16,215,643,0.8232558139534883,0.8634146341463415,0.8232558139534883,0.8428571428571429,0.018604651162790642,0.046511627906976716,0.013953488372092981,True
Grocery,44,uniform,16,215,643,0.8697674418604651,0.935,0.8697674418604651,0.9012048192771084,0.018604651162790642,0.046511627906976716,0.013953488372092981,True
Grocery,44,gpr,16,215,643,0.8697674418604651,0.9166666666666666,0.8697674418604651,0.8926014319809069,0.018604651162790642,0.046511627906976716,0.013953488372092981,True
Grocery,44,text_uniform,16,215,643,0.8558139534883721,0.8598130841121495,0.8558139534883721,0.8578088578088578,0.018604651162790642,0.046511627906976716,0.013953488372092981,True
Grocery,44,visual_uniform,16,215,643,0.8,0.8309178743961353,0.8,0.8151658767772512,0.018604651162790642,0.046511627906976716,0.013953488372092981,True
Grocery,44,self,17,270,810,0.8703703703703703,0.8901515151515151,0.8703703703703703,0.8801498127340824,0.025925925925925908,0.08148148148148149,0.08518518518518514,True
Grocery,44,terminal,17,270,810,0.8148148148148148,0.7665505226480837,0.8148148148148148,0.7899461400359067,0.025925925925925908,0.08148148148148149,0.08518518518518514,True
Grocery,44,uniform,17,270,810,0.8962962962962963,0.8673835125448028,0.8962962962962963,0.8816029143897997,0.025925925925925908,0.08148148148148149,0.08518518518518514,True
Grocery,44,gpr,17,270,810,0.8851851851851852,0.8535714285714285,0.8851851851851852,0.8690909090909091,0.025925925925925908,0.08148148148148149,0.08518518518518514,True
Grocery,44,text_uniform,17,270,810,0.8111111111111111,0.8358778625954199,0.8111111111111111,0.8233082706766918,0.025925925925925908,0.08148148148148149,0.08518518518518514,True
Grocery,44,visual_uniform,17,270,810,0.7814814814814814,0.7589928057553957,0.7814814814814814,0.7700729927007299,0.025925925925925908,0.08148148148148149,0.08518518518518514,True
Grocery,44,self,18,47,140,0.8936170212765957,0.8235294117647058,0.8936170212765957,0.8571428571428571,-0.04255319148936165,0.276595744680851,0.06382978723404253,True
Grocery,44,terminal,18,47,140,0.574468085106383,0.627906976744186,0.574468085106383,0.6,-0.04255319148936165,0.276595744680851,0.06382978723404253,True
Grocery,44,uniform,18,47,140,0.851063829787234,0.8333333333333334,0.851063829787234,0.8421052631578947,-0.04255319148936165,0.276595744680851,0.06382978723404253,True
Grocery,44,gpr,18,47,140,0.851063829787234,0.7692307692307693,0.851063829787234,0.8080808080808081,-0.04255319148936165,0.276595744680851,0.06382978723404253,True
Grocery,44,text_uniform,18,47,140,0.7872340425531915,0.7115384615384616,0.7872340425531915,0.7474747474747475,-0.04255319148936165,0.276595744680851,0.06382978723404253,True
Grocery,44,visual_uniform,18,47,140,0.5957446808510638,0.7368421052631579,0.5957446808510638,0.6588235294117647,-0.04255319148936165,0.276595744680851,0.06382978723404253,True
Grocery,44,self,19,92,278,0.8804347826086957,0.9310344827586207,0.8804347826086957,0.9050279329608939,0.0,0.0652173913043479,0.04347826086956519,True
Grocery,44,terminal,19,92,278,0.8152173913043478,0.7731958762886598,0.8152173913043478,0.7936507936507936,0.0,0.0652173913043479,0.04347826086956519,True
Grocery,44,uniform,19,92,278,0.8804347826086957,0.8350515463917526,0.8804347826086957,0.8571428571428571,0.0,0.0652173913043479,0.04347826086956519,True
Grocery,44,gpr,19,92,278,0.8804347826086957,0.8350515463917526,0.8804347826086957,0.8571428571428571,0.0,0.0652173913043479,0.04347826086956519,True
Grocery,44,text_uniform,19,92,278,0.8369565217391305,0.8191489361702128,0.8369565217391305,0.8279569892473119,0.0,0.0652173913043479,0.04347826086956519,True
Grocery,44,visual_uniform,19,92,278,0.75,0.8023255813953488,0.75,0.7752808988764045,0.0,0.0652173913043479,0.04347826086956519,True
ele-fashion,42,self,0,2128,12738,0.9661654135338346,0.8120063191153238,0.9661654135338346,0.8824034334763948,0.0,-0.0009398496240601295,-0.014567669172932396,True
ele-fashion,42,terminal,0,2128,12738,0.9671052631578947,0.7513691128148959,0.9671052631578947,0.8456955003081981,0.0,-0.0009398496240601295,-0.014567669172932396,True
ele-fashion,42,uniform,0,2128,12738,0.9661654135338346,0.8100866824271079,0.9661654135338346,0.8812687526789541,0.0,-0.0009398496240601295,-0.014567669172932396,True
ele-fashion,42,gpr,0,2128,12738,0.9849624060150376,0.808641975308642,0.9849624060150376,0.888135593220339,0.0,-0.0009398496240601295,-0.014567669172932396,True
ele-fashion,42,text_uniform,0,2128,12738,0.980733082706767,0.7965648854961832,0.980733082706767,0.8791069924178602,0.0,-0.0009398496240601295,-0.014567669172932396,True
ele-fashion,42,visual_uniform,0,2128,12738,0.9760338345864662,0.7843655589123867,0.9760338345864662,0.8697654941373534,0.0,-0.0009398496240601295,-0.014567669172932396,True
ele-fashion,42,self,1,868,5369,0.3421658986175115,0.7774869109947644,0.3421658986175115,0.4752,0.005760368663594473,0.12211981566820276,0.04147465437788017,True
ele-fashion,42,terminal,1,868,5369,0.22580645161290322,0.8448275862068966,0.22580645161290322,0.3563636363636364,0.005760368663594473,0.12211981566820276,0.04147465437788017,True
ele-fashion,42,uniform,1,868,5369,0.347926267281106,0.7783505154639175,0.347926267281106,0.48089171974522293,0.005760368663594473,0.12211981566820276,0.04147465437788017,True
ele-fashion,42,gpr,1,868,5369,0.37442396313364057,0.7593457943925234,0.37442396313364057,0.5015432098765432,0.005760368663594473,0.12211981566820276,0.04147465437788017,True
ele-fashion,42,text_uniform,1,868,5369,0.3064516129032258,0.7208672086720868,0.3064516129032258,0.43007275666936134,0.005760368663594473,0.12211981566820276,0.04147465437788017,True
ele-fashion,42,visual_uniform,1,868,5369,0.24308755760368664,0.7301038062283737,0.24308755760368664,0.3647363872082973,0.005760368663594473,0.12211981566820276,0.04147465437788017,True
ele-fashion,42,self,2,2801,16206,0.9850053552302749,0.9593184979137691,0.9850053552302749,0.9719922494275145,0.001785076758300641,0.013209568011424477,0.000357015351660106,True
ele-fashion,42,terminal,2,2801,16206,0.973580863977151,0.9462179042331714,0.973580863977151,0.9597043814886503,0.001785076758300641,0.013209568011424477,0.000357015351660106,True
ele-fashion,42,uniform,2,2801,16206,0.9867904319885755,0.9577269577269577,0.9867904319885755,0.9720414981536838,0.001785076758300641,0.013209568011424477,0.000357015351660106,True
ele-fashion,42,gpr,2,2801,16206,0.9871474473402356,0.9584055459272097,0.9871474473402356,0.972564192754133,0.001785076758300641,0.013209568011424477,0.000357015351660106,True
ele-fashion,42,text_uniform,2,2801,16206,0.9864334166369154,0.9567174515235457,0.9864334166369154,0.9713482158551591,0.001785076758300641,0.013209568011424477,0.000357015351660106,True
ele-fashion,42,visual_uniform,2,2801,16206,0.9832202784719742,0.9480206540447504,0.9832202784719742,0.9652996845425867,0.001785076758300641,0.013209568011424477,0.000357015351660106,True
ele-fashion,42,self,3,45,308,0.6222222222222222,0.7,0.6222222222222222,0.6588235294117647,-0.04444444444444451,-0.06666666666666676,0.0444444444444444,True
ele-fashion,42,terminal,3,45,308,0.6444444444444445,0.7073170731707317,0.6444444444444445,0.6744186046511628,-0.04444444444444451,-0.06666666666666676,0.0444444444444444,True
ele-fashion,42,uniform,3,45,308,0.5777777777777777,0.7222222222222222,0.5777777777777777,0.6419753086419753,-0.04444444444444451,-0.06666666666666676,0.0444444444444444,True
ele-fashion,42,gpr,3,45,308,0.6222222222222222,0.7368421052631579,0.6222222222222222,0.6746987951807228,-0.04444444444444451,-0.06666666666666676,0.0444444444444444,True
ele-fashion,42,text_uniform,3,45,308,0.5333333333333333,0.6666666666666666,0.5333333333333333,0.5925925925925926,-0.04444444444444451,-0.06666666666666676,0.0444444444444444,True
ele-fashion,42,visual_uniform,3,45,308,0.5333333333333333,0.7058823529411765,0.5333333333333333,0.6075949367088608,-0.04444444444444451,-0.06666666666666676,0.0444444444444444,True
ele-fashion,42,self,4,290,1814,0.7586206896551724,0.7746478873239436,0.7586206896551724,0.7665505226480837,-0.006896551724137945,0.10689655172413792,0.03103448275862064,True
ele-fashion,42,terminal,4,290,1814,0.6448275862068965,0.6678571428571428,0.6448275862068965,0.656140350877193,-0.006896551724137945,0.10689655172413792,0.03103448275862064,True
ele-fashion,42,uniform,4,290,1814,0.7517241379310344,0.8195488721804511,0.7517241379310344,0.7841726618705036,-0.006896551724137945,0.10689655172413792,0.03103448275862064,True
ele-fashion,42,gpr,4,290,1814,0.7310344827586207,0.8412698412698413,0.7310344827586207,0.7822878228782287,-0.006896551724137945,0.10689655172413792,0.03103448275862064,True
ele-fashion,42,text_uniform,4,290,1814,0.7206896551724138,0.76,0.7206896551724138,0.7398230088495575,-0.006896551724137945,0.10689655172413792,0.03103448275862064,True
ele-fashion,42,visual_uniform,4,290,1814,0.6551724137931034,0.6985294117647058,0.6551724137931034,0.6761565836298933,-0.006896551724137945,0.10689655172413792,0.03103448275862064,True
ele-fashion,42,self,6,2028,12295,0.9733727810650887,0.8972727272727272,0.9733727810650887,0.9337748344370861,-0.005424063116370781,0.041913214990138115,0.012820512820512775,True
ele-fashion,42,terminal,6,2028,12295,0.9260355029585798,0.8273127753303965,0.9260355029585798,0.8738948348068869,-0.005424063116370781,0.041913214990138115,0.012820512820512775,True
ele-fashion,42,uniform,6,2028,12295,0.967948717948718,0.9004587155963303,0.967948717948718,0.9329847908745247,-0.005424063116370781,0.041913214990138115,0.012820512820512775,True
ele-fashion,42,gpr,6,2028,12295,0.9640039447731755,0.9076137418755803,0.9640039447731755,0.9349593495934959,-0.005424063116370781,0.041913214990138115,0.012820512820512775,True
ele-fashion,42,text_uniform,6,2028,12295,0.9551282051282052,0.8905747126436782,0.9551282051282052,0.9217225791101594,-0.005424063116370781,0.041913214990138115,0.012820512820512775,True
ele-fashion,42,visual_uniform,6,2028,12295,0.9437869822485208,0.8692098092643051,0.9437869822485208,0.9049645390070922,-0.005424063116370781,0.041913214990138115,0.012820512820512775,True
ele-fashion,42,self,7,95,520,0.5789473684210527,0.7432432432432432,0.5789473684210527,0.650887573964497,-0.03157894736842104,0.1789473684210527,0.04210526315789476,True
ele-fashion,42,terminal,7,95,520,0.3684210526315789,0.625,0.3684210526315789,0.46357615894039733,-0.03157894736842104,0.1789473684210527,0.04210526315789476,True
ele-fashion,42,uniform,7,95,520,0.5473684210526316,0.7536231884057971,0.5473684210526316,0.6341463414634146,-0.03157894736842104,0.1789473684210527,0.04210526315789476,True
ele-fashion,42,gpr,7,95,520,0.6105263157894737,0.7532467532467533,0.6105263157894737,0.6744186046511628,-0.03157894736842104,0.1789473684210527,0.04210526315789476,True
ele-fashion,42,text_uniform,7,95,520,0.5052631578947369,0.6486486486486487,0.5052631578947369,0.5680473372781065,-0.03157894736842104,0.1789473684210527,0.04210526315789476,True
ele-fashion,42,visual_uniform,7,95,520,0.4421052631578947,0.7241379310344828,0.4421052631578947,0.5490196078431373,-0.03157894736842104,0.1789473684210527,0.04210526315789476,True
ele-fashion,42,self,8,560,3323,0.9321428571428572,0.8953687821612349,0.9321428571428572,0.9133858267716536,-0.010714285714285787,0.13035714285714284,0.016071428571428514,True
ele-fashion,42,terminal,8,560,3323,0.7910714285714285,0.8128440366972477,0.7910714285714285,0.8018099547511313,-0.010714285714285787,0.13035714285714284,0.016071428571428514,True
ele-fashion,42,uniform,8,560,3323,0.9214285714285714,0.8614357262103506,0.9214285714285714,0.8904227782571182,-0.010714285714285787,0.13035714285714284,0.016071428571428514,True
ele-fashion,42,gpr,8,560,3323,0.9357142857142857,0.8590163934426229,0.9357142857142857,0.8957264957264958,-0.010714285714285787,0.13035714285714284,0.016071428571428514,True
ele-fashion,42,text_uniform,8,560,3323,0.9053571428571429,0.8711340206185567,0.9053571428571429,0.8879159369527145,-0.010714285714285787,0.13035714285714284,0.016071428571428514,True
ele-fashion,42,visual_uniform,8,560,3323,0.875,0.8193979933110368,0.875,0.846286701208981,-0.010714285714285787,0.13035714285714284,0.016071428571428514,True
ele-fashion,42,self,9,192,1346,0.9479166666666666,0.8584905660377359,0.9479166666666666,0.900990099009901,-0.015625,0.08333333333333326,-0.00520833333333337,True
ele-fashion,42,terminal,9,192,1346,0.8489583333333334,0.7725118483412322,0.8489583333333334,0.8089330024813896,-0.015625,0.08333333333333326,-0.00520833333333337,True
ele-fashion,42,uniform,9,192,1346,0.9322916666666666,0.8564593301435407,0.9322916666666666,0.8927680798004988,-0.015625,0.08333333333333326,-0.00520833333333337,True
ele-fashion,42,gpr,9,192,1346,0.9427083333333334,0.8660287081339713,0.9427083333333334,0.9027431421446384,-0.015625,0.08333333333333326,-0.00520833333333337,True
ele-fashion,42,text_uniform,9,192,1346,0.9375,0.8181818181818182,0.9375,0.8737864077669902,-0.015625,0.08333333333333326,-0.00520833333333337,True
ele-fashion,42,visual_uniform,9,192,1346,0.859375,0.7783018867924528,0.859375,0.8168316831683168,-0.015625,0.08333333333333326,-0.00520833333333337,True
ele-fashion,42,self,10,424,2622,0.9740566037735849,0.8805970149253731,0.9740566037735849,0.9249720044792833,-0.018867924528301883,0.037735849056603765,0.002358490566037763,True
ele-fashion,42,terminal,10,424,2622,0.9174528301886793,0.8053830227743272,0.9174528301886793,0.8577728776185226,-0.018867924528301883,0.037735849056603765,0.002358490566037763,True
ele-fashion,42,uniform,10,424,2622,0.9551886792452831,0.8862144420131292,0.9551886792452831,0.9194097616345063,-0.018867924528301883,0.037735849056603765,0.002358490566037763,True
ele-fashion,42,gpr,10,424,2622,0.9551886792452831,0.8901098901098901,0.9551886792452831,0.9215017064846417,-0.018867924528301883,0.037735849056603765,0.002358490566037763,True
ele-fashion,42,text_uniform,10,424,2622,0.9528301886792453,0.8763557483731019,0.9528301886792453,0.9129943502824859,-0.018867924528301883,0.037735849056603765,0.002358490566037763,True
ele-fashion,42,visual_uniform,10,424,2622,0.9457547169811321,0.8319502074688797,0.9457547169811321,0.8852097130242825,-0.018867924528301883,0.037735849056603765,0.002358490566037763,True
ele-fashion,42,self,11,346,2118,0.22832369942196531,0.632,0.22832369942196531,0.3354564755838641,0.017341040462427737,0.18497109826589594,0.08381502890173409,True
ele-fashion,42,terminal,11,346,2118,0.06069364161849711,0.5526315789473685,0.06069364161849711,0.109375,0.017341040462427737,0.18497109826589594,0.08381502890173409,True
ele-fashion,42,uniform,11,346,2118,0.24566473988439305,0.5704697986577181,0.24566473988439305,0.3434343434343434,0.017341040462427737,0.18497109826589594,0.08381502890173409,True
ele-fashion,42,gpr,11,346,2118,0.17630057803468208,0.7922077922077922,0.17630057803468208,0.28841607565011823,0.017341040462427737,0.18497109826589594,0.08381502890173409,True
ele-fashion,42,text_uniform,11,346,2118,0.16184971098265896,0.7272727272727273,0.16184971098265896,0.2647754137115839,0.017341040462427737,0.18497109826589594,0.08381502890173409,True
ele-fashion,42,visual_uniform,11,346,2118,0.14739884393063585,0.6623376623376623,0.14739884393063585,0.24113475177304963,0.017341040462427737,0.18497109826589594,0.08381502890173409,True
ele-fashion,43,self,0,2128,12738,0.9844924812030075,0.8020673813169985,0.9844924812030075,0.8839662447257384,0.005169172932330879,0.024906015037594043,0.007988721804511267,True
ele-fashion,43,terminal,0,2128,12738,0.9647556390977443,0.7603703703703704,0.9647556390977443,0.8504556752278376,0.005169172932330879,0.024906015037594043,0.007988721804511267,True
ele-fashion,43,uniform,0,2128,12738,0.9896616541353384,0.8016749143509707,0.9896616541353384,0.8858044164037855,0.005169172932330879,0.024906015037594043,0.007988721804511267,True
ele-fashion,43,gpr,0,2128,12738,0.9755639097744361,0.8112543962485346,0.9755639097744361,0.8858544911457222,0.005169172932330879,0.024906015037594043,0.007988721804511267,True
ele-fashion,43,text_uniform,0,2128,12738,0.9727443609022557,0.8023255813953488,0.9727443609022557,0.8793542905692439,0.005169172932330879,0.024906015037594043,0.007988721804511267,True
ele-fashion,43,visual_uniform,0,2128,12738,0.9816729323308271,0.7841591591591591,0.9816729323308271,0.8718697829716193,0.005169172932330879,0.024906015037594043,0.007988721804511267,True
ele-fashion,43,self,1,868,5369,0.3294930875576037,0.7371134020618557,0.3294930875576037,0.4554140127388535,0.023041474654377836,0.07949308755760365,0.020737327188940058,True
ele-fashion,43,terminal,1,868,5369,0.2730414746543779,0.7117117117117117,0.2730414746543779,0.3946711074104913,0.023041474654377836,0.07949308755760365,0.020737327188940058,True
ele-fashion,43,uniform,1,868,5369,0.35253456221198154,0.7536945812807881,0.35253456221198154,0.4803767660910518,0.023041474654377836,0.07949308755760365,0.020737327188940058,True
ele-fashion,43,gpr,1,868,5369,0.35599078341013823,0.7667493796526055,0.35599078341013823,0.48623131392604246,0.023041474654377836,0.07949308755760365,0.020737327188940058,True
ele-fashion,43,text_uniform,1,868,5369,0.3317972350230415,0.768,0.3317972350230415,0.46339501206757844,0.023041474654377836,0.07949308755760365,0.020737327188940058,True
ele-fashion,43,visual_uniform,1,868,5369,0.25,0.6867088607594937,0.25,0.36655405405405406,0.023041474654377836,0.07949308755760365,0.020737327188940058,True
ele-fashion,43,self,2,2801,16206,0.9846483398786148,0.9576388888888889,0.9846483398786148,0.9709558176377399,-0.001428061406640535,0.011424491253123836,-0.00285612281328107,True
ele-fashion,43,terminal,2,2801,16206,0.9717957872188504,0.9444829979181124,0.9717957872188504,0.9579447474925216,-0.001428061406640535,0.011424491253123836,-0.00285612281328107,True
ele-fashion,43,uniform,2,2801,16206,0.9832202784719742,0.9582463465553236,0.9832202784719742,0.9705726872246696,-0.001428061406640535,0.011424491253123836,-0.00285612281328107,True
ele-fashion,43,gpr,2,2801,16206,0.9950017850767583,0.954125299554947,0.9950017850767583,0.9741349178608878,-0.001428061406640535,0.011424491253123836,-0.00285612281328107,True
ele-fashion,43,text_uniform,2,2801,16206,0.9860764012852553,0.9590277777777778,0.9860764012852553,0.9723640204189403,-0.001428061406640535,0.011424491253123836,-0.00285612281328107,True
ele-fashion,43,visual_uniform,2,2801,16206,0.9807211710103535,0.9488773747841105,0.9807211710103535,0.9645365168539326,-0.001428061406640535,0.011424491253123836,-0.00285612281328107,True
ele-fashion,43,self,3,45,308,0.6,0.627906976744186,0.6,0.6136363636363636,-0.022222222222222254,-0.04444444444444451,-0.04444444444444451,True
ele-fashion,43,terminal,3,45,308,0.6222222222222222,0.6511627906976745,0.6222222222222222,0.6363636363636364,-0.022222222222222254,-0.04444444444444451,-0.04444444444444451,True
ele-fashion,43,uniform,3,45,308,0.5777777777777777,0.6842105263157895,0.5777777777777777,0.6265060240963856,-0.022222222222222254,-0.04444444444444451,-0.04444444444444451,True
ele-fashion,43,gpr,3,45,308,0.6222222222222222,0.7,0.6222222222222222,0.6588235294117647,-0.022222222222222254,-0.04444444444444451,-0.04444444444444451,True
ele-fashion,43,text_uniform,3,45,308,0.6222222222222222,0.6666666666666666,0.6222222222222222,0.6436781609195402,-0.022222222222222254,-0.04444444444444451,-0.04444444444444451,True
ele-fashion,43,visual_uniform,3,45,308,0.4888888888888889,0.7096774193548387,0.4888888888888889,0.5789473684210527,-0.022222222222222254,-0.04444444444444451,-0.04444444444444451,True
ele-fashion,43,self,4,290,1814,0.7724137931034483,0.7915194346289752,0.7724137931034483,0.7818499127399651,0.01379310344827589,0.14827586206896548,0.07586206896551728,True
ele-fashion,43,terminal,4,290,1814,0.6379310344827587,0.7061068702290076,0.6379310344827587,0.6702898550724637,0.01379310344827589,0.14827586206896548,0.07586206896551728,True
ele-fashion,43,uniform,4,290,1814,0.7862068965517242,0.7755102040816326,0.7862068965517242,0.7808219178082192,0.01379310344827589,0.14827586206896548,0.07586206896551728,True
ele-fashion,43,gpr,4,290,1814,0.7965517241379311,0.7598684210526315,0.7965517241379311,0.7777777777777778,0.01379310344827589,0.14827586206896548,0.07586206896551728,True
ele-fashion,43,text_uniform,4,290,1814,0.7103448275862069,0.7715355805243446,0.7103448275862069,0.7396768402154399,0.01379310344827589,0.14827586206896548,0.07586206896551728,True
ele-fashion,43,visual_uniform,4,290,1814,0.6275862068965518,0.7193675889328063,0.6275862068965518,0.6703499079189686,0.01379310344827589,0.14827586206896548,0.07586206896551728,True
ele-fashion,43,self,6,2028,12295,0.9640039447731755,0.8976124885215794,0.9640039447731755,0.9296243461721351,-0.010355029585798814,0.053254437869822424,-0.006903353057199246,True
ele-fashion,43,terminal,6,2028,12295,0.9003944773175543,0.8556701030927835,0.9003944773175543,0.877462758289284,-0.010355029585798814,0.053254437869822424,-0.006903353057199246,True
ele-fashion,43,uniform,6,2028,12295,0.9536489151873767,0.9058548009367682,0.9536489151873767,0.9291376411241893,-0.010355029585798814,0.053254437869822424,-0.006903353057199246,True
ele-fashion,43,gpr,6,2028,12295,0.9635108481262328,0.9092601209865053,0.9635108481262328,0.9355997127124731,-0.010355029585798814,0.053254437869822424,-0.006903353057199246,True
ele-fashion,43,text_uniform,6,2028,12295,0.960552268244576,0.8931682714351215,0.960552268244576,0.9256355428842955,-0.010355029585798814,0.053254437869822424,-0.006903353057199246,True
ele-fashion,43,visual_uniform,6,2028,12295,0.9423076923076923,0.8686363636363637,0.9423076923076923,0.9039735099337748,-0.010355029585798814,0.053254437869822424,-0.006903353057199246,True
ele-fashion,43,self,7,95,520,0.5368421052631579,0.7846153846153846,0.5368421052631579,0.6375,-0.021052631578947323,0.07368421052631585,-0.03157894736842104,True
ele-fashion,43,terminal,7,95,520,0.4421052631578947,0.6885245901639344,0.4421052631578947,0.5384615384615384,-0.021052631578947323,0.07368421052631585,-0.03157894736842104,True
ele-fashion,43,uniform,7,95,520,0.5157894736842106,0.7424242424242424,0.5157894736842106,0.6086956521739131,-0.021052631578947323,0.07368421052631585,-0.03157894736842104,True
ele-fashion,43,gpr,7,95,520,0.5368421052631579,0.7183098591549296,0.5368421052631579,0.6144578313253012,-0.021052631578947323,0.07368421052631585,-0.03157894736842104,True
ele-fashion,43,text_uniform,7,95,520,0.5473684210526316,0.7027027027027027,0.5473684210526316,0.6153846153846154,-0.021052631578947323,0.07368421052631585,-0.03157894736842104,True
ele-fashion,43,visual_uniform,7,95,520,0.42105263157894735,0.6896551724137931,0.42105263157894735,0.5228758169934641,-0.021052631578947323,0.07368421052631585,-0.03157894736842104,True
ele-fashion,43,self,8,560,3323,0.925,0.8931034482758621,0.925,0.9087719298245615,-0.010714285714285787,0.06428571428571428,-0.0035714285714285587,True
ele-fashion,43,terminal,8,560,3323,0.85,0.7702265372168284,0.85,0.8081494057724957,-0.010714285714285787,0.06428571428571428,-0.0035714285714285587,True
ele-fashion,43,uniform,8,560,3323,0.9142857142857143,0.8752136752136752,0.9142857142857143,0.8943231441048035,-0.010714285714285787,0.06428571428571428,-0.0035714285714285587,True
ele-fashion,43,gpr,8,560,3323,0.8803571428571428,0.9079189686924494,0.8803571428571428,0.8939256572982774,-0.010714285714285787,0.06428571428571428,-0.0035714285714285587,True
ele-fashion,43,text_uniform,8,560,3323,0.9178571428571428,0.866779089376054,0.9178571428571428,0.8915871639202082,-0.010714285714285787,0.06428571428571428,-0.0035714285714285587,True
ele-fashion,43,visual_uniform,8,560,3323,0.8857142857142857,0.8157894736842105,0.8857142857142857,0.8493150684931506,-0.010714285714285787,0.06428571428571428,-0.0035714285714285587,True
ele-fashion,43,self,9,192,1346,0.9479166666666666,0.8625592417061612,0.9479166666666666,0.9032258064516129,-0.015625,0.046875,0.0,True
ele-fashion,43,terminal,9,192,1346,0.8854166666666666,0.7522123893805309,0.8854166666666666,0.8133971291866029,-0.015625,0.046875,0.0,True
ele-fashion,43,uniform,9,192,1346,0.9322916666666666,0.8403755868544601,0.9322916666666666,0.8839506172839506,-0.015625,0.046875,0.0,True
ele-fashion,43,gpr,9,192,1346,0.953125,0.8511627906976744,0.953125,0.8992628992628993,-0.015625,0.046875,0.0,True
ele-fashion,43,text_uniform,9,192,1346,0.9322916666666666,0.8325581395348837,0.9322916666666666,0.8796068796068796,-0.015625,0.046875,0.0,True
ele-fashion,43,visual_uniform,9,192,1346,0.859375,0.7894736842105263,0.859375,0.8229426433915212,-0.015625,0.046875,0.0,True
ele-fashion,43,self,10,424,2622,0.964622641509434,0.8739316239316239,0.964622641509434,0.9170403587443946,0.0,0.061320754716981174,0.007075471698113289,True
ele-fashion,43,terminal,10,424,2622,0.9033018867924528,0.8308026030368764,0.9033018867924528,0.8655367231638418,0.0,0.061320754716981174,0.007075471698113289,True
ele-fashion,43,uniform,10,424,2622,0.964622641509434,0.8776824034334764,0.964622641509434,0.9191011235955057,0.0,0.061320754716981174,0.007075471698113289,True
ele-fashion,43,gpr,10,424,2622,0.9764150943396226,0.8679245283018868,0.9764150943396226,0.9189789123196448,0.0,0.061320754716981174,0.007075471698113289,True
ele-fashion,43,text_uniform,10,424,2622,0.9575471698113207,0.8864628820960698,0.9575471698113207,0.9206349206349206,0.0,0.061320754716981174,0.007075471698113289,True
ele-fashion,43,visual_uniform,10,424,2622,0.9339622641509434,0.8354430379746836,0.9339622641509434,0.8819599109131403,0.0,0.061320754716981174,0.007075471698113289,True
ele-fashion,43,self,11,346,2118,0.15028901734104047,0.7536231884057971,0.15028901734104047,0.25060240963855424,0.011560693641618491,0.057803468208092484,-0.049132947976878616,True
ele-fashion,43,terminal,11,346,2118,0.10404624277456648,0.631578947368421,0.10404624277456648,0.17866004962779156,0.011560693641618491,0.057803468208092484,-0.049132947976878616,True
ele-fashion,43,uniform,11,346,2118,0.16184971098265896,0.7671232876712328,0.16184971098265896,0.26730310262529833,0.011560693641618491,0.057803468208092484,-0.049132947976878616,True
ele-fashion,43,gpr,11,346,2118,0.2023121387283237,0.7368421052631579,0.2023121387283237,0.31746031746031744,0.011560693641618491,0.057803468208092484,-0.049132947976878616,True
ele-fashion,43,text_uniform,11,346,2118,0.21098265895953758,0.6517857142857143,0.21098265895953758,0.31877729257641924,0.011560693641618491,0.057803468208092484,-0.049132947976878616,True
ele-fashion,43,visual_uniform,11,346,2118,0.15028901734104047,0.7536231884057971,0.15028901734104047,0.25060240963855424,0.011560693641618491,0.057803468208092484,-0.049132947976878616,True
ele-fashion,44,self,0,2128,12738,0.9760338345864662,0.8094310210444271,0.9760338345864662,0.8849595227950575,0.007518796992481147,0.017387218045112784,-0.005169172932330879,True
ele-fashion,44,terminal,0,2128,12738,0.9661654135338346,0.7556045571481073,0.9661654135338346,0.8480098989482368,0.007518796992481147,0.017387218045112784,-0.005169172932330879,True
ele-fashion,44,uniform,0,2128,12738,0.9835526315789473,0.8019157088122605,0.9835526315789473,0.883495145631068,0.007518796992481147,0.017387218045112784,-0.005169172932330879,True
ele-fashion,44,gpr,0,2128,12738,0.9793233082706767,0.8083785880527541,0.9793233082706767,0.8856778580535487,0.007518796992481147,0.017387218045112784,-0.005169172932330879,True
ele-fashion,44,text_uniform,0,2128,12738,0.987312030075188,0.7931294828237071,0.987312030075188,0.879631567929663,0.007518796992481147,0.017387218045112784,-0.005169172932330879,True
ele-fashion,44,visual_uniform,0,2128,12738,0.9887218045112782,0.7740986019131715,0.9887218045112782,0.8683450268262485,0.007518796992481147,0.017387218045112784,-0.005169172932330879,True
ele-fashion,44,self,1,868,5369,0.33986175115207373,0.7742782152230971,0.33986175115207373,0.4723779023218575,-0.027649769585253448,0.06105990783410137,-0.01728110599078342,True
ele-fashion,44,terminal,1,868,5369,0.2511520737327189,0.8074074074074075,0.2511520737327189,0.38312829525483305,-0.027649769585253448,0.06105990783410137,-0.01728110599078342,True
ele-fashion,44,uniform,1,868,5369,0.3122119815668203,0.811377245508982,0.3122119815668203,0.4509151414309484,-0.027649769585253448,0.06105990783410137,-0.01728110599078342,True
ele-fashion,44,gpr,1,868,5369,0.347926267281106,0.7926509186351706,0.347926267281106,0.4835868694955965,-0.027649769585253448,0.06105990783410137,-0.01728110599078342,True
ele-fashion,44,text_uniform,1,868,5369,0.3294930875576037,0.779291553133515,0.3294930875576037,0.4631578947368421,-0.027649769585253448,0.06105990783410137,-0.01728110599078342,True
ele-fashion,44,visual_uniform,1,868,5369,0.20852534562211983,0.7573221757322176,0.20852534562211983,0.32700993676603435,-0.027649769585253448,0.06105990783410137,-0.01728110599078342,True
ele-fashion,44,self,2,2801,16206,0.988218493395216,0.9601109954908081,0.988218493395216,0.9739619985925405,0.000714030703320323,0.014637629418065012,0.0046411995715816,True
ele-fashion,44,terminal,2,2801,16206,0.9742948946804713,0.9462552011095701,0.9742948946804713,0.960070360598065,0.000714030703320323,0.014637629418065012,0.0046411995715816,True
ele-fashion,44,uniform,2,2801,16206,0.9889325240985363,0.9571527297857636,0.9889325240985363,0.9727831431079894,0.000714030703320323,0.014637629418065012,0.0046411995715816,True
ele-fashion,44,gpr,2,2801,16206,0.9889325240985363,0.9584775086505191,0.9889325240985363,0.9734668775259181,0.000714030703320323,0.014637629418065012,0.0046411995715816,True
ele-fashion,44,text_uniform,2,2801,16206,0.9842913245269547,0.957956914523975,0.9842913245269547,0.97094558901215,0.000714030703320323,0.014637629418065012,0.0046411995715816,True
ele-fashion,44,visual_uniform,2,2801,16206,0.9814352017136737,0.9479310344827586,0.9814352017136737,0.9643922118926505,0.000714030703320323,0.014637629418065012,0.0046411995715816,True
ele-fashion,44,self,3,45,308,0.5777777777777777,0.65,0.5777777777777777,0.611764705882353,-0.022222222222222143,-0.06666666666666665,-0.022222222222222143,True
ele-fashion,44,terminal,3,45,308,0.6222222222222222,0.717948717948718,0.6222222222222222,0.6666666666666666,-0.022222222222222143,-0.06666666666666665,-0.022222222222222143,True
ele-fashion,44,uniform,3,45,308,0.5555555555555556,0.6756756756756757,0.5555555555555556,0.6097560975609756,-0.022222222222222143,-0.06666666666666665,-0.022222222222222143,True
ele-fashion,44,gpr,3,45,308,0.6,0.675,0.6,0.6352941176470588,-0.022222222222222143,-0.06666666666666665,-0.022222222222222143,True
ele-fashion,44,text_uniform,3,45,308,0.5777777777777777,0.65,0.5777777777777777,0.611764705882353,-0.022222222222222143,-0.06666666666666665,-0.022222222222222143,True
ele-fashion,44,visual_uniform,3,45,308,0.4888888888888889,0.7096774193548387,0.4888888888888889,0.5789473684210527,-0.022222222222222143,-0.06666666666666665,-0.022222222222222143,True
ele-fashion,44,self,4,290,1814,0.7482758620689656,0.7805755395683454,0.7482758620689656,0.7640845070422535,0.020689655172413723,0.2068965517241379,0.020689655172413723,True
ele-fashion,44,terminal,4,290,1814,0.5620689655172414,0.7477064220183486,0.5620689655172414,0.6417322834645669,0.020689655172413723,0.2068965517241379,0.020689655172413723,True
ele-fashion,44,uniform,4,290,1814,0.7689655172413793,0.7879858657243817,0.7689655172413793,0.7783595113438045,0.020689655172413723,0.2068965517241379,0.020689655172413723,True
ele-fashion,44,gpr,4,290,1814,0.8,0.770764119601329,0.8,0.7851099830795262,0.020689655172413723,0.2068965517241379,0.020689655172413723,True
ele-fashion,44,text_uniform,4,290,1814,0.7482758620689656,0.7977941176470589,0.7482758620689656,0.7722419928825622,0.020689655172413723,0.2068965517241379,0.020689655172413723,True
ele-fashion,44,visual_uniform,4,290,1814,0.6413793103448275,0.6838235294117647,0.6413793103448275,0.6619217081850534,0.020689655172413723,0.2068965517241379,0.020689655172413723,True
ele-fashion,44,self,6,2028,12295,0.9664694280078896,0.8999081726354453,0.9664694280078896,0.932001902044698,0.0064102564102563875,0.04388560157790933,0.01134122287968442,True
ele-fashion,44,terminal,6,2028,12295,0.9289940828402367,0.8284960422163589,0.9289940828402367,0.8758716875871687,0.0064102564102563875,0.04388560157790933,0.01134122287968442,True
ele-fashion,44,uniform,6,2028,12295,0.972879684418146,0.8911472448057814,0.972879684418146,0.9302215935879302,0.0064102564102563875,0.04388560157790933,0.01134122287968442,True
ele-fashion,44,gpr,6,2028,12295,0.9635108481262328,0.9079925650557621,0.9635108481262328,0.9349282296650717,0.0064102564102563875,0.04388560157790933,0.01134122287968442,True
ele-fashion,44,text_uniform,6,2028,12295,0.9615384615384616,0.8916323731138546,0.9615384615384616,0.9252669039145908,0.0064102564102563875,0.04388560157790933,0.01134122287968442,True
ele-fashion,44,visual_uniform,6,2028,12295,0.9428007889546351,0.8597122302158273,0.9428007889546351,0.8993414863593603,0.0064102564102563875,0.04388560157790933,0.01134122287968442,True
ele-fashion,44,self,7,95,520,0.5789473684210527,0.7746478873239436,0.5789473684210527,0.6626506024096386,-0.052631578947368474,0.16842105263157892,0.0,True
ele-fashion,44,terminal,7,95,520,0.35789473684210527,0.723404255319149,0.35789473684210527,0.4788732394366197,-0.052631578947368474,0.16842105263157892,0.0,True
ele-fashion,44,uniform,7,95,520,0.5263157894736842,0.7352941176470589,0.5263157894736842,0.6134969325153374,-0.052631578947368474,0.16842105263157892,0.0,True
ele-fashion,44,gpr,7,95,520,0.5894736842105263,0.7368421052631579,0.5894736842105263,0.6549707602339181,-0.052631578947368474,0.16842105263157892,0.0,True
ele-fashion,44,text_uniform,7,95,520,0.5263157894736842,0.6578947368421053,0.5263157894736842,0.5847953216374269,-0.052631578947368474,0.16842105263157892,0.0,True
ele-fashion,44,visual_uniform,7,95,520,0.3894736842105263,0.7254901960784313,0.3894736842105263,0.5068493150684932,-0.052631578947368474,0.16842105263157892,0.0,True
ele-fashion,44,self,8,560,3323,0.9232142857142858,0.8792517006802721,0.9232142857142858,0.9006968641114983,-0.017857142857142905,0.0625,0.0,True
ele-fashion,44,terminal,8,560,3323,0.8428571428571429,0.767479674796748,0.8428571428571429,0.8034042553191489,-0.017857142857142905,0.0625,0.0,True
ele-fashion,44,uniform,8,560,3323,0.9053571428571429,0.8802083333333334,0.9053571428571429,0.8926056338028169,-0.017857142857142905,0.0625,0.0,True
ele-fashion,44,gpr,8,560,3323,0.9071428571428571,0.8927943760984183,0.9071428571428571,0.899911426040744,-0.017857142857142905,0.0625,0.0,True
ele-fashion,44,text_uniform,8,560,3323,0.9053571428571429,0.8802083333333334,0.9053571428571429,0.8926056338028169,-0.017857142857142905,0.0625,0.0,True
ele-fashion,44,visual_uniform,8,560,3323,0.8892857142857142,0.819078947368421,0.8892857142857142,0.8527397260273972,-0.017857142857142905,0.0625,0.0,True
ele-fashion,44,self,9,192,1346,0.9427083333333334,0.861904761904762,0.9427083333333334,0.900497512437811,0.005208333333333259,0.109375,0.005208333333333259,True
ele-fashion,44,terminal,9,192,1346,0.8385416666666666,0.7777777777777778,0.8385416666666666,0.8070175438596491,0.005208333333333259,0.109375,0.005208333333333259,True
ele-fashion,44,uniform,9,192,1346,0.9479166666666666,0.8425925925925926,0.9479166666666666,0.8921568627450981,0.005208333333333259,0.109375,0.005208333333333259,True
ele-fashion,44,gpr,9,192,1346,0.9583333333333334,0.8598130841121495,0.9583333333333334,0.9064039408866995,0.005208333333333259,0.109375,0.005208333333333259,True
ele-fashion,44,text_uniform,9,192,1346,0.9427083333333334,0.8302752293577982,0.9427083333333334,0.8829268292682927,0.005208333333333259,0.109375,0.005208333333333259,True
ele-fashion,44,visual_uniform,9,192,1346,0.859375,0.7674418604651163,0.859375,0.8108108108108109,0.005208333333333259,0.109375,0.005208333333333259,True
ele-fashion,44,self,10,424,2622,0.9669811320754716,0.8742004264392325,0.9669811320754716,0.9182530795072789,-0.007075471698113178,0.04481132075471694,0.011792452830188704,True
ele-fashion,44,terminal,10,424,2622,0.9150943396226415,0.8185654008438819,0.9150943396226415,0.8641425389755011,-0.007075471698113178,0.04481132075471694,0.011792452830188704,True
ele-fashion,44,uniform,10,424,2622,0.9599056603773585,0.875268817204301,0.9599056603773585,0.9156355455568054,-0.007075471698113178,0.04481132075471694,0.011792452830188704,True
ele-fashion,44,gpr,10,424,2622,0.9504716981132075,0.8818380743982495,0.9504716981132075,0.9148694665153235,-0.007075471698113178,0.04481132075471694,0.011792452830188704,True
ele-fashion,44,text_uniform,10,424,2622,0.9457547169811321,0.8852097130242825,0.9457547169811321,0.9144811858608894,-0.007075471698113178,0.04481132075471694,0.011792452830188704,True
ele-fashion,44,visual_uniform,10,424,2622,0.9481132075471698,0.8357588357588358,0.9481132075471698,0.8883977900552487,-0.007075471698113178,0.04481132075471694,0.011792452830188704,True
ele-fashion,44,self,11,346,2118,0.21676300578034682,0.6637168141592921,0.21676300578034682,0.32679738562091504,-0.05202312138728324,0.11271676300578035,0.028901734104046256,True
ele-fashion,44,terminal,11,346,2118,0.05202312138728324,0.6428571428571429,0.05202312138728324,0.0962566844919786,-0.05202312138728324,0.11271676300578035,0.028901734104046256,True
ele-fashion,44,uniform,11,346,2118,0.16473988439306358,0.7125,0.16473988439306358,0.2676056338028169,-0.05202312138728324,0.11271676300578035,0.028901734104046256,True
ele-fashion,44,gpr,11,346,2118,0.22254335260115607,0.6470588235294118,0.22254335260115607,0.3311827956989247,-0.05202312138728324,0.11271676300578035,0.028901734104046256,True
ele-fashion,44,text_uniform,11,346,2118,0.13583815028901733,0.7704918032786885,0.13583815028901733,0.23095823095823095,-0.05202312138728324,0.11271676300578035,0.028901734104046256,True
ele-fashion,44,visual_uniform,11,346,2118,0.08959537572254335,0.8157894736842105,0.08959537572254335,0.16145833333333334,-0.05202312138728324,0.11271676300578035,0.028901734104046256,True
Reddit-S,42,self,0,72,215,0.8611111111111112,0.9393939393939394,0.8611111111111112,0.8985507246376812,0.05555555555555547,-0.02777777777777779,0.0,True
Reddit-S,42,terminal,0,72,215,0.9444444444444444,1.0,0.9444444444444444,0.9714285714285714,0.05555555555555547,-0.02777777777777779,0.0,True
Reddit-S,42,uniform,0,72,215,0.9166666666666666,0.9850746268656716,0.9166666666666666,0.9496402877697842,0.05555555555555547,-0.02777777777777779,0.0,True
Reddit-S,42,gpr,0,72,215,0.9166666666666666,1.0,0.9166666666666666,0.9565217391304348,0.05555555555555547,-0.02777777777777779,0.0,True
Reddit-S,42,text_uniform,0,72,215,0.9166666666666666,0.9850746268656716,0.9166666666666666,0.9496402877697842,0.05555555555555547,-0.02777777777777779,0.0,True
Reddit-S,42,visual_uniform,0,72,215,0.9027777777777778,1.0,0.9027777777777778,0.948905109489051,0.05555555555555547,-0.02777777777777779,0.0,True
Reddit-S,42,self,1,166,497,0.963855421686747,0.9467455621301775,0.963855421686747,0.9552238805970149,0.030120481927710885,0.012048192771084376,0.006024096385542244,True
Reddit-S,42,terminal,1,166,497,0.9819277108433735,0.9760479041916168,0.9819277108433735,0.978978978978979,0.030120481927710885,0.012048192771084376,0.006024096385542244,True
Reddit-S,42,uniform,1,166,497,0.9939759036144579,0.9763313609467456,0.9939759036144579,0.9850746268656716,0.030120481927710885,0.012048192771084376,0.006024096385542244,True
Reddit-S,42,gpr,1,166,497,0.9939759036144579,0.9763313609467456,0.9939759036144579,0.9850746268656716,0.030120481927710885,0.012048192771084376,0.006024096385542244,True
Reddit-S,42,text_uniform,1,166,497,0.9759036144578314,0.9700598802395209,0.9759036144578314,0.972972972972973,0.030120481927710885,0.012048192771084376,0.006024096385542244,True
Reddit-S,42,visual_uniform,1,166,497,0.9879518072289156,0.9820359281437125,0.9879518072289156,0.984984984984985,0.030120481927710885,0.012048192771084376,0.006024096385542244,True
Reddit-S,42,self,2,153,461,0.9411764705882353,0.9664429530201343,0.9411764705882353,0.9536423841059603,0.05228758169934644,0.0,0.039215686274509776,True
Reddit-S,42,terminal,2,153,461,0.9934640522875817,0.9806451612903225,0.9934640522875817,0.987012987012987,0.05228758169934644,0.0,0.039215686274509776,True
Reddit-S,42,uniform,2,153,461,0.9934640522875817,0.9934640522875817,0.9934640522875817,0.9934640522875817,0.05228758169934644,0.0,0.039215686274509776,True
Reddit-S,42,gpr,2,153,461,0.9934640522875817,0.9934640522875817,0.9934640522875817,0.9934640522875817,0.05228758169934644,0.0,0.039215686274509776,True
Reddit-S,42,text_uniform,2,153,461,0.954248366013072,0.948051948051948,0.954248366013072,0.9511400651465798,0.05228758169934644,0.0,0.039215686274509776,True
Reddit-S,42,visual_uniform,2,153,461,0.9477124183006536,0.9931506849315068,0.9477124183006536,0.9698996655518395,0.05228758169934644,0.0,0.039215686274509776,True
Reddit-S,42,self,3,84,253,0.8571428571428571,0.7422680412371134,0.8571428571428571,0.7955801104972375,0.059523809523809534,0.0,0.0357142857142857,True
Reddit-S,42,terminal,3,84,253,0.9166666666666666,0.7777777777777778,0.9166666666666666,0.8415300546448088,0.059523809523809534,0.0,0.0357142857142857,True
Reddit-S,42,uniform,3,84,253,0.9166666666666666,0.77,0.9166666666666666,0.8369565217391305,0.059523809523809534,0.0,0.0357142857142857,True
Reddit-S,42,gpr,3,84,253,0.9047619047619048,0.7835051546391752,0.9047619047619048,0.8397790055248618,0.059523809523809534,0.0,0.0357142857142857,True
Reddit-S,42,text_uniform,3,84,253,0.8809523809523809,0.8222222222222222,0.8809523809523809,0.8505747126436781,0.059523809523809534,0.0,0.0357142857142857,True
Reddit-S,42,visual_uniform,3,84,253,0.7261904761904762,0.8591549295774648,0.7261904761904762,0.7870967741935484,0.059523809523809534,0.0,0.0357142857142857,True
Reddit-S,42,self,4,59,177,0.8983050847457628,0.9464285714285714,0.8983050847457628,0.9217391304347826,0.06779661016949146,0.05084745762711862,0.05084745762711862,True
Reddit-S,42,terminal,4,59,177,0.9152542372881356,1.0,0.9152542372881356,0.9557522123893806,0.06779661016949146,0.05084745762711862,0.05084745762711862,True
Reddit-S,42,uniform,4,59,177,0.9661016949152542,0.9827586206896551,0.9661016949152542,0.9743589743589743,0.06779661016949146,0.05084745762711862,0.05084745762711862,True
Reddit-S,42,gpr,4,59,177,0.9661016949152542,0.9827586206896551,0.9661016949152542,0.9743589743589743,0.06779661016949146,0.05084745762711862,0.05084745762711862,True
Reddit-S,42,text_uniform,4,59,177,0.9152542372881356,0.9473684210526315,0.9152542372881356,0.9310344827586207,0.06779661016949146,0.05084745762711862,0.05084745762711862,True
Reddit-S,42,visual_uniform,4,59,177,0.8983050847457628,1.0,0.8983050847457628,0.9464285714285714,0.06779661016949146,0.05084745762711862,0.05084745762711862,True
Reddit-S,42,self,5,228,685,0.9385964912280702,0.9771689497716894,0.9385964912280702,0.9574944071588367,0.03508771929824561,-0.004385964912280715,-0.004385964912280715,True
Reddit-S,42,terminal,5,228,685,0.9780701754385965,0.9737991266375546,0.9780701754385965,0.975929978118162,0.03508771929824561,-0.004385964912280715,-0.004385964912280715,True
Reddit-S,42,uniform,5,228,685,0.9736842105263158,0.9779735682819384,0.9736842105263158,0.9758241758241758,0.03508771929824561,-0.004385964912280715,-0.004385964912280715,True
Reddit-S,42,gpr,5,228,685,0.9736842105263158,0.9736842105263158,0.9736842105263158,0.9736842105263158,0.03508771929824561,-0.004385964912280715,-0.004385964912280715,True
Reddit-S,42,text_uniform,5,228,685,0.9780701754385965,0.9695652173913043,0.9780701754385965,0.9737991266375546,0.03508771929824561,-0.004385964912280715,-0.004385964912280715,True
Reddit-S,42,visual_uniform,5,228,685,0.9429824561403509,0.9907834101382489,0.9429824561403509,0.9662921348314607,0.03508771929824561,-0.004385964912280715,-0.004385964912280715,True
Reddit-S,42,self,6,205,614,0.9024390243902439,0.9158415841584159,0.9024390243902439,0.9090909090909091,0.04390243902439017,0.03902439024390236,0.014634146341463317,True
Reddit-S,42,terminal,6,205,614,0.9073170731707317,0.9073170731707317,0.9073170731707317,0.9073170731707317,0.04390243902439017,0.03902439024390236,0.014634146341463317,True
Reddit-S,42,uniform,6,205,614,0.9463414634146341,0.9371980676328503,0.9463414634146341,0.941747572815534,0.04390243902439017,0.03902439024390236,0.014634146341463317,True
Reddit-S,42,gpr,6,205,614,0.9463414634146341,0.941747572815534,0.9463414634146341,0.9440389294403893,0.04390243902439017,0.03902439024390236,0.014634146341463317,True
Reddit-S,42,text_uniform,6,205,614,0.8829268292682927,0.905,0.8829268292682927,0.8938271604938272,0.04390243902439017,0.03902439024390236,0.014634146341463317,True
Reddit-S,42,visual_uniform,6,205,614,0.9317073170731708,0.9362745098039216,0.9317073170731708,0.9339853300733496,0.04390243902439017,0.03902439024390236,0.014634146341463317,True
Reddit-S,42,self,7,57,172,0.8771929824561403,0.7936507936507936,0.8771929824561403,0.8333333333333334,-0.03508771929824561,0.10526315789473684,-0.01754385964912286,True
Reddit-S,42,terminal,7,57,172,0.7368421052631579,0.875,0.7368421052631579,0.8,-0.03508771929824561,0.10526315789473684,-0.01754385964912286,True
Reddit-S,42,uniform,7,57,172,0.8421052631578947,0.8888888888888888,0.8421052631578947,0.8648648648648649,-0.03508771929824561,0.10526315789473684,-0.01754385964912286,True
Reddit-S,42,gpr,7,57,172,0.8421052631578947,0.8888888888888888,0.8421052631578947,0.8648648648648649,-0.03508771929824561,0.10526315789473684,-0.01754385964912286,True
Reddit-S,42,text_uniform,7,57,172,0.7192982456140351,0.8541666666666666,0.7192982456140351,0.780952380952381,-0.03508771929824561,0.10526315789473684,-0.01754385964912286,True
Reddit-S,42,visual_uniform,7,57,172,0.8596491228070176,0.9074074074074074,0.8596491228070176,0.8828828828828829,-0.03508771929824561,0.10526315789473684,-0.01754385964912286,True
Reddit-S,42,self,8,241,722,0.979253112033195,0.959349593495935,0.979253112033195,0.9691991786447639,0.012448132780083054,0.049792531120331995,0.008298755186722073,True
Reddit-S,42,terminal,8,241,722,0.941908713692946,0.9537815126050421,0.941908713692946,0.9478079331941545,0.012448132780083054,0.049792531120331995,0.008298755186722073,True
Reddit-S,42,uniform,8,241,722,0.991701244813278,0.9715447154471545,0.991701244813278,0.9815195071868583,0.012448132780083054,0.049792531120331995,0.008298755186722073,True
Reddit-S,42,gpr,8,241,722,0.991701244813278,0.9676113360323887,0.991701244813278,0.9795081967213115,0.012448132780083054,0.049792531120331995,0.008298755186722073,True
Reddit-S,42,text_uniform,8,241,722,0.983402489626556,0.9367588932806324,0.983402489626556,0.9595141700404858,0.012448132780083054,0.049792531120331995,0.008298755186722073,True
Reddit-S,42,visual_uniform,8,241,722,0.979253112033195,0.9672131147540983,0.979253112033195,0.9731958762886598,0.012448132780083054,0.049792531120331995,0.008298755186722073,True
Reddit-S,42,self,9,197,590,0.9644670050761421,0.9693877551020408,0.9644670050761421,0.9669211195928753,0.02030456852791873,0.0,0.030456852791878153,True
Reddit-S,42,terminal,9,197,590,0.9847715736040609,0.9603960396039604,0.9847715736040609,0.9724310776942355,0.02030456852791873,0.0,0.030456852791878153,True
Reddit-S,42,uniform,9,197,590,0.9847715736040609,0.9797979797979798,0.9847715736040609,0.9822784810126582,0.02030456852791873,0.0,0.030456852791878153,True
Reddit-S,42,gpr,9,197,590,0.9847715736040609,0.9797979797979798,0.9847715736040609,0.9822784810126582,0.02030456852791873,0.0,0.030456852791878153,True
Reddit-S,42,text_uniform,9,197,590,0.9543147208121827,0.9690721649484536,0.9543147208121827,0.9616368286445013,0.02030456852791873,0.0,0.030456852791878153,True
Reddit-S,42,visual_uniform,9,197,590,0.9543147208121827,0.9791666666666666,0.9543147208121827,0.9665809768637532,0.02030456852791873,0.0,0.030456852791878153,True
Reddit-S,42,self,10,53,161,0.5471698113207547,0.6041666666666666,0.5471698113207547,0.5742574257425742,0.05660377358490565,0.0,-0.15094339622641517,True
Reddit-S,42,terminal,10,53,161,0.6037735849056604,0.7619047619047619,0.6037735849056604,0.6736842105263158,0.05660377358490565,0.0,-0.15094339622641517,True
Reddit-S,42,uniform,10,53,161,0.6037735849056604,0.8205128205128205,0.6037735849056604,0.6956521739130435,0.05660377358490565,0.0,-0.15094339622641517,True
Reddit-S,42,gpr,10,53,161,0.6226415094339622,0.8048780487804879,0.6226415094339622,0.7021276595744681,0.05660377358490565,0.0,-0.15094339622641517,True
Reddit-S,42,text_uniform,10,53,161,0.6415094339622641,0.8292682926829268,0.6415094339622641,0.723404255319149,0.05660377358490565,0.0,-0.15094339622641517,True
Reddit-S,42,visual_uniform,10,53,161,0.7547169811320755,0.7843137254901961,0.7547169811320755,0.7692307692307693,0.05660377358490565,0.0,-0.15094339622641517,True
Reddit-S,42,self,11,141,422,0.8368794326241135,0.8428571428571429,0.8368794326241135,0.8398576512455516,0.07801418439716312,0.028368794326241176,0.0,True
Reddit-S,42,terminal,11,141,422,0.8865248226950354,0.9191176470588235,0.8865248226950354,0.9025270758122743,0.07801418439716312,0.028368794326241176,0.0,True
Reddit-S,42,uniform,11,141,422,0.9148936170212766,0.9555555555555556,0.9148936170212766,0.9347826086956522,0.07801418439716312,0.028368794326241176,0.0,True
Reddit-S,42,gpr,11,141,422,0.9148936170212766,0.9416058394160584,0.9148936170212766,0.9280575539568345,0.07801418439716312,0.028368794326241176,0.0,True
Reddit-S,42,text_uniform,11,141,422,0.9148936170212766,0.9416058394160584,0.9148936170212766,0.9280575539568345,0.07801418439716312,0.028368794326241176,0.0,True
Reddit-S,42,visual_uniform,11,141,422,0.8723404255319149,0.917910447761194,0.8723404255319149,0.8945454545454545,0.07801418439716312,0.028368794326241176,0.0,True
Reddit-S,42,self,12,166,497,0.9759036144578314,0.9585798816568047,0.9759036144578314,0.9671641791044776,0.02409638554216864,0.01807228915662651,0.01807228915662651,True
Reddit-S,42,terminal,12,166,497,0.9819277108433735,0.9314285714285714,0.9819277108433735,0.9560117302052786,0.02409638554216864,0.01807228915662651,0.01807228915662651,True
Reddit-S,42,uniform,12,166,497,1.0,0.9485714285714286,1.0,0.9736070381231672,0.02409638554216864,0.01807228915662651,0.01807228915662651,True
Reddit-S,42,gpr,12,166,497,1.0,0.9485714285714286,1.0,0.9736070381231672,0.02409638554216864,0.01807228915662651,0.01807228915662651,True
Reddit-S,42,text_uniform,12,166,497,0.9819277108433735,0.9261363636363636,0.9819277108433735,0.9532163742690059,0.02409638554216864,0.01807228915662651,0.01807228915662651,True
Reddit-S,42,visual_uniform,12,166,497,0.9759036144578314,0.9585798816568047,0.9759036144578314,0.9671641791044776,0.02409638554216864,0.01807228915662651,0.01807228915662651,True
Reddit-S,42,self,13,31,94,0.22580645161290322,0.4666666666666667,0.22580645161290322,0.30434782608695654,0.0967741935483871,-0.03225806451612906,-0.12903225806451613,True
Reddit-S,42,terminal,13,31,94,0.3548387096774194,0.7333333333333333,0.3548387096774194,0.4782608695652174,0.0967741935483871,-0.03225806451612906,-0.12903225806451613,True
Reddit-S,42,uniform,13,31,94,0.3225806451612903,0.7142857142857143,0.3225806451612903,0.4444444444444444,0.0967741935483871,-0.03225806451612906,-0.12903225806451613,True
Reddit-S,42,gpr,13,31,94,0.3225806451612903,0.7142857142857143,0.3225806451612903,0.4444444444444444,0.0967741935483871,-0.03225806451612906,-0.12903225806451613,True
Reddit-S,42,text_uniform,13,31,94,0.45161290322580644,0.6666666666666666,0.45161290322580644,0.5384615384615384,0.0967741935483871,-0.03225806451612906,-0.12903225806451613,True
Reddit-S,42,visual_uniform,13,31,94,0.41935483870967744,0.9285714285714286,0.41935483870967744,0.5777777777777777,0.0967741935483871,-0.03225806451612906,-0.12903225806451613,True
Reddit-S,42,self,14,229,687,0.9344978165938864,0.9344978165938864,0.9344978165938864,0.9344978165938864,0.048034934497816595,-0.004366812227074246,0.013100436681222627,True
Reddit-S,42,terminal,14,229,687,0.9868995633187773,0.9868995633187773,0.9868995633187773,0.9868995633187773,0.048034934497816595,-0.004366812227074246,0.013100436681222627,True
Reddit-S,42,uniform,14,229,687,0.982532751091703,0.995575221238938,0.982532751091703,0.989010989010989,0.048034934497816595,-0.004366812227074246,0.013100436681222627,True
Reddit-S,42,gpr,14,229,687,0.9868995633187773,0.9955947136563876,0.9868995633187773,0.9912280701754386,0.048034934497816595,-0.004366812227074246,0.013100436681222627,True
Reddit-S,42,text_uniform,14,229,687,0.9475982532751092,0.9601769911504425,0.9475982532751092,0.9538461538461539,0.048034934497816595,-0.004366812227074246,0.013100436681222627,True
Reddit-S,42,visual_uniform,14,229,687,0.9694323144104804,0.9910714285714286,0.9694323144104804,0.9801324503311258,0.048034934497816595,-0.004366812227074246,0.013100436681222627,True
Reddit-S,42,self,15,158,474,0.8670886075949367,0.8726114649681529,0.8670886075949367,0.8698412698412699,0.06329113924050633,0.03164556962025311,0.03164556962025311,True
Reddit-S,42,terminal,15,158,474,0.8987341772151899,0.8819875776397516,0.8987341772151899,0.890282131661442,0.06329113924050633,0.03164556962025311,0.03164556962025311,True
Reddit-S,42,uniform,15,158,474,0.930379746835443,0.8909090909090909,0.930379746835443,0.9102167182662538,0.06329113924050633,0.03164556962025311,0.03164556962025311,True
Reddit-S,42,gpr,15,158,474,0.9367088607594937,0.891566265060241,0.9367088607594937,0.9135802469135802,0.06329113924050633,0.03164556962025311,0.03164556962025311,True
Reddit-S,42,text_uniform,15,158,474,0.8544303797468354,0.8598726114649682,0.8544303797468354,0.8571428571428571,0.06329113924050633,0.03164556962025311,0.03164556962025311,True
Reddit-S,42,visual_uniform,15,158,474,0.8987341772151899,0.8819875776397516,0.8987341772151899,0.890282131661442,0.06329113924050633,0.03164556962025311,0.03164556962025311,True
Reddit-S,42,self,16,272,815,0.9705882352941176,0.9496402877697842,0.9705882352941176,0.96,0.018382352941176516,0.018382352941176516,0.018382352941176516,True
Reddit-S,42,terminal,16,272,815,0.9705882352941176,0.9777777777777777,0.9705882352941176,0.974169741697417,0.018382352941176516,0.018382352941176516,0.018382352941176516,True
Reddit-S,42,uniform,16,272,815,0.9889705882352942,0.9853479853479854,0.9889705882352942,0.9871559633027523,0.018382352941176516,0.018382352941176516,0.018382352941176516,True
Reddit-S,42,gpr,16,272,815,0.9852941176470589,0.988929889298893,0.9852941176470589,0.9871086556169429,0.018382352941176516,0.018382352941176516,0.018382352941176516,True
Reddit-S,42,text_uniform,16,272,815,0.9669117647058824,0.9669117647058824,0.9669117647058824,0.9669117647058824,0.018382352941176516,0.018382352941176516,0.018382352941176516,True
Reddit-S,42,visual_uniform,16,272,815,0.9705882352941176,0.9850746268656716,0.9705882352941176,0.9777777777777777,0.018382352941176516,0.018382352941176516,0.018382352941176516,True
Reddit-S,42,self,17,154,463,0.974025974025974,0.9433962264150944,0.974025974025974,0.9584664536741214,-0.01948051948051943,0.006493506493506551,0.025974025974025983,True
Reddit-S,42,terminal,17,154,463,0.948051948051948,0.8902439024390244,0.948051948051948,0.9182389937106918,-0.01948051948051943,0.006493506493506551,0.025974025974025983,True
Reddit-S,42,uniform,17,154,463,0.9545454545454546,0.9671052631578947,0.9545454545454546,0.9607843137254902,-0.01948051948051943,0.006493506493506551,0.025974025974025983,True
Reddit-S,42,gpr,17,154,463,0.948051948051948,0.9668874172185431,0.948051948051948,0.9573770491803278,-0.01948051948051943,0.006493506493506551,0.025974025974025983,True
Reddit-S,42,text_uniform,17,154,463,0.9285714285714286,0.89937106918239,0.9285714285714286,0.9137380191693291,-0.01948051948051943,0.006493506493506551,0.025974025974025983,True
Reddit-S,42,visual_uniform,17,154,463,0.922077922077922,0.9594594594594594,0.922077922077922,0.9403973509933775,-0.01948051948051943,0.006493506493506551,0.025974025974025983,True
Reddit-S,42,self,18,264,791,0.9962121212121212,0.9704797047970479,0.9962121212121212,0.983177570093458,0.0,0.0037878787878787845,0.0,True
Reddit-S,42,terminal,18,264,791,0.9924242424242424,0.9886792452830189,0.9924242424242424,0.9905482041587902,0.0,0.0037878787878787845,0.0,True
Reddit-S,42,uniform,18,264,791,0.9962121212121212,0.9924528301886792,0.9962121212121212,0.994328922495274,0.0,0.0037878787878787845,0.0,True
Reddit-S,42,gpr,18,264,791,0.9962121212121212,0.9924528301886792,0.9962121212121212,0.994328922495274,0.0,0.0037878787878787845,0.0,True
Reddit-S,42,text_uniform,18,264,791,0.9924242424242424,0.9961977186311787,0.9924242424242424,0.9943074003795066,0.0,0.0037878787878787845,0.0,True
Reddit-S,42,visual_uniform,18,264,791,0.9962121212121212,0.7514285714285714,0.9962121212121212,0.8566775244299675,0.0,0.0037878787878787845,0.0,True
Reddit-S,42,self,19,249,746,0.9437751004016064,0.94,0.9437751004016064,0.9418837675350702,0.052208835341365445,0.004016064257028051,0.004016064257028051,True
Reddit-S,42,terminal,19,249,746,0.9919678714859438,0.9610894941634242,0.9919678714859438,0.9762845849802372,0.052208835341365445,0.004016064257028051,0.004016064257028051,True
Reddit-S,42,uniform,19,249,746,0.9959839357429718,0.96875,0.9959839357429718,0.9821782178217822,0.052208835341365445,0.004016064257028051,0.004016064257028051,True
Reddit-S,42,gpr,19,249,746,0.9959839357429718,0.96875,0.9959839357429718,0.9821782178217822,0.052208835341365445,0.004016064257028051,0.004016064257028051,True
Reddit-S,42,text_uniform,19,249,746,0.9919678714859438,0.9250936329588015,0.9919678714859438,0.9573643410852714,0.052208835341365445,0.004016064257028051,0.004016064257028051,True
Reddit-S,42,visual_uniform,19,249,746,0.9678714859437751,0.9757085020242915,0.9678714859437751,0.9717741935483871,0.052208835341365445,0.004016064257028051,0.004016064257028051,True
Reddit-S,43,self,0,72,215,0.9305555555555556,0.9571428571428572,0.9305555555555556,0.9436619718309859,0.05555555555555558,-0.01388888888888884,0.02777777777777779,True
Reddit-S,43,terminal,0,72,215,1.0,0.96,1.0,0.9795918367346939,0.05555555555555558,-0.01388888888888884,0.02777777777777779,True
Reddit-S,43,uniform,0,72,215,0.9861111111111112,1.0,0.9861111111111112,0.993006993006993,0.05555555555555558,-0.01388888888888884,0.02777777777777779,True
Reddit-S,43,gpr,0,72,215,0.9861111111111112,1.0,0.9861111111111112,0.993006993006993,0.05555555555555558,-0.01388888888888884,0.02777777777777779,True
Reddit-S,43,text_uniform,0,72,215,0.9583333333333334,0.9857142857142858,0.9583333333333334,0.971830985915493,0.05555555555555558,-0.01388888888888884,0.02777777777777779,True
Reddit-S,43,visual_uniform,0,72,215,0.9444444444444444,0.9855072463768116,0.9444444444444444,0.9645390070921985,0.05555555555555558,-0.01388888888888884,0.02777777777777779,True
Reddit-S,43,self,1,166,497,0.9698795180722891,0.9583333333333334,0.9698795180722891,0.9640718562874252,0.030120481927710885,0.0,0.0060240963855421326,True
Reddit-S,43,terminal,1,166,497,1.0,0.9707602339181286,1.0,0.9851632047477745,0.030120481927710885,0.0,0.0060240963855421326,True
Reddit-S,43,uniform,1,166,497,1.0,0.9822485207100592,1.0,0.991044776119403,0.030120481927710885,0.0,0.0060240963855421326,True
Reddit-S,43,gpr,1,166,497,1.0,0.9880952380952381,1.0,0.9940119760479041,0.030120481927710885,0.0,0.0060240963855421326,True
Reddit-S,43,text_uniform,1,166,497,0.9939759036144579,0.9880239520958084,0.9939759036144579,0.990990990990991,0.030120481927710885,0.0,0.0060240963855421326,True
Reddit-S,43,visual_uniform,1,166,497,0.9819277108433735,0.9702380952380952,0.9819277108433735,0.9760479041916168,0.030120481927710885,0.0,0.0060240963855421326,True
Reddit-S,43,self,2,153,461,0.9869281045751634,0.9741935483870968,0.9869281045751634,0.9805194805194806,0.013071895424836555,0.0,0.006535947712418277,True
Reddit-S,43,terminal,2,153,461,1.0,0.9935064935064936,1.0,0.996742671009772,0.013071895424836555,0.0,0.006535947712418277,True
Reddit-S,43,uniform,2,153,461,1.0,0.9935064935064936,1.0,0.996742671009772,0.013071895424836555,0.0,0.006535947712418277,True
Reddit-S,43,gpr,2,153,461,1.0,0.9935064935064936,1.0,0.996742671009772,0.013071895424836555,0.0,0.006535947712418277,True
Reddit-S,43,text_uniform,2,153,461,0.9934640522875817,0.9934640522875817,0.9934640522875817,0.9934640522875817,0.013071895424836555,0.0,0.006535947712418277,True
Reddit-S,43,visual_uniform,2,153,461,0.9869281045751634,0.993421052631579,0.9869281045751634,0.9901639344262295,0.013071895424836555,0.0,0.006535947712418277,True
Reddit-S,43,self,3,84,253,0.9166666666666666,0.7857142857142857,0.9166666666666666,0.8461538461538461,0.023809523809523836,-0.011904761904761862,-0.011904761904761862,True
Reddit-S,43,terminal,3,84,253,0.9523809523809523,0.8695652173913043,0.9523809523809523,0.9090909090909091,0.023809523809523836,-0.011904761904761862,-0.011904761904761862,True
Reddit-S,43,uniform,3,84,253,0.9404761904761905,0.8777777777777778,0.9404761904761905,0.9080459770114943,0.023809523809523836,-0.011904761904761862,-0.011904761904761862,True
Reddit-S,43,gpr,3,84,253,0.9523809523809523,0.8888888888888888,0.9523809523809523,0.9195402298850575,0.023809523809523836,-0.011904761904761862,-0.011904761904761862,True
Reddit-S,43,text_uniform,3,84,253,0.9523809523809523,0.9302325581395349,0.9523809523809523,0.9411764705882353,0.023809523809523836,-0.011904761904761862,-0.011904761904761862,True
Reddit-S,43,visual_uniform,3,84,253,0.7619047619047619,0.9142857142857143,0.7619047619047619,0.8311688311688312,0.023809523809523836,-0.011904761904761862,-0.011904761904761862,True
Reddit-S,43,self,4,59,177,0.9491525423728814,0.9180327868852459,0.9491525423728814,0.9333333333333333,0.05084745762711862,0.016949152542372836,0.06779661016949157,True
Reddit-S,43,terminal,4,59,177,0.9830508474576272,1.0,0.9830508474576272,0.9914529914529915,0.05084745762711862,0.016949152542372836,0.06779661016949157,True
Reddit-S,43,uniform,4,59,177,1.0,1.0,1.0,1.0,0.05084745762711862,0.016949152542372836,0.06779661016949157,True
Reddit-S,43,gpr,4,59,177,1.0,1.0,1.0,1.0,0.05084745762711862,0.016949152542372836,0.06779661016949157,True
Reddit-S,43,text_uniform,4,59,177,0.9322033898305084,0.9821428571428571,0.9322033898305084,0.9565217391304348,0.05084745762711862,0.016949152542372836,0.06779661016949157,True
Reddit-S,43,visual_uniform,4,59,177,0.8813559322033898,0.9629629629629629,0.8813559322033898,0.9203539823008849,0.05084745762711862,0.016949152542372836,0.06779661016949157,True
Reddit-S,43,self,5,228,685,0.9780701754385965,0.9737991266375546,0.9780701754385965,0.975929978118162,0.013157894736842035,0.013157894736842035,0.021929824561403466,True
Reddit-S,43,terminal,5,228,685,0.9780701754385965,0.9780701754385965,0.9780701754385965,0.9780701754385965,0.013157894736842035,0.013157894736842035,0.021929824561403466,True
Reddit-S,43,uniform,5,228,685,0.9912280701754386,0.9868995633187773,0.9912280701754386,0.9890590809628009,0.013157894736842035,0.013157894736842035,0.021929824561403466,True
Reddit-S,43,gpr,5,228,685,0.9912280701754386,0.9868995633187773,0.9912280701754386,0.9890590809628009,0.013157894736842035,0.013157894736842035,0.021929824561403466,True
Reddit-S,43,text_uniform,5,228,685,0.9692982456140351,0.9866071428571429,0.9692982456140351,0.9778761061946902,0.013157894736842035,0.013157894736842035,0.021929824561403466,True
Reddit-S,43,visual_uniform,5,228,685,0.956140350877193,0.9864253393665159,0.956140350877193,0.9710467706013363,0.013157894736842035,0.013157894736842035,0.021929824561403466,True
Reddit-S,43,self,6,205,614,0.9609756097560975,0.9205607476635514,0.9609756097560975,0.9403341288782816,0.034146341463414664,0.0536585365853659,0.029268292682926855,True
Reddit-S,43,terminal,6,205,614,0.9414634146341463,0.9234449760765551,0.9414634146341463,0.9323671497584541,0.034146341463414664,0.0536585365853659,0.029268292682926855,True
Reddit-S,43,uniform,6,205,614,0.9951219512195122,0.9400921658986175,0.9951219512195122,0.966824644549763,0.034146341463414664,0.0536585365853659,0.029268292682926855,True
Reddit-S,43,gpr,6,205,614,0.9951219512195122,0.9444444444444444,0.9951219512195122,0.9691211401425178,0.034146341463414664,0.0536585365853659,0.029268292682926855,True
Reddit-S,43,text_uniform,6,205,614,0.9658536585365853,0.9428571428571428,0.9658536585365853,0.9542168674698795,0.034146341463414664,0.0536585365853659,0.029268292682926855,True
Reddit-S,43,visual_uniform,6,205,614,0.9658536585365853,0.9565217391304348,0.9658536585365853,0.9611650485436893,0.034146341463414664,0.0536585365853659,0.029268292682926855,True
Reddit-S,43,self,7,57,172,0.8070175438596491,0.9019607843137255,0.8070175438596491,0.8518518518518519,0.08771929824561409,0.08771929824561409,0.03508771929824561,True
Reddit-S,43,terminal,7,57,172,0.8070175438596491,0.8846153846153846,0.8070175438596491,0.8440366972477065,0.08771929824561409,0.08771929824561409,0.03508771929824561,True
Reddit-S,43,uniform,7,57,172,0.8947368421052632,0.9622641509433962,0.8947368421052632,0.9272727272727272,0.08771929824561409,0.08771929824561409,0.03508771929824561,True
Reddit-S,43,gpr,7,57,172,0.8947368421052632,0.9622641509433962,0.8947368421052632,0.9272727272727272,0.08771929824561409,0.08771929824561409,0.03508771929824561,True
Reddit-S,43,text_uniform,7,57,172,0.8596491228070176,0.9607843137254902,0.8596491228070176,0.9074074074074074,0.08771929824561409,0.08771929824561409,0.03508771929824561,True
Reddit-S,43,visual_uniform,7,57,172,0.8596491228070176,0.9074074074074074,0.8596491228070176,0.8828828828828829,0.08771929824561409,0.08771929824561409,0.03508771929824561,True
Reddit-S,43,self,8,241,722,0.975103734439834,0.9670781893004116,0.975103734439834,0.9710743801652892,0.020746887966805017,0.06639004149377592,0.020746887966805017,True
Reddit-S,43,terminal,8,241,722,0.9294605809128631,0.9739130434782609,0.9294605809128631,0.9511677282377919,0.020746887966805017,0.06639004149377592,0.020746887966805017,True
Reddit-S,43,uniform,8,241,722,0.995850622406639,0.9836065573770492,0.995850622406639,0.9896907216494846,0.020746887966805017,0.06639004149377592,0.020746887966805017,True
Reddit-S,43,gpr,8,241,722,0.995850622406639,0.9836065573770492,0.995850622406639,0.9896907216494846,0.020746887966805017,0.06639004149377592,0.020746887966805017,True
Reddit-S,43,text_uniform,8,241,722,0.975103734439834,0.9791666666666666,0.975103734439834,0.9771309771309772,0.020746887966805017,0.06639004149377592,0.020746887966805017,True
Reddit-S,43,visual_uniform,8,241,722,0.975103734439834,0.9791666666666666,0.975103734439834,0.9771309771309772,0.020746887966805017,0.06639004149377592,0.020746887966805017,True
Reddit-S,43,self,9,197,590,0.9796954314720813,0.9698492462311558,0.9796954314720813,0.9747474747474747,0.01015228426395931,0.02030456852791873,0.005076142131979711,True
Reddit-S,43,terminal,9,197,590,0.9695431472081218,0.9695431472081218,0.9695431472081218,0.9695431472081218,0.01015228426395931,0.02030456852791873,0.005076142131979711,True
Reddit-S,43,uniform,9,197,590,0.9898477157360406,0.9848484848484849,0.9898477157360406,0.9873417721518988,0.01015228426395931,0.02030456852791873,0.005076142131979711,True
Reddit-S,43,gpr,9,197,590,0.9898477157360406,0.9898477157360406,0.9898477157360406,0.9898477157360406,0.01015228426395931,0.02030456852791873,0.005076142131979711,True
Reddit-S,43,text_uniform,9,197,590,0.9847715736040609,0.9897959183673469,0.9847715736040609,0.9872773536895675,0.01015228426395931,0.02030456852791873,0.005076142131979711,True
Reddit-S,43,visual_uniform,9,197,590,0.9593908629441624,0.984375,0.9593908629441624,0.9717223650385605,0.01015228426395931,0.02030456852791873,0.005076142131979711,True
Reddit-S,43,self,10,54,161,0.5,0.7714285714285715,0.5,0.6067415730337079,0.2962962962962963,0.01851851851851849,-0.11111111111111116,True
Reddit-S,43,terminal,10,54,161,0.7777777777777778,0.8571428571428571,0.7777777777777778,0.8155339805825242,0.2962962962962963,0.01851851851851849,-0.11111111111111116,True
Reddit-S,43,uniform,10,54,161,0.7962962962962963,0.8775510204081632,0.7962962962962963,0.8349514563106796,0.2962962962962963,0.01851851851851849,-0.11111111111111116,True
Reddit-S,43,gpr,10,54,161,0.8148148148148148,0.8979591836734694,0.8148148148148148,0.8543689320388349,0.2962962962962963,0.01851851851851849,-0.11111111111111116,True
Reddit-S,43,text_uniform,10,54,161,0.9074074074074074,0.8596491228070176,0.9074074074074074,0.8828828828828829,0.2962962962962963,0.01851851851851849,-0.11111111111111116,True
Reddit-S,43,visual_uniform,10,54,161,0.7592592592592593,0.8913043478260869,0.7592592592592593,0.82,0.2962962962962963,0.01851851851851849,-0.11111111111111116,True
Reddit-S,43,self,11,141,422,0.900709219858156,0.900709219858156,0.900709219858156,0.900709219858156,0.05673758865248235,0.007092198581560294,-0.014184397163120477,True
Reddit-S,43,terminal,11,141,422,0.950354609929078,0.8933333333333333,0.950354609929078,0.9209621993127147,0.05673758865248235,0.007092198581560294,-0.014184397163120477,True
Reddit-S,43,uniform,11,141,422,0.9574468085106383,0.9507042253521126,0.9574468085106383,0.9540636042402827,0.05673758865248235,0.007092198581560294,-0.014184397163120477,True
Reddit-S,43,gpr,11,141,422,0.9645390070921985,0.951048951048951,0.9645390070921985,0.9577464788732394,0.05673758865248235,0.007092198581560294,-0.014184397163120477,True
Reddit-S,43,text_uniform,11,141,422,0.9716312056737588,0.958041958041958,0.9716312056737588,0.9647887323943662,0.05673758865248235,0.007092198581560294,-0.014184397163120477,True
Reddit-S,43,visual_uniform,11,141,422,0.9290780141843972,0.903448275862069,0.9290780141843972,0.916083916083916,0.05673758865248235,0.007092198581560294,-0.014184397163120477,True
Reddit-S,43,self,12,165,497,0.9818181818181818,0.9529411764705882,0.9818181818181818,0.9671641791044776,0.012121212121212088,0.030303030303030276,0.012121212121212088,True
Reddit-S,43,terminal,12,165,497,0.9636363636363636,0.9464285714285714,0.9636363636363636,0.954954954954955,0.012121212121212088,0.030303030303030276,0.012121212121212088,True
Reddit-S,43,uniform,12,165,497,0.9939393939393939,0.9647058823529412,0.9939393939393939,0.9791044776119403,0.012121212121212088,0.030303030303030276,0.012121212121212088,True
Reddit-S,43,gpr,12,165,497,0.9939393939393939,0.9647058823529412,0.9939393939393939,0.9791044776119403,0.012121212121212088,0.030303030303030276,0.012121212121212088,True
Reddit-S,43,text_uniform,12,165,497,0.9818181818181818,0.9529411764705882,0.9818181818181818,0.9671641791044776,0.012121212121212088,0.030303030303030276,0.012121212121212088,True
Reddit-S,43,visual_uniform,12,165,497,0.9636363636363636,0.9578313253012049,0.9636363636363636,0.9607250755287009,0.012121212121212088,0.030303030303030276,0.012121212121212088,True
Reddit-S,43,self,13,31,94,0.2903225806451613,0.47368421052631576,0.2903225806451613,0.36,0.12903225806451613,0.16129032258064518,-0.2258064516129032,True
Reddit-S,43,terminal,13,31,94,0.25806451612903225,0.8,0.25806451612903225,0.3902439024390244,0.12903225806451613,0.16129032258064518,-0.2258064516129032,True
Reddit-S,43,uniform,13,31,94,0.41935483870967744,0.9285714285714286,0.41935483870967744,0.5777777777777777,0.12903225806451613,0.16129032258064518,-0.2258064516129032,True
Reddit-S,43,gpr,13,31,94,0.4838709677419355,0.9375,0.4838709677419355,0.6382978723404256,0.12903225806451613,0.16129032258064518,-0.2258064516129032,True
Reddit-S,43,text_uniform,13,31,94,0.6451612903225806,0.8333333333333334,0.6451612903225806,0.7272727272727273,0.12903225806451613,0.16129032258064518,-0.2258064516129032,True
Reddit-S,43,visual_uniform,13,31,94,0.2903225806451613,1.0,0.2903225806451613,0.45,0.12903225806451613,0.16129032258064518,-0.2258064516129032,True
Reddit-S,43,self,14,229,687,0.9781659388646288,0.9781659388646288,0.9781659388646288,0.9781659388646288,0.02183406113537123,0.0,0.013100436681222738,True
Reddit-S,43,terminal,14,229,687,1.0,0.9870689655172413,1.0,0.9934924078091106,0.02183406113537123,0.0,0.013100436681222738,True
Reddit-S,43,uniform,14,229,687,1.0,0.9913419913419913,1.0,0.9956521739130435,0.02183406113537123,0.0,0.013100436681222738,True
Reddit-S,43,gpr,14,229,687,1.0,0.9913419913419913,1.0,0.9956521739130435,0.02183406113537123,0.0,0.013100436681222738,True
Reddit-S,43,text_uniform,14,229,687,0.9868995633187773,0.9783549783549783,0.9868995633187773,0.9826086956521739,0.02183406113537123,0.0,0.013100436681222738,True
Reddit-S,43,visual_uniform,14,229,687,0.9868995633187773,0.9912280701754386,0.9868995633187773,0.9890590809628009,0.02183406113537123,0.0,0.013100436681222738,True
Reddit-S,43,self,15,158,474,0.8860759493670886,0.9090909090909091,0.8860759493670886,0.8974358974358975,0.044303797468354444,0.044303797468354444,0.006329113924050556,True
Reddit-S,43,terminal,15,158,474,0.8860759493670886,0.9395973154362416,0.8860759493670886,0.9120521172638436,0.044303797468354444,0.044303797468354444,0.006329113924050556,True
Reddit-S,43,uniform,15,158,474,0.930379746835443,0.9865771812080537,0.930379746835443,0.9576547231270358,0.044303797468354444,0.044303797468354444,0.006329113924050556,True
Reddit-S,43,gpr,15,158,474,0.9367088607594937,0.9932885906040269,0.9367088607594937,0.9641693811074918,0.044303797468354444,0.044303797468354444,0.006329113924050556,True
Reddit-S,43,text_uniform,15,158,474,0.9240506329113924,0.9299363057324841,0.9240506329113924,0.926984126984127,0.044303797468354444,0.044303797468354444,0.006329113924050556,True
Reddit-S,43,visual_uniform,15,158,474,0.9050632911392406,0.9470198675496688,0.9050632911392406,0.9255663430420712,0.044303797468354444,0.044303797468354444,0.006329113924050556,True
Reddit-S,43,self,16,272,815,0.9779411764705882,0.9851851851851852,0.9779411764705882,0.981549815498155,0.018382352941176516,0.018382352941176516,0.011029411764705843,True
Reddit-S,43,terminal,16,272,815,0.9779411764705882,0.9888475836431226,0.9779411764705882,0.9833641404805915,0.018382352941176516,0.018382352941176516,0.011029411764705843,True
Reddit-S,43,uniform,16,272,815,0.9963235294117647,1.0,0.9963235294117647,0.998158379373849,0.018382352941176516,0.018382352941176516,0.011029411764705843,True
Reddit-S,43,gpr,16,272,815,0.9963235294117647,1.0,0.9963235294117647,0.998158379373849,0.018382352941176516,0.018382352941176516,0.011029411764705843,True
Reddit-S,43,text_uniform,16,272,815,0.9852941176470589,0.9852941176470589,0.9852941176470589,0.9852941176470589,0.018382352941176516,0.018382352941176516,0.011029411764705843,True
Reddit-S,43,visual_uniform,16,272,815,0.9779411764705882,1.0,0.9779411764705882,0.9888475836431226,0.018382352941176516,0.018382352941176516,0.011029411764705843,True
Reddit-S,43,self,17,154,463,0.9805194805194806,0.9556962025316456,0.9805194805194806,0.967948717948718,0.012987012987012991,0.006493506493506551,0.032467532467532534,True
Reddit-S,43,terminal,17,154,463,0.987012987012987,0.8888888888888888,0.987012987012987,0.9353846153846154,0.012987012987012991,0.006493506493506551,0.032467532467532534,True
Reddit-S,43,uniform,17,154,463,0.9935064935064936,0.9807692307692307,0.9935064935064936,0.9870967741935484,0.012987012987012991,0.006493506493506551,0.032467532467532534,True
Reddit-S,43,gpr,17,154,463,0.9935064935064936,0.9807692307692307,0.9935064935064936,0.9870967741935484,0.012987012987012991,0.006493506493506551,0.032467532467532534,True
Reddit-S,43,text_uniform,17,154,463,0.961038961038961,0.9487179487179487,0.961038961038961,0.9548387096774194,0.012987012987012991,0.006493506493506551,0.032467532467532534,True
Reddit-S,43,visual_uniform,17,154,463,0.948051948051948,0.9864864864864865,0.948051948051948,0.9668874172185431,0.012987012987012991,0.006493506493506551,0.032467532467532534,True
Reddit-S,43,self,18,264,791,1.0,0.9887640449438202,1.0,0.9943502824858758,0.0,0.0,0.0,True
Reddit-S,43,terminal,18,264,791,1.0,0.9962264150943396,1.0,0.998109640831758,0.0,0.0,0.0,True
Reddit-S,43,uniform,18,264,791,1.0,1.0,1.0,1.0,0.0,0.0,0.0,True
Reddit-S,43,gpr,18,264,791,1.0,1.0,1.0,1.0,0.0,0.0,0.0,True
Reddit-S,43,text_uniform,18,264,791,1.0,1.0,1.0,1.0,0.0,0.0,0.0,True
Reddit-S,43,visual_uniform,18,264,791,1.0,0.7564469914040115,1.0,0.8613376835236541,0.0,0.0,0.0,True
Reddit-S,43,self,19,249,746,0.9678714859437751,0.9717741935483871,0.9678714859437751,0.9698189134808853,0.028112449799196693,0.0,0.0,True
Reddit-S,43,terminal,19,249,746,0.9959839357429718,0.992,0.9959839357429718,0.9939879759519038,0.028112449799196693,0.0,0.0,True
Reddit-S,43,uniform,19,249,746,0.9959839357429718,0.9959839357429718,0.9959839357429718,0.9959839357429718,0.028112449799196693,0.0,0.0,True
Reddit-S,43,gpr,19,249,746,0.9959839357429718,0.9959839357429718,0.9959839357429718,0.9959839357429718,0.028112449799196693,0.0,0.0,True
Reddit-S,43,text_uniform,19,249,746,0.9959839357429718,0.9841269841269841,0.9959839357429718,0.9900199600798403,0.028112449799196693,0.0,0.0,True
Reddit-S,43,visual_uniform,19,249,746,0.9759036144578314,0.9959016393442623,0.9759036144578314,0.9858012170385395,0.028112449799196693,0.0,0.0,True
Reddit-S,44,self,0,72,215,0.9305555555555556,0.9305555555555556,0.9305555555555556,0.9305555555555556,0.04166666666666663,0.02777777777777779,-0.02777777777777779,True
Reddit-S,44,terminal,0,72,215,0.9444444444444444,0.9577464788732394,0.9444444444444444,0.951048951048951,0.04166666666666663,0.02777777777777779,-0.02777777777777779,True
Reddit-S,44,uniform,0,72,215,0.9722222222222222,0.9722222222222222,0.9722222222222222,0.9722222222222222,0.04166666666666663,0.02777777777777779,-0.02777777777777779,True
Reddit-S,44,gpr,0,72,215,0.9722222222222222,0.9722222222222222,0.9722222222222222,0.9722222222222222,0.04166666666666663,0.02777777777777779,-0.02777777777777779,True
Reddit-S,44,text_uniform,0,72,215,1.0,0.9863013698630136,1.0,0.993103448275862,0.04166666666666663,0.02777777777777779,-0.02777777777777779,True
Reddit-S,44,visual_uniform,0,72,215,0.9444444444444444,0.9577464788732394,0.9444444444444444,0.951048951048951,0.04166666666666663,0.02777777777777779,-0.02777777777777779,True
Reddit-S,44,self,1,166,497,0.9879518072289156,0.9761904761904762,0.9879518072289156,0.9820359281437125,0.0,0.0,0.0,True
Reddit-S,44,terminal,1,166,497,0.9879518072289156,0.9647058823529412,0.9879518072289156,0.9761904761904762,0.0,0.0,0.0,True
Reddit-S,44,uniform,1,166,497,0.9879518072289156,1.0,0.9879518072289156,0.9939393939393939,0.0,0.0,0.0,True
Reddit-S,44,gpr,1,166,497,0.9939759036144579,0.9939759036144579,0.9939759036144579,0.9939759036144579,0.0,0.0,0.0,True
Reddit-S,44,text_uniform,1,166,497,0.9879518072289156,0.9820359281437125,0.9879518072289156,0.984984984984985,0.0,0.0,0.0,True
Reddit-S,44,visual_uniform,1,166,497,0.9819277108433735,0.9644970414201184,0.9819277108433735,0.9731343283582089,0.0,0.0,0.0,True
Reddit-S,44,self,2,154,461,0.9675324675324676,0.9867549668874173,0.9675324675324676,0.9770491803278688,0.03246753246753242,0.00649350649350644,0.01948051948051943,True
Reddit-S,44,terminal,2,154,461,0.9935064935064936,0.9870967741935484,0.9935064935064936,0.9902912621359223,0.03246753246753242,0.00649350649350644,0.01948051948051943,True
Reddit-S,44,uniform,2,154,461,1.0,0.9935483870967742,1.0,0.9967637540453075,0.03246753246753242,0.00649350649350644,0.01948051948051943,True
Reddit-S,44,gpr,2,154,461,1.0,0.9935483870967742,1.0,0.9967637540453075,0.03246753246753242,0.00649350649350644,0.01948051948051943,True
Reddit-S,44,text_uniform,2,154,461,0.9805194805194806,0.9805194805194806,0.9805194805194806,0.9805194805194806,0.03246753246753242,0.00649350649350644,0.01948051948051943,True
Reddit-S,44,visual_uniform,2,154,461,0.974025974025974,0.9933774834437086,0.974025974025974,0.9836065573770492,0.03246753246753242,0.00649350649350644,0.01948051948051943,True
Reddit-S,44,self,3,84,253,0.9285714285714286,0.8478260869565217,0.9285714285714286,0.8863636363636364,-0.059523809523809534,-0.011904761904761862,-0.059523809523809534,True
Reddit-S,44,terminal,3,84,253,0.8809523809523809,0.9367088607594937,0.8809523809523809,0.9079754601226994,-0.059523809523809534,-0.011904761904761862,-0.059523809523809534,True
Reddit-S,44,uniform,3,84,253,0.8690476190476191,0.9240506329113924,0.8690476190476191,0.8957055214723927,-0.059523809523809534,-0.011904761904761862,-0.059523809523809534,True
Reddit-S,44,gpr,3,84,253,0.8809523809523809,0.925,0.8809523809523809,0.9024390243902439,-0.059523809523809534,-0.011904761904761862,-0.059523809523809534,True
Reddit-S,44,text_uniform,3,84,253,0.9285714285714286,0.9397590361445783,0.9285714285714286,0.9341317365269461,-0.059523809523809534,-0.011904761904761862,-0.059523809523809534,True
Reddit-S,44,visual_uniform,3,84,253,0.7619047619047619,0.9552238805970149,0.7619047619047619,0.847682119205298,-0.059523809523809534,-0.011904761904761862,-0.059523809523809534,True
Reddit-S,44,self,4,59,177,0.9491525423728814,0.9491525423728814,0.9491525423728814,0.9491525423728814,0.03389830508474578,0.0,0.016949152542372947,True
Reddit-S,44,terminal,4,59,177,0.9830508474576272,0.9666666666666667,0.9830508474576272,0.9747899159663865,0.03389830508474578,0.0,0.016949152542372947,True
Reddit-S,44,uniform,4,59,177,0.9830508474576272,0.9830508474576272,0.9830508474576272,0.9830508474576272,0.03389830508474578,0.0,0.016949152542372947,True
Reddit-S,44,gpr,4,59,177,0.9830508474576272,0.9830508474576272,0.9830508474576272,0.9830508474576272,0.03389830508474578,0.0,0.016949152542372947,True
Reddit-S,44,text_uniform,4,59,177,0.9661016949152542,0.9827586206896551,0.9661016949152542,0.9743589743589743,0.03389830508474578,0.0,0.016949152542372947,True
Reddit-S,44,visual_uniform,4,59,177,0.9322033898305084,0.9821428571428571,0.9322033898305084,0.9565217391304348,0.03389830508474578,0.0,0.016949152542372947,True
Reddit-S,44,self,5,228,685,0.9649122807017544,0.9865470852017937,0.9649122807017544,0.975609756097561,0.03508771929824561,0.00877192982456143,0.004385964912280715,True
Reddit-S,44,terminal,5,228,685,0.9912280701754386,0.9868995633187773,0.9912280701754386,0.9890590809628009,0.03508771929824561,0.00877192982456143,0.004385964912280715,True
Reddit-S,44,uniform,5,228,685,1.0,1.0,1.0,1.0,0.03508771929824561,0.00877192982456143,0.004385964912280715,True
Reddit-S,44,gpr,5,228,685,0.9956140350877193,1.0,0.9956140350877193,0.9978021978021978,0.03508771929824561,0.00877192982456143,0.004385964912280715,True
Reddit-S,44,text_uniform,5,228,685,0.9956140350877193,0.9869565217391304,0.9956140350877193,0.9912663755458515,0.03508771929824561,0.00877192982456143,0.004385964912280715,True
Reddit-S,44,visual_uniform,5,228,685,0.9605263157894737,1.0,0.9605263157894737,0.9798657718120806,0.03508771929824561,0.00877192982456143,0.004385964912280715,True
Reddit-S,44,self,6,205,614,0.975609756097561,0.9569377990430622,0.975609756097561,0.966183574879227,0.014634146341463428,0.07804878048780484,0.019512195121951237,True
Reddit-S,44,terminal,6,205,614,0.9121951219512195,0.9303482587064676,0.9121951219512195,0.9211822660098522,0.014634146341463428,0.07804878048780484,0.019512195121951237,True
Reddit-S,44,uniform,6,205,614,0.9902439024390244,0.9806763285024155,0.9902439024390244,0.9854368932038835,0.014634146341463428,0.07804878048780484,0.019512195121951237,True
Reddit-S,44,gpr,6,205,614,0.9902439024390244,0.9854368932038835,0.9902439024390244,0.9878345498783455,0.014634146341463428,0.07804878048780484,0.019512195121951237,True
Reddit-S,44,text_uniform,6,205,614,0.9707317073170731,0.9521531100478469,0.9707317073170731,0.961352657004831,0.014634146341463428,0.07804878048780484,0.019512195121951237,True
Reddit-S,44,visual_uniform,6,205,614,0.9560975609756097,0.9560975609756097,0.9560975609756097,0.9560975609756097,0.014634146341463428,0.07804878048780484,0.019512195121951237,True
Reddit-S,44,self,7,57,172,0.8771929824561403,0.8928571428571429,0.8771929824561403,0.8849557522123894,-0.03508771929824561,0.07017543859649122,0.03508771929824561,True
Reddit-S,44,terminal,7,57,172,0.7719298245614035,0.8627450980392157,0.7719298245614035,0.8148148148148148,-0.03508771929824561,0.07017543859649122,0.03508771929824561,True
Reddit-S,44,uniform,7,57,172,0.8421052631578947,0.9230769230769231,0.8421052631578947,0.8807339449541285,-0.03508771929824561,0.07017543859649122,0.03508771929824561,True
Reddit-S,44,gpr,7,57,172,0.8421052631578947,0.9411764705882353,0.8421052631578947,0.8888888888888888,-0.03508771929824561,0.07017543859649122,0.03508771929824561,True
Reddit-S,44,text_uniform,7,57,172,0.8070175438596491,0.9787234042553191,0.8070175438596491,0.8846153846153846,-0.03508771929824561,0.07017543859649122,0.03508771929824561,True
Reddit-S,44,visual_uniform,7,57,172,0.8070175438596491,0.8846153846153846,0.8070175438596491,0.8440366972477065,-0.03508771929824561,0.07017543859649122,0.03508771929824561,True
Reddit-S,44,self,8,241,722,0.9875518672199171,0.9794238683127572,0.9875518672199171,0.9834710743801653,0.008298755186721962,0.020746887966805017,0.012448132780083054,True
Reddit-S,44,terminal,8,241,722,0.975103734439834,0.951417004048583,0.975103734439834,0.9631147540983607,0.008298755186721962,0.020746887966805017,0.012448132780083054,True
Reddit-S,44,uniform,8,241,722,0.995850622406639,0.9836065573770492,0.995850622406639,0.9896907216494846,0.008298755186721962,0.020746887966805017,0.012448132780083054,True
Reddit-S,44,gpr,8,241,722,0.995850622406639,0.9876543209876543,0.995850622406639,0.9917355371900827,0.008298755186721962,0.020746887966805017,0.012448132780083054,True
Reddit-S,44,text_uniform,8,241,722,0.983402489626556,0.9713114754098361,0.983402489626556,0.977319587628866,0.008298755186721962,0.020746887966805017,0.012448132780083054,True
Reddit-S,44,visual_uniform,8,241,722,0.975103734439834,0.9915611814345991,0.975103734439834,0.9832635983263598,0.008298755186721962,0.020746887966805017,0.012448132780083054,True
Reddit-S,44,self,9,197,590,0.9949238578680203,0.98989898989899,0.9949238578680203,0.9924050632911392,-0.010152284263959421,0.025380710659898442,-0.005076142131979711,True
Reddit-S,44,terminal,9,197,590,0.9593908629441624,0.9642857142857143,0.9593908629441624,0.9618320610687023,-0.010152284263959421,0.025380710659898442,-0.005076142131979711,True
Reddit-S,44,uniform,9,197,590,0.9847715736040609,1.0,0.9847715736040609,0.9923273657289002,-0.010152284263959421,0.025380710659898442,-0.005076142131979711,True
Reddit-S,44,gpr,9,197,590,0.9898477157360406,1.0,0.9898477157360406,0.9948979591836735,-0.010152284263959421,0.025380710659898442,-0.005076142131979711,True
Reddit-S,44,text_uniform,9,197,590,0.9898477157360406,1.0,0.9898477157360406,0.9948979591836735,-0.010152284263959421,0.025380710659898442,-0.005076142131979711,True
Reddit-S,44,visual_uniform,9,197,590,0.9593908629441624,1.0,0.9593908629441624,0.9792746113989638,-0.010152284263959421,0.025380710659898442,-0.005076142131979711,True
Reddit-S,44,self,10,53,161,0.7547169811320755,0.8,0.7547169811320755,0.7766990291262136,0.15094339622641506,0.05660377358490565,0.05660377358490565,True
Reddit-S,44,terminal,10,53,161,0.8490566037735849,0.8653846153846154,0.8490566037735849,0.8571428571428571,0.15094339622641506,0.05660377358490565,0.05660377358490565,True
Reddit-S,44,uniform,10,53,161,0.9056603773584906,0.8421052631578947,0.9056603773584906,0.8727272727272727,0.15094339622641506,0.05660377358490565,0.05660377358490565,True
Reddit-S,44,gpr,10,53,161,0.9056603773584906,0.8571428571428571,0.9056603773584906,0.8807339449541285,0.15094339622641506,0.05660377358490565,0.05660377358490565,True
Reddit-S,44,text_uniform,10,53,161,0.8301886792452831,0.88,0.8301886792452831,0.8543689320388349,0.15094339622641506,0.05660377358490565,0.05660377358490565,True
Reddit-S,44,visual_uniform,10,53,161,0.8490566037735849,0.8823529411764706,0.8490566037735849,0.8653846153846154,0.15094339622641506,0.05660377358490565,0.05660377358490565,True
Reddit-S,44,self,11,141,422,0.9290780141843972,0.9424460431654677,0.9290780141843972,0.9357142857142857,0.028368794326241176,0.021276595744680882,0.0,True
Reddit-S,44,terminal,11,141,422,0.9361702127659575,0.9041095890410958,0.9361702127659575,0.9198606271777003,0.028368794326241176,0.021276595744680882,0.0,True
Reddit-S,44,uniform,11,141,422,0.9574468085106383,0.9310344827586207,0.9574468085106383,0.9440559440559441,0.028368794326241176,0.021276595744680882,0.0,True
Reddit-S,44,gpr,11,141,422,0.9574468085106383,0.9375,0.9574468085106383,0.9473684210526315,0.028368794326241176,0.021276595744680882,0.0,True
Reddit-S,44,text_uniform,11,141,422,0.9574468085106383,0.9507042253521126,0.9574468085106383,0.9540636042402827,0.028368794326241176,0.021276595744680882,0.0,True
Reddit-S,44,visual_uniform,11,141,422,0.9219858156028369,0.9420289855072463,0.9219858156028369,0.931899641577061,0.028368794326241176,0.021276595744680882,0.0,True
Reddit-S,44,self,12,165,497,0.9818181818181818,0.9759036144578314,0.9818181818181818,0.9788519637462235,0.0060606060606061,0.0121212121212122,0.0060606060606061,True
Reddit-S,44,terminal,12,165,497,0.9757575757575757,0.9096045197740112,0.9757575757575757,0.9415204678362573,0.0060606060606061,0.0121212121212122,0.0060606060606061,True
Reddit-S,44,uniform,12,165,497,0.9878787878787879,0.9532163742690059,0.9878787878787879,0.9702380952380952,0.0060606060606061,0.0121212121212122,0.0060606060606061,True
Reddit-S,44,gpr,12,165,497,0.9878787878787879,0.9532163742690059,0.9878787878787879,0.9702380952380952,0.0060606060606061,0.0121212121212122,0.0060606060606061,True
Reddit-S,44,text_uniform,12,165,497,0.9818181818181818,0.9473684210526315,0.9818181818181818,0.9642857142857143,0.0060606060606061,0.0121212121212122,0.0060606060606061,True
Reddit-S,44,visual_uniform,12,165,497,0.9696969696969697,0.963855421686747,0.9696969696969697,0.9667673716012085,0.0060606060606061,0.0121212121212122,0.0060606060606061,True
Reddit-S,44,self,13,31,94,0.41935483870967744,0.7647058823529411,0.41935483870967744,0.5416666666666666,0.1935483870967742,0.25806451612903225,-0.09677419354838712,True
Reddit-S,44,terminal,13,31,94,0.3548387096774194,0.8461538461538461,0.3548387096774194,0.5,0.1935483870967742,0.25806451612903225,-0.09677419354838712,True
Reddit-S,44,uniform,13,31,94,0.6129032258064516,0.9047619047619048,0.6129032258064516,0.7307692307692307,0.1935483870967742,0.25806451612903225,-0.09677419354838712,True
Reddit-S,44,gpr,13,31,94,0.6129032258064516,0.9047619047619048,0.6129032258064516,0.7307692307692307,0.1935483870967742,0.25806451612903225,-0.09677419354838712,True
Reddit-S,44,text_uniform,13,31,94,0.7096774193548387,0.9166666666666666,0.7096774193548387,0.8,0.1935483870967742,0.25806451612903225,-0.09677419354838712,True
Reddit-S,44,visual_uniform,13,31,94,0.3870967741935484,1.0,0.3870967741935484,0.5581395348837209,0.1935483870967742,0.25806451612903225,-0.09677419354838712,True
Reddit-S,44,self,14,229,687,0.9606986899563319,0.9734513274336283,0.9606986899563319,0.967032967032967,0.03493449781659386,0.008733624454148492,0.013100436681222738,True
Reddit-S,44,terminal,14,229,687,0.9868995633187773,0.9912280701754386,0.9868995633187773,0.9890590809628009,0.03493449781659386,0.008733624454148492,0.013100436681222738,True
Reddit-S,44,uniform,14,229,687,0.9956331877729258,0.9956331877729258,0.9956331877729258,0.9956331877729258,0.03493449781659386,0.008733624454148492,0.013100436681222738,True
Reddit-S,44,gpr,14,229,687,0.9956331877729258,0.9956331877729258,0.9956331877729258,0.9956331877729258,0.03493449781659386,0.008733624454148492,0.013100436681222738,True
Reddit-S,44,text_uniform,14,229,687,0.9737991266375546,0.9780701754385965,0.9737991266375546,0.975929978118162,0.03493449781659386,0.008733624454148492,0.013100436681222738,True
Reddit-S,44,visual_uniform,14,229,687,0.982532751091703,0.995575221238938,0.982532751091703,0.989010989010989,0.03493449781659386,0.008733624454148492,0.013100436681222738,True
Reddit-S,44,self,15,158,474,0.9177215189873418,0.9415584415584416,0.9177215189873418,0.9294871794871795,0.044303797468354444,0.044303797468354444,0.025316455696202556,True
Reddit-S,44,terminal,15,158,474,0.9177215189873418,0.9177215189873418,0.9177215189873418,0.9177215189873418,0.044303797468354444,0.044303797468354444,0.025316455696202556,True
Reddit-S,44,uniform,15,158,474,0.9620253164556962,0.9806451612903225,0.9620253164556962,0.9712460063897763,0.044303797468354444,0.044303797468354444,0.025316455696202556,True
Reddit-S,44,gpr,15,158,474,0.9683544303797469,0.9807692307692307,0.9683544303797469,0.9745222929936306,0.044303797468354444,0.044303797468354444,0.025316455696202556,True
Reddit-S,44,text_uniform,15,158,474,0.9177215189873418,0.9477124183006536,0.9177215189873418,0.932475884244373,0.044303797468354444,0.044303797468354444,0.025316455696202556,True
Reddit-S,44,visual_uniform,15,158,474,0.9367088607594937,0.9192546583850931,0.9367088607594937,0.9278996865203761,0.044303797468354444,0.044303797468354444,0.025316455696202556,True
Reddit-S,44,self,16,272,815,0.9926470588235294,0.9818181818181818,0.9926470588235294,0.9872029250457038,0.007352941176470562,0.011029411764705843,0.0,True
Reddit-S,44,terminal,16,272,815,0.9889705882352942,0.9711191335740073,0.9889705882352942,0.9799635701275046,0.007352941176470562,0.011029411764705843,0.0,True
Reddit-S,44,uniform,16,272,815,1.0,0.9819494584837545,1.0,0.9908925318761385,0.007352941176470562,0.011029411764705843,0.0,True
Reddit-S,44,gpr,16,272,815,1.0,0.9819494584837545,1.0,0.9908925318761385,0.007352941176470562,0.011029411764705843,0.0,True
Reddit-S,44,text_uniform,16,272,815,1.0,0.9819494584837545,1.0,0.9908925318761385,0.007352941176470562,0.011029411764705843,0.0,True
Reddit-S,44,visual_uniform,16,272,815,0.9889705882352942,0.9853479853479854,0.9889705882352942,0.9871559633027523,0.007352941176470562,0.011029411764705843,0.0,True
Reddit-S,44,self,17,154,463,0.9935064935064936,0.9745222929936306,0.9935064935064936,0.9839228295819936,-0.012987012987012991,0.045454545454545525,0.019480519480519543,True
Reddit-S,44,terminal,17,154,463,0.935064935064935,0.9411764705882353,0.935064935064935,0.9381107491856677,-0.012987012987012991,0.045454545454545525,0.019480519480519543,True
Reddit-S,44,uniform,17,154,463,0.9805194805194806,0.967948717948718,0.9805194805194806,0.9741935483870968,-0.012987012987012991,0.045454545454545525,0.019480519480519543,True
Reddit-S,44,gpr,17,154,463,0.987012987012987,0.9681528662420382,0.987012987012987,0.977491961414791,-0.012987012987012991,0.045454545454545525,0.019480519480519543,True
Reddit-S,44,text_uniform,17,154,463,0.9545454545454546,0.9483870967741935,0.9545454545454546,0.9514563106796117,-0.012987012987012991,0.045454545454545525,0.019480519480519543,True
Reddit-S,44,visual_uniform,17,154,463,0.961038961038961,0.9736842105263158,0.961038961038961,0.9673202614379085,-0.012987012987012991,0.045454545454545525,0.019480519480519543,True
Reddit-S,44,self,18,264,791,0.9962121212121212,0.9850187265917603,0.9962121212121212,0.9905838041431262,0.0037878787878787845,0.0,0.0,True
Reddit-S,44,terminal,18,264,791,1.0,1.0,1.0,1.0,0.0037878787878787845,0.0,0.0,True
Reddit-S,44,uniform,18,264,791,1.0,1.0,1.0,1.0,0.0037878787878787845,0.0,0.0,True
Reddit-S,44,gpr,18,264,791,1.0,1.0,1.0,1.0,0.0037878787878787845,0.0,0.0,True
Reddit-S,44,text_uniform,18,264,791,1.0,0.9962264150943396,1.0,0.998109640831758,0.0037878787878787845,0.0,0.0,True
Reddit-S,44,visual_uniform,18,264,791,1.0,0.7810650887573964,1.0,0.8770764119601329,0.0037878787878787845,0.0,0.0,True
Reddit-S,44,self,19,249,746,0.9799196787148594,0.9494163424124513,0.9799196787148594,0.9644268774703557,0.02008032128514059,0.008032128514056214,0.008032128514056214,True
Reddit-S,44,terminal,19,249,746,0.9919678714859438,0.9801587301587301,0.9919678714859438,0.9860279441117764,0.02008032128514059,0.008032128514056214,0.008032128514056214,True
Reddit-S,44,uniform,19,249,746,1.0,0.996,1.0,0.9979959919839679,0.02008032128514059,0.008032128514056214,0.008032128514056214,True
Reddit-S,44,gpr,19,249,746,1.0,0.996,1.0,0.9979959919839679,0.02008032128514059,0.008032128514056214,0.008032128514056214,True
Reddit-S,44,text_uniform,19,249,746,0.9919678714859438,0.9724409448818898,0.9919678714859438,0.9821073558648111,0.02008032128514059,0.008032128514056214,0.008032128514056214,True
Reddit-S,44,visual_uniform,19,249,746,0.9799196787148594,0.991869918699187,0.9799196787148594,0.9858585858585859,0.02008032128514059,0.008032128514056214,0.008032128514056214,True
