dataset,encoder_seed,eigenvalue_group,lambda,h_terminal,h_uniform,h_gpr_text,h_gpr_visual,mid_frequency,negative_frequency
Movies,42,largest,0.9839150309562683,0.9525171099528319,0.9761302322626937,1.0128130416721337,1.2323128576673887,0,0
Movies,42,largest,0.9847860932350159,0.9550491471263299,0.9774097224476078,1.0139868496016382,1.2338513657186796,0,0
Movies,42,largest,0.9848311543464661,0.9551802544162522,0.9774759528335277,1.014047608858056,1.233931002851162,0,0
Movies,42,largest,0.9851317405700684,0.9560551302718026,0.9779178542801208,1.0144530041808029,1.2344623545326827,0,0
Movies,42,largest,0.9859582781791687,0.9584635757869738,0.9791338950690434,1.0155685705402537,1.235924529225899,0,0
Movies,42,largest,0.986198902130127,0.9591654885983374,0.979488166322783,1.0158935661272859,1.2363505019755223,0,0
Movies,42,largest,0.9872429966926575,0.9622151373889463,0.9810267171500755,1.0173049544470683,1.2382004156974302,0,0
Movies,42,largest,0.9885674715042114,0.9660930283736239,0.9829815363985163,1.0190981539559194,1.2405507772495759,0,0
Movies,42,largest,0.9888055324554443,0.9667911428300967,0.983333264075009,1.0194207954376109,1.2409736668418039,0,0
Movies,42,largest,0.9889849424362183,0.9673174853146739,0.9835984110291155,1.0196640147602394,1.2412924571158879,0,0
Movies,42,largest,0.9890506863594055,0.967510408800315,0.983695588836933,1.019753155702762,1.241409295172537,0,0
Movies,42,largest,0.9894878268241882,0.9687938361712519,0.9843419556071737,1.020346062544908,1.242186425397274,0,0
Movies,42,largest,0.9898316860198975,0.969804190538436,0.9848506608018316,1.0208126890980407,1.2427980390218563,0,0
Movies,42,largest,0.9903947114944458,0.9714600329861905,0.9856841072592007,1.0215771867345755,1.2438000772114408,0,0
Movies,42,largest,0.9905239939689636,0.9718405150827647,0.985875572919989,1.0217528114563335,1.244030271264123,0,0
Movies,42,largest,0.9906796216964722,0.9722986637884261,0.9861060995823909,1.0219642647233402,1.2443074264328613,0,0
Movies,42,largest,0.9916183948516846,0.975065349650942,0.9874976963777145,1.023240705973397,1.2459804803005985,0,0
Movies,42,largest,0.9924443960189819,0.9775040181835905,0.9887235733480135,1.0243651165221888,1.2474542676636056,0,0
Movies,42,largest,0.9935847520828247,0.980877458443859,0.990418217524543,1.025919456805989,1.2494915768180355,0,0
Movies,42,largest,0.9946469664573669,0.984026710885421,0.9919990663064076,1.0273693840943248,1.25139203397597,0,0
Movies,42,largest,0.9961116313934326,0.9883801936217186,0.9941825518031092,1.0293719776794916,1.2540168922392905,0,0
Movies,42,largest,0.9966752529144287,0.9900588838212698,0.9950239241269347,1.0301436270462425,1.255028317938486,0,0
Movies,42,largest,0.996967077255249,0.9909287997281689,0.9954598075285729,1.030543385441408,1.255552294633214,0,0
Movies,42,largest,0.9974828362464905,0.9924675011305225,0.996230586495839,1.0312502770907026,1.25647884195436,0,0
Movies,42,largest,0.9985552430152893,0.9956719879984284,0.9978349510917603,1.0327216328154323,1.258407402043558,0,0
Movies,42,largest,0.999997079372406,0.9999912381428082,0.9999956190671391,1.0347031114602754,1.2610046059981306,0,0
Movies,42,largest,0.9999989867210388,0.9999969601661967,0.999998480082585,1.0347057351590034,1.2610080449911476,0,0
Movies,42,largest,0.9999989867210388,0.9999969601661967,0.999998480082585,1.0347057351590034,1.2610080449911476,0,0
Movies,42,largest,0.9999991059303284,0.9999973177933832,0.9999986588962919,1.0347058991403915,1.2610082599284969,0,0
Movies,42,largest,0.9999993443489075,0.999998033048012,0.9999990165237911,1.0347062271032443,1.2610086898032957,0,0
Movies,42,largest,0.9999997019767761,0.9999991059305948,0.999999552965253,1.0347067190477155,1.2610093346157465,0,0
Movies,42,largest,1.0000001192092896,1.0000003576279113,1.0000001788139485,1.034707292983223,1.261010086897321,0,0
Movies,42,smallest,-0.3761996328830719,-0.05324209085789641,0.17802111001009743,0.26918329161071686,0.257963152334304,1,1
Movies,42,smallest,-0.3769387900829315,-0.0535565381243272,0.17789688081548138,0.26906743258557964,0.2578099061811202,1,1
Movies,42,smallest,-0.3783574104309082,-0.054163501601359146,0.17765835449892883,0.26884502422059836,0.2575157182415257,1,1
Movies,42,smallest,-0.3783644735813141,-0.05416653501967881,0.177657166566868,0.2688439167148882,0.25751425327067895,1,1
Movies,42,smallest,-0.3787738084793091,-0.05434252603163754,0.1775883158697434,0.2687797300162378,0.25742934876278784,1,1
Movies,42,smallest,-0.37906476855278015,-0.054467854029017077,0.17753936904404388,0.26873410200965564,0.25736899258238244,1,1
Movies,42,smallest,-0.38007205724716187,-0.05490322111900609,0.17736987258348047,0.26857611825828825,0.2571600095210269,1,1
Movies,42,smallest,-0.381537526845932,-0.05554075521158823,0.17712315058354752,0.2683462100791215,0.2568558726440102,1,1
Movies,42,smallest,-0.38181379437446594,-0.05566149211916757,0.17707662177024835,0.26830285956108335,0.2567985243901989,1,1
Movies,42,smallest,-0.3826582133769989,-0.05603161217024083,0.17693437067940926,0.2681703399686454,0.2566232117525856,1,1
Movies,42,smallest,-0.3832073509693146,-0.05627318472852202,0.1768418345347707,0.2680841461016602,0.2565091819238055,1,1
Movies,42,smallest,-0.3846959173679352,-0.056931513825984624,0.17659087941140936,0.26785043794811414,0.25619998933850474,1,1
Movies,42,smallest,-0.3851781189441681,-0.05714586669109281,0.1765095494195267,0.2677747121027965,0.2560998021974543,1,1
Movies,42,smallest,-0.3870779275894165,-0.057995623462306564,0.17618894274379862,0.2674762674851148,0.2557049388219674,1,1
Movies,42,smallest,-0.38849300146102905,-0.058634010266384526,0.1759499501141964,0.2672538682837299,0.2554106745800404,1,1
Movies,42,smallest,-0.389040470123291,-0.05888224284999448,0.17585744360511646,0.26716780131406026,0.2552967930542558,1,1
Movies,42,smallest,-0.39151397347450256,-0.06001251134196521,0.17543917665233144,0.26677876742933754,0.2547820110274919,1,1
Movies,42,smallest,-0.3930310904979706,-0.0607128638286371,0.17518237094285408,0.2665400049519068,0.2544660545426424,1,1
Movies,42,smallest,-0.3954411447048187,-0.06183659450480955,0.17477398992895726,0.26616046565636897,0.25396377824879635,1,1
Movies,42,smallest,-0.3967416286468506,-0.062448687537062196,0.17455340092936067,0.2659555316907131,0.2536925573463304,1,1
Movies,42,smallest,-0.39756864309310913,-0.06284002810742519,0.17441303869259042,0.2658251586372752,0.25352000917877077,1,1
Movies,42,smallest,-0.39849889278411865,-0.06328216914134602,0.17425507640617596,0.26567846392901273,0.25332585447192635,1,1
Movies,42,smallest,-0.40273505449295044,-0.06532182324394976,0.1735346615951349,0.2650097841728189,0.25244077201461446,1,1
Movies,42,smallest,-0.40353962779045105,-0.06571410044516275,0.17339762574041048,0.26488265376519343,0.25227248673296476,1,1
Movies,42,smallest,-0.40365082025527954,-0.06576843656869373,0.1733786819671967,0.26486508093899663,0.2522492248995097,1,1
Movies,42,smallest,-0.40553656220436096,-0.06669450379847061,0.17305720932042498,0.26456693312990925,0.25185454390893236,1,1
Movies,42,smallest,-0.4208763539791107,-0.07455273487411584,0.17042695412138079,0.2621317803995167,0.24863017260278597,1,1
Movies,42,smallest,-0.4246602952480316,-0.07658169458245653,0.1697735941324143,0.26152805930566364,0.24783058056461732,1,1
Movies,42,smallest,-0.45092251896858215,-0.09168657996419934,0.16518050479504745,0.25729698876061424,0.24222458498576938,1,1
Movies,42,smallest,-0.45454147458076477,-0.09391188321403507,0.16453864857981404,0.25670752090227555,0.24144327262237136,1,1
Movies,42,smallest,-0.4608467221260071,-0.09787448918757183,0.16341462249517658,0.2556762821029938,0.24007625098763988,1,1
Movies,42,smallest,-0.46172478795051575,-0.09843500587504227,0.16325749649559768,0.2555322319463773,0.2398852803383385,1,1
Movies,43,largest,0.9839150309562683,0.9525171099528319,0.9761302322626937,1.0017188604859382,1.2179791301803342,0,0
Movies,43,largest,0.9847860932350159,0.9550491471263299,0.9774097224476078,1.0028859294783754,1.219505337599632,0,0
Movies,43,largest,0.9848311543464661,0.9551802544162522,0.9774759528335277,1.0029463399309446,1.2195843381033709,0,0
Movies,43,largest,0.9851317405700684,0.9560551302718026,0.9779178542801208,1.0033494080311374,1.220111442306488,0,0
Movies,43,largest,0.9859582781791687,0.9584635757869738,0.9791338950690434,1.0044585708053904,1.221561930666295,0,0
Movies,43,largest,0.986198902130127,0.9591654885983374,0.979488166322783,1.0047817009770892,1.221984499377166,0,0
Movies,43,largest,0.9872429966926575,0.9622151373889463,0.9810267171500755,1.0061849888521568,1.2238196327618867,0,0
Movies,43,largest,0.9885674715042114,0.9660930283736239,0.9829815363985163,1.0079678981291709,1.22615122188101,0,0
Movies,43,largest,0.9888055324554443,0.9667911428300967,0.983333264075009,1.0082886883253082,1.2265707345899681,0,0
Movies,43,largest,0.9889849424362183,0.9673174853146739,0.9835984110291155,1.0085305121162205,1.2268869793924617,0,0
Movies,43,largest,0.9890506863594055,0.967510408800315,0.983695588836933,1.0086191415982837,1.2270028845550398,0,0
Movies,43,largest,0.9894878268241882,0.9687938361712519,0.9843419556071737,1.0092086466514398,1.2277738102243543,0,0
Movies,43,largest,0.9898316860198975,0.969804190538436,0.9848506608018316,1.0096725960790853,1.2283805413104194,0,0
Movies,43,largest,0.9903947114944458,0.9714600329861905,0.9856841072592007,1.0104327079004363,1.229374581218365,0,0
Movies,43,largest,0.9905239939689636,0.9718405150827647,0.985875572919989,1.0106073251323453,1.2296029380402849,0,0
Movies,43,largest,0.9906796216964722,0.9722986637884261,0.9861060995823909,1.0108175653972573,1.2298778812606905,0,0
Movies,43,largest,0.9916183948516846,0.975065349650942,0.9874976963777145,1.012086684849505,1.231537584728211,0,0
Movies,43,largest,0.9924443960189819,0.9775040181835905,0.9887235733480135,1.0132046463877782,1.2329996147201718,0,0
Movies,43,largest,0.9935847520828247,0.980877458443859,0.990418217524543,1.0147500729297247,1.2350206754579598,0,0
Movies,43,largest,0.9946469664573669,0.984026710885421,0.9919990663064076,1.0161916864189482,1.2369059803875162,0,0
Movies,43,largest,0.9961116313934326,0.9883801936217186,0.9941825518031092,1.0181827990849561,1.2395099183068232,0,0
Movies,43,largest,0.9966752529144287,0.9900588838212698,0.9950239241269347,1.0189500251335324,1.2405132851695269,0,0
Movies,43,largest,0.996967077255249,0.9909287997281689,0.9954598075285729,1.0193474921212786,1.241033087428144,0,0
Movies,43,largest,0.9974828362464905,0.9924675011305225,0.996230586495839,1.020050332087719,1.2419522539414345,0,0
Movies,43,largest,0.9985552430152893,0.9956719879984284,0.9978349510917603,1.0215132553038744,1.2438654547072265,0,0
Movies,43,largest,0.999997079372406,0.9999912381428082,0.9999956190671391,1.0234833796644298,1.2464419814974228,0,0
Movies,43,largest,0.9999989867210388,0.9999969601661967,0.999998480082585,1.0234859883301834,1.2464453931170922,0,0
Movies,43,largest,0.9999989867210388,0.9999969601661967,0.999998480082585,1.0234859883301834,1.2464453931170922,0,0
Movies,43,largest,0.9999991059303284,0.9999973177933832,0.9999986588962919,1.0234861513720095,1.2464456063436054,0,0
Movies,43,largest,0.9999993443489075,0.999998033048012,0.9999990165237911,1.0234864774557377,1.2464460327967317,0,0
Movies,43,largest,0.9999997019767761,0.9999991059305948,0.999999552965253,1.0234869665815212,1.2464466724766718,0,0
Movies,43,largest,1.0000001192092896,1.0000003576279113,1.0000001788139485,1.0234875372285581,1.246447418770315,0,0
Movies,43,smallest,-0.3761996328830719,-0.05324209085789641,0.17802111001009743,0.2628170905536982,0.2531304596993624,1,1
Movies,43,smallest,-0.3769387900829315,-0.0535565381243272,0.17789688081548138,0.26270214450318274,0.25297919055512125,1,1
Movies,43,smallest,-0.3783574104309082,-0.054163501601359146,0.17765835449892883,0.26248148785813624,0.2526887936302078,1,1
Movies,43,smallest,-0.3783644735813141,-0.05416653501967881,0.177657166566868,0.2624803890724277,0.2526873475234382,1,1
Movies,43,smallest,-0.3787738084793091,-0.05434252603163754,0.1775883158697434,0.2624167077021715,0.2526035360714952,1,1
Movies,43,smallest,-0.37906476855278015,-0.054467854029017077,0.17753936904404388,0.26237143885687947,0.2525439566272391,1,1
Movies,43,smallest,-0.38007205724716187,-0.05490322111900609,0.17736987258348047,0.2622146982997465,0.25233766117177964,1,1
Movies,43,smallest,-0.381537526845932,-0.05554075521158823,0.17712315058354752,0.2619865982479131,0.2520374304958187,1,1
Movies,43,smallest,-0.38181379437446594,-0.05566149211916757,0.17707662177024835,0.2619435885225812,0.2519808181151686,1,1
Movies,43,smallest,-0.3826582133769989,-0.05603161217024083,0.17693437067940926,0.26181211043311675,0.2518077536814712,1,1
Movies,43,smallest,-0.3832073509693146,-0.05627318472852202,0.1768418345347707,0.26172659375924817,0.25169518507512995,1,1
Movies,43,smallest,-0.3846959173679352,-0.056931513825984624,0.17659087941140936,0.26149472086636916,0.2513899502541641,1,1
Movies,43,smallest,-0.3851781189441681,-0.05714586669109281,0.1765095494195267,0.26141958939748944,0.25129104417314047,1,1
Movies,43,smallest,-0.3870779275894165,-0.057995623462306564,0.17618894274379862,0.2611234859316879,0.2509012232367625,1,1
Movies,43,smallest,-0.38849300146102905,-0.058634010266384526,0.1759499501141964,0.26090282992562813,0.25061070994912965,1,1
Movies,43,smallest,-0.389040470123291,-0.05888224284999448,0.17585744360511646,0.2608174372334069,0.25049827848712747,1,1
Movies,43,smallest,-0.39151397347450256,-0.06001251134196521,0.17543917665233144,0.2604314488738299,0.24999004022694366,1,1
Movies,43,smallest,-0.3930310904979706,-0.0607128638286371,0.17518237094285408,0.2601945536545437,0.24967809112582298,1,1
Movies,43,smallest,-0.3954411447048187,-0.06183659450480955,0.17477398992895726,0.2598179795993862,0.24918217123180975,1,1
Movies,43,smallest,-0.3967416286468506,-0.062448687537062196,0.17455340092936067,0.2596146451980595,0.24891437542074046,1,1
Movies,43,smallest,-0.39756864309310913,-0.06284002810742519,0.17441303869259042,0.2594852891782487,0.24874400360148954,1,1
Movies,43,smallest,-0.39849889278411865,-0.06328216914134602,0.17425507640617596,0.2593397383020699,0.2485522952826933,1,1
Movies,43,smallest,-0.40273505449295044,-0.06532182324394976,0.1735346615951349,0.25867626536243854,0.2476783315227359,1,1
Movies,43,smallest,-0.40353962779045105,-0.06571410044516275,0.17339762574041048,0.25855012354857576,0.2475121540397344,1,1
Movies,43,smallest,-0.40365082025527954,-0.06576843656869373,0.1733786819671967,0.25853268733871193,0.2474891834062359,1,1
Movies,43,smallest,-0.40553656220436096,-0.06669450379847061,0.17305720932042498,0.25823685616240055,0.24709943730801123,1,1
Movies,43,smallest,-0.4208763539791107,-0.07455273487411584,0.17042695412138079,0.25582053375805563,0.2439149607909238,1,1
Movies,43,smallest,-0.4246602952480316,-0.07658169458245653,0.1697735941324143,0.255221455291035,0.24312514400965024,1,1
Movies,43,smallest,-0.45092251896858215,-0.09168657996419934,0.16518050479504745,0.251022620110175,0.23758633026439266,1,1
Movies,43,smallest,-0.45454147458076477,-0.09391188321403507,0.16453864857981404,0.2504376001249999,0.23681419033232395,1,1
Movies,43,smallest,-0.4608467221260071,-0.09787448918757183,0.16341462249517658,0.24941411661400922,0.23546310377980234,1,1
Movies,43,smallest,-0.46172478795051575,-0.09843500587504227,0.16325749649559768,0.24927114711721576,0.23527434772021677,1,1
Movies,44,largest,0.9839150309562683,0.9525171099528319,0.9761302322626937,1.0095263490827397,1.2218410734134038,0,0
Movies,44,largest,0.9847860932350159,0.9550491471263299,0.9774097224476078,1.0107134027258036,1.223381160470865,0,0
Movies,44,largest,0.9848311543464661,0.9551802544162522,0.9774759528335277,1.0107748476167904,1.223460879509169,0,0
Movies,44,largest,0.9851317405700684,0.9560551302718026,0.9779178542801208,1.0111848176089784,1.223992778113288,0,0
Movies,44,largest,0.9859582781791687,0.9584635757869738,0.9791338950690434,1.0123129726069178,1.2254564617206314,0,0
Movies,44,largest,0.986198902130127,0.9591654885983374,0.979488166322783,1.012641635634229,1.2258828751319395,0,0
Movies,44,largest,0.9872429966926575,0.9622151373889463,0.9810267171500755,1.0140689509834024,1.2277347081617322,0,0
Movies,44,largest,0.9885674715042114,0.9660930283736239,0.9829815363985163,1.015882386357285,1.2300875213500129,0,0
Movies,44,largest,0.9888055324554443,0.9667911428300967,0.983333264075009,1.016208668804585,1.2305108536072,0,0
Movies,44,largest,0.9889849424362183,0.9673174853146739,0.9835984110291155,1.0164546328298667,1.2308299778916914,0,0
Movies,44,largest,0.9890506863594055,0.967510408800315,0.983695588836933,1.0165447797190426,1.230946938431931,0,0
Movies,44,largest,0.9894878268241882,0.9687938361712519,0.9843419556071737,1.0171443774716242,1.231724884255156,0,0
Movies,44,largest,0.9898316860198975,0.969804190538436,0.9848506608018316,1.0176162698906248,1.2323371408898238,0,0
Movies,44,largest,0.9903947114944458,0.9714600329861905,0.9856841072592007,1.0183893948953122,1.2333402346881468,0,0
Movies,44,largest,0.9905239939689636,0.9718405150827647,0.985875572919989,1.0185670015512776,1.2335706716150994,0,0
Movies,44,largest,0.9906796216964722,0.9722986637884261,0.9861060995823909,1.018780841082667,1.2338481193911752,0,0
Movies,44,largest,0.9916183948516846,0.975065349650942,0.9874976963777145,1.0200716871313984,1.2355229438805788,0,0
Movies,44,largest,0.9924443960189819,0.9775040181835905,0.9887235733480135,1.0212087868966937,1.2369982970660414,0,0
Movies,44,largest,0.9935847520828247,0.980877458443859,0.990418217524543,1.022780668405005,1.2390377801211023,0,0
Movies,44,largest,0.9946469664573669,0.984026710885421,0.9919990663064076,1.0242469587476235,1.2409402749240692,0,0
Movies,44,largest,0.9961116313934326,0.9883801936217186,0.9941825518031092,1.0262721527212495,1.2435679629851089,0,0
Movies,44,largest,0.9966752529144287,0.9900588838212698,0.9950239241269347,1.0270525106613897,1.2445804838519203,0,0
Movies,44,largest,0.996967077255249,0.9909287997281689,0.9954598075285729,1.0274567806115122,1.2451050289484937,0,0
Movies,44,largest,0.9974828362464905,0.9924675011305225,0.996230586495839,1.0281716500592506,1.2460325831125145,0,0
Movies,44,largest,0.9985552430152893,0.9956719879984284,0.9978349510917603,1.029659611244492,1.2479632460039627,0,0
Movies,44,largest,0.999997079372406,0.9999912381428082,0.9999956190671391,1.0316634527521065,1.2505632969549167,0,0
Movies,44,largest,0.9999989867210388,0.9999969601661967,0.999998480082585,1.0316661060619443,1.2505667397291738,0,0
Movies,44,largest,0.9999989867210388,0.9999969601661967,0.999998480082585,1.0316661060619443,1.2505667397291738,0,0
Movies,44,largest,0.9999991059303284,0.9999973177933832,0.9999986588962919,1.031666271894029,1.2505669549028517,0,0
Movies,44,largest,0.9999993443489075,0.999998033048012,0.9999990165237911,1.0316666035582764,1.250567385250309,0,0
Movies,44,largest,0.9999997019767761,0.9999991059305948,0.999999552965253,1.0316671010548415,1.250568030771748,0,0
Movies,44,largest,1.0000001192092896,1.0000003576279113,1.0000001788139485,1.0316676814677952,1.2505687838804773,0,0
Movies,44,smallest,-0.3761996328830719,-0.05324209085789641,0.17802111001009743,0.2579453201780507,0.24974067961844112,1,1
Movies,44,smallest,-0.3769387900829315,-0.0535565381243272,0.17789688081548138,0.2578287968962879,0.24958837130236097,1,1
Movies,44,smallest,-0.3783574104309082,-0.054163501601359146,0.17765835449892883,0.25760511486323706,0.24929597376552856,1,1
Movies,44,smallest,-0.3783644735813141,-0.05416653501967881,0.177657166566868,0.2576040010199734,0.24929451767749242,1,1
Movies,44,smallest,-0.3787738084793091,-0.05434252603163754,0.1775883158697434,0.2575394471025679,0.24921012742815127,1,1
Movies,44,smallest,-0.37906476855278015,-0.054467854029017077,0.17753936904404388,0.2574935581501618,0.24915013615229895,1,1
Movies,44,smallest,-0.38007205724716187,-0.05490322111900609,0.17736987258348047,0.2573346715105831,0.24894241228198233,1,1
Movies,44,smallest,-0.381537526845932,-0.05554075521158823,0.17712315058354752,0.25710345109195953,0.2486400960052129,1,1
Movies,44,smallest,-0.38181379437446594,-0.05566149211916757,0.17707662177024835,0.2570598533680271,0.24858308945715535,1,1
Movies,44,smallest,-0.3826582133769989,-0.05603161217024083,0.17693437067940926,0.2569265785225411,0.24840881827682293,1,1
Movies,44,smallest,-0.3832073509693146,-0.05627318472852202,0.1768418345347707,0.25683989377436844,0.24829546331368893,1,1
Movies,44,smallest,-0.3846959173679352,-0.056931513825984624,0.17659087941140936,0.25660485602356836,0.24798809054453375,1,1
Movies,44,smallest,-0.3851781189441681,-0.05714586669109281,0.1765095494195267,0.25652869979636805,0.247888489907212,1,1
Movies,44,smallest,-0.3870779275894165,-0.057995623462306564,0.17618894274379862,0.2562285610324509,0.2474959229454029,1,1
Movies,44,smallest,-0.38849300146102905,-0.058634010266384526,0.1759499501141964,0.2560049014572805,0.2472033542966888,1,1
Movies,44,smallest,-0.389040470123291,-0.05888224284999448,0.17585744360511646,0.25591834720636175,0.24709012534816602,1,1
Movies,44,smallest,-0.39151397347450256,-0.06001251134196521,0.17543917665233144,0.25552711401082767,0.24657826786112466,1,1
Movies,44,smallest,-0.3930310904979706,-0.0607128638286371,0.17518237094285408,0.2552870043584936,0.2462640857530109,1,1
Movies,44,smallest,-0.3954411447048187,-0.06183659450480955,0.17477398992895726,0.25490532759241913,0.24576459776313164,1,1
Movies,44,smallest,-0.3967416286468506,-0.062448687537062196,0.17455340092936067,0.25469924150571843,0.24549486588594502,1,1
Movies,44,smallest,-0.39756864309310913,-0.06284002810742519,0.17441303869259042,0.254568136231737,0.24532325893962753,1,1
Movies,44,smallest,-0.39849889278411865,-0.06328216914134602,0.17425507640617596,0.2544206183029346,0.24513015764688056,1,1
Movies,44,smallest,-0.40273505449295044,-0.06532182324394976,0.1735346615951349,0.25374819484625694,0.24424980100314647,1,1
Movies,44,smallest,-0.40353962779045105,-0.06571410044516275,0.17339762574041048,0.2536203542808003,0.2440824000474957,1,1
Movies,44,smallest,-0.40365082025527954,-0.06576843656869373,0.1733786819671967,0.25360268333131314,0.2440592600946908,1,1
Movies,44,smallest,-0.40553656220436096,-0.06669450379847061,0.17305720932042498,0.253302872171825,0.24366663374777342,1,1
Movies,44,smallest,-0.4208763539791107,-0.07455273487411584,0.17042695412138079,0.25085423030095555,0.2404580992330401,1,1
Movies,44,smallest,-0.4246602952480316,-0.07658169458245653,0.1697735941324143,0.2502471895425318,0.23966217041408683,1,1
Movies,44,smallest,-0.45092251896858215,-0.09168657996419934,0.16518050479504745,0.24599307849182722,0.23407887150530315,1,1
Movies,44,smallest,-0.45454147458076477,-0.09391188321403507,0.16453864857981404,0.24540042688778496,0.23330030538182725,1,1
Movies,44,smallest,-0.4608467221260071,-0.09787448918757183,0.16341462249517658,0.24436363064834285,0.2319378430848083,1,1
Movies,44,smallest,-0.46172478795051575,-0.09843500587504227,0.16325749649559768,0.2442188053494643,0.2317474845060236,1,1
Toys,42,largest,0.9941257238388062,0.9824804901733175,0.9912230422025385,1.134326977055494,1.0964517078043312,0,0
Toys,42,largest,0.9942569136619568,0.9828695006834787,0.9914183061775088,1.1345477380584326,1.0966685233459605,0,0
Toys,42,largest,0.9942635893821716,0.9828892986021827,0.9914282432888685,1.1345589727294028,1.0966795572329615,0,0
Toys,42,largest,0.994897723197937,0.9847711364507674,0.9923725848182858,1.1356266233180516,1.0977281283458775,0,0
Toys,42,largest,0.9950190186500549,0.9851313628967703,0.9925533072555359,1.1358309438248944,1.097928797849025,0,0
Toys,42,largest,0.9954931139945984,0.9865401865042269,0.9932599601273719,1.136629868573611,1.0987134475669,0,0
Toys,42,largest,0.9956647157669067,0.9870504498885448,0.9935158479696617,1.1369191691183498,1.098997579322096,0,0
Toys,42,largest,0.9956806302070618,0.9870977809011201,0.9935395821194284,1.1369460023657552,1.0990239331632825,0,0
Toys,42,largest,0.995852530002594,0.9876091231871844,0.9937959786755864,1.1372358779928256,1.09930862994496,0,0
Toys,42,largest,0.9960917234420776,0.9883209345057311,0.9941528448644044,1.1376393420232342,1.0997048861215506,0,0
Toys,42,largest,0.9961957931518555,0.9886307403703544,0.9943081479539161,1.1378149237989776,1.0998773312635706,0,0
Toys,42,largest,0.9962950944900513,0.9889264115899302,0.9944563553462304,1.1379824833396404,1.1000418975500832,0,0
Toys,42,largest,0.9963585734367371,0.9891154519871876,0.9945511080712036,1.1380896083721252,1.1001471089548849,0,0
Toys,42,largest,0.996799886226654,0.9904303480929539,0.9952100618752696,1.138834604666199,1.100878797765672,0,0
Toys,42,largest,0.9971481561660767,0.9914688443439056,0.9957303614638472,1.139422841811602,1.101456528468172,0,0
Toys,42,largest,0.9972736835479736,0.9918433287839419,0.9959179530573148,1.1396349279220457,1.1016648267322233,0,0
Toys,42,largest,0.9973817467689514,0.9921657881080195,0.996079470916214,1.1398175357331373,1.1018441732633548,0,0
Toys,42,largest,0.9977527856826782,0.9932734956162288,0.9966342256591129,1.140444726586941,1.102460163419622,0,0
Toys,42,largest,0.9979044198989868,0.993726424862192,0.9968610190037781,1.1407011329976977,1.1027119910613394,0,0
Toys,42,largest,0.9980355501174927,0.9941182199615641,0.9970571823443457,1.1409229099228149,1.102929807738064,0,0
Toys,42,largest,0.9984543919563293,0.9953703388893524,0.9976839759156413,1.1416315454427053,1.1036257900055593,0,0
Toys,42,largest,0.9986387491226196,0.9959218038573091,0.9979599760572798,1.141943583489926,1.103932256741718,0,0
Toys,42,largest,0.9999885559082031,0.9999656681175095,0.9999828339932715,1.144230568303259,1.1061784154072787,0,0
Toys,42,largest,0.9999901652336121,0.9999704959910031,0.9999852479471405,1.1442332974479168,1.1061810958399412,0,0
Toys,42,largest,0.9999918341636658,0.9999755026910394,0.9999877513121794,1.1442361276781872,1.1061838755539761,0,0
Toys,42,largest,0.9999926090240479,0.9999778272360227,0.9999889135906982,1.144237441715809,1.1061851661375999,0,0
Toys,42,largest,0.9999968409538269,0.9999905228914194,0.9999952614407199,1.1442446184067565,1.106192214733279,0,0
Toys,42,largest,0.999998152256012,0.9999944567782784,0.9999972283874321,1.1442468421783603,1.106194398813269,0,0
Toys,42,largest,0.9999987483024597,0.9999962449120794,0.9999981224552563,1.144247852984919,1.1061953915781662,0,0
Toys,42,largest,0.9999988675117493,0.9999966025390954,0.9999983012689064,1.144248055146327,1.1061955901312404,0,0
Toys,42,largest,1.0,1.0,1.0,1.144249975681305,1.106197476387024,0,0
Toys,42,largest,1.0000001192092896,1.0000003576279113,1.0000001788139485,1.14425017784305,1.1061976749404303,0,0
Toys,42,smallest,-0.5094447135925293,-0.13221818160981325,0.15446775525125792,0.18840941782992512,0.1703437652678302,1,1
Toys,42,smallest,-0.5115719437599182,-0.13388137224114055,0.15406313441031055,0.18795522052615055,0.16989914722356514,1,1
Toys,42,smallest,-0.5124765634536743,-0.1345928617033798,0.15389070073305844,0.1877616615628725,0.16970966114735603,1,1
Toys,42,smallest,-0.515193521976471,-0.13674491346729312,0.1533714824106891,0.18717884055819817,0.16913907023464364,1,1
Toys,42,smallest,-0.515382707118988,-0.13689561183097554,0.15333525396183326,0.18713817468006802,0.16909925581936155,1,1
Toys,42,smallest,-0.5171288251876831,-0.1382917394091957,0.15300041431077863,0.18676232502576773,0.16873126413078468,1,1
Toys,42,smallest,-0.5203771591186523,-0.1409141734391425,0.1523752637936511,0.18606062114579125,0.16804417520579443,1,1
Toys,42,smallest,-0.5218707919120789,-0.14213105273190274,0.15208681970173968,0.18573686092775976,0.16772713386600477,1,1
Toys,42,smallest,-0.5228354930877686,-0.14292071722306118,0.15190018563037508,0.1855273778407234,0.16752198995405543,1,1
Toys,42,smallest,-0.5236254930496216,-0.1435695525678287,0.15174715283850226,0.1853556107942593,0.16735377607697438,1,1
Toys,42,smallest,-0.5242940783500671,-0.14412020054640004,0.15161750042411978,0.18521008709178616,0.16721125932090697,1,1
Toys,42,smallest,-0.5260743498802185,-0.1455932972058226,0.15127164362896336,0.18482189583752817,0.16683107422830384,1,1
Toys,42,smallest,-0.5329251885414124,-0.15135568661141535,0.14993209535726804,0.1833184246180517,0.16535840662066886,1,1
Toys,42,smallest,-0.5348947048187256,-0.15303997845380748,0.14954441549264463,0.1828833162191535,0.16493215280986273,1,1
Toys,42,smallest,-0.5350248217582703,-0.15315168981217012,0.14951876208175713,0.1828545245771317,0.16490394614315848,1,1
Toys,42,smallest,-0.5353146195411682,-0.15340068983731175,0.14946160812900644,0.18279037895654465,0.1648411033836074,1,1
Toys,42,smallest,-0.5391034483909607,-0.15668099809551597,0.14871202039513715,0.18194910455443508,0.16401686262695842,1,1
Toys,42,smallest,-0.5420697331428528,-0.15928155116803855,0.14812207781966807,0.18128701614606824,0.16336811039968363,1,1
Toys,42,smallest,-0.5423163175582886,-0.159499018857582,0.14807291296852798,0.18123183930810918,0.16331404222535265,1,1
Toys,42,smallest,-0.5512630343437195,-0.16752383785378136,0.146276015209086,0.17921526625096001,0.16133770209091428,1,1
Toys,42,smallest,-0.5522937178611755,-0.16846524191027534,0.14606734775436722,0.17898109513820532,0.16110816726077734,1,1
Toys,42,smallest,-0.5558134317398071,-0.17170664915572684,0.1453521225017118,0.17817846362511947,0.1603213712289093,1,1
Toys,42,smallest,-0.5566796064376831,-0.1725106591517153,0.14517547965855385,0.17798023586573022,0.16012704122142854,1,1
Toys,42,smallest,-0.5606176257133484,-0.17619770336207521,0.1443691982962621,0.17707544171108375,0.15923997236048532,1,1
Toys,42,smallest,-0.5654659867286682,-0.18080875700001842,0.14336925960458494,0.17595335282465768,0.1581397175974554,1,1
Toys,42,smallest,-0.577684223651886,-0.1927842373973558,0.1408126503017601,0.17308454401888426,0.155326003781121,1,1
Toys,42,smallest,-0.5833503007888794,-0.19851269181839398,0.13960864520580069,0.17173356145907698,0.1540006139880143,1,1
Toys,42,smallest,-0.5863874554634094,-0.2016294719411164,0.13895833013008152,0.1710038717672262,0.15328465588195797,1,1
Toys,42,smallest,-0.5886287093162537,-0.20395028693584302,0.13847619029480548,0.17046288909989146,0.15275381277096386,1,1
Toys,42,smallest,-0.6025077104568481,-0.2187196625645371,0.13544704203464197,0.16706413651315377,0.14941798614481797,1,1
Toys,42,smallest,-0.611760675907135,-0.22895212093595374,0.13338458193581648,0.16475009866360393,0.14714605072170137,1,1
Toys,42,smallest,-0.618389368057251,-0.23647544015699903,0.13188515057799904,0.16306779892069,0.14549399794601842,1,1
Toys,43,largest,0.9941257238388062,0.9824804901733175,0.9912230422025385,1.1256993872326935,1.1035401929583204,0,0
Toys,43,largest,0.9942569136619568,0.9828695006834787,0.9914183061775088,1.1259181282036204,1.1037583517392753,0,0
Toys,43,largest,0.9942635893821716,0.9828892986021827,0.9914282432888685,1.1259292600734985,1.1037694539845824,0,0
Toys,43,largest,0.994897723197937,0.9847711364507674,0.9923725848182858,1.1269871411388168,1.1048245213005545,0,0
Toys,43,largest,0.9950190186500549,0.9851313628967703,0.9925533072555359,1.1271895919786261,1.1050264340060756,0,0
Toys,43,largest,0.9954931139945984,0.9865401865042269,0.9932599601273719,1.127981205933194,1.105815944832234,0,0
Toys,43,largest,0.9956647157669067,0.9870504498885448,0.9935158479696617,1.1282678591067687,1.1061018368529454,0,0
Toys,43,largest,0.9956806302070618,0.9870977809011201,0.9935395821194284,1.1282944468036749,1.1061283539624887,0,0
Toys,43,largest,0.995852530002594,0.9876091231871844,0.9937959786755864,1.1285816697725428,1.106414814507643,0,0
Toys,43,largest,0.9960917234420776,0.9883209345057311,0.9941528448644044,1.1289814416574533,1.1068135255805482,0,0
Toys,43,largest,0.9961957931518555,0.9886307403703544,0.9943081479539161,1.1291554166507185,1.1069870390576926,0,0
Toys,43,largest,0.9962950944900513,0.9889264115899302,0.9944563553462304,1.1293214428142475,1.1071526248673198,0,0
Toys,43,largest,0.9963585734367371,0.9891154519871876,0.9945511080712036,1.129427587516207,1.1072584880787284,0,0
Toys,43,largest,0.996799886226654,0.9904303480929539,0.9952100618752696,1.130165766060483,1.1079947098456862,0,0
Toys,43,largest,0.9971481561660767,0.9914688443439056,0.9957303614638472,1.1307486199154064,1.108576019692848,0,0
Toys,43,largest,0.9972736835479736,0.9918433287839419,0.9959179530573148,1.1309587650834458,1.1087856083994456,0,0
Toys,43,largest,0.9973817467689514,0.9921657881080195,0.996079470916214,1.131139701718263,1.1089660660113156,0,0
Toys,43,largest,0.9977527856826782,0.9932734956162288,0.9966342256591129,1.1317611526270437,1.10958587231919,0,0
Toys,43,largest,0.9979044198989868,0.993726424862192,0.9968610190037781,1.1320152124194467,1.1098392600679052,0,0
Toys,43,largest,0.9980355501174927,0.9941182199615641,0.9970571823443457,1.1322349596394186,1.1100584261475577,0,0
Toys,43,largest,0.9984543919563293,0.9953703388893524,0.9976839759156413,1.1329371096308853,1.1107587201076348,0,0
Toys,43,largest,0.9986387491226196,0.9959218038573091,0.9979599760572798,1.1332462918213557,1.1110670854371787,0,0
Toys,43,largest,0.9999885559082031,0.9999656681175095,0.9999828339932715,1.1355123447438065,1.1133271592088891,0,0
Toys,43,largest,0.9999901652336121,0.9999704959910031,0.9999852479471405,1.1355150489088295,1.1133298562469296,0,0
Toys,43,largest,0.9999918341636658,0.9999755026910394,0.9999877513121794,1.1355178532342345,1.1133326531813943,0,0
Toys,43,largest,0.9999926090240479,0.9999778272360227,0.9999889135906982,1.1355191552445771,1.1133339517602305,0,0
Toys,43,largest,0.9999968409538269,0.9999905228914194,0.9999952614407199,1.1355262662478498,1.1133410440222151,0,0
Toys,43,largest,0.999998152256012,0.9999944567782784,0.9999972283874321,1.135528469665448,1.1133432416326596,0,0
Toys,43,largest,0.9999987483024597,0.9999962449120794,0.9999981224552563,1.135529471220174,1.113344240547771,0,0
Toys,43,largest,0.9999988675117493,0.9999966025390954,0.9999983012689064,1.1355296715312144,1.1133444403308888,0,0
Toys,43,largest,1.0,1.0,1.0,1.1355315744876862,1.1133463382720947,0,0
Toys,43,largest,1.0000001192092896,1.0000003576279113,1.0000001788139485,1.1355317747990608,1.1133465380555467,0,0
Toys,43,smallest,-0.5094447135925293,-0.13221818160981325,0.15446775525125792,0.18809117731375255,0.1717003497429433,1,1
Toys,43,smallest,-0.5115719437599182,-0.13388137224114055,0.15406313441031055,0.1876408830514387,0.17125312594824185,1,1
Toys,43,smallest,-0.5124765634536743,-0.1345928617033798,0.15389070073305844,0.18744898844607077,0.17106252945811248,1,1
Toys,43,smallest,-0.515193521976471,-0.13674491346729312,0.1533714824106891,0.18687118273846032,0.1704885951512222,1,1
Toys,43,smallest,-0.515382707118988,-0.13689561183097554,0.15333525396183326,0.18683086701043142,0.17044854746131782,1,1
Toys,43,smallest,-0.5171288251876831,-0.1382917394091957,0.15300041431077863,0.18645825488095527,0.17007839980747205,1,1
Toys,43,smallest,-0.5203771591186523,-0.1409141734391425,0.1523752637936511,0.1857626016692091,0.1693872859629341,1,1
Toys,43,smallest,-0.5218707919120789,-0.14213105273190274,0.15208681970173968,0.18544163592091373,0.16906838765364102,1,1
Toys,43,smallest,-0.5228354930877686,-0.14292071722306118,0.15190018563037508,0.18523396186330918,0.1688620422541392,1,1
Toys,43,smallest,-0.5236254930496216,-0.1435695525678287,0.15174715283850226,0.18506367868021315,0.16869284322673236,1,1
Toys,43,smallest,-0.5242940783500671,-0.14412020054640004,0.15161750042411978,0.18491941250824212,0.16854949184805812,1,1
Toys,43,smallest,-0.5260743498802185,-0.1455932972058226,0.15127164362896336,0.18453457746949234,0.16816708041328476,1,1
Toys,43,smallest,-0.5329251885414124,-0.15135568661141535,0.14993209535726804,0.18304412802892345,0.16668579081225235,1,1
Toys,43,smallest,-0.5348947048187256,-0.15303997845380748,0.14954441549264463,0.18261279496222477,0.16625704195462682,1,1
Toys,43,smallest,-0.5350248217582703,-0.15315168981217012,0.14951876208175713,0.18258425324530805,0.16622867019031382,1,1
Toys,43,smallest,-0.5353146195411682,-0.15340068983731175,0.14946160812900644,0.18252066448673243,0.1661654596068045,1,1
Toys,43,smallest,-0.5391034483909607,-0.15668099809551597,0.14871202039513715,0.18168669943189314,0.16533639495222374,1,1
Toys,43,smallest,-0.5420697331428528,-0.15928155116803855,0.14812207781966807,0.18103037140285658,0.16468384645514467,1,1
Toys,43,smallest,-0.5423163175582886,-0.159499018857582,0.14807291296852798,0.18097567493220593,0.16462946191512795,1,1
Toys,43,smallest,-0.5512630343437195,-0.16752383785378136,0.146276015209086,0.17897669059240776,0.16264155998253982,1,1
Toys,43,smallest,-0.5522937178611755,-0.16846524191027534,0.14606734775436722,0.178744566003788,0.1624106826197071,1,1
Toys,43,smallest,-0.5558134317398071,-0.17170664915572684,0.1453521225017118,0.17794895537712385,0.16161928507711903,1,1
Toys,43,smallest,-0.5566796064376831,-0.1725106591517153,0.14517547965855385,0.17775246308537562,0.16142381864058147,1,1
Toys,43,smallest,-0.5606176257133484,-0.17619770336207521,0.1443691982962621,0.1768555978288902,0.16053156271364863,1,1
Toys,43,smallest,-0.5654659867286682,-0.18080875700001842,0.14336925960458494,0.17574335896760748,0.15942487528671195,1,1
Toys,43,smallest,-0.577684223651886,-0.1927842373973558,0.1408126503017601,0.17289981678911193,0.15659471553578172,1,1
Toys,43,smallest,-0.5833503007888794,-0.19851269181839398,0.13960864520580069,0.17156077332746564,0.15526158094067338,1,1
Toys,43,smallest,-0.5863874554634094,-0.2016294719411164,0.13895833013008152,0.17083754269296822,0.1545414396683614,1,1
Toys,43,smallest,-0.5886287093162537,-0.20395028693584302,0.13847619029480548,0.17030135339981106,0.15400749517353263,1,1
Toys,43,smallest,-0.6025077104568481,-0.2187196625645371,0.13544704203464197,0.16693280512209774,0.1506521828867854,1,1
Toys,43,smallest,-0.611760675907135,-0.22895212093595374,0.13338458193581648,0.164639417636948,0.14836697924159442,1,1
Toys,43,smallest,-0.618389368057251,-0.23647544015699903,0.13188515057799904,0.16297217264562477,0.14670527956373922,1,1
Toys,44,largest,0.9941257238388062,0.9824804901733175,0.9912230422025385,1.166305700480043,1.115507714521393,0,0
Toys,44,largest,0.9942569136619568,0.9828695006834787,0.9914183061775088,1.1665277505368898,1.115726754935287,0,0
Toys,44,largest,0.9942635893821716,0.9828892986021827,0.9914282432888685,1.1665390508037008,1.1157379020465732,0,0
Toys,44,largest,0.994897723197937,0.9847711364507674,0.9923725848182858,1.1676129328944551,1.1167972326607223,0,0
Toys,44,largest,0.9950190186500549,0.9851313628967703,0.9925533072555359,1.1678184454555183,1.1169999611613985,0,0
Toys,44,largest,0.9954931139945984,0.9865401865042269,0.9932599601273719,1.168622029801909,1.117792661598344,0,0
Toys,44,largest,0.9956647157669067,0.9870504498885448,0.9935158479696617,1.1689130170486486,1.11807970850895,0,0
Toys,44,largest,0.9956806302070618,0.9870977809011201,0.9935395821194284,1.1689400067252405,1.1181063327341145,0,0
Toys,44,largest,0.995852530002594,0.9876091231871844,0.9937959786755864,1.1692315720601762,1.1183939504022065,0,0
Toys,44,largest,0.9960917234420776,0.9883209345057311,0.9941528448644044,1.1696373873853207,1.1187942719236796,0,0
Toys,44,largest,0.9961957931518555,0.9886307403703544,0.9943081479539161,1.169813992218777,1.1189684862102993,0,0
Toys,44,largest,0.9962950944900513,0.9889264115899302,0.9944563553462304,1.169982527965598,1.119134740790181,0,0
Toys,44,largest,0.9963585734367371,0.9891154519871876,0.9945511080712036,1.1700902770556854,1.1192410315532095,0,0
Toys,44,largest,0.996799886226654,0.9904303480929539,0.9952100618752696,1.1708396121325293,1.1199802264925112,0,0
Toys,44,largest,0.9971481561660767,0.9914688443439056,0.9957303614638472,1.1714312736322845,1.1205638836417429,0,0
Toys,44,largest,0.9972736835479736,0.9918433287839419,0.9959179530573148,1.1716445940575941,1.1207743185991754,0,0
Toys,44,largest,0.9973817467689514,0.9921657881080195,0.996079470916214,1.1718282644877664,1.1209555048151545,0,0
Toys,44,largest,0.9977527856826782,0.9932734956162288,0.9966342256591129,1.1724591040923702,1.121577813438186,0,0
Toys,44,largest,0.9979044198989868,0.993726424862192,0.9968610190037781,1.1727170017490307,1.1218322240993843,0,0
Toys,44,largest,0.9980355501174927,0.9941182199615641,0.9970571823443457,1.1729400683174496,1.122052274903987,0,0
Toys,44,largest,0.9984543919563293,0.9953703388893524,0.9976839759156413,1.1736528233476546,1.1227553955688223,0,0
Toys,44,largest,0.9986387491226196,0.9959218038573091,0.9979599760572798,1.1739666747674469,1.1230650054914575,0,0
Toys,44,largest,0.9999885559082031,0.9999656681175095,0.9999828339932715,1.1762669389856624,1.1253341991043766,0,0
Toys,44,largest,0.9999901652336121,0.9999704959910031,0.9999852479471405,1.1762696839654372,1.125336907023352,0,0
Toys,44,largest,0.9999918341636658,0.9999755026910394,0.9999877513121794,1.1762725306173167,1.1253397152417688,0,0
Toys,44,largest,0.9999926090240479,0.9999778272360227,0.9999889135906982,1.1762738522792593,1.1253410190595892,0,0
Toys,44,largest,0.9999968409538269,0.9999905228914194,0.9999952614407199,1.1762810706107527,1.1253481399345637,0,0
Toys,44,largest,0.999998152256012,0.9999944567782784,0.9999972283874321,1.1762833072850691,1.1253503464110306,0,0
Toys,44,largest,0.9999987483024597,0.9999962449120794,0.9999981224552563,1.1762843239564988,1.1253513493561562,0,0
Toys,44,largest,0.9999988675117493,0.9999966025390954,0.9999983012689064,1.176284527290881,1.125351549945277,0,0
Toys,44,largest,1.0,1.0,1.0,1.1762864589691162,1.125353455543518,0,0
Toys,44,largest,1.0000001192092896,1.0000003576279113,1.0000001788139485,1.176286662303836,1.1253536561329742,0,0
Toys,44,smallest,-0.5094447135925293,-0.13221818160981325,0.15446775525125792,0.2101442929864286,0.17910278257223544,1,1
Toys,44,smallest,-0.5115719437599182,-0.13388137224114055,0.15406313441031055,0.2096846339968169,0.17865351458149353,1,1
Toys,44,smallest,-0.5124765634536743,-0.1345928617033798,0.15389070073305844,0.20948876238543915,0.17846204962144524,1,1
Toys,44,smallest,-0.515193521976471,-0.13674491346729312,0.1533714824106891,0.2088990313209736,0.17788550989869856,1,1
Toys,44,smallest,-0.515382707118988,-0.13689561183097554,0.15333525396183326,0.20885788628887908,0.1778452809549347,1,1
Toys,44,smallest,-0.5171288251876831,-0.1382917394091957,0.15300041431077863,0.20847762651067225,0.1774734613856763,1,1
Toys,44,smallest,-0.5203771591186523,-0.1409141734391425,0.1523752637936511,0.20776777756065978,0.17677924198620112,1,1
Toys,44,smallest,-0.5218707919120789,-0.14213105273190274,0.15208681970173968,0.20744029796951602,0.17645891773202035,1,1
Toys,44,smallest,-0.5228354930877686,-0.14292071722306118,0.15190018563037508,0.20722842129333746,0.17625165202140292,1,1
Toys,44,smallest,-0.5236254930496216,-0.1435695525678287,0.15174715283850226,0.2070546991879277,0.17608169973497742,1,1
Toys,44,smallest,-0.5242940783500671,-0.14412020054640004,0.15161750042411978,0.20690752446397065,0.17593771113767606,1,1
Toys,44,smallest,-0.5260743498802185,-0.1455932972058226,0.15127164362896336,0.20651495290958471,0.17555360416063692,1,1
Toys,44,smallest,-0.5329251885414124,-0.15135568661141535,0.14993209535726804,0.20499484202113283,0.1740658057667402,1,1
Toys,44,smallest,-0.5348947048187256,-0.15303997845380748,0.14954441549264463,0.20455501369330154,0.17363519029284813,1,1
Toys,44,smallest,-0.5350248217582703,-0.15315168981217012,0.14951876208175713,0.20452591123077318,0.17360669527980876,1,1
Toys,44,smallest,-0.5353146195411682,-0.15340068983731175,0.14946160812900644,0.2044610737947673,0.17354321022647998,1,1
Toys,44,smallest,-0.5391034483909607,-0.15668099809551597,0.14871202039513715,0.2036108113923461,0.17271056103294027,1,1
Toys,44,smallest,-0.5420697331428528,-0.15928155116803855,0.14812207781966807,0.20294176001209044,0.17205521113562844,1,1
Toys,44,smallest,-0.5423163175582886,-0.159499018857582,0.14807291296852798,0.20288600726820682,0.17200059390947064,1,1
Toys,44,smallest,-0.5512630343437195,-0.16752383785378136,0.146276015209086,0.2008488424805104,0.17000426870320537,1,1
Toys,44,smallest,-0.5522937178611755,-0.16846524191027534,0.14606734775436722,0.20061233716804688,0.1697724232817236,1,1
Toys,44,smallest,-0.5558134317398071,-0.17170664915572684,0.1453521225017118,0.19980179385002136,0.16897772334892266,1,1
Toys,44,smallest,-0.5566796064376831,-0.1725106591517153,0.14517547965855385,0.199601633139308,0.1687814450263833,1,1
Toys,44,smallest,-0.5606176257133484,-0.17619770336207521,0.1443691982962621,0.19868812114141898,0.1678855018078105,1,1
Toys,44,smallest,-0.5654659867286682,-0.18080875700001842,0.14336925960458494,0.19755545747024267,0.1667742832118211,1,1
Toys,44,smallest,-0.577684223651886,-0.1927842373973558,0.1408126503017601,0.1946607768489868,0.16393274308239675,1,1
Toys,44,smallest,-0.5833503007888794,-0.19851269181839398,0.13960864520580069,0.19329817556389528,0.16259434803303058,1,1
Toys,44,smallest,-0.5863874554634094,-0.2016294719411164,0.13895833013008152,0.19256235712986036,0.16187139109014023,1,1
Toys,44,smallest,-0.5886287093162537,-0.20395028693584302,0.13847619029480548,0.19201689624334004,0.1613353705096913,1,1
Toys,44,smallest,-0.6025077104568481,-0.2187196625645371,0.13544704203464197,0.18859125530125997,0.15796723160296863,1,1
Toys,44,smallest,-0.611760675907135,-0.22895212093595374,0.13338458193581648,0.1862601008084524,0.15567350102966038,1,1
Toys,44,smallest,-0.618389368057251,-0.23647544015699903,0.13188515057799904,0.18456593879724803,0.15400570256691232,1,1
Grocery,42,largest,0.9713442325592041,0.9164726259308555,0.9578316191540222,1.1571802047382906,1.1230933128827791,0,0
Grocery,42,largest,0.9727147221565247,0.920357312112641,0.9598114912423027,1.1594156724993412,1.1253627691831096,0,0
Grocery,42,largest,0.9736289381980896,0.9229547739919496,0.9611342553716946,1.1609091597488392,1.1268790002299565,0,0
Grocery,42,largest,0.975017786026001,0.9269100994482096,0.9631468921353138,1.163181494239588,1.1291859952069296,0,0
Grocery,42,largest,0.9753271341323853,0.9277926337127712,0.9635956966050121,1.1636881990314443,1.1297004380712503,0,0
Grocery,42,largest,0.9758666157722473,0.929333052248299,0.9643788299498313,1.16457235533472,1.130598104645282,0,0
Grocery,42,largest,0.9767571091651917,0.9318794668658459,0.9656727565839449,1.166033170930337,1.1320812643525573,0,0
Grocery,42,largest,0.9771133065223694,0.9328993337151835,0.9661907635051576,1.166617980806117,1.132675027029228,0,0
Grocery,42,largest,0.9782920479774475,0.9362796199246821,0.9679067497595095,1.168555226965476,1.1346419619349075,0,0
Grocery,42,largest,0.9804365634918213,0.9424503871436254,0.9710357014167748,1.1720874838152737,1.138228476089414,0,0
Grocery,42,largest,0.9805347919464111,0.9427336835560838,0.9711792384299717,1.1722495175664642,1.1383930026143358,0,0
Grocery,42,largest,0.9817411303520203,0.9462174627611523,0.9729435600345088,1.1742411649496427,1.1404153175862604,0,0
Grocery,42,largest,0.9849669337272644,0.9555753830575023,0.977675544330214,1.1795825592933402,1.1458392095420264,0,0
Grocery,42,largest,0.9851984977722168,0.9562495039420035,0.9780160204317132,1.179966867642143,1.1462294675219828,0,0
Grocery,42,largest,0.9855979084968567,0.9574129989242935,0.9786035361636322,1.180630013977423,1.1469028846972262,0,0
Grocery,42,largest,0.9873951077461243,0.9626599704575808,0.9812510442511714,1.1836182551609853,1.1499374769694348,0,0
Grocery,42,largest,0.9875320792198181,0.963060646678774,0.9814530833467023,1.183846291278024,1.150169054825258,0,0
Grocery,42,largest,0.9879530668258667,0.9642928379197736,0.9820742917490689,1.1845474278520056,1.1508810851971139,0,0
Grocery,42,largest,0.988466739654541,0.9657977331369669,0.9828327420486965,1.1854034549990748,1.1517504211273268,0,0
Grocery,42,largest,0.989628255367279,0.9692063696414314,0.9845496772074988,1.1873412398000025,1.1537183670069457,0,0
Grocery,42,largest,0.9900117516517639,0.9703335537918439,0.9851171434630505,1.1879816874298381,1.1543687933911808,0,0
Grocery,42,largest,0.9921700954437256,0.9766937285161253,0.9883163305631656,1.1915922091065858,1.1580356663193205,0,0
Grocery,42,largest,0.9982039928436279,0.9946216496627254,0.9973092134588287,1.2017403531791973,1.168343065135167,0,0
Grocery,42,largest,0.9999954104423523,0.9999862313902489,0.9999931156845925,1.204768757685866,1.1714192402124537,0,0
Grocery,42,largest,0.9999958872795105,0.9999876618892748,0.9999938309361802,1.2047695647290508,1.1714200600010378,0,0
Grocery,42,largest,0.9999977350234985,0.999993205085886,0.9999966025403779,1.2047726920261512,1.171423236686713,0,0
Grocery,42,largest,0.9999977946281433,0.9999933838990209,0.9999966919470786,1.2047727929068288,1.1714233391605746,0,0
Grocery,42,largest,0.9999992847442627,0.9999978542343229,0.9999989271169056,1.2047753149263285,1.17142590100975,0,0
Grocery,42,largest,0.9999992847442627,0.9999978542343229,0.9999989271169056,1.2047753149263285,1.17142590100975,0,0
Grocery,42,largest,0.9999998211860657,0.999999463558293,0.9999997317791305,1.2047762228545533,1.1714268232766962,0,0
Grocery,42,largest,1.0,1.0,1.0,1.2047765254974365,1.1714271306991577,0,0
Grocery,42,largest,1.0000001192092896,1.0000003576279113,1.0000001788139485,1.204776727259398,1.171427335647506,0,0
Grocery,42,smallest,-0.40562304854393005,-0.06673718350434331,0.17304245636544952,0.2597461587626917,0.2233205625215644,1,1
Grocery,42,smallest,-0.4071584641933441,-0.06749792196987855,0.172780407200265,0.2594547888094575,0.2230255974900893,1,1
Grocery,42,smallest,-0.40967753529548645,-0.06875850891567017,0.172349909678657,0.2589763395211517,0.22254106909664384,1,1
Grocery,42,smallest,-0.41174960136413574,-0.06980709448271509,0.17199525959416848,0.2585823880586478,0.22214194807109025,1,1
Grocery,42,smallest,-0.41261571645736694,-0.0702485393323904,0.17184686841946722,0.25841760659511653,0.22197496032038322,1,1
Grocery,42,smallest,-0.41347962617874146,-0.07069071020451426,0.17169876622041402,0.25825317775511103,0.22180830405800644,1,1
Grocery,42,smallest,-0.4144730567932129,-0.07120146217040066,0.17152834896097408,0.2580640130401394,0.22161654488570198,1,1
Grocery,42,smallest,-0.4150703251361847,-0.07150971639738887,0.17142583331877112,0.25795023991204646,0.2215011948555132,1,1
Grocery,42,smallest,-0.41541507840156555,-0.07168805020579168,0.1713666396890054,0.2578845529840602,0.22143459187116973,1,1
Grocery,42,smallest,-0.4175977110862732,-0.07282396629321713,0.17099154273125106,0.2574684265936617,0.22101256648095724,1,1
Grocery,42,smallest,-0.4213409423828125,-0.07479989475952564,0.1703468381464246,0.2567536733724362,0.220287294804532,1,1
Grocery,42,smallest,-0.42206311225891113,-0.07518517089347622,0.17022224689432272,0.25661561348959605,0.2201471469734106,1,1
Grocery,42,smallest,-0.4228142499923706,-0.07558730258863561,0.17009258435390118,0.2564719575939472,0.22000129917605246,1,1
Grocery,42,smallest,-0.4240366220474243,-0.07624477700161617,0.16988141444708743,0.2562380491656101,0.21976377961600801,1,1
Grocery,42,smallest,-0.42526042461395264,-0.07690682907709677,0.16966979376294747,0.2560037049775371,0.21952576520358077,1,1
Grocery,42,smallest,-0.4358116090297699,-0.08277446530611743,0.16783642105730742,0.2539761103813378,0.2174642300541536,1,1
Grocery,42,smallest,-0.4413866400718689,-0.08599190127724171,0.16686090617120575,0.25289916252630407,0.21636766689746129,1,1
Grocery,42,smallest,-0.4467352032661438,-0.08915599069696101,0.1659202869685345,0.25186197633464014,0.21531055360388554,1,1
Grocery,42,smallest,-0.4497127830982208,-0.09095062707476631,0.16539454427724007,0.2512827829417842,0.21471979194439358,1,1
Grocery,42,smallest,-0.4523848593235016,-0.09258149380093379,0.16492142695517722,0.2507618833811107,0.21418821989506753,1,1
Grocery,42,smallest,-0.45535174012184143,-0.09441500091901002,0.1643946165477844,0.25018222014024105,0.21359638224227914,1,1
Grocery,42,smallest,-0.46205970644950867,-0.09864936489133574,0.1631975252458404,0.24886639375534483,0.2122517615398118,1,1
Grocery,42,smallest,-0.4634464383125305,-0.09954023153048974,0.16294898283538747,0.24859343448879517,0.2119726286775617,1,1
Grocery,42,smallest,-0.46517300605773926,-0.10065689146356122,0.16263900701087325,0.24825311882943862,0.21162452003158008,1,1
Grocery,42,smallest,-0.47006210684776306,-0.1038641636469895,0.16175802844985132,0.24728658671330916,0.2106352766948074,1,1
Grocery,42,smallest,-0.47753679752349854,-0.1088981565107641,0.16040160973868406,0.24580036773128217,0.20911247965533278,1,1
Grocery,42,smallest,-0.497770220041275,-0.12333511182266817,0.15666746502399903,0.24172051483447182,0.20492212496089768,1,1
Grocery,42,smallest,-0.5164921283721924,-0.13778156742542624,0.15312260571820466,0.237862377240619,0.20094637340318214,1,1
Grocery,42,smallest,-0.5250140428543091,-0.14471473699575235,0.15147774133604122,0.23607677256996845,0.19910220319467167,1,1
Grocery,42,smallest,-0.5304095149040222,-0.1492223649252022,0.15042559341787393,0.23493606502708156,0.19792275879844595,1,1
Grocery,42,smallest,-0.5487945675849915,-0.1652834658928621,0.14677436098323604,0.23098593986268454,0.1938308121798391,1,1
Grocery,42,smallest,-0.5699656009674072,-0.1851594732863229,0.1424339280081019,0.22630599508838062,0.18896826437877912,1,1
Grocery,43,largest,0.9713442325592041,0.9164726259308555,0.9578316191540222,1.1184912064127273,1.095761680544184,0,0
Grocery,43,largest,0.9727147221565247,0.920357312112641,0.9598114912423027,1.1207147295030873,1.098011629764663,0,0
Grocery,43,largest,0.9736289381980896,0.9229547739919496,0.9611342553716946,1.1222002552930457,1.099514834176493,0,0
Grocery,43,largest,0.975017786026001,0.9269100994482096,0.9631468921353138,1.124460504980842,1.1018020180585975,0,0
Grocery,43,largest,0.9753271341323853,0.9277926337127712,0.9635956966050121,1.1249645196823412,1.102312044730855,0,0
Grocery,43,largest,0.9758666157722473,0.929333052248299,0.9643788299498313,1.125843986091587,1.1032020066994779,0,0
Grocery,43,largest,0.9767571091651917,0.9318794668658459,0.9656727565839449,1.1272970643330185,1.1046724402810872,0,0
Grocery,43,largest,0.9771133065223694,0.9328993337151835,0.9661907635051576,1.1278787806651127,1.1052611095260616,0,0
Grocery,43,largest,0.9782920479774475,0.9362796199246821,0.9679067497595095,1.1298057952640082,1.1072111769072948,0,0
Grocery,43,largest,0.9804365634918213,0.9424503871436254,0.9710357014167748,1.1333194601269898,1.11076695563377,0,0
Grocery,43,largest,0.9805347919464111,0.9427336835560838,0.9711792384299717,1.1334806429811788,1.1109300728565654,0,0
Grocery,43,largest,0.9817411303520203,0.9462174627611523,0.9729435600345088,1.1354618455571113,1.1129350696767106,0,0
Grocery,43,largest,0.9849669337272644,0.9555753830575023,0.977675544330214,1.140775355747456,1.1183125558574207,0,0
Grocery,43,largest,0.9851984977722168,0.9562495039420035,0.9780160204317132,1.1411576650061723,1.1186994772084617,0,0
Grocery,43,largest,0.9855979084968567,0.9574129989242935,0.9786035361636322,1.1418173640449991,1.1193671375366385,0,0
Grocery,43,largest,0.9873951077461243,0.9626599704575808,0.9812510442511714,1.1447901064333021,1.122375799521103,0,0
Grocery,43,largest,0.9875320792198181,0.963060646678774,0.9814530833467023,1.1450169621850819,1.1226053993425464,0,0
Grocery,43,largest,0.9879530668258667,0.9642928379197736,0.9820742917490689,1.1457144716185916,1.1233113485569457,0,0
Grocery,43,largest,0.988466739654541,0.9657977331369669,0.9828327420486965,1.1465660746277706,1.1241732612527355,0,0
Grocery,43,largest,0.989628255367279,0.9692063696414314,0.9845496772074988,1.1484938619088765,1.126124408594859,0,0
Grocery,43,largest,0.9900117516517639,0.9703335537918439,0.9851171434630505,1.1491310106002741,1.1267692846235176,0,0
Grocery,43,largest,0.9921700954437256,0.9766937285161253,0.9883163305631656,1.1527229835600141,1.1304048826860735,0,0
Grocery,43,largest,0.9982039928436279,0.9946216496627254,0.9973092134588287,1.1628194354197037,1.1406245145050529,0,0
Grocery,43,largest,0.9999954104423523,0.9999862313902489,0.9999931156845925,1.1658325394951614,1.1436745372199049,0,0
Grocery,43,largest,0.9999958872795105,0.9999876618892748,0.9999938309361802,1.1658333424685565,1.1436753500414896,0,0
Grocery,43,largest,0.9999977350234985,0.999993205085886,0.9999966025403779,1.165836453995237,1.1436784997300116,0,0
Grocery,43,largest,0.9999977946281433,0.9999933838990209,0.9999966919470786,1.1658365543671918,1.1436786013329963,0,0
Grocery,43,largest,0.9999992847442627,0.9999978542343229,0.9999989271169056,1.165839063668628,1.1436811414102395,0,0
Grocery,43,largest,0.9999992847442627,0.9999978542343229,0.9999989271169056,1.165839063668628,1.1436811414102395,0,0
Grocery,43,largest,0.9999998211860657,0.999999463558293,0.9999997317791305,1.1658399670183535,1.1436820558392826,0,0
Grocery,43,largest,1.0,1.0,1.0,1.1658402681350708,1.1436823606491089,0,0
Grocery,43,largest,1.0000001192092896,1.0000003576279113,1.0000001788139485,1.1658404688795885,1.1436825638557002,0,0
Grocery,43,smallest,-0.40562304854393005,-0.06673718350434331,0.17304245636544952,0.23140266463417397,0.20564098493180016,1,1
Grocery,43,smallest,-0.4071584641933441,-0.06749792196987855,0.172780407200265,0.2311125445530013,0.20534878112525398,1,1
Grocery,43,smallest,-0.40967753529548645,-0.06875850891567017,0.172349909678657,0.23063605546482013,0.20486875924017114,1,1
Grocery,43,smallest,-0.41174960136413574,-0.06980709448271509,0.17199525959416848,0.23024363200317352,0.20447332305614618,1,1
Grocery,43,smallest,-0.41261571645736694,-0.0702485393323904,0.17184686841946722,0.23007946662961481,0.2043078696851727,1,1
Grocery,43,smallest,-0.41347962617874146,-0.07069071020451426,0.17169876622041402,0.22991563901648654,0.20414274045474617,1,1
Grocery,43,smallest,-0.4144730567932129,-0.07120146217040066,0.17152834896097408,0.22972714923973728,0.2039527330107484,1,1
Grocery,43,smallest,-0.4150703251361847,-0.07150971639738887,0.17142583331877112,0.22961377343149683,0.20383843396906062,1,1
Grocery,43,smallest,-0.41541507840156555,-0.07168805020579168,0.1713666396890054,0.22954831294770142,0.2037724368876116,1,1
Grocery,43,smallest,-0.4175977110862732,-0.07282396629321713,0.17099154273125106,0.22913357094405523,0.2033542348282812,1,1
Grocery,43,smallest,-0.4213409423828125,-0.07479989475952564,0.1703468381464246,0.22842099359006734,0.20263546951347022,1,1
Grocery,43,smallest,-0.42206311225891113,-0.07518517089347622,0.17022224689432272,0.22828332459022954,0.2024965695892837,1,1
Grocery,43,smallest,-0.4228142499923706,-0.07558730258863561,0.17009258435390118,0.22814006532231348,0.20235201724071533,1,1
Grocery,43,smallest,-0.4240366220474243,-0.07624477700161617,0.16988141444708743,0.22790678067578576,0.2021166003687841,1,1
Grocery,43,smallest,-0.42526042461395264,-0.07690682907709677,0.16966979376294747,0.2276730340746631,0.2018806843218611,1,1
Grocery,43,smallest,-0.4358116090297699,-0.08277446530611743,0.16783642105730742,0.22564946957194243,0.19983696071466647,1,1
Grocery,43,smallest,-0.4413866400718689,-0.08599190127724171,0.16686090617120575,0.22457383465100184,0.1987496079869801,1,1
Grocery,43,smallest,-0.4467352032661438,-0.08915599069696101,0.1659202869685345,0.22353737382906813,0.19770120179572112,1,1
Grocery,43,smallest,-0.4497127830982208,-0.09095062707476631,0.16539454427724007,0.22295835656783158,0.197115232985329,1,1
Grocery,43,smallest,-0.4523848593235016,-0.09258149380093379,0.16492142695517722,0.22243747594377763,0.19658792905152933,1,1
Grocery,43,smallest,-0.45535174012184143,-0.09441500091901002,0.1643946165477844,0.22185767913184168,0.1960007940087902,1,1
Grocery,43,smallest,-0.46205970644950867,-0.09864936489133574,0.1631975252458404,0.22054094873003707,0.1946666653242156,1,1
Grocery,43,smallest,-0.4634464383125305,-0.09954023153048974,0.16294898283538747,0.22026769808977734,0.194389677324288,1,1
Grocery,43,smallest,-0.46517300605773926,-0.10065689146356122,0.16263900701087325,0.21992696946438456,0.19404422766043689,1,1
Grocery,43,smallest,-0.47006210684776306,-0.1038641636469895,0.16175802844985132,0.21895896521812958,0.19306244477417822,1,1
Grocery,43,smallest,-0.47753679752349854,-0.1088981565107641,0.16040160973868406,0.2174696268207732,0.1915508579822574,1,1
Grocery,43,smallest,-0.497770220041275,-0.12333511182266817,0.15666746502399903,0.21337600688820468,0.18738968106206202,1,1
Grocery,43,smallest,-0.5164921283721924,-0.13778156742542624,0.15312260571820466,0.2094981081981833,0.18343944461955175,1,1
Grocery,43,smallest,-0.5250140428543091,-0.14471473699575235,0.15147774133604122,0.20770124120795325,0.18160642806895297,1,1
Grocery,43,smallest,-0.5304095149040222,-0.1492223649252022,0.15042559341787393,0.20655266273781855,0.18043389905966367,1,1
Grocery,43,smallest,-0.5487945675849915,-0.1652834658928621,0.14677436098323604,0.2025713655824985,0.17636467962966626,1,1
Grocery,43,smallest,-0.5699656009674072,-0.1851594732863229,0.1424339280081019,0.19784708070003615,0.17152673966787793,1,1
Grocery,44,largest,0.9713442325592041,0.9164726259308555,0.9578316191540222,1.1448018012263674,1.110918444334623,0,0
Grocery,44,largest,0.9727147221565247,0.920357312112641,0.9598114912423027,1.1470335310788409,1.1131791266927644,0,0
Grocery,44,largest,0.9736289381980896,0.9229547739919496,0.9611342553716946,1.148524527689877,1.1146894981097712,0,0
Grocery,44,largest,0.975017786026001,0.9269100994482096,0.9631468921353138,1.1507930828042197,1.1169875809450187,0,0
Grocery,44,largest,0.9753271341323853,0.9277926337127712,0.9635956966050121,1.1512989464989163,1.1175000370382664,0,0
Grocery,44,largest,0.9758666157722473,0.929333052248299,0.9643788299498313,1.1521816366071382,1.1183942373342393,0,0
Grocery,44,largest,0.9767571091651917,0.9318794668658459,0.9656727565839449,1.15364003375875,1.1198716713058374,0,0
Grocery,44,largest,0.9771133065223694,0.9328993337151835,0.9661907635051576,1.1542238768591189,1.1204631422452884,0,0
Grocery,44,largest,0.9782920479774475,0.9362796199246821,0.9679067497595095,1.156157926185656,1.122422487368023,0,0
Grocery,44,largest,0.9804365634918213,0.9424503871436254,0.9710357014167748,1.1596843766425917,1.1259951700485842,0,0
Grocery,44,largest,0.9805347919464111,0.9427336835560838,0.9711792384299717,1.159846144734839,1.1261590623128264,0,0
Grocery,44,largest,0.9817411303520203,0.9462174627611523,0.9729435600345088,1.161834531720673,1.128173582838521,0,0
Grocery,44,largest,0.9849669337272644,0.9555753830575023,0.977675544330214,1.167167227147746,1.133576585501396,0,0
Grocery,44,largest,0.9851984977722168,0.9562495039420035,0.9780160204317132,1.1675509121414533,1.133965341334081,0,0
Grocery,44,largest,0.9855979084968567,0.9574129989242935,0.9786035361636322,1.1682129836350315,1.1346361667245113,0,0
Grocery,44,largest,0.9873951077461243,0.9626599704575808,0.9812510442511714,1.1711963938504515,1.1376590840438936,0,0
Grocery,44,largest,0.9875320792198181,0.963060646678774,0.9814530833467023,1.1714240621447947,1.1378897712413854,0,0
Grocery,44,largest,0.9879530668258667,0.9642928379197736,0.9820742917490689,1.1721240685232392,1.1385990633698198,0,0
Grocery,44,largest,0.988466739654541,0.9657977331369669,0.9828327420486965,1.1729787173099158,1.139465056632206,0,0
Grocery,44,largest,0.989628255367279,0.9692063696414314,0.9845496772074988,1.1749133880453007,1.1414254377192337,0,0
Grocery,44,largest,0.9900117516517639,0.9703335537918439,0.9851171434630505,1.1755528083244111,1.1420733645072487,0,0
Grocery,44,largest,0.9921700954437256,0.9766937285161253,0.9883163305631656,1.1791575555731035,1.1457261515831303,0,0
Grocery,44,largest,0.9982039928436279,0.9946216496627254,0.9973092134588287,1.1892896250530076,1.1559940098188313,0,0
Grocery,44,largest,0.9999954104423523,0.9999862313902489,0.9999931156845925,1.1923132766394529,1.1590583995949606,0,0
Grocery,44,largest,0.9999958872795105,0.9999876618892748,0.9999938309361802,1.192314082418704,1.1590592162437412,0,0
Grocery,44,largest,0.9999977350234985,0.999993205085886,0.9999966025403779,1.1923172048180686,1.159062380762663,0,0
Grocery,44,largest,0.9999977946281433,0.9999933838990209,0.9999966919470786,1.1923173055407548,1.1590624828440481,0,0
Grocery,44,largest,0.9999992847442627,0.9999978542343229,0.9999989271169056,1.1923198236104744,1.159065034881309,0,0
Grocery,44,largest,0.9999992847442627,0.9999978542343229,0.9999989271169056,1.1923198236104744,1.159065034881309,0,0
Grocery,44,largest,0.9999998211860657,0.999999463558293,0.9999997317791305,1.19232073011678,1.1590659536159622,0,0
Grocery,44,largest,1.0,1.0,1.0,1.1923210322856903,1.1590662598609924,0,0
Grocery,44,largest,1.0000001192092896,1.0000003576279113,1.0000001788139485,1.19232123373167,1.1590664640243864,0,0
Grocery,44,smallest,-0.40562304854393005,-0.06673718350434331,0.17304245636544952,0.2521676183887809,0.21521265437685896,1,1
Grocery,44,smallest,-0.4071584641933441,-0.06749792196987855,0.172780407200265,0.2518810735767879,0.21491849788483142,1,1
Grocery,44,smallest,-0.40967753529548645,-0.06875850891567017,0.172349909678657,0.25141052991642854,0.21443528561323744,1,1
Grocery,44,smallest,-0.41174960136413574,-0.06980709448271509,0.17199525959416848,0.25102307122900436,0.21403723750676437,1,1
Grocery,44,smallest,-0.41261571645736694,-0.0702485393323904,0.17184686841946722,0.2508610010324114,0.2138706956554304,1,1
Grocery,44,smallest,-0.41347962617874146,-0.07069071020451426,0.17169876622041402,0.25069927497469774,0.21370448264695877,1,1
Grocery,44,smallest,-0.4144730567932129,-0.07120146217040066,0.17152834896097408,0.2505132162995046,0.21351323132143324,1,1
Grocery,44,smallest,-0.4150703251361847,-0.07150971639738887,0.17142583331877112,0.25040130957050377,0.21339818566057406,1,1
Grocery,44,smallest,-0.41541507840156555,-0.07168805020579168,0.1713666396890054,0.25033669961437227,0.2133317580364009,1,1
Grocery,44,smallest,-0.4175977110862732,-0.07282396629321713,0.17099154273125106,0.24992738566402398,0.2129108373080915,1,1
Grocery,44,smallest,-0.4213409423828125,-0.07479989475952564,0.1703468381464246,0.24922429215166228,0.21218743791989705,1,1
Grocery,44,smallest,-0.42206311225891113,-0.07518517089347622,0.17022224689432272,0.24908847828540648,0.21204764808537513,1,1
Grocery,44,smallest,-0.4228142499923706,-0.07558730258863561,0.17009258435390118,0.24894715731028716,0.21190217154340205,1,1
Grocery,44,smallest,-0.4240366220474243,-0.07624477700161617,0.16988141444708743,0.24871704604468725,0.21166525375268308,1,1
Grocery,44,smallest,-0.42526042461395264,-0.07690682907709677,0.16966979376294747,0.24848650023693655,0.2114278388442514,1,1
Grocery,44,smallest,-0.4358116090297699,-0.08277446530611743,0.16783642105730742,0.2464915190815154,0.20937135002847795,1,1
Grocery,44,smallest,-0.4413866400718689,-0.08599190127724171,0.16686090617120575,0.24543170503767084,0.2082773655362434,1,1
Grocery,44,smallest,-0.4467352032661438,-0.08915599069696101,0.1659202869685345,0.244410891933862,0.20722266982796606,1,1
Grocery,44,smallest,-0.4497127830982208,-0.09095062707476631,0.16539454427724007,0.24384078588424346,0.20663323033685643,1,1
Grocery,44,smallest,-0.4523848593235016,-0.09258149380093379,0.16492142695517722,0.24332802435380643,0.20610283044700817,1,1
Grocery,44,smallest,-0.45535174012184143,-0.09441500091901002,0.1643946165477844,0.2427573781385782,0.20551227844703202,1,1
Grocery,44,smallest,-0.46205970644950867,-0.09864936489133574,0.1631975252458404,0.24146186517831522,0.20417050356925198,1,1
Grocery,44,smallest,-0.4634464383125305,-0.09954023153048974,0.16294898283538747,0.24119309248378862,0.20389194854267992,1,1
Grocery,44,smallest,-0.46517300605773926,-0.10065689146356122,0.16263900701087325,0.24085798320601737,0.20354455434849714,1,1
Grocery,44,smallest,-0.47006210684776306,-0.1038641636469895,0.16175802844985132,0.2399061567090468,0.20255730423095888,1,1
Grocery,44,smallest,-0.47753679752349854,-0.1088981565107641,0.16040160973868406,0.23844231325723209,0.20103746983150267,1,1
Grocery,44,smallest,-0.497770220041275,-0.12333511182266817,0.15666746502399903,0.23442236879636438,0.19685463084182758,1,1
Grocery,44,smallest,-0.5164921283721924,-0.13778156742542624,0.15312260571820466,0.23061878548504286,0.19288519616149855,1,1
Grocery,44,smallest,-0.5250140428543091,-0.14471473699575235,0.15147774133604122,0.22885772692671563,0.19104370431621648,1,1
Grocery,44,smallest,-0.5304095149040222,-0.1492223649252022,0.15042559341787393,0.22773246627947152,0.18986589327736314,1,1
Grocery,44,smallest,-0.5487945675849915,-0.1652834658928621,0.14677436098323604,0.22383442109654672,0.1857791566351915,1,1
Grocery,44,smallest,-0.5699656009674072,-0.1851594732863229,0.1424339280081019,0.2192133628705992,0.18092194723840674,1,1
ele-fashion,42,largest,0.996573269367218,0.9897549953118173,0.9948716364740753,1.054969760481057,1.0618014414239625,0,0
ele-fashion,42,largest,0.9966096878051758,0.9898635070968792,0.9949260161822963,1.0550168385348861,1.061849167649722,0,0
ele-fashion,42,largest,0.996762216091156,0.9903180640649083,0.9951537988957542,1.0552140352623691,1.0620490796435405,0,0
ele-fashion,42,largest,0.9969947934150696,0.9910114469042411,0.995501214604017,1.0555147972294834,1.0623539836977276,0,0
ele-fashion,42,largest,0.9971606135368347,0.9915060040655042,0.9957489766978739,1.0557292850639517,1.0625714260418144,0,0
ele-fashion,42,largest,0.9972177743911743,0.9916765239749437,0.9958343969819512,1.0558032329296207,1.0626463926319936,0,0
ele-fashion,42,largest,0.9973769187927246,0.9921513799949792,0.9960722542320433,1.0560091431726735,1.0628551398531092,0,0
ele-fashion,42,largest,0.99739670753479,0.9922104363564926,0.9961018340231306,1.0560347499023557,1.062881099417212,0,0
ele-fashion,42,largest,0.9975237250328064,0.9925895557271948,0.9962917156908317,1.0561991264918449,1.0630477411132098,0,0
ele-fashion,42,largest,0.9976930618286133,0.9930951390995784,0.9965449116372862,1.0564183108030536,1.063269946227249,0,0
ele-fashion,42,largest,0.9978259801864624,0.9934921093706313,0.9967436940730421,1.0565903892308015,1.0634443966013467,0,0
ele-fashion,42,largest,0.9978821277618408,0.9936598299345062,0.9968276746507114,1.0566630875872924,1.0635180971338438,0,0
ele-fashion,42,largest,0.9979727864265442,0.9939306797332232,0.996963287151932,1.0567804809046841,1.06363710888376,0,0
ele-fashion,42,largest,0.9983833432197571,0.9951578661714461,0.9975776273524656,1.0573122773911887,1.0641762387687779,0,0
ele-fashion,42,largest,0.9984951615333557,0.9954922748087341,0.997745005986903,1.0574571642942445,1.0643231241623266,0,0
ele-fashion,42,largest,0.9985648989677429,0.995700872492535,0.9978494072276841,1.0575475359399202,1.064414742457774,0,0
ele-fashion,42,largest,0.998904824256897,0.9967180696868512,0.9983584354668626,1.0579881542993996,1.0648614402569647,0,0
ele-fashion,42,largest,0.9992097616195679,0.9976311577953119,0.9988152667826784,1.0583835823049796,1.0652623259411182,0,0
ele-fashion,42,largest,0.9994884133338928,0.9984660250305364,0.999232881688283,1.0587450581354632,1.0656287922944345,0,0
ele-fashion,42,largest,0.9996157288551331,0.9988476295015943,0.9994237409328266,1.0589102583898504,1.0657962737589464,0,0
ele-fashion,42,largest,0.9999857544898987,0.9999572640784968,0.9999786319377819,1.0593905424110344,1.0662831915476891,0,0
ele-fashion,42,largest,0.9999896883964539,0.999969065508348,0.9999845327010097,1.0593956497341723,1.066288369427204,0,0
ele-fashion,42,largest,0.9999902844429016,0.9999708536118801,0.9999854267587442,1.0593964235732338,1.0662891539566806,0,0
ele-fashion,42,largest,0.9999909400939941,0.9999728205282273,0.9999864102230729,1.059397274796877,1.0662900169397969,0,0
ele-fashion,42,largest,0.9999927878379822,0.999978363669992,0.9999891818089884,1.0593996737036788,1.066292448987026,0,0
ele-fashion,42,largest,0.999992847442627,0.9999785424813578,0.9999892712150994,1.0593997510878628,1.0662925274402582,0,0
ele-fashion,42,largest,0.9999967217445374,0.9999901652658529,0.999995082627553,1.0594047810723655,1.066297626913213,0,0
ele-fashion,42,largest,0.9999971985816956,0.9999915957686305,0.9999957978803913,1.059405400149089,1.0662982545424033,0,0
ele-fashion,42,largest,0.9999987483024597,0.9999962449120794,0.9999981224552563,1.0594074121510255,1.0663002943399211,0,0
ele-fashion,42,largest,1.0000001192092896,1.0000003576279113,1.0000001788139485,1.0594091920021882,1.066302098779564,0,0
ele-fashion,42,largest,1.0000015497207642,1.0000046491694974,1.0000023245835479,1.0594110492414825,1.066303981676484,0,0
ele-fashion,42,largest,1.0000113248825073,1.0000339750322824,1.0000169874520144,1.0594237404668236,1.0663168482311587,0,0
ele-fashion,42,smallest,-0.6158055067062378,-0.23352356095629043,0.1324718386067995,0.3127036513034634,0.3044994915796176,1,1
ele-fashion,42,smallest,-0.6182482838630676,-0.23631362300326147,0.1319172584083248,0.31241050168983836,0.3041452381951706,1,1
ele-fashion,42,smallest,-0.6209949851036072,-0.23947725919787333,0.1312906318055872,0.3120795222931576,0.30374520042688197,1,1
ele-fashion,42,smallest,-0.6226706504821777,-0.24142107939976162,0.13090675227248974,0.31187688842549655,0.3035002528982751,1,1
ele-fashion,42,smallest,-0.6247584223747253,-0.24385763563081228,0.13042675708065452,0.31162365176777396,0.3031941009935971,1,1
ele-fashion,42,smallest,-0.6260707378387451,-0.24539754678145717,0.1301240710394371,0.31146403391703176,0.3030011110649884,1,1
ele-fashion,42,smallest,-0.6351489424705505,-0.2562280892466198,0.1280092868510721,0.3103503145095178,0.3016541756908559,1,1
ele-fashion,42,smallest,-0.6384337544441223,-0.26022410361901244,0.12723495018762077,0.3099431234974268,0.301161578683609,1,1
ele-fashion,42,smallest,-0.6424559354782104,-0.26517344903751267,0.12628006112886486,0.30944139019881706,0.3005545247283343,1,1
ele-fashion,42,smallest,-0.6429791450500488,-0.26582184046436175,0.1261552988637203,0.3093758668582725,0.3004752408809633,1,1
ele-fashion,42,smallest,-0.6582702398300171,-0.2852414685333888,0.12245200007061559,0.30743383614219083,0.2981248773416028,1,1
ele-fashion,42,smallest,-0.6595496535301208,-0.2869078887094733,0.12213705080802707,0.30726890326685896,0.2979252343856063,1,1
ele-fashion,42,smallest,-0.6668307781219482,-0.2965151654395645,0.12032933577230255,0.3063228114113495,0.2967799928534318,1,1
ele-fashion,42,smallest,-0.6671053767204285,-0.2968816280521049,0.12026064471919286,0.30628687889742146,0.2967364957236835,1,1
ele-fashion,42,smallest,-0.6687386631965637,-0.2990675535708314,0.11985129572163299,0.30607277206479244,0.29647731400576294,1,1
ele-fashion,42,smallest,-0.6689658164978027,-0.29937241373788254,0.11979425835172165,0.30604294243517405,0.2964412044469009,1,1
ele-fashion,42,smallest,-0.6763623356819153,-0.30941277842963966,0.11792272375438523,0.30506457238506846,0.29525687209823104,1,1
ele-fashion,42,smallest,-0.6774438619613647,-0.31089943764841593,0.11764672162483698,0.3049203504366006,0.29508229330540675,1,1
ele-fashion,42,smallest,-0.6853063702583313,-0.3218505876700741,0.11562196579706092,0.3038627395053052,0.29380213566896934,1,1
ele-fashion,42,smallest,-0.6929563879966736,-0.33274972709123274,0.11362061014437252,0.30281791084035686,0.29253762160131314,1,1
ele-fashion,42,smallest,-0.6937688589096069,-0.33392151761036937,0.11340621326819045,0.30270600803053177,0.29240220335138206,1,1
ele-fashion,42,smallest,-0.7134953737258911,-0.36322311995871437,0.10808928866091089,0.29993168935666503,0.2890460051311296,1,1
ele-fashion,42,smallest,-0.715972900390625,-0.36702001924541605,0.1074060686144307,0.29957522517292645,0.28861496438836876,1,1
ele-fashion,42,smallest,-0.7191356420516968,-0.371905363640696,0.10652876649417835,0.29911748431659607,0.28806153181686667,1,1
ele-fashion,42,smallest,-0.721562922000885,-0.37568393639995595,0.10585154800140358,0.298764120485731,0.28763435512620844,1,1
ele-fashion,42,smallest,-0.7244909405708313,-0.38027596541347897,0.10503005424622439,0.2983354465513125,0.2871162084622571,1,1
ele-fashion,42,smallest,-0.7309180498123169,-0.39048653277455037,0.10320915323864333,0.29738510671329965,0.2859678074620582,1,1
ele-fashion,42,smallest,-0.7372620701789856,-0.4007427500623492,0.10138763497081717,0.29643416633290076,0.28481911077492816,1,1
ele-fashion,42,smallest,-0.7416708469390869,-0.407975069655561,0.10010743215117364,0.29576561618195535,0.2840118025035985,1,1
ele-fashion,42,smallest,-0.771182656288147,-0.45863982333519937,0.09122505243407397,0.29112032683166594,0.27840928021209294,0,1
ele-fashion,42,smallest,-0.7757295966148376,-0.4668002549123204,0.08980663888426517,0.2903771776345813,0.277514199147344,0,1
ele-fashion,42,smallest,-0.8049687147140503,-0.5215993064214142,0.08035165263323141,0.28541148178994175,0.2715425437649109,0,1
ele-fashion,43,largest,0.996573269367218,0.9897549953118173,0.9948716364740753,1.0655560910362665,1.0774589910677959,0,0
ele-fashion,43,largest,0.9966096878051758,0.9898635070968792,0.9949260161822963,1.065603493514181,1.0775073797620691,0,0
ele-fashion,43,largest,0.996762216091156,0.9903180640649083,0.9951537988957542,1.0658020490666733,1.0777100666304946,0,0
ele-fashion,43,largest,0.9969947934150696,0.9910114469042411,0.995501214604017,1.0661048831974675,1.0780192028272348,0,0
ele-fashion,43,largest,0.9971606135368347,0.9915060040655042,0.9957489766978739,1.0663208485709716,1.0782396632705884,0,0
ele-fashion,43,largest,0.9972177743911743,0.9916765239749437,0.9958343969819512,1.0663953057976006,1.078315670386553,0,0
ele-fashion,43,largest,0.9973769187927246,0.9921513799949792,0.9960722542320433,1.0666026342579027,1.0785273149619834,0,0
ele-fashion,43,largest,0.99739670753479,0.9922104363564926,0.9961018340231306,1.066628417343412,1.0785536348348599,0,0
ele-fashion,43,largest,0.9975237250328064,0.9925895557271948,0.9962917156908317,1.0667939259468424,1.078722589438414,0,0
ele-fashion,43,largest,0.9976930618286133,0.9930951390995784,0.9965449116372862,1.067014619549317,1.0789478786130502,0,0
ele-fashion,43,largest,0.9978259801864624,0.9934921093706313,0.9967436940730421,1.0671878827656256,1.079124750210711,0,0
ele-fashion,43,largest,0.9978821277618408,0.9936598299345062,0.9968276746507114,1.067261081626933,1.0791994736355797,0,0
ele-fashion,43,largest,0.9979727864265442,0.9939306797332232,0.996963287151932,1.067379283115143,1.0793201371430485,0,0
ele-fashion,43,largest,0.9983833432197571,0.9951578661714461,0.9975776273524656,1.0679147399610716,1.0798667494140737,0,0
ele-fashion,43,largest,0.9984951615333557,0.9954922748087341,0.997745005986903,1.0680606239267956,1.0800156733283437,0,0
ele-fashion,43,largest,0.9985648989677429,0.995700872492535,0.9978494072276841,1.0681516174373038,1.080108563120328,0,0
ele-fashion,43,largest,0.998904824256897,0.9967180696868512,0.9983584354668626,1.068595267312276,1.0805614601641889,0,0
ele-fashion,43,largest,0.9992097616195679,0.9976311577953119,0.9988152667826784,1.0689934152608735,1.0809679091534956,0,0
ele-fashion,43,largest,0.9994884133338928,0.9984660250305364,0.999232881688283,1.0693573769521425,1.0813394610223395,0,0
ele-fashion,43,largest,0.9996157288551331,0.9988476295015943,0.9994237409328266,1.06952371311225,1.08150926661272,0,0
ele-fashion,43,largest,0.9999857544898987,0.9999572640784968,0.9999786319377819,1.0700072989193516,1.0820029411652423,0,0
ele-fashion,43,largest,0.9999896883964539,0.999969065508348,0.9999845327010097,1.0700124413486525,1.0820081908949037,0,0
ele-fashion,43,largest,0.9999902844429016,0.9999708536118801,0.9999854267587442,1.0700132205068358,1.0820089863107953,0,0
ele-fashion,43,largest,0.9999909400939941,0.9999728205282273,0.9999864102230729,1.070014077581515,1.0820098612689772,0,0
ele-fashion,43,largest,0.9999927878379822,0.999978363669992,0.9999891818089884,1.0700164929776108,1.082012327064169,0,0
ele-fashion,43,largest,0.999992847442627,0.9999785424813578,0.9999892712150994,1.0700165708937077,1.0820124066060466,0,0
ele-fashion,43,largest,0.9999967217445374,0.9999901652658529,0.999995082627553,1.0700216354525887,1.0820175768411042,0,0
ele-fashion,43,largest,0.9999971985816956,0.9999915957686305,0.9999957978803913,1.070022258784625,1.082018213179499,0,0
ele-fashion,43,largest,0.9999987483024597,0.9999962449120794,0.9999981224552563,1.070024284616336,1.0820202812819657,0,0
ele-fashion,43,largest,1.0000001192092896,1.0000003576279113,1.0000001788139485,1.070026076701539,1.0820221107606451,0,0
ele-fashion,43,largest,1.0000015497207642,1.0000046491694974,1.0000023245835479,1.070027946706798,1.0820240197852993,0,0
ele-fashion,43,largest,1.0000113248825073,1.0000339750322824,1.0000169874520144,1.070040725166484,1.08203706488068,0,0
ele-fashion,43,smallest,-0.6158055067062378,-0.23352356095629043,0.1324718386067995,0.3147376702786336,0.31900521303685786,1,1
ele-fashion,43,smallest,-0.6182482838630676,-0.23631362300326147,0.1319172584083248,0.31444004733825753,0.31869183272352464,1,1
ele-fashion,43,smallest,-0.6209949851036072,-0.23947725919787333,0.1312906318055872,0.314104067502856,0.31833790685769264,1,1
ele-fashion,43,smallest,-0.6226706504821777,-0.24142107939976162,0.13090675227248974,0.31389839835105393,0.3181211703770851,1,1
ele-fashion,43,smallest,-0.6247584223747253,-0.24385763563081228,0.13042675708065452,0.31364139615047004,0.31785025225009683,1,1
ele-fashion,43,smallest,-0.6260707378387451,-0.24539754678145717,0.1301240710394371,0.3134794205979189,0.3176794573479875,1,1
ele-fashion,43,smallest,-0.6351489424705505,-0.2562280892466198,0.1280092868510721,0.31234958603906965,0.3164870763065952,1,1
ele-fashion,43,smallest,-0.6384337544441223,-0.26022410361901244,0.12723495018762077,0.31193664780519054,0.31605083977722404,1,1
ele-fashion,43,smallest,-0.6424559354782104,-0.26517344903751267,0.12628006112886486,0.3114279377825475,0.3155131144840011,1,1
ele-fashion,43,smallest,-0.6429791450500488,-0.26582184046436175,0.1261552988637203,0.31136151180699484,0.3154428745910045,1,1
ele-fashion,43,smallest,-0.6582702398300171,-0.2852414685333888,0.12245200007061559,0.3093935995344396,0.31335942952935997,1,1
ele-fashion,43,smallest,-0.6595496535301208,-0.2869078887094733,0.12213705080802707,0.30922654481786405,0.31318234805070233,1,1
ele-fashion,43,smallest,-0.6668307781219482,-0.2965151654395645,0.12032933577230255,0.3082685059431757,0.31216617465171365,1,1
ele-fashion,43,smallest,-0.6671053767204285,-0.2968816280521049,0.12026064471919286,0.30823212713358045,0.3121275675052107,1,1
ele-fashion,43,smallest,-0.6687386631965637,-0.2990675535708314,0.11985129572163299,0.3080153721902165,0.3118975044942456,1,1
ele-fashion,43,smallest,-0.6689658164978027,-0.29937241373788254,0.11979425835172165,0.3079851751379029,0.31186544924050263,1,1
ele-fashion,43,smallest,-0.6763623356819153,-0.30941277842963966,0.11792272375438523,0.3069949571718066,0.3108137394315612,1,1
ele-fashion,43,smallest,-0.6774438619613647,-0.31089943764841593,0.11764672162483698,0.3068490216720716,0.31065865155195166,1,1
ele-fashion,43,smallest,-0.6853063702583313,-0.3218505876700741,0.11562196579706092,0.3057790981254211,0.3095209465362185,1,1
ele-fashion,43,smallest,-0.6929563879966736,-0.33274972709123274,0.11362061014437252,0.30472253352469997,0.3083963127186457,1,1
ele-fashion,43,smallest,-0.6937688589096069,-0.33392151761036937,0.11340621326819045,0.304609398424975,0.3082758244793409,1,1
ele-fashion,43,smallest,-0.7134953737258911,-0.36322311995871437,0.10808928866091089,0.30180599201849256,0.3052864830868023,1,1
ele-fashion,43,smallest,-0.715972900390625,-0.36702001924541605,0.1074060686144307,0.30144598747529083,0.3049021093926271,1,1
ele-fashion,43,smallest,-0.7191356420516968,-0.371905363640696,0.10652876649417835,0.30098376367412594,0.30440844268094136,1,1
ele-fashion,43,smallest,-0.721562922000885,-0.37568393639995595,0.10585154800140358,0.3006269871768532,0.30402727997898393,1,1
ele-fashion,43,smallest,-0.7244909405708313,-0.38027596541347897,0.10503005424622439,0.3001942286961853,0.3035648085816782,1,1
ele-fashion,43,smallest,-0.7309180498123169,-0.39048653277455037,0.10320915323864333,0.2992350463323058,0.3025392639755678,1,1
ele-fashion,43,smallest,-0.7372620701789856,-0.4007427500623492,0.10138763497081717,0.29827554369244236,0.30151270737816505,1,1
ele-fashion,43,smallest,-0.7416708469390869,-0.407975069655561,0.10010743215117364,0.29760114025849776,0.30079079054783847,1,1
ele-fashion,43,smallest,-0.771182656288147,-0.45863982333519937,0.09122505243407397,0.2929187171756688,0.2957706405562893,0,1
ele-fashion,43,smallest,-0.7757295966148376,-0.4668002549123204,0.08980663888426517,0.2921701631375415,0.2949669530664674,0,1
ele-fashion,43,smallest,-0.8049687147140503,-0.5215993064214142,0.08035165263323141,0.28717172663727736,0.28959363292223694,0,1
ele-fashion,44,largest,0.996573269367218,0.9897549953118173,0.9948716364740753,1.0551852960250792,1.066148118779267,0,0
ele-fashion,44,largest,0.9966096878051758,0.9898635070968792,0.9949260161822963,1.055232198061157,1.0661956991109425,0,0
ele-fashion,44,largest,0.996762216091156,0.9903180640649083,0.9951537988957542,1.0554286574449887,1.0663949998721556,0,0
ele-fashion,44,largest,0.9969947934150696,0.9910114469042411,0.995501214604017,1.055728294654508,1.0666989712987045,0,0
ele-fashion,44,largest,0.9971606135368347,0.9915060040655042,0.9957489766978739,1.055941980244529,1.0669157482582952,0,0
ele-fashion,44,largest,0.9972177743911743,0.9916765239749437,0.9958343969819512,1.056015651500262,1.0669904853927092,0,0
ele-fashion,44,largest,0.9973769187927246,0.9921513799949792,0.9960722542320433,1.0562207914484176,1.067198593539322,0,0
ele-fashion,44,largest,0.99739670753479,0.9922104363564926,0.9961018340231306,1.0562463023784905,1.0672244736137841,0,0
ele-fashion,44,largest,0.9975237250328064,0.9925895557271948,0.9962917156908317,1.0564100639686336,1.0673906049641848,0,0
ele-fashion,44,largest,0.9976930618286133,0.9930951390995784,0.9965449116372862,1.056628428127079,1.0676121293541745,0,0
ele-fashion,44,largest,0.9978259801864624,0.9934921093706313,0.9967436940730421,1.0567998625882629,1.0677860451294796,0,0
ele-fashion,44,largest,0.9978821277618408,0.9936598299345062,0.9968276746507114,1.0568722888665465,1.067859519763326,0,0
ele-fashion,44,largest,0.9979727864265442,0.9939306797332232,0.996963287151932,1.056989242806653,1.0679781666750017,0,0
ele-fashion,44,largest,0.9983833432197571,0.9951578661714461,0.9975776273524656,1.0575190485040764,1.0685156429453189,0,0
ele-fashion,44,largest,0.9984951615333557,0.9954922748087341,0.997745005986903,1.057663392909228,1.068662077564183,0,0
ele-fashion,44,largest,0.9985648989677429,0.995700872492535,0.9978494072276841,1.057753426153536,1.0687534146394364,0,0
ele-fashion,44,largest,0.998904824256897,0.9967180696868512,0.9983584354668626,1.0581923943288332,1.0691987407162191,0,0
ele-fashion,44,largest,0.9992097616195679,0.9976311577953119,0.9988152667826784,1.0585863410198808,1.069598394518853,0,0
ele-fashion,44,largest,0.9994884133338928,0.9984660250305364,0.999232881688283,1.0589464624137592,1.0699637340634387,0,0
ele-fashion,44,largest,0.9996157288551331,0.9988476295015943,0.9994237409328266,1.0591110435701805,1.0701307003361,0,0
ele-fashion,44,largest,0.9999857544898987,0.9999572640784968,0.9999786319377819,1.0595895273462759,1.0706161195244581,0,0
ele-fashion,44,largest,0.9999896883964539,0.999969065508348,0.9999845327010097,1.0595946155228604,1.070621281461582,0,0
ele-fashion,44,largest,0.9999902844429016,0.9999708536118801,0.9999854267587442,1.0595953864609153,1.0706220635755261,0,0
ele-fashion,44,largest,0.9999909400939941,0.9999728205282273,0.9999864102230729,1.0595962344934475,1.0706229239015512,0,0
ele-fashion,44,largest,0.9999927878379822,0.999978363669992,0.9999891818089884,1.0595986244070947,1.0706253484605823,0,0
ele-fashion,44,largest,0.999992847442627,0.9999785424813578,0.9999892712150994,1.0595987015011765,1.070625426672259,0,0
ele-fashion,44,largest,0.9999967217445374,0.9999901652658529,0.999995082627553,1.0596037126289517,1.070630510443998,0,0
ele-fashion,44,largest,0.9999971985816956,0.9999915957686305,0.9999957978803913,1.059604329384837,1.0706311361407168,0,0
ele-fashion,44,largest,0.9999987483024597,0.9999962449120794,0.9999981224552563,1.0596063338440331,1.0706331696576805,0,0
ele-fashion,44,largest,1.0000001192092896,1.0000003576279113,1.0000001788139485,1.0596081070227514,1.0706349685414207,0,0
ele-fashion,44,largest,1.0000015497207642,1.0000046491694974,1.0000023245835479,1.0596099572994755,1.0706368456408502,0,0
ele-fashion,44,largest,1.0000113248825073,1.0000339750322824,1.0000169874520144,1.0596226009467045,1.0706496725785841,0,0
ele-fashion,44,smallest,-0.6158055067062378,-0.23352356095629043,0.1324718386067995,0.3183339176821698,0.31744312402021707,1,1
ele-fashion,44,smallest,-0.6182482838630676,-0.23631362300326147,0.1319172584083248,0.3180613888579408,0.31713534269278193,1,1
ele-fashion,44,smallest,-0.6209949851036072,-0.23947725919787333,0.1312906318055872,0.3177536987129334,0.31678778910359695,1,1
ele-fashion,44,smallest,-0.6226706504821777,-0.24142107939976162,0.13090675227248974,0.3175653264066965,0.31657498023048436,1,1
ele-fashion,44,smallest,-0.6247584223747253,-0.24385763563081228,0.13042675708065452,0.31732991571532254,0.31630899841966253,1,1
ele-fashion,44,smallest,-0.6260707378387451,-0.24539754678145717,0.1301240710394371,0.3171815351833187,0.31614133074431083,1,1
ele-fashion,44,smallest,-0.6351489424705505,-0.2562280892466198,0.1280092868510721,0.3161462403125279,0.31497110424948066,1,1
ele-fashion,44,smallest,-0.6384337544441223,-0.26022410361901244,0.12723495018762077,0.31576772369801237,0.3145431111004133,1,1
ele-fashion,44,smallest,-0.6424559354782104,-0.26517344903751267,0.12628006112886486,0.3153013182067421,0.31401564628916356,1,1
ele-fashion,44,smallest,-0.6429791450500488,-0.26582184046436175,0.1261552988637203,0.3152404079209338,0.3139467546635751,1,1
ele-fashion,44,smallest,-0.6582702398300171,-0.2852414685333888,0.12245200007061559,0.3134349955638317,0.31190411645041566,1,1
ele-fashion,44,smallest,-0.6595496535301208,-0.2869078887094733,0.12213705080802707,0.3132816522693542,0.31173057402832743,1,1
ele-fashion,44,smallest,-0.6668307781219482,-0.2965151654395645,0.12032933577230255,0.3124019867344123,0.3107349151304117,1,1
ele-fashion,44,smallest,-0.6671053767204285,-0.2968816280521049,0.12026064471919286,0.31236857510412,0.3106970941923132,1,1
ele-fashion,44,smallest,-0.6687386631965637,-0.2990675535708314,0.11985129572163299,0.3121694858964101,0.31047172642878107,1,1
ele-fashion,44,smallest,-0.6689658164978027,-0.29937241373788254,0.11979425835172165,0.3121417480889485,0.3104403267528805,1,1
ele-fashion,44,smallest,-0.6763623356819153,-0.30941277842963966,0.11792272375438523,0.3112319210607663,0.309410309786424,1,1
ele-fashion,44,smallest,-0.6774438619613647,-0.31089943764841593,0.11764672162483698,0.31109779158712375,0.3092584505062819,1,1
ele-fashion,44,smallest,-0.6853063702583313,-0.3218505876700741,0.11562196579706092,0.31011409130581413,0.30814465679925446,1,1
ele-fashion,44,smallest,-0.6929563879966736,-0.33274972709123274,0.11362061014437252,0.30914209220039085,0.30704403987617157,1,1
ele-fashion,44,smallest,-0.6937688589096069,-0.33392151761036937,0.11340621326819045,0.30903797763802643,0.3069261464461894,1,1
ele-fashion,44,smallest,-0.7134953737258911,-0.36322311995871437,0.10808928866091089,0.30645592906514196,0.30400245882981014,1,1
ele-fashion,44,smallest,-0.715972900390625,-0.36702001924541605,0.1074060686144307,0.30612404695507756,0.30362669704007156,1,1
ele-fashion,44,smallest,-0.7191356420516968,-0.371905363640696,0.10652876649417835,0.30569782881407265,0.3031441449513266,1,1
ele-fashion,44,smallest,-0.721562922000885,-0.37568393639995595,0.10585154800140358,0.30536876565434656,0.30277160477044757,1,1
ele-fashion,44,smallest,-0.7244909405708313,-0.38027596541347897,0.10503005424622439,0.3049695309336032,0.3023196422031012,1,1
ele-fashion,44,smallest,-0.7309180498123169,-0.39048653277455037,0.10320915323864333,0.30408429391292674,0.30131758050998636,1,1
ele-fashion,44,smallest,-0.7372620701789856,-0.4007427500623492,0.10138763497081717,0.30319826828262114,0.3003147693766153,1,1
ele-fashion,44,smallest,-0.7416708469390869,-0.407975069655561,0.10010743215117364,0.302575215104085,0.29960968959251366,1,1
ele-fashion,44,smallest,-0.771182656288147,-0.45863982333519937,0.09122505243407397,0.29824269688858224,0.29470951357358943,0,1
ele-fashion,44,smallest,-0.7757295966148376,-0.4668002549123204,0.08980663888426517,0.2975490235485398,0.2939254635624391,0,1
ele-fashion,44,smallest,-0.8049687147140503,-0.5215993064214142,0.08035165263323141,0.2929098470651461,0.28868607425525183,0,1
Reddit-S,42,largest,0.9999997615814209,0.9999992847444332,0.9999996423721882,1.117966820316162,1.106860392923258,0,0
Reddit-S,42,largest,0.9999998211860657,0.999999463558293,0.9999997317791305,1.1179669197772668,1.1068604913615336,0,0
Reddit-S,42,largest,0.9999998211860657,0.999999463558293,0.9999997317791305,1.1179669197772668,1.1068604913615336,0,0
Reddit-S,42,largest,0.9999999403953552,0.9999998211860763,0.9999999105930364,1.1179671186995006,1.106860688238108,0,0
Reddit-S,42,largest,0.9999999403953552,0.9999998211860763,0.9999999105930364,1.1179671186995006,1.106860688238108,0,0
Reddit-S,42,largest,0.9999999403953552,0.9999998211860763,0.9999999105930364,1.1179671186995006,1.106860688238108,0,0
Reddit-S,42,largest,0.9999999403953552,0.9999998211860763,0.9999999105930364,1.1179671186995006,1.106860688238108,0,0
Reddit-S,42,largest,1.0,1.0,1.0,1.1179672181606293,1.1068607866764069,0,0
Reddit-S,42,largest,1.0,1.0,1.0,1.1179672181606293,1.1068607866764069,0,0
Reddit-S,42,largest,1.0,1.0,1.0,1.1179672181606293,1.1068607866764069,0,0
Reddit-S,42,largest,1.0,1.0,1.0,1.1179672181606293,1.1068607866764069,0,0
Reddit-S,42,largest,1.0000001192092896,1.0000003576279113,1.0000001788139485,1.1179674170829104,1.106860983553028,0,0
Reddit-S,42,largest,1.0000001192092896,1.0000003576279113,1.0000001788139485,1.1179674170829104,1.106860983553028,0,0
Reddit-S,42,largest,1.0000001192092896,1.0000003576279113,1.0000001788139485,1.1179674170829104,1.106860983553028,0,0
Reddit-S,42,largest,1.000000238418579,1.0000007152559078,1.0000003576279255,1.1179676160052232,1.1068611804296808,0,0
Reddit-S,42,largest,1.000000238418579,1.0000007152559078,1.0000003576279255,1.1179676160052232,1.1068611804296808,0,0
Reddit-S,42,largest,1.000000238418579,1.0000007152559078,1.0000003576279255,1.1179676160052232,1.1068611804296808,0,0
Reddit-S,42,largest,1.000000238418579,1.0000007152559078,1.0000003576279255,1.1179676160052232,1.1068611804296808,0,0
Reddit-S,42,largest,1.000000238418579,1.0000007152559078,1.0000003576279255,1.1179676160052232,1.1068611804296808,0,0
Reddit-S,42,largest,1.0000003576278687,1.0000010728839897,1.0000005364419309,1.1179678149275676,1.1068613773063647,0,0
Reddit-S,42,largest,1.0000003576278687,1.0000010728839897,1.0000005364419309,1.1179678149275676,1.1068613773063647,0,0
Reddit-S,42,largest,1.0000003576278687,1.0000010728839897,1.0000005364419309,1.1179678149275676,1.1068613773063647,0,0
Reddit-S,42,largest,1.0000004768371582,1.0000014305121567,1.0000007152559647,1.1179680138499435,1.1068615741830798,0,0
Reddit-S,42,largest,1.0000004768371582,1.0000014305121567,1.0000007152559647,1.1179680138499435,1.1068615741830798,0,0
Reddit-S,42,largest,1.0000004768371582,1.0000014305121567,1.0000007152559647,1.1179680138499435,1.1068615741830798,0,0
Reddit-S,42,largest,1.0000005960464478,1.000001788140409,1.000000894070027,1.1179682127723511,1.1068617710598265,0,0
Reddit-S,42,largest,1.0000007152557373,1.0000021457687467,1.0000010728841175,1.1179684116947903,1.1068619679366043,0,0
Reddit-S,42,largest,1.0000007152557373,1.0000021457687467,1.0000010728841175,1.1179684116947903,1.1068619679366043,0,0
Reddit-S,42,largest,1.0000008344650269,1.0000025033971696,1.0000012516982366,1.1179686106172613,1.1068621648134134,0,0
Reddit-S,42,largest,1.0000008344650269,1.0000025033971696,1.0000012516982366,1.1179686106172613,1.1068621648134134,0,0
Reddit-S,42,largest,1.0000011920928955,1.0000035762829498,1.0000017881407643,1.1179692073848635,1.1068627554440282,0,0
Reddit-S,42,largest,1.0000016689300537,1.0000050067985171,1.000002503397866,1.1179700030754425,1.106863542951953,0,0
Reddit-S,42,smallest,0.9999997019767761,0.9999991059305948,0.999999552965253,1.1179667208550648,1.1068602944849903,0,0
Reddit-S,42,smallest,0.9999996423721313,0.9999989271167777,0.9999994635583249,1.1179666213939756,1.1068601960467306,0,0
Reddit-S,42,smallest,0.9999996423721313,0.9999989271167777,0.9999994635583249,1.1179666213939756,1.1068601960467306,0,0
Reddit-S,42,smallest,0.9999996423721313,0.9999989271167777,0.9999994635583249,1.1179666213939756,1.1068601960467306,0,0
Reddit-S,42,smallest,0.9999995827674866,0.999998748302982,0.9999993741514039,1.1179665219328943,1.1068600976084786,0,0
Reddit-S,42,smallest,0.9999995827674866,0.999998748302982,0.9999993741514039,1.1179665219328943,1.1068600976084786,0,0
Reddit-S,42,smallest,0.9999995231628418,0.9999985694892075,0.9999992847444901,1.1179664224718209,1.1068599991702344,0,0
Reddit-S,42,smallest,0.9999994039535522,0.9999982118617226,0.9999991059306836,1.1179662235496979,1.1068598022937697,0,0
Reddit-S,42,smallest,0.9999991655349731,0.9999974966070084,0.999998748303156,1.1179658257055467,1.1068594085409338,0,0
Reddit-S,42,smallest,0.9999988675117493,0.9999966025390954,0.9999983012689064,1.1179653284005355,1.1068589163500648,0,0
Reddit-S,42,smallest,0.9999988079071045,0.9999964237255767,0.9999982118620778,1.117965228939557,1.1068588179119145,0,0
Reddit-S,42,smallest,0.9999982118606567,0.9999946355915625,0.9999973177941825,1.1179642343302063,1.106857833530842,0,0
Reddit-S,42,smallest,1.6849219264258863e-07,4.783429150481802e-21,0.25000004212305527,0.2836268118726998,0.2811004983243228,0,0
Reddit-S,42,smallest,1.23973265431232e-07,1.9053910536749874e-21,0.2500000309933202,0.2836267994913822,0.28110048607033117,0,0
Reddit-S,42,smallest,1.1625805740322903e-07,1.5713364530194569e-21,0.25000002906451774,0.2836267973456783,0.28110048394669307,0,0
Reddit-S,42,smallest,1.0774238035082817e-07,1.2507188593328076e-21,0.250000026935598,0.28362679497735316,0.2811004816027231,0,0
Reddit-S,42,smallest,9.570317160978448e-08,8.76554637357487e-22,0.2500000239257952,0.28362679162908616,0.28110047828888873,0,0
Reddit-S,42,smallest,7.788185030221939e-08,4.7239879655496925e-22,0.2500000194704641,0.28362678667273555,0.2811004733835078,0,0
Reddit-S,42,smallest,5.9175917499487696e-08,2.072215895043558e-22,0.25000001479398026,0.2836267814703627,0.28110046823463464,0,0
Reddit-S,42,smallest,3.1818196077892935e-08,3.221266539812774e-23,0.2500000079545493,0.28362677386181073,0.2811004607043269,0,0
Reddit-S,42,smallest,2.4046672209010467e-08,1.3904806516082693e-23,0.2500000060116682,0.28362677170044504,0.28110045856518806,0,0
Reddit-S,42,smallest,2.212144245561376e-08,1.0825309622438991e-23,0.2500000055303607,0.28362677116501267,0.2811004580352619,0,0
Reddit-S,42,smallest,5.4154014605956036e-11,1.5881516614702003e-31,0.2500000000135385,0.28362676502780204,0.2811004519611646,0,0
Reddit-S,42,smallest,-2.7299902789768016e-12,-2.0346199651332553e-35,0.2499999999993175,0.28362676501198186,0.2811004519455071,0,1
Reddit-S,42,smallest,-5.451639140119369e-12,-1.6202472861144906e-34,0.2499999999986371,0.2836267650112249,0.28110045194475797,0,1
Reddit-S,42,smallest,-1.2311386354824094e-09,-1.8660397103911532e-27,0.24999999969221534,0.2836267646703448,0.2811004516073834,0,1
Reddit-S,42,smallest,-3.291344308209432e-09,-3.565495961861274e-26,0.24999999917716392,0.28362676409737386,0.2811004510403047,0,1
Reddit-S,42,smallest,-1.2685623218544606e-08,-2.0414343787449103e-24,0.24999999682859422,0.28362676148469823,0.2811004484544971,0,1
Reddit-S,42,smallest,-2.0598776018232456e-08,-8.74025786587406e-24,0.2499999948503061,0.2836267592839438,0.2811004462763746,0,1
Reddit-S,42,smallest,-6.019683951308252e-08,-2.1813284861089834e-22,0.24999998495079104,0.28362674827118933,0.28110043537687207,0,1
Reddit-S,42,smallest,-1.9172875909134746e-07,-7.047933282733845e-21,0.24999995206781941,0.28362671169039805,0.28110039917226726,0,1
Reddit-S,42,smallest,-2.9508964871638454e-07,-2.5695787152000322e-20,0.24999992622760958,0.2836266829443549,0.28110037072184013,0,1
Reddit-S,43,largest,0.9999997615814209,0.9999992847444332,0.9999996423721882,1.1243857322438298,1.1128294388431985,0,0
Reddit-S,43,largest,0.9999998211860657,0.999999463558293,0.9999997317791305,1.124385832123725,1.1128295376880855,0,0
Reddit-S,43,largest,0.9999998211860657,0.999999463558293,0.9999997317791305,1.124385832123725,1.1128295376880855,0,0
Reddit-S,43,largest,0.9999999403953552,0.9999998211860763,0.9999999105930364,1.1243860318835392,1.112829735377883,0,0
Reddit-S,43,largest,0.9999999403953552,0.9999998211860763,0.9999999105930364,1.1243860318835392,1.112829735377883,0,0
Reddit-S,43,largest,0.9999999403953552,0.9999998211860763,0.9999999105930364,1.1243860318835392,1.112829735377883,0,0
Reddit-S,43,largest,0.9999999403953552,0.9999998211860763,0.9999999105930364,1.1243860318835392,1.112829735377883,0,0
Reddit-S,43,largest,1.0,1.0,1.0,1.1243861317634583,1.1128298342227936,0,0
Reddit-S,43,largest,1.0,1.0,1.0,1.1243861317634583,1.1128298342227936,0,0
Reddit-S,43,largest,1.0,1.0,1.0,1.1243861317634583,1.1128298342227936,0,0
Reddit-S,43,largest,1.0,1.0,1.0,1.1243861317634583,1.1128298342227936,0,0
Reddit-S,43,largest,1.0000001192092896,1.0000003576279113,1.0000001788139485,1.12438633152332,1.1128300319126383,0,0
Reddit-S,43,largest,1.0000001192092896,1.0000003576279113,1.0000001788139485,1.12438633152332,1.1128300319126383,0,0
Reddit-S,43,largest,1.0000001192092896,1.0000003576279113,1.0000001788139485,1.12438633152332,1.1128300319126383,0,0
Reddit-S,43,largest,1.000000238418579,1.0000007152559078,1.0000003576279255,1.1243865312832138,1.1128302296025143,0,0
Reddit-S,43,largest,1.000000238418579,1.0000007152559078,1.0000003576279255,1.1243865312832138,1.1128302296025143,0,0
Reddit-S,43,largest,1.000000238418579,1.0000007152559078,1.0000003576279255,1.1243865312832138,1.1128302296025143,0,0
Reddit-S,43,largest,1.000000238418579,1.0000007152559078,1.0000003576279255,1.1243865312832138,1.1128302296025143,0,0
Reddit-S,43,largest,1.000000238418579,1.0000007152559078,1.0000003576279255,1.1243865312832138,1.1128302296025143,0,0
Reddit-S,43,largest,1.0000003576278687,1.0000010728839897,1.0000005364419309,1.124386731043139,1.1128304272924219,0,0
Reddit-S,43,largest,1.0000003576278687,1.0000010728839897,1.0000005364419309,1.124386731043139,1.1128304272924219,0,0
Reddit-S,43,largest,1.0000003576278687,1.0000010728839897,1.0000005364419309,1.124386731043139,1.1128304272924219,0,0
Reddit-S,43,largest,1.0000004768371582,1.0000014305121567,1.0000007152559647,1.1243869308030963,1.1128306249823607,0,0
Reddit-S,43,largest,1.0000004768371582,1.0000014305121567,1.0000007152559647,1.1243869308030963,1.1128306249823607,0,0
Reddit-S,43,largest,1.0000004768371582,1.0000014305121567,1.0000007152559647,1.1243869308030963,1.1128306249823607,0,0
Reddit-S,43,largest,1.0000005960464478,1.000001788140409,1.000000894070027,1.124387130563085,1.1128308226723311,0,0
Reddit-S,43,largest,1.0000007152557373,1.0000021457687467,1.0000010728841175,1.1243873303231058,1.1128310203623328,0,0
Reddit-S,43,largest,1.0000007152557373,1.0000021457687467,1.0000010728841175,1.1243873303231058,1.1128310203623328,0,0
Reddit-S,43,largest,1.0000008344650269,1.0000025033971696,1.0000012516982366,1.124387530083158,1.112831218052366,0,0
Reddit-S,43,largest,1.0000008344650269,1.0000025033971696,1.0000012516982366,1.124387530083158,1.112831218052366,0,0
Reddit-S,43,largest,1.0000011920928955,1.0000035762829498,1.0000017881407643,1.1243881293635059,1.1128318111226543,0,0
Reddit-S,43,largest,1.0000016689300537,1.0000050067985171,1.000002503397866,1.1243889284044137,1.1128326018834782,0,0
Reddit-S,43,smallest,0.9999997019767761,0.9999991059305948,0.999999552965253,1.1243856323639425,1.1128293399983193,0,0
Reddit-S,43,smallest,0.9999996423721313,0.9999989271167777,0.9999994635583249,1.124385532484063,1.1128292411534482,0,0
Reddit-S,43,smallest,0.9999996423721313,0.9999989271167777,0.9999994635583249,1.124385532484063,1.1128292411534482,0,0
Reddit-S,43,smallest,0.9999996423721313,0.9999989271167777,0.9999994635583249,1.124385532484063,1.1128292411534482,0,0
Reddit-S,43,smallest,0.9999995827674866,0.999998748302982,0.9999993741514039,1.1243854326041918,1.1128291423085848,0,0
Reddit-S,43,smallest,0.9999995827674866,0.999998748302982,0.9999993741514039,1.1243854326041918,1.1128291423085848,0,0
Reddit-S,43,smallest,0.9999995231628418,0.9999985694892075,0.9999992847444901,1.1243853327243283,1.1128290434637291,0,0
Reddit-S,43,smallest,0.9999994039535522,0.9999982118617226,0.9999991059306836,1.124385132964625,1.1128288457740416,0,0
Reddit-S,43,smallest,0.9999991655349731,0.9999974966070084,0.999998748303156,1.124384733445314,1.1128284503947607,0,0
Reddit-S,43,smallest,0.9999988675117493,0.9999966025390954,0.9999983012689064,1.1243842340463541,1.1128279561708365,0,0
Reddit-S,43,smallest,0.9999988079071045,0.9999964237255767,0.9999982118620778,1.124384134166586,1.1128278573260753,0,0
Reddit-S,43,smallest,0.9999982118606567,0.9999946355915625,0.9999973177941825,1.1243831353693403,1.1128268688788943,0,0
Reddit-S,43,smallest,1.6849219264258863e-07,4.783429150481802e-21,0.25000004212305527,0.28653265771209785,0.28365864046268413,0,0
Reddit-S,43,smallest,1.23973265431232e-07,1.9053910536749874e-21,0.2500000309933202,0.2865326452786475,0.28365862815807624,0,0
Reddit-S,43,smallest,1.1625805740322903e-07,1.5713364530194569e-21,0.25000002906451774,0.28653264312390897,0.28365862602566627,0,0
Reddit-S,43,smallest,1.0774238035082817e-07,1.2507188593328076e-21,0.250000026935598,0.28653264074561174,0.28365862367201433,0,0
Reddit-S,43,smallest,9.570317160978448e-08,8.76554637357487e-22,0.2500000239257952,0.2865326373832466,0.2836586203444919,0,0
Reddit-S,43,smallest,7.788185030221939e-08,4.7239879655496925e-22,0.2500000194704641,0.2865326324060268,0.28365861541884885,0,0
Reddit-S,43,smallest,5.9175917499487696e-08,2.072215895043558e-22,0.25000001479398026,0.2865326271817489,0.2836586102487078,0,0
Reddit-S,43,smallest,3.1818196077892935e-08,3.221266539812774e-23,0.2500000079545493,0.28653261954116044,0.2836586026872955,0,0
Reddit-S,43,smallest,2.4046672209010467e-08,1.3904806516082693e-23,0.2500000060116682,0.2865326173706941,0.28365860053932074,0,0
Reddit-S,43,smallest,2.212144245561376e-08,1.0825309622438991e-23,0.2500000055303607,0.28653261683300724,0.28365860000720566,0,0
Reddit-S,43,smallest,5.4154014605956036e-11,1.5881516614702003e-31,0.2500000000135385,0.28653261066995533,0.2836585939080188,0,0
Reddit-S,43,smallest,-2.7299902789768016e-12,-2.0346199651332553e-35,0.2499999999993175,0.2865326106540685,0.2836585938922966,0,1
Reddit-S,43,smallest,-5.451639140119369e-12,-1.6202472861144906e-34,0.2499999999986371,0.2865326106533084,0.28365859389154435,0,1
Reddit-S,43,smallest,-1.2311386354824094e-09,-1.8660397103911532e-27,0.24999999969221534,0.286532610310993,0.28365859355277623,0,1
Reddit-S,43,smallest,-3.291344308209432e-09,-3.565495961861274e-26,0.24999999917716392,0.28653260973560946,0.28365859298335516,0,1
Reddit-S,43,smallest,-1.2685623218544606e-08,-2.0414343787449103e-24,0.24999999682859422,0.28653260711193296,0.2836585903868667,0,1
Reddit-S,43,smallest,-2.0598776018232456e-08,-8.74025786587406e-24,0.2499999948503061,0.28653260490191207,0.28365858819974726,0,1
Reddit-S,43,smallest,-6.019683951308252e-08,-2.1813284861089834e-22,0.24999998495079104,0.2865325938427873,0.28365857725522337,0,1
Reddit-S,43,smallest,-1.9172875909134746e-07,-7.047933282733845e-21,0.24999995206781941,0.2865325571079692,0.28365854090107223,0,1
Reddit-S,43,smallest,-2.9508964871638454e-07,-2.5695787152000322e-20,0.24999992622760958,0.28653252824088815,0.2836585123331281,0,1
Reddit-S,44,largest,0.9999997615814209,0.9999992847444332,0.9999996423721882,1.127033847104037,1.1065375455857434,0,0
Reddit-S,44,largest,0.9999998211860657,0.999999463558293,0.9999997317791305,1.1270339470584008,1.106537643718791,0,0
Reddit-S,44,largest,0.9999998211860657,0.999999463558293,0.9999997317791305,1.1270339470584008,1.106537643718791,0,0
Reddit-S,44,largest,0.9999999403953552,0.9999998211860763,0.9999999105930364,1.1270341469671519,1.10653783998491,0,0
Reddit-S,44,largest,0.9999999403953552,0.9999998211860763,0.9999999105930364,1.1270341469671519,1.10653783998491,0,0
Reddit-S,44,largest,0.9999999403953552,0.9999998211860763,0.9999999105930364,1.1270341469671519,1.10653783998491,0,0
Reddit-S,44,largest,0.9999999403953552,0.9999998211860763,0.9999999105930364,1.1270341469671519,1.10653783998491,0,0
Reddit-S,44,largest,1.0,1.0,1.0,1.1270342469215393,1.106537938117981,0,0
Reddit-S,44,largest,1.0,1.0,1.0,1.1270342469215393,1.106537938117981,0,0
Reddit-S,44,largest,1.0,1.0,1.0,1.1270342469215393,1.106537938117981,0,0
Reddit-S,44,largest,1.0,1.0,1.0,1.1270342469215393,1.106537938117981,0,0
Reddit-S,44,largest,1.0000001192092896,1.0000003576279113,1.0000001788139485,1.1270344468303382,1.1065381343841465,0,0
Reddit-S,44,largest,1.0000001192092896,1.0000003576279113,1.0000001788139485,1.1270344468303382,1.1065381343841465,0,0
Reddit-S,44,largest,1.0000001192092896,1.0000003576279113,1.0000001788139485,1.1270344468303382,1.1065381343841465,0,0
Reddit-S,44,largest,1.000000238418579,1.0000007152559078,1.0000003576279255,1.1270346467391685,1.1065383306503433,0,0
Reddit-S,44,largest,1.000000238418579,1.0000007152559078,1.0000003576279255,1.1270346467391685,1.1065383306503433,0,0
Reddit-S,44,largest,1.000000238418579,1.0000007152559078,1.0000003576279255,1.1270346467391685,1.1065383306503433,0,0
Reddit-S,44,largest,1.000000238418579,1.0000007152559078,1.0000003576279255,1.1270346467391685,1.1065383306503433,0,0
Reddit-S,44,largest,1.000000238418579,1.0000007152559078,1.0000003576279255,1.1270346467391685,1.1065383306503433,0,0
Reddit-S,44,largest,1.0000003576278687,1.0000010728839897,1.0000005364419309,1.1270348466480309,1.1065385269165713,0,0
Reddit-S,44,largest,1.0000003576278687,1.0000010728839897,1.0000005364419309,1.1270348466480309,1.1065385269165713,0,0
Reddit-S,44,largest,1.0000003576278687,1.0000010728839897,1.0000005364419309,1.1270348466480309,1.1065385269165713,0,0
Reddit-S,44,largest,1.0000004768371582,1.0000014305121567,1.0000007152559647,1.127035046556925,1.1065387231828305,0,0
Reddit-S,44,largest,1.0000004768371582,1.0000014305121567,1.0000007152559647,1.127035046556925,1.1065387231828305,0,0
Reddit-S,44,largest,1.0000004768371582,1.0000014305121567,1.0000007152559647,1.127035046556925,1.1065387231828305,0,0
Reddit-S,44,largest,1.0000005960464478,1.000001788140409,1.000000894070027,1.1270352464658508,1.1065389194491209,0,0
Reddit-S,44,largest,1.0000007152557373,1.0000021457687467,1.0000010728841175,1.1270354463748085,1.1065391157154425,0,0
Reddit-S,44,largest,1.0000007152557373,1.0000021457687467,1.0000010728841175,1.1270354463748085,1.1065391157154425,0,0
Reddit-S,44,largest,1.0000008344650269,1.0000025033971696,1.0000012516982366,1.1270356462837978,1.1065393119817952,0,0
Reddit-S,44,largest,1.0000008344650269,1.0000025033971696,1.0000012516982366,1.1270356462837978,1.1065393119817952,0,0
Reddit-S,44,largest,1.0000011920928955,1.0000035762829498,1.0000017881407643,1.1270362460109566,1.1065399007810408,0,0
Reddit-S,44,largest,1.0000016689300537,1.0000050067985171,1.000002503397866,1.1270370456476133,1.106540685847138,0,0
Reddit-S,44,smallest,0.9999997019767761,0.9999991059305948,0.999999552965253,1.1270337471496814,1.1065374474527034,0,0
Reddit-S,44,smallest,0.9999996423721313,0.9999989271167777,0.9999994635583249,1.1270336471953337,1.1065373493196713,0,0
Reddit-S,44,smallest,0.9999996423721313,0.9999989271167777,0.9999994635583249,1.1270336471953337,1.1065373493196713,0,0
Reddit-S,44,smallest,0.9999996423721313,0.9999989271167777,0.9999994635583249,1.1270336471953337,1.1065373493196713,0,0
Reddit-S,44,smallest,0.9999995827674866,0.999998748302982,0.9999993741514039,1.1270335472409938,1.1065372511866471,0,0
Reddit-S,44,smallest,0.9999995827674866,0.999998748302982,0.9999993741514039,1.1270335472409938,1.1065372511866471,0,0
Reddit-S,44,smallest,0.9999995231628418,0.9999985694892075,0.9999992847444901,1.127033447286662,1.1065371530536305,0,0
Reddit-S,44,smallest,0.9999994039535522,0.9999982118617226,0.9999991059306836,1.1270332473780222,1.1065369567876209,0,0
Reddit-S,44,smallest,0.9999991655349731,0.9999974966070084,0.999998748303156,1.1270328475608378,1.1065365642556952,0,0
Reddit-S,44,smallest,0.9999988675117493,0.9999966025390954,0.9999983012689064,1.1270323477895359,1.1065360735909637,0,0
Reddit-S,44,smallest,0.9999988079071045,0.9999964237255767,0.9999982118620778,1.1270322478352994,1.1065359754580408,0,0
Reddit-S,44,smallest,0.9999982118606567,0.9999946355915625,0.9999973177941825,1.127031248293371,1.1065349941292404,0,0
Reddit-S,44,smallest,1.6849219264258863e-07,4.783429150481802e-21,0.25000004212305527,0.28855608642569536,0.2833380863477088,0,0
Reddit-S,44,smallest,1.23973265431232e-07,1.9053910536749874e-21,0.2500000309933202,0.28855607398297495,0.28333807413171314,0,0
Reddit-S,44,smallest,1.1625805740322903e-07,1.5713364530194569e-21,0.25000002906451774,0.2885560718266298,0.2833380720146598,0,0
Reddit-S,44,smallest,1.0774238035082817e-07,1.2507188593328076e-21,0.250000026935598,0.2885560694465594,0.28333806967795777,0,0
Reddit-S,44,smallest,9.570317160978448e-08,8.76554637357487e-22,0.2500000239257952,0.2885560660816873,0.2833380663743986,0,0
Reddit-S,44,smallest,7.788185030221939e-08,4.7239879655496925e-22,0.2500000194704641,0.2885560611007566,0.28333806148422785,0,0
Reddit-S,44,smallest,5.9175917499487696e-08,2.072215895043558e-22,0.25000001479398026,0.28855605587258354,0.2833380563513198,0,0
Reddit-S,44,smallest,3.1818196077892935e-08,3.221266539812774e-23,0.2500000079545493,0.28855604822629843,0.2833380488443613,0,0
Reddit-S,44,smallest,2.4046672209010467e-08,1.3904806516082693e-23,0.2500000060116682,0.28855604605421387,0.2833380467118553,0,0
Reddit-S,44,smallest,2.212144245561376e-08,1.0825309622438991e-23,0.2500000055303607,0.2885560455161261,0.2833380461835723,0,0
Reddit-S,44,smallest,5.4154014605956036e-11,1.5881516614702003e-31,0.2500000000135385,0.2885560393484792,0.28333804012830893,0,0
Reddit-S,44,smallest,-2.7299902789768016e-12,-2.0346199651332553e-35,0.2499999999993175,0.2885560393325805,0.2833380401127,0,1
Reddit-S,44,smallest,-5.451639140119369e-12,-1.6202472861144906e-34,0.2499999999986371,0.28855603933181984,0.2833380401119532,0,1
Reddit-S,44,smallest,-1.2311386354824094e-09,-1.8660397103911532e-27,0.24999999969221534,0.2885560389892492,0.2833380397756247,0,1
Reddit-S,44,smallest,-3.291344308209432e-09,-3.565495961861274e-26,0.24999999917716392,0.2885560384134367,0.2833380392103043,0,1
Reddit-S,44,smallest,-1.2685623218544606e-08,-2.0414343787449103e-24,0.24999999682859422,0.28855603578780403,0.28333803663251456,0,1
Reddit-S,44,smallest,-2.0598776018232456e-08,-8.74025786587406e-24,0.2499999948503061,0.28855603357613535,0.28333803446114575,0,1
Reddit-S,44,smallest,-6.019683951308252e-08,-2.1813284861089834e-22,0.24999998495079104,0.28855602250876516,0.28333802359543936,0,1
Reddit-S,44,smallest,-1.9172875909134746e-07,-7.047933282733845e-21,0.24999995206781941,0.2885559857465584,0.2833379875030942,0,1
Reddit-S,44,smallest,-2.9508964871638454e-07,-2.5695787152000322e-20,0.24999992622760958,0.2885559568579546,0.2833379591408834,0,1
