dataset,seed,variant,intervention,val_acc,val_macro_f1,true_label_ce,delta_val_acc,delta_val_macro_f1,delta_true_label_ce,prediction_flip_rate,frozen_sensitivity_not_retrained_causal_ablation,shuffle_replicate,row_mass_preserved,edge_support_preserved
Movies,42,s45_unconstrained_entry_uniform,ROW_MASS_NORMALIZE_AT_INFERENCE,0.5119975805282593,0.26695770687351095,2.027883291244507,-0.07018595933914185,-0.2163807413153977,0.5797325372695923,0.23845231533050537,True,,,
Movies,42,s45_unconstrained_entry_uniform,TARGET_MEAN_DOSAGE_ONLY,0.5806838274002075,0.48171048688929485,1.4514926671981812,-0.0014997124671936035,-0.0016279612996137893,0.0033419132232666016,0.006298740394413471,True,,,
Movies,42,s45_masspres_entry_terminal,CALIBRATION_OFF,0.5104978680610657,0.32097823403478204,1.6234301328659058,-0.03569287061691284,-0.11759515962005945,0.18106651306152344,0.2132573425769806,True,,,
Movies,42,s45_masspres_entry_terminal,EDGE_SHUFFLE_RENORM,0.5119975805282593,0.311382804954618,1.630010724067688,-0.03419315814971924,-0.12719058870022348,0.18764710426330566,0.21595680713653564,,1,True,True
Movies,42,s45_masspres_entry_terminal,EDGE_SHUFFLE_RENORM,0.5083982944488525,0.31633658839972123,1.6310783624649048,-0.03779244422912598,-0.12223680525512026,0.18871474266052246,0.21985602378845215,,2,True,True
Movies,42,s45_masspres_entry_terminal,EDGE_SHUFFLE_RENORM,0.5068985819816589,0.3263175158049789,1.6368014812469482,-0.03929215669631958,-0.11225587784986257,0.19443786144256592,0.22465506196022034,,3,True,True
Movies,42,s45_masspres_entry_terminal,EDGE_SHUFFLE_RENORM,0.5089981555938721,0.3220916843185024,1.6363149881362915,-0.037192583084106445,-0.11648170933633911,0.19395136833190918,0.2249550074338913,,4,True,True
Movies,42,s45_masspres_entry_terminal,EDGE_SHUFFLE_RENORM,0.5008997917175293,0.3116138690750492,1.6482945680618286,-0.04529094696044922,-0.12695952457979232,0.2059309482574463,0.22555488348007202,,5,True,True
Movies,42,s45_masspres_entry_terminal,EDGE_SHUFFLE_RENORM,0.5125974416732788,0.33005068661600767,1.6318905353546143,-0.03359329700469971,-0.10852270703883382,0.18952691555023193,0.22555488348007202,,6,True,True
Movies,42,s45_masspres_entry_terminal,EDGE_SHUFFLE_RENORM,0.5107977986335754,0.30991814639030946,1.6312687397003174,-0.035392940044403076,-0.12865524726453204,0.18890511989593506,0.22045591473579407,,7,True,True
Movies,42,s45_masspres_entry_terminal,EDGE_SHUFFLE_RENORM,0.5107977986335754,0.32125027641552634,1.6280378103256226,-0.035392940044403076,-0.11732311723931516,0.18567419052124023,0.21565686166286469,,8,True,True
Movies,42,s45_masspres_entry_terminal,EDGE_SHUFFLE_RENORM,0.5137972235679626,0.3273401483345122,1.645714282989502,-0.03239351511001587,-0.1112332453203293,0.20335066318511963,0.2201559692621231,,9,True,True
Movies,42,s45_masspres_entry_terminal,EDGE_SHUFFLE_RENORM,0.507798433303833,0.31902925584813663,1.6283063888549805,-0.03839230537414551,-0.11954413780670486,0.18594276905059814,0.22165566682815552,,10,True,True
Movies,42,s45_masspres_entry_uniform,CALIBRATION_OFF,0.5434913039207458,0.4032618498330035,1.5686099529266357,-0.032093584537506104,-0.07484987551988848,0.18058717250823975,0.15956808626651764,True,,,
Movies,42,s45_masspres_entry_uniform,EDGE_SHUFFLE_RENORM,0.5425914525985718,0.3995581202338333,1.573163628578186,-0.032993435859680176,-0.07855360511905868,0.18514084815979004,0.1676664650440216,,1,True,True
Movies,42,s45_masspres_entry_uniform,EDGE_SHUFFLE_RENORM,0.5485902428627014,0.40537980740931057,1.5839356184005737,-0.026994645595550537,-0.07273191794358141,0.19591283798217773,0.16646671295166016,,2,True,True
Movies,42,s45_masspres_entry_uniform,EDGE_SHUFFLE_RENORM,0.534493088722229,0.3974057470637663,1.5910712480545044,-0.04109179973602295,-0.08070597828912568,0.2030484676361084,0.16586682200431824,,3,True,True
Movies,42,s45_masspres_entry_uniform,EDGE_SHUFFLE_RENORM,0.5398920178413391,0.40454335776790246,1.5829366445541382,-0.03569287061691284,-0.07356836758498952,0.1949138641357422,0.16826634109020233,,4,True,True
Movies,42,s45_masspres_entry_uniform,EDGE_SHUFFLE_RENORM,0.5404918789863586,0.3873278890565608,1.5799338817596436,-0.03509300947189331,-0.09078383629633119,0.19191110134124756,0.16586682200431824,,5,True,True
Movies,42,s45_masspres_entry_uniform,EDGE_SHUFFLE_RENORM,0.5440911650657654,0.3737505225608752,1.584197759628296,-0.03149372339248657,-0.10436120279201677,0.1961749792098999,0.16916616261005402,,6,True,True
Movies,42,s45_masspres_entry_uniform,EDGE_SHUFFLE_RENORM,0.5425914525985718,0.4068741451005874,1.5820913314819336,-0.032993435859680176,-0.07123758025230459,0.1940685510635376,0.16826634109020233,,7,True,True
Movies,42,s45_masspres_entry_uniform,EDGE_SHUFFLE_RENORM,0.5440911650657654,0.40035083812654165,1.5933290719985962,-0.03149372339248657,-0.07776088722635033,0.2053062915802002,0.1661667674779892,,8,True,True
Movies,42,s45_masspres_entry_uniform,EDGE_SHUFFLE_RENORM,0.5371925234794617,0.38753754162094445,1.5964664220809937,-0.03839236497879028,-0.09057418373194753,0.20844364166259766,0.16676664352416992,,9,True,True
Movies,42,s45_masspres_entry_uniform,EDGE_SHUFFLE_RENORM,0.5407918095588684,0.39721576892392113,1.5989761352539062,-0.034793078899383545,-0.08089595642897085,0.21095335483551025,0.16886623203754425,,10,True,True
Movies,42,s45_masspres_entry_propagated_uniform,CALIBRATION_OFF,0.5203958749771118,0.3551837494882125,1.7282989025115967,-0.03809243440628052,-0.1045329339198614,0.22269213199615479,0.2225554883480072,True,,,
Movies,42,s45_masspres_entry_propagated_uniform,EDGE_SHUFFLE_RENORM,0.5032992959022522,0.3369914074376736,1.8104207515716553,-0.05518901348114014,-0.12272527597040034,0.3048139810562134,0.24955008924007416,,1,True,True
Movies,42,s45_masspres_entry_propagated_uniform,EDGE_SHUFFLE_RENORM,0.5095980763435364,0.33799819671391207,1.7972267866134644,-0.04889023303985596,-0.12171848669416185,0.29162001609802246,0.24565087258815765,,2,True,True
Movies,42,s45_masspres_entry_propagated_uniform,EDGE_SHUFFLE_RENORM,0.5116976499557495,0.35191578595321693,1.7894545793533325,-0.04679065942764282,-0.10780089745485699,0.2838478088378906,0.24805039167404175,,3,True,True
Movies,42,s45_masspres_entry_propagated_uniform,EDGE_SHUFFLE_RENORM,0.5035992860794067,0.3392527798472391,1.7988619804382324,-0.054889023303985596,-0.1204639035608348,0.2932552099227905,0.25194960832595825,,4,True,True
Movies,42,s45_masspres_entry_propagated_uniform,EDGE_SHUFFLE_RENORM,0.5089981555938721,0.35137488679247664,1.805761694908142,-0.049490153789520264,-0.10834179661559729,0.3001549243927002,0.25044989585876465,,5,True,True
Movies,42,s45_masspres_entry_propagated_uniform,EDGE_SHUFFLE_RENORM,0.5053989291191101,0.3384770021356952,1.8010450601577759,-0.05308938026428223,-0.12123968127237872,0.295438289642334,0.2531493604183197,,6,True,True
Movies,42,s45_masspres_entry_propagated_uniform,EDGE_SHUFFLE_RENORM,0.5128974318504333,0.34375153989348395,1.7925729751586914,-0.045590877532958984,-0.11596514351458997,0.2869662046432495,0.24745051562786102,,7,True,True
Movies,42,s45_masspres_entry_propagated_uniform,EDGE_SHUFFLE_RENORM,0.5065986514091492,0.3403627919394879,1.7966320514678955,-0.051889657974243164,-0.11935389146858605,0.2910252809524536,0.2453509271144867,,8,True,True
Movies,42,s45_masspres_entry_propagated_uniform,EDGE_SHUFFLE_RENORM,0.5086982250213623,0.3290133355600669,1.7988461256027222,-0.04979008436203003,-0.13070334784800702,0.2932393550872803,0.24325135350227356,,9,True,True
Movies,42,s45_masspres_entry_propagated_uniform,EDGE_SHUFFLE_RENORM,0.5089981555938721,0.3451875097024054,1.8151965141296387,-0.049490153789520264,-0.11452917370566851,0.3095897436141968,0.23845231533050537,,10,True,True
Movies,42,s45_masspres_persistent_uniform,CALIBRATION_OFF,0.5509898066520691,0.40945034030329175,1.5713791847229004,-0.022195518016815186,-0.0881366254105454,0.11196434497833252,0.17756448686122894,True,,,
Movies,42,s45_masspres_persistent_uniform,EDGE_SHUFFLE_RENORM,0.5437912344932556,0.4009455036706271,1.627901554107666,-0.029394090175628662,-0.09664146204321006,0.16848671436309814,0.18776245415210724,,1,True,True
Movies,42,s45_masspres_persistent_uniform,EDGE_SHUFFLE_RENORM,0.5470905900001526,0.40998158667597817,1.6150325536727905,-0.02609473466873169,-0.08760537903785898,0.15561771392822266,0.1817636489868164,,2,True,True
Movies,42,s45_masspres_persistent_uniform,EDGE_SHUFFLE_RENORM,0.5440911650657654,0.40307819768561065,1.6066497564315796,-0.029094159603118896,-0.0945087680282265,0.14723491668701172,0.1856628656387329,,3,True,True
Movies,42,s45_masspres_persistent_uniform,EDGE_SHUFFLE_RENORM,0.5458908081054688,0.3906866103457459,1.6347535848617554,-0.027294516563415527,-0.10690035536809123,0.1753387451171875,0.1865626871585846,,4,True,True
Movies,42,s45_masspres_persistent_uniform,EDGE_SHUFFLE_RENORM,0.5494900941848755,0.3969687280452827,1.6206942796707153,-0.02369523048400879,-0.10061823766855443,0.16127943992614746,0.18236352503299713,,5,True,True
Movies,42,s45_masspres_persistent_uniform,EDGE_SHUFFLE_RENORM,0.5434913039207458,0.4047345890969149,1.6334738731384277,-0.029694020748138428,-0.09285237661692225,0.17405903339385986,0.18866226077079773,,6,True,True
Movies,42,s45_masspres_persistent_uniform,EDGE_SHUFFLE_RENORM,0.5452909469604492,0.408628628216477,1.6200934648513794,-0.02789437770843506,-0.08895833749736015,0.16067862510681152,0.18626274168491364,,7,True,True
Movies,42,s45_masspres_persistent_uniform,EDGE_SHUFFLE_RENORM,0.5482903122901917,0.4006714898606307,1.6232863664627075,-0.024895012378692627,-0.09691547585320642,0.16387152671813965,0.18116377294063568,,8,True,True
Movies,42,s45_masspres_persistent_uniform,EDGE_SHUFFLE_RENORM,0.550089955329895,0.4107517391175445,1.6336320638656616,-0.023095369338989258,-0.08683522659629267,0.17421722412109375,0.18296340107917786,,9,True,True
Movies,42,s45_masspres_persistent_uniform,EDGE_SHUFFLE_RENORM,0.5404918789863586,0.3970853391670094,1.6265474557876587,-0.032693445682525635,-0.10050162654682776,0.16713261604309082,0.18386322259902954,,10,True,True
Movies,43,s45_unconstrained_entry_uniform,ROW_MASS_NORMALIZE_AT_INFERENCE,0.5068985819816589,0.286412419681076,1.9305976629257202,-0.07138574123382568,-0.20487081231279813,0.5060449838638306,0.2540491819381714,True,,,
Movies,43,s45_unconstrained_entry_uniform,TARGET_MEAN_DOSAGE_ONLY,0.5773845314979553,0.4867407806952892,1.4359577894210815,-0.0008997917175292969,-0.0045424512985849375,0.011405110359191895,0.018596280366182327,True,,,
Movies,43,s45_masspres_entry_terminal,CALIBRATION_OFF,0.5065986514091492,0.35059390805741353,1.645125150680542,-0.03779244422912598,-0.10736757638324185,0.1639542579650879,0.21445710957050323,True,,,
Movies,43,s45_masspres_entry_terminal,EDGE_SHUFFLE_RENORM,0.5065986514091492,0.3530644100058821,1.6597832441329956,-0.03779244422912598,-0.10489707443477325,0.1786123514175415,0.22135573625564575,,1,True,True
Movies,43,s45_masspres_entry_terminal,EDGE_SHUFFLE_RENORM,0.5014997124671936,0.32864101376346516,1.67413330078125,-0.04289138317108154,-0.1293204706771902,0.1929624080657959,0.23005399107933044,,2,True,True
Movies,43,s45_masspres_entry_terminal,EDGE_SHUFFLE_RENORM,0.5056988596916199,0.3411973870751834,1.6705141067504883,-0.03869223594665527,-0.116764097365472,0.18934321403503418,0.2210557907819748,,3,True,True
Movies,43,s45_masspres_entry_terminal,EDGE_SHUFFLE_RENORM,0.4985002875328064,0.33385487969597455,1.6871447563171387,-0.04589080810546875,-0.12410660474468083,0.20597386360168457,0.23155368864536285,,4,True,True
Movies,43,s45_masspres_entry_terminal,EDGE_SHUFFLE_RENORM,0.4979003965854645,0.3421461364826105,1.6721247434616089,-0.04649069905281067,-0.11581534795804488,0.19095385074615479,0.22915416955947876,,5,True,True
Movies,43,s45_masspres_entry_terminal,EDGE_SHUFFLE_RENORM,0.5035992860794067,0.3367290580957664,1.675308346748352,-0.04079180955886841,-0.12123242634488895,0.19413745403289795,0.22825434803962708,,6,True,True
Movies,43,s45_masspres_entry_terminal,EDGE_SHUFFLE_RENORM,0.5083982944488525,0.3480239488631948,1.6632423400878906,-0.03599280118942261,-0.10993753557746055,0.18207144737243652,0.2288542240858078,,7,True,True
Movies,43,s45_masspres_entry_terminal,EDGE_SHUFFLE_RENORM,0.5074985027313232,0.35396745004656827,1.6593371629714966,-0.036892592906951904,-0.10399403439408711,0.17816627025604248,0.21595680713653564,,8,True,True
Movies,43,s45_masspres_entry_terminal,EDGE_SHUFFLE_RENORM,0.5065986514091492,0.3491095174375389,1.6699880361557007,-0.03779244422912598,-0.1088519670031165,0.18881714344024658,0.2249550074338913,,9,True,True
Movies,43,s45_masspres_entry_terminal,EDGE_SHUFFLE_RENORM,0.5047990083694458,0.3363599343244092,1.6795083284378052,-0.039592087268829346,-0.12160155011624618,0.19833743572235107,0.22945411503314972,,10,True,True
Movies,43,s45_masspres_entry_uniform,CALIBRATION_OFF,0.5407918095588684,0.39223892152143736,1.4573510885238647,-0.030293941497802734,-0.0817032874231251,0.10310566425323486,0.17906418442726135,True,,,
Movies,43,s45_masspres_entry_uniform,EDGE_SHUFFLE_RENORM,0.5338932275772095,0.38767456384934773,1.4809430837631226,-0.03719252347946167,-0.08626764509521473,0.12669765949249268,0.18296340107917786,,1,True,True
Movies,43,s45_masspres_entry_uniform,EDGE_SHUFFLE_RENORM,0.538992166519165,0.3842768620929082,1.4685468673706055,-0.032093584537506104,-0.08966534685165428,0.11430144309997559,0.18326334655284882,,2,True,True
Movies,43,s45_masspres_entry_uniform,EDGE_SHUFFLE_RENORM,0.5347930192947388,0.3804802997878782,1.4740045070648193,-0.03629273176193237,-0.09346190915668429,0.11975908279418945,0.18116377294063568,,3,True,True
Movies,43,s45_masspres_entry_uniform,EDGE_SHUFFLE_RENORM,0.5323935151100159,0.3804485342996507,1.4834957122802734,-0.03869223594665527,-0.09349367464491176,0.12925028800964355,0.18146370351314545,,4,True,True
Movies,43,s45_masspres_entry_uniform,EDGE_SHUFFLE_RENORM,0.5407918095588684,0.39377004449724845,1.4705665111541748,-0.030293941497802734,-0.08017216444731401,0.11632108688354492,0.17726454138755798,,5,True,True
Movies,43,s45_masspres_entry_uniform,EDGE_SHUFFLE_RENORM,0.5386922359466553,0.38880314685260325,1.4739004373550415,-0.03239351511001587,-0.0851390620919592,0.11965501308441162,0.1865626871585846,,6,True,True
Movies,43,s45_masspres_entry_uniform,EDGE_SHUFFLE_RENORM,0.5305938720703125,0.3852209398060344,1.4842122793197632,-0.04049187898635864,-0.08872126913852807,0.1299668550491333,0.17696461081504822,,7,True,True
Movies,43,s45_masspres_entry_uniform,EDGE_SHUFFLE_RENORM,0.5416916608810425,0.3970675364613695,1.4714168310165405,-0.029394090175628662,-0.07687467248319296,0.11717140674591064,0.17996400594711304,,8,True,True
Movies,43,s45_masspres_entry_uniform,EDGE_SHUFFLE_RENORM,0.5452909469604492,0.39997659660204793,1.4674386978149414,-0.025794804096221924,-0.07396561234251453,0.11319327354431152,0.17906418442726135,,9,True,True
Movies,43,s45_masspres_entry_uniform,EDGE_SHUFFLE_RENORM,0.5407918095588684,0.39199613886667173,1.4692630767822266,-0.030293941497802734,-0.08194607007789073,0.11501765251159668,0.1856628656387329,,10,True,True
Movies,43,s45_masspres_entry_propagated_uniform,CALIBRATION_OFF,0.5185962915420532,0.34296549092041434,1.6211169958114624,-0.04049187898635864,-0.12254133674978412,0.20527911186218262,0.2249550074338913,True,,,
Movies,43,s45_masspres_entry_propagated_uniform,EDGE_SHUFFLE_RENORM,0.5125974416732788,0.3469157765238803,1.6486212015151978,-0.04649072885513306,-0.11859105114631818,0.23278331756591797,0.23065386712551117,,1,True,True
Movies,43,s45_masspres_entry_propagated_uniform,EDGE_SHUFFLE_RENORM,0.5035992860794067,0.3287348827199264,1.6776782274246216,-0.05548888444900513,-0.13677194495027206,0.2618403434753418,0.23995201289653778,,2,True,True
Movies,43,s45_masspres_entry_propagated_uniform,EDGE_SHUFFLE_RENORM,0.5104978680610657,0.3430073060290921,1.6558066606521606,-0.04859030246734619,-0.12249952164110639,0.23996877670288086,0.23455308377742767,,3,True,True
Movies,43,s45_masspres_entry_propagated_uniform,EDGE_SHUFFLE_RENORM,0.5113977193832397,0.3441322126350197,1.6447948217391968,-0.04769045114517212,-0.12137461503517877,0.228956937789917,0.22915416955947876,,4,True,True
Movies,43,s45_masspres_entry_propagated_uniform,EDGE_SHUFFLE_RENORM,0.5107977986335754,0.32540008573652546,1.6639002561569214,-0.048290371894836426,-0.140106741933673,0.2480623722076416,0.23305338621139526,,5,True,True
Movies,43,s45_masspres_entry_propagated_uniform,EDGE_SHUFFLE_RENORM,0.5095980763435364,0.325761413817519,1.6667156219482422,-0.04949009418487549,-0.13974541385267947,0.2508777379989624,0.2375524938106537,,6,True,True
Movies,43,s45_masspres_entry_propagated_uniform,EDGE_SHUFFLE_RENORM,0.507798433303833,0.34413357245104764,1.6701723337173462,-0.05128973722457886,-0.12137325521915082,0.2543344497680664,0.2342531532049179,,7,True,True
Movies,43,s45_masspres_entry_propagated_uniform,EDGE_SHUFFLE_RENORM,0.512297511100769,0.3262679059893169,1.6596553325653076,-0.04679065942764282,-0.1392389216808816,0.24381744861602783,0.2351529747247696,,8,True,True
Movies,43,s45_masspres_entry_propagated_uniform,EDGE_SHUFFLE_RENORM,0.5119975805282593,0.33521092288226145,1.6764413118362427,-0.04709059000015259,-0.130295904787937,0.2606034278869629,0.23305338621139526,,9,True,True
Movies,43,s45_masspres_entry_propagated_uniform,EDGE_SHUFFLE_RENORM,0.5125974416732788,0.33351933175603427,1.6459985971450806,-0.04649072885513306,-0.1319874959141642,0.23016071319580078,0.23785242438316345,,10,True,True
Movies,43,s45_masspres_persistent_uniform,CALIBRATION_OFF,0.5407918095588684,0.4115093667309174,1.5181055068969727,-0.02699458599090576,-0.06415001831994238,0.10908961296081543,0.1574685126543045,True,,,
Movies,43,s45_masspres_persistent_uniform,EDGE_SHUFFLE_RENORM,0.5380923748016357,0.4084940116096667,1.5560634136199951,-0.029694020748138428,-0.06716537344119311,0.1470475196838379,0.17426514625549316,,1,True,True
Movies,43,s45_masspres_persistent_uniform,EDGE_SHUFFLE_RENORM,0.5410917401313782,0.41041394937901765,1.5549869537353516,-0.026694655418395996,-0.06524543567184216,0.14597105979919434,0.17096580564975739,,2,True,True
Movies,43,s45_masspres_persistent_uniform,EDGE_SHUFFLE_RENORM,0.5338932275772095,0.39331965625121457,1.5621572732925415,-0.0338931679725647,-0.08233972879964524,0.15314137935638428,0.16976605355739594,,3,True,True
Movies,43,s45_masspres_persistent_uniform,EDGE_SHUFFLE_RENORM,0.5350929498672485,0.39341655105787454,1.5583440065383911,-0.032693445682525635,-0.08224283399298526,0.1493281126022339,0.1739652007818222,,4,True,True
Movies,43,s45_masspres_persistent_uniform,EDGE_SHUFFLE_RENORM,0.5386922359466553,0.4037100892253542,1.5648938417434692,-0.029094159603118896,-0.07194929582550563,0.155877947807312,0.1715656816959381,,5,True,True
Movies,43,s45_masspres_persistent_uniform,EDGE_SHUFFLE_RENORM,0.5356928706169128,0.40163290057460055,1.5656583309173584,-0.03209352493286133,-0.07402648447625926,0.15664243698120117,0.17066586017608643,,6,True,True
Movies,43,s45_masspres_persistent_uniform,EDGE_SHUFFLE_RENORM,0.5326934456825256,0.3896203253990939,1.5769290924072266,-0.035092949867248535,-0.08603905965176589,0.16791319847106934,0.17216557264328003,,7,True,True
Movies,43,s45_masspres_persistent_uniform,EDGE_SHUFFLE_RENORM,0.542291522026062,0.4063925482355889,1.5502296686172485,-0.025494873523712158,-0.0692668368152709,0.1412137746810913,0.16556689143180847,,8,True,True
Movies,43,s45_masspres_persistent_uniform,EDGE_SHUFFLE_RENORM,0.5341931581497192,0.39342187298646736,1.5548328161239624,-0.03359323740005493,-0.08223751206439245,0.14581692218780518,0.17276544868946075,,9,True,True
Movies,43,s45_masspres_persistent_uniform,EDGE_SHUFFLE_RENORM,0.5296940207481384,0.39785668655287404,1.57020103931427,-0.03809237480163574,-0.07780269849798577,0.1611851453781128,0.1739652007818222,,10,True,True
Movies,44,s45_unconstrained_entry_uniform,ROW_MASS_NORMALIZE_AT_INFERENCE,0.5218955874443054,0.33538612955400116,1.7309447526931763,-0.057288527488708496,-0.16203265769053637,0.3552898168563843,0.22975404560565948,True,,,
Movies,44,s45_unconstrained_entry_uniform,TARGET_MEAN_DOSAGE_ONLY,0.5809837579727173,0.49716134638110016,1.3775579929351807,0.0017996430397033691,-0.0002574408634373748,0.0019030570983886719,0.019796039909124374,True,,,
Movies,44,s45_masspres_entry_terminal,CALIBRATION_OFF,0.5089981555938721,0.33446535558176305,1.570177674293518,-0.03149372339248657,-0.10526776122316528,0.1502699851989746,0.19856028258800507,True,,,
Movies,44,s45_masspres_entry_terminal,EDGE_SHUFFLE_RENORM,0.5080983638763428,0.34761334522325243,1.5746928453445435,-0.03239351511001587,-0.09211977158167589,0.15478515625,0.20155969262123108,,1,True,True
Movies,44,s45_masspres_entry_terminal,EDGE_SHUFFLE_RENORM,0.5053989291191101,0.340019450961848,1.569106101989746,-0.035092949867248535,-0.09971366584308033,0.14919841289520264,0.20095980167388916,,2,True,True
Movies,44,s45_masspres_entry_terminal,EDGE_SHUFFLE_RENORM,0.5095980763435364,0.3417710922227716,1.5793055295944214,-0.030893802642822266,-0.09796202458215675,0.15939784049987793,0.19886022806167603,,3,True,True
Movies,44,s45_masspres_entry_terminal,EDGE_SHUFFLE_RENORM,0.5086982250213623,0.33657295139072885,1.5838955640792847,-0.03179365396499634,-0.10316016541419948,0.1639878749847412,0.19796040654182434,,4,True,True
Movies,44,s45_masspres_entry_terminal,EDGE_SHUFFLE_RENORM,0.5050989389419556,0.3368101974154679,1.5791212320327759,-0.035392940044403076,-0.10292291938946041,0.15921354293823242,0.2108578234910965,,5,True,True
Movies,44,s45_masspres_entry_terminal,EDGE_SHUFFLE_RENORM,0.5131973624229431,0.34935509927140423,1.5724126100540161,-0.027294516563415527,-0.09037801753352409,0.15250492095947266,0.20155969262123108,,6,True,True
Movies,44,s45_masspres_entry_terminal,EDGE_SHUFFLE_RENORM,0.5095980763435364,0.3327125801416887,1.5794929265975952,-0.030893802642822266,-0.10702053666323963,0.15958523750305176,0.19796040654182434,,7,True,True
Movies,44,s45_masspres_entry_terminal,EDGE_SHUFFLE_RENORM,0.5041991472244263,0.3149297141560471,1.5758962631225586,-0.03629273176193237,-0.12480340264888123,0.15598857402801514,0.20875824987888336,,8,True,True
Movies,44,s45_masspres_entry_terminal,EDGE_SHUFFLE_RENORM,0.5113977193832397,0.3321143111958449,1.5785473585128784,-0.029094159603118896,-0.10761880560908343,0.15863966941833496,0.20695860683918,,9,True,True
Movies,44,s45_masspres_entry_terminal,EDGE_SHUFFLE_RENORM,0.504499077796936,0.32784074224921916,1.5762778520584106,-0.03599280118942261,-0.11189237455570916,0.1563701629638672,0.20485903322696686,,10,True,True
Movies,44,s45_masspres_entry_uniform,CALIBRATION_OFF,0.5386922359466553,0.3937055585180884,1.6445221900939941,-0.034493088722229004,-0.10023129421342791,0.19162189960479736,0.1763647198677063,True,,,
Movies,44,s45_masspres_entry_uniform,EDGE_SHUFFLE_RENORM,0.5350929498672485,0.3934537690996024,1.675157070159912,-0.03809237480163574,-0.10048308363191394,0.22225677967071533,0.1841631680727005,,1,True,True
Movies,44,s45_masspres_entry_uniform,EDGE_SHUFFLE_RENORM,0.538992166519165,0.3901046858782429,1.6716097593307495,-0.03419315814971924,-0.10383216685327346,0.21870946884155273,0.18986202776432037,,2,True,True
Movies,44,s45_masspres_entry_uniform,EDGE_SHUFFLE_RENORM,0.534493088722229,0.3790721193826712,1.6685469150543213,-0.03869223594665527,-0.11486473334884512,0.2156466245651245,0.19406118988990784,,3,True,True
Movies,44,s45_masspres_entry_uniform,EDGE_SHUFFLE_RENORM,0.5341931581497192,0.3879169830021929,1.6732596158981323,-0.03899216651916504,-0.10601986972932342,0.22035932540893555,0.18326334655284882,,4,True,True
Movies,44,s45_masspres_entry_uniform,EDGE_SHUFFLE_RENORM,0.537792444229126,0.40087846323153337,1.6630560159683228,-0.0353928804397583,-0.09305838949998296,0.21015572547912598,0.1841631680727005,,5,True,True
Movies,44,s45_masspres_entry_uniform,EDGE_SHUFFLE_RENORM,0.5341931581497192,0.3984104872350219,1.668274164199829,-0.03899216651916504,-0.0955263654964944,0.21537387371063232,0.1865626871585846,,6,True,True
Movies,44,s45_masspres_entry_uniform,EDGE_SHUFFLE_RENORM,0.5278943777084351,0.37476212628113453,1.6777149438858032,-0.04529094696044922,-0.1191747264503818,0.22481465339660645,0.18926215171813965,,7,True,True
Movies,44,s45_masspres_entry_uniform,EDGE_SHUFFLE_RENORM,0.5338932275772095,0.38852511104157034,1.6576852798461914,-0.039292097091674805,-0.10541174168994599,0.20478498935699463,0.1919616013765335,,8,True,True
Movies,44,s45_masspres_entry_uniform,EDGE_SHUFFLE_RENORM,0.5338932275772095,0.3785266212655409,1.666954517364502,-0.039292097091674805,-0.11541023146597545,0.21405422687530518,0.19106179475784302,,9,True,True
Movies,44,s45_masspres_entry_uniform,EDGE_SHUFFLE_RENORM,0.5308938026428223,0.3771509452311918,1.6892385482788086,-0.04229152202606201,-0.11678590750032453,0.23633825778961182,0.18926215171813965,,10,True,True
Movies,44,s45_masspres_entry_propagated_uniform,CALIBRATION_OFF,0.5182963013648987,0.35339030805851535,1.647167682647705,-0.04049193859100342,-0.12320946249330234,0.21002602577209473,0.20875824987888336,True,,,
Movies,44,s45_masspres_entry_propagated_uniform,EDGE_SHUFFLE_RENORM,0.5050989389419556,0.3421614612702627,1.7186169624328613,-0.05368930101394653,-0.13443830928155498,0.281475305557251,0.2351529747247696,,1,True,True
Movies,44,s45_masspres_entry_propagated_uniform,EDGE_SHUFFLE_RENORM,0.5092981457710266,0.3484719467980587,1.6919194459915161,-0.04949009418487549,-0.12812782375375897,0.25477778911590576,0.22915416955947876,,2,True,True
Movies,44,s45_masspres_entry_propagated_uniform,EDGE_SHUFFLE_RENORM,0.51109778881073,0.34542319472362254,1.6806999444961548,-0.04769045114517212,-0.13117657582819514,0.24355828762054443,0.2264547049999237,,3,True,True
Movies,44,s45_masspres_entry_propagated_uniform,EDGE_SHUFFLE_RENORM,0.5092981457710266,0.34390359107758434,1.70766282081604,-0.04949009418487549,-0.13269617947423334,0.2705211639404297,0.22135573625564575,,4,True,True
Movies,44,s45_masspres_entry_propagated_uniform,EDGE_SHUFFLE_RENORM,0.504499077796936,0.35285419743660895,1.696986198425293,-0.054289162158966064,-0.12374557311520873,0.2598445415496826,0.22975404560565948,,5,True,True
Movies,44,s45_masspres_entry_propagated_uniform,EDGE_SHUFFLE_RENORM,0.5092981457710266,0.33981858567510653,1.692250370979309,-0.04949009418487549,-0.13678118487671115,0.25510871410369873,0.2264547049999237,,6,True,True
Movies,44,s45_masspres_entry_propagated_uniform,EDGE_SHUFFLE_RENORM,0.5068985819816589,0.33880894113760573,1.6957859992980957,-0.051889657974243164,-0.13779082941421195,0.25864434242248535,0.2327534556388855,,7,True,True
Movies,44,s45_masspres_entry_propagated_uniform,EDGE_SHUFFLE_RENORM,0.5080983638763428,0.3427128766546751,1.700888752937317,-0.050689876079559326,-0.1338868938971426,0.26374709606170654,0.22795440256595612,,8,True,True
Movies,44,s45_masspres_entry_propagated_uniform,EDGE_SHUFFLE_RENORM,0.5017996430397034,0.32109896673073907,1.7039110660552979,-0.05698859691619873,-0.15550080382107861,0.2667694091796875,0.23065386712551117,,9,True,True
Movies,44,s45_masspres_entry_propagated_uniform,EDGE_SHUFFLE_RENORM,0.5119975805282593,0.3625131450075915,1.6930973529815674,-0.04679065942764282,-0.11408662554422616,0.25595569610595703,0.22705459594726562,,10,True,True
Movies,44,s45_masspres_persistent_uniform,CALIBRATION_OFF,0.5434913039207458,0.4141061666392103,1.5963495969772339,-0.0314936637878418,-0.08289407144421085,0.12924015522003174,0.1622675508260727,True,,,
Movies,44,s45_masspres_persistent_uniform,EDGE_SHUFFLE_RENORM,0.5341931581497192,0.3849987215290825,1.6622973680496216,-0.04079180955886841,-0.11200151655433865,0.19518792629241943,0.18086382746696472,,1,True,True
Movies,44,s45_masspres_persistent_uniform,EDGE_SHUFFLE_RENORM,0.5401919484138489,0.4035638423569464,1.646173119544983,-0.03479301929473877,-0.09343639572647472,0.17906367778778076,0.1754649132490158,,2,True,True
Movies,44,s45_masspres_persistent_uniform,EDGE_SHUFFLE_RENORM,0.5410917401313782,0.3983106202997132,1.6327345371246338,-0.03389322757720947,-0.09868961778370794,0.16562509536743164,0.18596281111240387,,3,True,True
Movies,44,s45_masspres_persistent_uniform,EDGE_SHUFFLE_RENORM,0.5359928011894226,0.3925353563575636,1.6616904735565186,-0.03899216651916504,-0.10446488172585755,0.1945810317993164,0.18116377294063568,,4,True,True
Movies,44,s45_masspres_persistent_uniform,EDGE_SHUFFLE_RENORM,0.5386922359466553,0.3964021594537008,1.6512343883514404,-0.03629273176193237,-0.10059807862972037,0.18412494659423828,0.1748650223016739,,5,True,True
Movies,44,s45_masspres_persistent_uniform,EDGE_SHUFFLE_RENORM,0.5374925136566162,0.40324955901241255,1.6501715183258057,-0.037492454051971436,-0.09375067907100859,0.18306207656860352,0.1748650223016739,,6,True,True
Movies,44,s45_masspres_persistent_uniform,EDGE_SHUFFLE_RENORM,0.5407918095588684,0.3969319269275103,1.6648250818252563,-0.03419315814971924,-0.10006831115591086,0.1977156400680542,0.1778644323348999,,7,True,True
Movies,44,s45_masspres_persistent_uniform,EDGE_SHUFFLE_RENORM,0.5392920970916748,0.3981052898974222,1.6525449752807617,-0.03569287061691284,-0.09889494818599892,0.18543553352355957,0.1763647198677063,,8,True,True
Movies,44,s45_masspres_persistent_uniform,EDGE_SHUFFLE_RENORM,0.5392920970916748,0.4026267974745684,1.6447011232376099,-0.03569287061691284,-0.09437344060885272,0.17759168148040771,0.1724655032157898,,9,True,True
Movies,44,s45_masspres_persistent_uniform,EDGE_SHUFFLE_RENORM,0.5416916608810425,0.402809919459152,1.6624587774276733,-0.033293306827545166,-0.09419031862426913,0.1953493356704712,0.17366527020931244,,10,True,True
Grocery,42,s45_unconstrained_entry_uniform,ROW_MASS_NORMALIZE_AT_INFERENCE,0.8295754194259644,0.7666701162626155,0.8457163572311401,-0.008199095726013184,-0.009464234575490171,0.057518064975738525,0.05183016136288643,True,,,
Grocery,42,s45_unconstrained_entry_uniform,TARGET_MEAN_DOSAGE_ONLY,0.8395314812660217,0.7771478051264882,0.7877249717712402,0.0017569661140441895,0.0010134542883825093,-0.00047332048416137695,0.003806734923273325,True,,,
Grocery,42,s45_masspres_entry_terminal,CALIBRATION_OFF,0.7727672457695007,0.6651450772379188,0.9173928499221802,-0.024304509162902832,-0.03269543799716634,0.10951286554336548,0.10219619423151016,True,,,
Grocery,42,s45_masspres_entry_terminal,EDGE_SHUFFLE_RENORM,0.7692533135414124,0.6620693569607539,0.9651549458503723,-0.02781844139099121,-0.035771158274331305,0.15727496147155762,0.11537335067987442,,1,True,True
Grocery,42,s45_masspres_entry_terminal,EDGE_SHUFFLE_RENORM,0.7674963474273682,0.6549856617809242,0.9526527523994446,-0.0295754075050354,-0.04285485345416096,0.14477276802062988,0.11420205235481262,,2,True,True
Grocery,42,s45_masspres_entry_terminal,EDGE_SHUFFLE_RENORM,0.7677891850471497,0.6569685586506175,0.9437986612319946,-0.029282569885253906,-0.04087195658446763,0.13591867685317993,0.10951683670282364,,3,True,True
Grocery,42,s45_masspres_entry_terminal,EDGE_SHUFFLE_RENORM,0.7727672457695007,0.6680861234583627,0.9333527088165283,-0.024304509162902832,-0.029754391776722455,0.12547272443771362,0.10775988548994064,,4,True,True
Grocery,42,s45_masspres_entry_terminal,EDGE_SHUFFLE_RENORM,0.773352861404419,0.6641833434873978,0.9389402270317078,-0.02371889352798462,-0.03365717174768734,0.13106024265289307,0.10863836109638214,,5,True,True
Grocery,42,s45_masspres_entry_terminal,EDGE_SHUFFLE_RENORM,0.7701317667961121,0.6610691647293985,0.9415897130966187,-0.026939988136291504,-0.036771350505686695,0.13370972871780396,0.10600292682647705,,6,True,True
Grocery,42,s45_masspres_entry_terminal,EDGE_SHUFFLE_RENORM,0.7666178941726685,0.6586373043338363,0.966754138469696,-0.030453860759735107,-0.0392032109012489,0.15887415409088135,0.11215227097272873,,7,True,True
Grocery,42,s45_masspres_entry_terminal,EDGE_SHUFFLE_RENORM,0.7680820226669312,0.6572623505090041,0.9395701289176941,-0.028989732265472412,-0.04057816472608111,0.1316901445388794,0.10746705532073975,,8,True,True
Grocery,42,s45_masspres_entry_terminal,EDGE_SHUFFLE_RENORM,0.7704246044158936,0.6678331700170678,0.9509423971176147,-0.02664715051651001,-0.0300073452180174,0.14306241273880005,0.11098096519708633,,9,True,True
Grocery,42,s45_masspres_entry_terminal,EDGE_SHUFFLE_RENORM,0.7695461511611938,0.6597904109820762,0.9541025757789612,-0.027525603771209717,-0.03805010425300892,0.14622259140014648,0.11595900356769562,,10,True,True
Grocery,42,s45_masspres_entry_uniform,CALIBRATION_OFF,0.8243045806884766,0.759301078119101,0.7773283123970032,-0.004392385482788086,0.010382396174836384,-0.0027889609336853027,0.0603221096098423,True,,,
Grocery,42,s45_masspres_entry_uniform,EDGE_SHUFFLE_RENORM,0.812005877494812,0.7261179614467888,0.8078312873840332,-0.016691088676452637,-0.022800720497475835,0.027714014053344727,0.07642752677202225,,1,True,True
Grocery,42,s45_masspres_entry_uniform,EDGE_SHUFFLE_RENORM,0.8199121952056885,0.7419216468041319,0.8030633926391602,-0.008784770965576172,-0.0069970351401327235,0.02294611930847168,0.07115665823221207,,2,True,True
Grocery,42,s45_masspres_entry_uniform,EDGE_SHUFFLE_RENORM,0.8122987151145935,0.7321247049418353,0.8128581047058105,-0.016398251056671143,-0.01679397700242924,0.03274083137512207,0.07379209250211716,,3,True,True
Grocery,42,s45_masspres_entry_uniform,EDGE_SHUFFLE_RENORM,0.8146412968635559,0.7341915710984634,0.80848628282547,-0.01405566930770874,-0.014727110845801139,0.028369009494781494,0.07437774538993835,,4,True,True
Grocery,42,s45_masspres_entry_uniform,EDGE_SHUFFLE_RENORM,0.8137628436088562,0.7415466364372512,0.822065532207489,-0.014934122562408447,-0.007372045507013425,0.04194825887680054,0.07291361689567566,,5,True,True
Grocery,42,s45_masspres_entry_uniform,EDGE_SHUFFLE_RENORM,0.8140556812286377,0.7323842280653576,0.8074780106544495,-0.014641284942626953,-0.01653445387890695,0.027360737323760986,0.07203514128923416,,6,True,True
Grocery,42,s45_masspres_entry_uniform,EDGE_SHUFFLE_RENORM,0.8163982629776001,0.7468656705471461,0.80303555727005,-0.01229870319366455,-0.0020530113971184427,0.022918283939361572,0.07174231112003326,,7,True,True
Grocery,42,s45_masspres_entry_uniform,EDGE_SHUFFLE_RENORM,0.8140556812286377,0.7326572512813389,0.8124331831932068,-0.014641284942626953,-0.016261430662925735,0.03231590986251831,0.07408492267131805,,8,True,True
Grocery,42,s45_masspres_entry_uniform,EDGE_SHUFFLE_RENORM,0.8140556812286377,0.7413787035717558,0.8116695880889893,-0.014641284942626953,-0.007539978372508749,0.03155231475830078,0.07027818262577057,,9,True,True
Grocery,42,s45_masspres_entry_uniform,EDGE_SHUFFLE_RENORM,0.8128843307495117,0.7354605706896834,0.8123160004615784,-0.01581263542175293,-0.013458111254581184,0.03219872713088989,0.07262079417705536,,10,True,True
Grocery,42,s45_masspres_entry_propagated_uniform,CALIBRATION_OFF,0.8087847828865051,0.7120638699256188,0.8540147542953491,-0.009077608585357666,-0.011630600624522147,0.03678011894226074,0.08228404074907303,True,,,
Grocery,42,s45_masspres_entry_propagated_uniform,EDGE_SHUFFLE_RENORM,0.7885798215866089,0.685592716296609,0.9390020370483398,-0.029282569885253906,-0.038101754253531905,0.12176740169525146,0.11332356929779053,,1,True,True
Grocery,42,s45_masspres_entry_propagated_uniform,EDGE_SHUFFLE_RENORM,0.7941434979438782,0.6873252933767638,0.9270841479301453,-0.02371889352798462,-0.036369177173377065,0.10984951257705688,0.10248901695013046,,2,True,True
Grocery,42,s45_masspres_entry_propagated_uniform,EDGE_SHUFFLE_RENORM,0.7944363355636597,0.6929213547909001,0.9328781366348267,-0.023426055908203125,-0.0307731157592408,0.11564350128173828,0.10043923556804657,,3,True,True
Grocery,42,s45_masspres_entry_propagated_uniform,EDGE_SHUFFLE_RENORM,0.7938506603240967,0.6965183819650632,0.9280152320861816,-0.024011731147766113,-0.027176088585077696,0.11078059673309326,0.10512445122003555,,4,True,True
Grocery,42,s45_masspres_entry_propagated_uniform,EDGE_SHUFFLE_RENORM,0.7903367877006531,0.6869891738251664,0.9405506253242493,-0.027525603771209717,-0.03670529672497447,0.12331598997116089,0.10834553092718124,,5,True,True
Grocery,42,s45_masspres_entry_propagated_uniform,EDGE_SHUFFLE_RENORM,0.7964860796928406,0.6915202293117995,0.9230794310569763,-0.021376311779022217,-0.03217424123834145,0.10584479570388794,0.10336750000715256,,6,True,True
Grocery,42,s45_masspres_entry_propagated_uniform,EDGE_SHUFFLE_RENORM,0.7912152409553528,0.6903937985122837,0.9209361672401428,-0.02664715051651001,-0.03330067203785725,0.10370153188705444,0.10395314544439316,,7,True,True
Grocery,42,s45_masspres_entry_propagated_uniform,EDGE_SHUFFLE_RENORM,0.7926793694496155,0.6922510731545145,0.9452716708183289,-0.025183022022247314,-0.031443397395626405,0.12803703546524048,0.10541727393865585,,8,True,True
Grocery,42,s45_masspres_entry_propagated_uniform,EDGE_SHUFFLE_RENORM,0.7941434979438782,0.6930592293013536,0.9448001384735107,-0.02371889352798462,-0.03063524124878736,0.12756550312042236,0.10805270820856094,,9,True,True
Grocery,42,s45_masspres_entry_propagated_uniform,EDGE_SHUFFLE_RENORM,0.7932650446891785,0.6939413746269962,0.9253345131874084,-0.024597346782684326,-0.02975309592314468,0.10809987783432007,0.10366032272577286,,10,True,True
Grocery,42,s45_masspres_persistent_uniform,CALIBRATION_OFF,0.8158125877380371,0.7406344247299014,0.7509536743164062,-0.010248899459838867,-0.0114663215957167,-0.026302337646484375,0.07291361689567566,True,,,
Grocery,42,s45_masspres_persistent_uniform,EDGE_SHUFFLE_RENORM,0.8014641404151917,0.7138273553381727,0.8442570567131042,-0.024597346782684326,-0.03827339098744542,0.06700104475021362,0.0919472947716713,,1,True,True
Grocery,42,s45_masspres_persistent_uniform,EDGE_SHUFFLE_RENORM,0.8017569780349731,0.7242037375333821,0.8288172483444214,-0.024304509162902832,-0.027897008792236,0.05156123638153076,0.09487555176019669,,2,True,True
Grocery,42,s45_masspres_persistent_uniform,EDGE_SHUFFLE_RENORM,0.8081991672515869,0.7310862463786982,0.8272736072540283,-0.017862319946289062,-0.02101449994691984,0.050017595291137695,0.0907759889960289,,3,True,True
Grocery,42,s45_masspres_persistent_uniform,EDGE_SHUFFLE_RENORM,0.8055636882781982,0.7230465153095433,0.8336473107337952,-0.020497798919677734,-0.02905423101607474,0.05639129877090454,0.0925329402089119,,4,True,True
Grocery,42,s45_masspres_persistent_uniform,EDGE_SHUFFLE_RENORM,0.8017569780349731,0.7138802579370062,0.8317283987998962,-0.024304509162902832,-0.03822048838861192,0.054472386837005615,0.09458272159099579,,5,True,True
Grocery,42,s45_masspres_persistent_uniform,EDGE_SHUFFLE_RENORM,0.8002928495407104,0.7107264470886815,0.839360773563385,-0.025768637657165527,-0.041374299236936585,0.062104761600494385,0.0916544646024704,,6,True,True
Grocery,42,s45_masspres_persistent_uniform,EDGE_SHUFFLE_RENORM,0.80497807264328,0.7304844561243508,0.8172403573989868,-0.021083414554595947,-0.02161629020126732,0.03998434543609619,0.0922401174902916,,7,True,True
Grocery,42,s45_masspres_persistent_uniform,EDGE_SHUFFLE_RENORM,0.8070278167724609,0.7239118268234398,0.8157845139503479,-0.01903367042541504,-0.028188919502178278,0.038528501987457275,0.08872620761394501,,8,True,True
Grocery,42,s45_masspres_persistent_uniform,EDGE_SHUFFLE_RENORM,0.804392397403717,0.7272256313672302,0.8218862414360046,-0.021669089794158936,-0.0248751149583879,0.044630229473114014,0.0919472947716713,,9,True,True
Grocery,42,s45_masspres_persistent_uniform,EDGE_SHUFFLE_RENORM,0.799414336681366,0.7127005229229011,0.849774181842804,-0.02664715051651001,-0.03940022340271698,0.07251816987991333,0.09780380874872208,,10,True,True
Grocery,43,s45_unconstrained_entry_uniform,ROW_MASS_NORMALIZE_AT_INFERENCE,0.8292825818061829,0.7661028830070225,0.8045124411582947,-0.008784770965576172,-0.004530949460329947,0.09098285436630249,0.0606149323284626,True,,,
Grocery,43,s45_unconstrained_entry_uniform,TARGET_MEAN_DOSAGE_ONLY,0.8366032242774963,0.7676785091779081,0.7131032943725586,-0.0014641284942626953,-0.002955323289444256,-0.00042629241943359375,0.003513909177854657,True,,,
Grocery,43,s45_masspres_entry_terminal,CALIBRATION_OFF,0.7844802737236023,0.6860864166093268,0.9674112796783447,-0.01551973819732666,-0.02098487652727543,0.12356263399124146,0.10571010410785675,True,,,
Grocery,43,s45_masspres_entry_terminal,EDGE_SHUFFLE_RENORM,0.7768667936325073,0.6769945172617222,1.023338794708252,-0.02313321828842163,-0.030076775874880002,0.17949014902114868,0.1212298646569252,,1,True,True
Grocery,43,s45_masspres_entry_terminal,EDGE_SHUFFLE_RENORM,0.7745241522789001,0.6717682196689085,1.009535551071167,-0.02547585964202881,-0.03530307346769368,0.16568690538406372,0.1200585663318634,,2,True,True
Grocery,43,s45_masspres_entry_terminal,EDGE_SHUFFLE_RENORM,0.7774524092674255,0.6770752610055506,1.0175102949142456,-0.022547602653503418,-0.02999603213105162,0.17366164922714233,0.1191800907254219,,3,True,True
Grocery,43,s45_masspres_entry_terminal,EDGE_SHUFFLE_RENORM,0.7730600237846375,0.6681064463537829,1.0172085762023926,-0.026939988136291504,-0.03896484678281931,0.1733599305152893,0.1218155175447464,,4,True,True
Grocery,43,s45_masspres_entry_terminal,EDGE_SHUFFLE_RENORM,0.7718887329101562,0.6677903053624221,1.013944387435913,-0.028111279010772705,-0.0392809877741801,0.17009574174880981,0.1197657361626625,,5,True,True
Grocery,43,s45_masspres_entry_terminal,EDGE_SHUFFLE_RENORM,0.7727672457695007,0.6684474100973301,1.0139578580856323,-0.027232766151428223,-0.03862388303927211,0.17010921239852905,0.1200585663318634,,6,True,True
Grocery,43,s45_masspres_entry_terminal,EDGE_SHUFFLE_RENORM,0.7736456990242004,0.6737575195756256,1.0153371095657349,-0.026354312896728516,-0.033313773560976645,0.1714884638786316,0.1206442192196846,,7,True,True
Grocery,43,s45_masspres_entry_terminal,EDGE_SHUFFLE_RENORM,0.7704246044158936,0.6708889172806256,1.0258164405822754,-0.0295754075050354,-0.03618237585597661,0.18196779489517212,0.12650072574615479,,8,True,True
Grocery,43,s45_masspres_entry_terminal,EDGE_SHUFFLE_RENORM,0.7666178941726685,0.6601809253501995,1.025995135307312,-0.0333821177482605,-0.046890367786402765,0.18214648962020874,0.1232796460390091,,9,True,True
Grocery,43,s45_masspres_entry_terminal,EDGE_SHUFFLE_RENORM,0.7715958952903748,0.6717797034565451,1.0530145168304443,-0.0284041166305542,-0.03529158968005708,0.20916587114334106,0.12357247620820999,,10,True,True
Grocery,43,s45_masspres_entry_uniform,CALIBRATION_OFF,0.8225476145744324,0.7549579127657483,0.7980342507362366,-0.008784770965576172,-0.010289741713082057,0.009748995304107666,0.056222546845674515,True,,,
Grocery,43,s45_masspres_entry_uniform,EDGE_SHUFFLE_RENORM,0.8172767162322998,0.7460473597814414,0.8538174629211426,-0.01405566930770874,-0.01920029469738893,0.06553220748901367,0.06793557852506638,,1,True,True
Grocery,43,s45_masspres_entry_uniform,EDGE_SHUFFLE_RENORM,0.8169839382171631,0.7399112004644541,0.8317874670028687,-0.014348447322845459,-0.02533645401437623,0.043502211570739746,0.06969252973794937,,2,True,True
Grocery,43,s45_masspres_entry_uniform,EDGE_SHUFFLE_RENORM,0.8213763236999512,0.7557309956667695,0.82485032081604,-0.009956061840057373,-0.009516658812060874,0.03656506538391113,0.06588579714298248,,3,True,True
Grocery,43,s45_masspres_entry_uniform,EDGE_SHUFFLE_RENORM,0.8184480667114258,0.7512728353927381,0.8351736068725586,-0.012884318828582764,-0.013974819086092216,0.04688835144042969,0.06617862731218338,,4,True,True
Grocery,43,s45_masspres_entry_uniform,EDGE_SHUFFLE_RENORM,0.8187408447265625,0.7512256467539971,0.84796541929245,-0.012591540813446045,-0.014022007724833307,0.059680163860321045,0.06881405413150787,,5,True,True
Grocery,43,s45_masspres_entry_uniform,EDGE_SHUFFLE_RENORM,0.8163982629776001,0.743342887833364,0.8321607708930969,-0.014934122562408447,-0.021904766645466367,0.04387551546096802,0.07554905116558075,,6,True,True
Grocery,43,s45_masspres_entry_uniform,EDGE_SHUFFLE_RENORM,0.8187408447265625,0.743123071193059,0.8184182047843933,-0.012591540813446045,-0.022124583285771382,0.030132949352264404,0.06734992563724518,,7,True,True
Grocery,43,s45_masspres_entry_uniform,EDGE_SHUFFLE_RENORM,0.8184480667114258,0.7460509950265195,0.8232372999191284,-0.012884318828582764,-0.01919665945231086,0.03495204448699951,0.06998535990715027,,8,True,True
Grocery,43,s45_masspres_entry_uniform,EDGE_SHUFFLE_RENORM,0.8204978108406067,0.7566837580960438,0.8204419612884521,-0.010834574699401855,-0.00856389638278654,0.03215670585632324,0.06969252973794937,,9,True,True
Grocery,43,s45_masspres_entry_uniform,EDGE_SHUFFLE_RENORM,0.8175695538520813,0.7445778697519114,0.8269591927528381,-0.013762831687927246,-0.02066978472691894,0.03867393732070923,0.06793557852506638,,10,True,True
Grocery,43,s45_masspres_entry_propagated_uniform,CALIBRATION_OFF,0.8032211065292358,0.6967316398528435,0.8444404006004333,-0.010834574699401855,-0.025332654359572992,0.06571424007415771,0.08140556514263153,True,,,
Grocery,43,s45_masspres_entry_propagated_uniform,EDGE_SHUFFLE_RENORM,0.7944363355636597,0.6890671027013223,0.8995371460914612,-0.019619345664978027,-0.03299719151109415,0.12081098556518555,0.09868228435516357,,1,True,True
Grocery,43,s45_masspres_entry_propagated_uniform,EDGE_SHUFFLE_RENORM,0.7888726592063904,0.6785544017709071,0.895525336265564,-0.025183022022247314,-0.04350989244150938,0.11679917573928833,0.10219619423151016,,2,True,True
Grocery,43,s45_masspres_entry_propagated_uniform,EDGE_SHUFFLE_RENORM,0.7906295657157898,0.682630672330869,0.8897424936294556,-0.0234261155128479,-0.03943362188154742,0.11101633310317993,0.10190336406230927,,3,True,True
Grocery,43,s45_masspres_entry_propagated_uniform,EDGE_SHUFFLE_RENORM,0.7932650446891785,0.6894779193651805,0.8909382820129395,-0.02079063653945923,-0.03258637484723592,0.11221212148666382,0.09633968025445938,,4,True,True
Grocery,43,s45_masspres_entry_propagated_uniform,EDGE_SHUFFLE_RENORM,0.7874085307121277,0.6841404383986779,0.91274493932724,-0.02664715051651001,-0.03792385581373858,0.13401877880096436,0.10395314544439316,,5,True,True
Grocery,43,s45_masspres_entry_propagated_uniform,EDGE_SHUFFLE_RENORM,0.7865300178527832,0.6824560489823686,0.913232684135437,-0.027525663375854492,-0.03960824523004791,0.13450652360916138,0.10424597561359406,,6,True,True
Grocery,43,s45_masspres_entry_propagated_uniform,EDGE_SHUFFLE_RENORM,0.7891654372215271,0.6915620582754753,0.8918794393539429,-0.024890244007110596,-0.030502235936941124,0.11315327882766724,0.09721815586090088,,7,True,True
Grocery,43,s45_masspres_entry_propagated_uniform,EDGE_SHUFFLE_RENORM,0.7897511124610901,0.68234189923291,0.8844520449638367,-0.024304568767547607,-0.03972239497950647,0.10572588443756104,0.09956075996160507,,8,True,True
Grocery,43,s45_masspres_entry_propagated_uniform,EDGE_SHUFFLE_RENORM,0.7868228554725647,0.6739162782442619,0.897117018699646,-0.027232825756072998,-0.048148015968154545,0.11839085817337036,0.10658857971429825,,9,True,True
Grocery,43,s45_masspres_entry_propagated_uniform,EDGE_SHUFFLE_RENORM,0.7935578227043152,0.6897559762067879,0.9012758731842041,-0.02049785852432251,-0.03230831800562861,0.12254971265792847,0.10161054134368896,,10,True,True
Grocery,43,s45_masspres_persistent_uniform,CALIBRATION_OFF,0.8172767162322998,0.7505476578007361,0.8048703670501709,-0.007906317710876465,-0.009800435681346253,-0.04576462507247925,0.06705710291862488,True,,,
Grocery,43,s45_masspres_persistent_uniform,EDGE_SHUFFLE_RENORM,0.8070278167724609,0.7396660666895285,0.8741925358772278,-0.018155217170715332,-0.02068202679255382,0.023557543754577637,0.08726207911968231,,1,True,True
Grocery,43,s45_masspres_persistent_uniform,EDGE_SHUFFLE_RENORM,0.8064422011375427,0.7382102423478212,0.8765526413917542,-0.018740832805633545,-0.022137851134261144,0.025917649269104004,0.08755490183830261,,2,True,True
Grocery,43,s45_masspres_persistent_uniform,EDGE_SHUFFLE_RENORM,0.8073206543922424,0.73767996361942,0.8770769238471985,-0.017862379550933838,-0.022668129862662312,0.02644193172454834,0.08257686346769333,,3,True,True
Grocery,43,s45_masspres_persistent_uniform,EDGE_SHUFFLE_RENORM,0.8058565258979797,0.7313469167911065,0.886407196521759,-0.019326508045196533,-0.029001176690975794,0.03577220439910889,0.0898975133895874,,4,True,True
Grocery,43,s45_masspres_persistent_uniform,EDGE_SHUFFLE_RENORM,0.804392397403717,0.7360209404810911,0.8924740552902222,-0.02079063653945923,-0.024327153000991197,0.04183906316757202,0.0922401174902916,,5,True,True
Grocery,43,s45_masspres_persistent_uniform,EDGE_SHUFFLE_RENORM,0.8064422011375427,0.7398305262704444,0.9048852920532227,-0.018740832805633545,-0.020517567211637888,0.05425029993057251,0.08345534652471542,,6,True,True
Grocery,43,s45_masspres_persistent_uniform,EDGE_SHUFFLE_RENORM,0.8023425936698914,0.7250824099707169,0.8940810561180115,-0.022840440273284912,-0.03526568351136539,0.04344606399536133,0.08843338489532471,,7,True,True
Grocery,43,s45_masspres_persistent_uniform,EDGE_SHUFFLE_RENORM,0.80497807264328,0.7310303382042953,0.8870521783828735,-0.02020496129989624,-0.029317755277787017,0.03641718626022339,0.08784773200750351,,8,True,True
Grocery,43,s45_masspres_persistent_uniform,EDGE_SHUFFLE_RENORM,0.8087847828865051,0.7420142347035774,0.8969907164573669,-0.016398251056671143,-0.018333858778504908,0.0463557243347168,0.08169838786125183,,9,True,True
Grocery,43,s45_masspres_persistent_uniform,EDGE_SHUFFLE_RENORM,0.8081991672515869,0.7389635011755348,0.8944849371910095,-0.016983866691589355,-0.021384592306547545,0.043849945068359375,0.08814055472612381,,10,True,True
Grocery,44,s45_unconstrained_entry_uniform,ROW_MASS_NORMALIZE_AT_INFERENCE,0.826647162437439,0.7298735347226482,0.6686261296272278,-0.0073206424713134766,-0.015420731509181884,0.015843510627746582,0.03982430323958397,True,,,
Grocery,44,s45_unconstrained_entry_uniform,TARGET_MEAN_DOSAGE_ONLY,0.8333821296691895,0.7439129659436041,0.6526859998703003,-0.0005856752395629883,-0.0013813002882259173,-9.66191291809082e-05,0.0008784772944636643,True,,,
Grocery,44,s45_masspres_entry_terminal,CALIBRATION_OFF,0.7830161452293396,0.6922841205770562,0.9301915764808655,-0.017569541931152344,-0.021582692611321508,0.10600215196609497,0.09546119719743729,True,,,
Grocery,44,s45_masspres_entry_terminal,EDGE_SHUFFLE_RENORM,0.7748169898986816,0.6777416316145259,0.9710333347320557,-0.025768697261810303,-0.036125181573851806,0.14684391021728516,0.10775988548994064,,1,True,True
Grocery,44,s45_masspres_entry_terminal,EDGE_SHUFFLE_RENORM,0.7789165377616882,0.6830493199997048,0.9578593969345093,-0.02166914939880371,-0.030817493188672995,0.13366997241973877,0.10629575699567795,,2,True,True
Grocery,44,s45_masspres_entry_terminal,EDGE_SHUFFLE_RENORM,0.7730600237846375,0.6732178010203201,0.958911657333374,-0.027525663375854492,-0.04064901216805761,0.13472223281860352,0.11098096519708633,,3,True,True
Grocery,44,s45_masspres_entry_terminal,EDGE_SHUFFLE_RENORM,0.7771596312522888,0.6798487458803001,0.9709649085998535,-0.023426055908203125,-0.03401806730807766,0.146775484085083,0.10629575699567795,,4,True,True
Grocery,44,s45_masspres_entry_terminal,EDGE_SHUFFLE_RENORM,0.7715958952903748,0.678861780460531,0.9691935777664185,-0.028989791870117188,-0.03500503272784672,0.14500415325164795,0.11449487507343292,,5,True,True
Grocery,44,s45_masspres_entry_terminal,EDGE_SHUFFLE_RENORM,0.771303117275238,0.6761660725995821,0.9718538522720337,-0.029282569885253906,-0.03770074058879569,0.14766442775726318,0.11332356929779053,,6,True,True
Grocery,44,s45_masspres_entry_terminal,EDGE_SHUFFLE_RENORM,0.7704246044158936,0.6714828643902888,0.9776856303215027,-0.03016108274459839,-0.04238394879808893,0.15349620580673218,0.11625183373689651,,7,True,True
Grocery,44,s45_masspres_entry_terminal,EDGE_SHUFFLE_RENORM,0.7765739560127258,0.677249710337375,0.9536974430084229,-0.024011731147766113,-0.036617102851002725,0.12950801849365234,0.10893118381500244,,8,True,True
Grocery,44,s45_masspres_entry_terminal,EDGE_SHUFFLE_RENORM,0.7701317667961121,0.6712667790539848,0.9748042821884155,-0.030453920364379883,-0.04260003413439295,0.15061485767364502,0.11478769779205322,,9,True,True
Grocery,44,s45_masspres_entry_terminal,EDGE_SHUFFLE_RENORM,0.7704246044158936,0.6752007779196342,0.9725421071052551,-0.03016108274459839,-0.03866603526874357,0.14835268259048462,0.10658857971429825,,10,True,True
Grocery,44,s45_masspres_entry_uniform,CALIBRATION_OFF,0.8248901963233948,0.7304548214219929,0.715915322303772,-0.005563676357269287,-0.017580199479033554,0.02301013469696045,0.05124450847506523,True,,,
Grocery,44,s45_masspres_entry_uniform,EDGE_SHUFFLE_RENORM,0.8207906484603882,0.7272322155337118,0.7307584285736084,-0.009663224220275879,-0.020802805367314714,0.037853240966796875,0.059443630278110504,,1,True,True
Grocery,44,s45_masspres_entry_uniform,EDGE_SHUFFLE_RENORM,0.819619357585907,0.7242029929953062,0.7366070747375488,-0.01083451509475708,-0.023832027905720254,0.043701887130737305,0.059443630278110504,,2,True,True
Grocery,44,s45_masspres_entry_uniform,EDGE_SHUFFLE_RENORM,0.8172767162322998,0.7228253228379177,0.7340731620788574,-0.013177156448364258,-0.0252096980631088,0.0411679744720459,0.059150803834199905,,3,True,True
Grocery,44,s45_masspres_entry_uniform,EDGE_SHUFFLE_RENORM,0.8169839382171631,0.7203237878194988,0.731448769569397,-0.013469934463500977,-0.027711233081527675,0.03854358196258545,0.06617862731218338,,4,True,True
Grocery,44,s45_masspres_entry_uniform,EDGE_SHUFFLE_RENORM,0.8158125877380371,0.7263050688270951,0.7400021553039551,-0.014641284942626953,-0.021729952073931358,0.047096967697143555,0.06617862731218338,,5,True,True
Grocery,44,s45_masspres_entry_uniform,EDGE_SHUFFLE_RENORM,0.8199121952056885,0.7303995807275643,0.7262301445007324,-0.010541677474975586,-0.01763544017346219,0.0333249568939209,0.06559297442436218,,6,True,True
Grocery,44,s45_masspres_entry_uniform,EDGE_SHUFFLE_RENORM,0.8187408447265625,0.7247771945629033,0.7374719977378845,-0.011713027954101562,-0.023257826338123122,0.044566810131073,0.0606149323284626,,7,True,True
Grocery,44,s45_masspres_entry_uniform,EDGE_SHUFFLE_RENORM,0.8175695538520813,0.728314108437079,0.7302758693695068,-0.012884318828582764,-0.01972091246394747,0.03737068176269531,0.0614934116601944,,8,True,True
Grocery,44,s45_masspres_entry_uniform,EDGE_SHUFFLE_RENORM,0.8178623914718628,0.7216357709669124,0.7398440837860107,-0.01259148120880127,-0.026399249934114022,0.04693889617919922,0.0606149323284626,,9,True,True
Grocery,44,s45_masspres_entry_uniform,EDGE_SHUFFLE_RENORM,0.819033682346344,0.724019238408206,0.7366702556610107,-0.011420190334320068,-0.024015782492820437,0.04376506805419922,0.06442166864871979,,10,True,True
Grocery,44,s45_masspres_entry_propagated_uniform,CALIBRATION_OFF,0.8070278167724609,0.7095958371150533,0.8447446227073669,-0.012591540813446045,-0.02587925854631523,0.06206226348876953,0.07964860647916794,True,,,
Grocery,44,s45_masspres_entry_propagated_uniform,EDGE_SHUFFLE_RENORM,0.784773051738739,0.6840688575532942,0.9281472563743591,-0.03484630584716797,-0.05140623810807432,0.14546489715576172,0.10336750000715256,,1,True,True
Grocery,44,s45_masspres_entry_propagated_uniform,EDGE_SHUFFLE_RENORM,0.7935578227043152,0.6965565886501989,0.9105038642883301,-0.026061534881591797,-0.03891850701116961,0.12782150506973267,0.09897510707378387,,2,True,True
Grocery,44,s45_masspres_entry_propagated_uniform,EDGE_SHUFFLE_RENORM,0.7932650446891785,0.6946629244575961,0.8985100388526917,-0.026354312896728516,-0.04081217120377234,0.11582767963409424,0.09341142326593399,,3,True,True
Grocery,44,s45_masspres_entry_propagated_uniform,EDGE_SHUFFLE_RENORM,0.7938506603240967,0.6963799783300912,0.908040463924408,-0.025768697261810303,-0.03909511733127724,0.12535810470581055,0.09897510707378387,,4,True,True
Grocery,44,s45_masspres_entry_propagated_uniform,EDGE_SHUFFLE_RENORM,0.7950219511985779,0.6925732388476101,0.8937041163444519,-0.0245974063873291,-0.042901856813758354,0.11102175712585449,0.09985359013080597,,5,True,True
Grocery,44,s45_masspres_entry_propagated_uniform,EDGE_SHUFFLE_RENORM,0.792386531829834,0.6928338634436485,0.8896501660346985,-0.027232825756072998,-0.04264123221771998,0.10696780681610107,0.09516837447881699,,6,True,True
Grocery,44,s45_masspres_entry_propagated_uniform,EDGE_SHUFFLE_RENORM,0.7888726592063904,0.6894230471728247,0.9172407388687134,-0.0307466983795166,-0.04605204848854383,0.13455837965011597,0.10307466983795166,,7,True,True
Grocery,44,s45_masspres_entry_propagated_uniform,EDGE_SHUFFLE_RENORM,0.7947291731834412,0.6967831628917697,0.8880993127822876,-0.02489018440246582,-0.038691932769598814,0.10541695356369019,0.10131771862506866,,8,True,True
Grocery,44,s45_masspres_entry_propagated_uniform,EDGE_SHUFFLE_RENORM,0.8005856871604919,0.704825501411979,0.891857385635376,-0.01903367042541504,-0.03064959424938951,0.10917502641677856,0.10043923556804657,,9,True,True
Grocery,44,s45_masspres_entry_propagated_uniform,EDGE_SHUFFLE_RENORM,0.7888726592063904,0.6899889048214195,0.9227755069732666,-0.0307466983795166,-0.04548619083994898,0.1400931477546692,0.09604685008525848,,10,True,True
Grocery,44,s45_masspres_persistent_uniform,CALIBRATION_OFF,0.826647162437439,0.7547748505462853,0.7476884722709656,-0.0026354193687438965,-0.007481263158452767,-0.009593486785888672,0.06705710291862488,True,,,
Grocery,44,s45_masspres_persistent_uniform,EDGE_SHUFFLE_RENORM,0.8105417490005493,0.732695845975527,0.805951714515686,-0.018740832805633545,-0.029560267729211165,0.04866975545883179,0.08579795062541962,,1,True,True
Grocery,44,s45_masspres_persistent_uniform,EDGE_SHUFFLE_RENORM,0.8172767162322998,0.7359061484403984,0.793124258518219,-0.012005865573883057,-0.026349965264339748,0.035842299461364746,0.08169838786125183,,2,True,True
Grocery,44,s45_masspres_persistent_uniform,EDGE_SHUFFLE_RENORM,0.8175695538520813,0.741043033440535,0.8056815266609192,-0.011713027954101562,-0.0212130802642031,0.04839956760406494,0.08638360351324081,,3,True,True
Grocery,44,s45_masspres_persistent_uniform,EDGE_SHUFFLE_RENORM,0.8122987151145935,0.7349980083739223,0.8193695545196533,-0.016983866691589355,-0.02725810533081585,0.06208759546279907,0.08404099196195602,,4,True,True
Grocery,44,s45_masspres_persistent_uniform,EDGE_SHUFFLE_RENORM,0.8131771683692932,0.7299915901226213,0.821020245552063,-0.01610541343688965,-0.032264523582116844,0.06373828649520874,0.08286969363689423,,5,True,True
Grocery,44,s45_masspres_persistent_uniform,EDGE_SHUFFLE_RENORM,0.8137628436088562,0.7305616425314527,0.8132041692733765,-0.01551973819732666,-0.03169447117328539,0.05592221021652222,0.08169838786125183,,6,True,True
Grocery,44,s45_masspres_persistent_uniform,EDGE_SHUFFLE_RENORM,0.8102489113807678,0.7383234314759431,0.8341984748840332,-0.01903367042541504,-0.023932682228794966,0.07691651582717896,0.0893118605017662,,7,True,True
Grocery,44,s45_masspres_persistent_uniform,EDGE_SHUFFLE_RENORM,0.8134700059890747,0.7368070219857733,0.8314183354377747,-0.015812575817108154,-0.02544909171896481,0.07413637638092041,0.08462664484977722,,8,True,True
Grocery,44,s45_masspres_persistent_uniform,EDGE_SHUFFLE_RENORM,0.8134700059890747,0.7327830189854959,0.8125815987586975,-0.015812575817108154,-0.0294730947192422,0.05529963970184326,0.08696925640106201,,9,True,True
Grocery,44,s45_masspres_persistent_uniform,EDGE_SHUFFLE_RENORM,0.8108345866203308,0.7365802483965889,0.8162746429443359,-0.01844799518585205,-0.02567586530814925,0.05899268388748169,0.08491947501897812,,10,True,True
ele-fashion,42,s45_unconstrained_entry_uniform,ROW_MASS_NORMALIZE_AT_INFERENCE,0.870410144329071,0.747256017858318,0.5038610696792603,-0.007773339748382568,-0.012556881494473537,0.09274134039878845,0.028229517862200737,True,,,
ele-fashion,42,s45_unconstrained_entry_uniform,TARGET_MEAN_DOSAGE_ONLY,0.8775697946548462,0.7592179751809117,0.4132881164550781,-0.0006136894226074219,-0.0005949241718797849,0.0021683871746063232,0.002761583309620619,True,,,
ele-fashion,42,s45_masspres_entry_terminal,CALIBRATION_OFF,0.8208039402961731,0.6596888797610032,0.6628203392028809,-0.020763039588928223,-0.037141645817615476,0.1350904107093811,0.0622890442609787,True,,,
ele-fashion,42,s45_masspres_entry_terminal,EDGE_SHUFFLE_RENORM,0.8171218037605286,0.6497345680400378,0.6833540797233582,-0.024445176124572754,-0.04709595753858087,0.1556241512298584,0.06586887687444687,,1,True,True
ele-fashion,42,s45_masspres_entry_terminal,EDGE_SHUFFLE_RENORM,0.8189628720283508,0.6538308271571379,0.6865081787109375,-0.02260410785675049,-0.04299969842148077,0.15877825021743774,0.0657665953040123,,2,True,True
ele-fashion,42,s45_masspres_entry_terminal,EDGE_SHUFFLE_RENORM,0.8169172406196594,0.6494177689446131,0.6937495470046997,-0.024649739265441895,-0.04741275663400557,0.16601961851119995,0.06525518745183945,,3,True,True
ele-fashion,42,s45_masspres_entry_terminal,EDGE_SHUFFLE_RENORM,0.8174286484718323,0.6534940393662527,0.6847209930419922,-0.024138331413269043,-0.043336486212365966,0.15699106454849243,0.0657665953040123,,4,True,True
ele-fashion,42,s45_masspres_entry_terminal,EDGE_SHUFFLE_RENORM,0.8172240853309631,0.6498168138375575,0.6861814856529236,-0.024342894554138184,-0.04701371174106117,0.15845155715942383,0.06494835019111633,,5,True,True
ele-fashion,42,s45_masspres_entry_terminal,EDGE_SHUFFLE_RENORM,0.8176332116127014,0.6593783180257042,0.6905208826065063,-0.023933768272399902,-0.03745220755291445,0.1627909541130066,0.06433466076850891,,6,True,True
ele-fashion,42,s45_masspres_entry_terminal,EDGE_SHUFFLE_RENORM,0.820599377155304,0.6578066175304925,0.6758120656013489,-0.020967602729797363,-0.039023908048126166,0.14808213710784912,0.06136851757764816,,7,True,True
ele-fashion,42,s45_masspres_entry_terminal,EDGE_SHUFFLE_RENORM,0.8174286484718323,0.6462488924511349,0.6822403073310852,-0.024138331413269043,-0.05058163312748376,0.15451037883758545,0.06719852983951569,,8,True,True
ele-fashion,42,s45_masspres_entry_terminal,EDGE_SHUFFLE_RENORM,0.8159967660903931,0.653163418741819,0.691413164138794,-0.025570213794708252,-0.04366710683679964,0.1636832356452942,0.06760764867067337,,9,True,True
ele-fashion,42,s45_masspres_entry_terminal,EDGE_SHUFFLE_RENORM,0.818451464176178,0.6534544325729175,0.6788539290428162,-0.02311551570892334,-0.04337609300570122,0.1511240005493164,0.06525518745183945,,10,True,True
ele-fashion,42,s45_masspres_entry_uniform,CALIBRATION_OFF,0.8709215521812439,0.7386691491331313,0.4515659511089325,-0.004909515380859375,-0.007710754673040943,0.031105488538742065,0.021478980779647827,True,,,
ele-fashion,42,s45_masspres_entry_uniform,EDGE_SHUFFLE_RENORM,0.8682622313499451,0.7369301601341871,0.45339739322662354,-0.007568836212158203,-0.009449743671985145,0.032936930656433105,0.02372916042804718,,1,True,True
ele-fashion,42,s45_masspres_entry_uniform,EDGE_SHUFFLE_RENORM,0.8697964549064636,0.7407505463952482,0.45632192492485046,-0.0060346126556396484,-0.005629357410924074,0.035861462354660034,0.02362687885761261,,2,True,True
ele-fashion,42,s45_masspres_entry_uniform,EDGE_SHUFFLE_RENORM,0.8700010180473328,0.7370548384749511,0.4579085409641266,-0.005830049514770508,-0.009325065331221127,0.03744807839393616,0.023217756301164627,,3,True,True
ele-fashion,42,s45_masspres_entry_uniform,EDGE_SHUFFLE_RENORM,0.8691827654838562,0.7386196767746426,0.4542573392391205,-0.00664830207824707,-0.007760227031529676,0.033796876668930054,0.022910913452506065,,4,True,True
ele-fashion,42,s45_masspres_entry_uniform,EDGE_SHUFFLE_RENORM,0.8695918917655945,0.7405353614252324,0.45625805854797363,-0.006239175796508789,-0.005844542380939899,0.0357975959777832,0.023115474730730057,,5,True,True
ele-fashion,42,s45_masspres_entry_uniform,EDGE_SHUFFLE_RENORM,0.869694173336029,0.7387906898991023,0.4554453492164612,-0.006136894226074219,-0.007589213907069903,0.03498488664627075,0.02352459914982319,,6,True,True
ele-fashion,42,s45_masspres_entry_uniform,EDGE_SHUFFLE_RENORM,0.8681599497795105,0.7333729071321412,0.4601317346096039,-0.0076711177825927734,-0.013006996674031046,0.03967127203941345,0.022910913452506065,,7,True,True
ele-fashion,42,s45_masspres_entry_uniform,EDGE_SHUFFLE_RENORM,0.8692850470542908,0.7378217000991284,0.45981565117836,-0.0065460205078125,-0.008558203707043854,0.039355188608169556,0.022399509325623512,,8,True,True
ele-fashion,42,s45_masspres_entry_uniform,EDGE_SHUFFLE_RENORM,0.8678531646728516,0.733971468979708,0.45949262380599976,-0.007977902889251709,-0.012408434826464254,0.039032161235809326,0.023013195022940636,,9,True,True
ele-fashion,42,s45_masspres_entry_uniform,EDGE_SHUFFLE_RENORM,0.8685690760612488,0.7359579006390145,0.46033838391304016,-0.007261991500854492,-0.0104220031671578,0.03987792134284973,0.02383144199848175,,10,True,True
ele-fashion,42,s45_masspres_entry_propagated_uniform,CALIBRATION_OFF,0.8454536199569702,0.7185533814875692,0.5513941645622253,-0.017796874046325684,-0.01772923335892307,0.08519947528839111,0.05042446404695511,True,,,
ele-fashion,42,s45_masspres_entry_propagated_uniform,EDGE_SHUFFLE_RENORM,0.842896580696106,0.7110782302806584,0.5630521774291992,-0.02035391330718994,-0.02520438456583385,0.09685748815536499,0.05267464369535446,,1,True,True
ele-fashion,42,s45_masspres_entry_propagated_uniform,EDGE_SHUFFLE_RENORM,0.840441882610321,0.7056586044449562,0.5609031319618225,-0.022808611392974854,-0.03062401040153606,0.09470844268798828,0.056459035724401474,,2,True,True
ele-fashion,42,s45_masspres_entry_propagated_uniform,EDGE_SHUFFLE_RENORM,0.8410555720329285,0.7120311942644464,0.5677165985107422,-0.02219492197036743,-0.02425142058204588,0.10152190923690796,0.05451570078730583,,3,True,True
ele-fashion,42,s45_masspres_entry_propagated_uniform,EDGE_SHUFFLE_RENORM,0.8399304747581482,0.7109957896249259,0.5714904069900513,-0.023320019245147705,-0.025286825221566334,0.10529571771621704,0.055129386484622955,,4,True,True
ele-fashion,42,s45_masspres_entry_propagated_uniform,EDGE_SHUFFLE_RENORM,0.8423851728439331,0.7149297641139819,0.563794732093811,-0.020865321159362793,-0.021352850732510364,0.0976000428199768,0.05410657823085785,,5,True,True
ele-fashion,42,s45_masspres_entry_propagated_uniform,EDGE_SHUFFLE_RENORM,0.841157853603363,0.7111479110202766,0.5633001923561096,-0.02209264039993286,-0.025134703826215632,0.09710550308227539,0.05410657823085785,,6,True,True
ele-fashion,42,s45_masspres_entry_propagated_uniform,EDGE_SHUFFLE_RENORM,0.8427942991256714,0.7153329687885897,0.5620402693748474,-0.02045619487762451,-0.020949646057902616,0.09584558010101318,0.054720260202884674,,7,True,True
ele-fashion,42,s45_masspres_entry_propagated_uniform,EDGE_SHUFFLE_RENORM,0.840441882610321,0.7096557782590519,0.5676908493041992,-0.022808611392974854,-0.02662683658744036,0.10149616003036499,0.0546179823577404,,8,True,True
ele-fashion,42,s45_masspres_entry_propagated_uniform,EDGE_SHUFFLE_RENORM,0.8431011438369751,0.7119001220117881,0.5651378035545349,-0.0201493501663208,-0.024382492834704173,0.09894311428070068,0.05574307218194008,,9,True,True
ele-fashion,42,s45_masspres_entry_propagated_uniform,EDGE_SHUFFLE_RENORM,0.8408510088920593,0.71371307894843,0.5662119388580322,-0.022399485111236572,-0.02256953589806232,0.100017249584198,0.05553850904107094,,10,True,True
ele-fashion,42,s45_masspres_persistent_uniform,CALIBRATION_OFF,0.8701032996177673,0.7394594996896181,0.4334470331668854,-0.0037844181060791016,-0.01078532403643706,0.01820644736289978,0.020763015374541283,True,,,
ele-fashion,42,s45_masspres_persistent_uniform,EDGE_SHUFFLE_RENORM,0.8652961254119873,0.7329761893242154,0.4492984712123871,-0.00859159231185913,-0.01726863440183979,0.03405788540840149,0.026183901354670525,,1,True,True
ele-fashion,42,s45_masspres_persistent_uniform,EDGE_SHUFFLE_RENORM,0.8661143779754639,0.7351779454427935,0.45716723799705505,-0.007773339748382568,-0.015066878283261698,0.04192665219306946,0.02516109310090542,,2,True,True
ele-fashion,42,s45_masspres_persistent_uniform,EDGE_SHUFFLE_RENORM,0.8661143779754639,0.7336602686167272,0.44921380281448364,-0.007773339748382568,-0.016584555109327992,0.03397321701049805,0.02536565437912941,,3,True,True
ele-fashion,42,s45_masspres_persistent_uniform,EDGE_SHUFFLE_RENORM,0.8661143779754639,0.7357243278929851,0.44895175099372864,-0.007773339748382568,-0.014520495833070024,0.03371116518974304,0.025774776935577393,,4,True,True
ele-fashion,42,s45_masspres_persistent_uniform,EDGE_SHUFFLE_RENORM,0.8662166595458984,0.7321455689280058,0.4563421905040741,-0.007671058177947998,-0.018099254798049413,0.0411016047000885,0.026593023911118507,,5,True,True
ele-fashion,42,s45_masspres_persistent_uniform,EDGE_SHUFFLE_RENORM,0.8649892807006836,0.7322691185270525,0.4534755349159241,-0.008898437023162842,-0.01797570519900271,0.03823494911193848,0.025877058506011963,,6,True,True
ele-fashion,42,s45_masspres_persistent_uniform,EDGE_SHUFFLE_RENORM,0.8659098148345947,0.733163630249607,0.4450719356536865,-0.007977902889251709,-0.01708119347644821,0.029831349849700928,0.02546793408691883,,7,True,True
ele-fashion,42,s45_masspres_persistent_uniform,EDGE_SHUFFLE_RENORM,0.8659098148345947,0.7342153298930488,0.4511938989162445,-0.007977902889251709,-0.016029493833006336,0.03595331311225891,0.02526337280869484,,8,True,True
ele-fashion,42,s45_masspres_persistent_uniform,EDGE_SHUFFLE_RENORM,0.8657052516937256,0.7318889201896986,0.4520246386528015,-0.00818246603012085,-0.01835590353635652,0.03678405284881592,0.026183901354670525,,9,True,True
ele-fashion,42,s45_masspres_persistent_uniform,EDGE_SHUFFLE_RENORM,0.8665235042572021,0.7357796990635641,0.45018982887268066,-0.007364213466644287,-0.014465124662491058,0.03494924306869507,0.02526337280869484,,10,True,True
ele-fashion,43,s45_unconstrained_entry_uniform,ROW_MASS_NORMALIZE_AT_INFERENCE,0.869694173336029,0.7505277257728978,0.51277756690979,-0.009103000164031982,-0.014837110071989068,0.10449472069740295,0.03334356099367142,True,,,
ele-fashion,43,s45_unconstrained_entry_uniform,TARGET_MEAN_DOSAGE_ONLY,0.8784903287887573,0.7660856298643144,0.41050273180007935,-0.00030684471130371094,0.0007207940194274842,0.0022198855876922607,0.004602639004588127,True,,,
ele-fashion,43,s45_masspres_entry_terminal,CALIBRATION_OFF,0.8195765614509583,0.65355091150931,0.6703956127166748,-0.020967602729797363,-0.04356114369671782,0.13903403282165527,0.05901605635881424,True,,,
ele-fashion,43,s45_masspres_entry_terminal,EDGE_SHUFFLE_RENORM,0.8157922029495239,0.6436006075065965,0.6849707365036011,-0.02475196123123169,-0.05351144769943128,0.15360915660858154,0.0640278235077858,,1,True,True
ele-fashion,43,s45_masspres_entry_terminal,EDGE_SHUFFLE_RENORM,0.8145648241043091,0.6453103296285763,0.6874327659606934,-0.025979340076446533,-0.05180172557745155,0.15607118606567383,0.06372097879648209,,2,True,True
ele-fashion,43,s45_masspres_entry_terminal,EDGE_SHUFFLE_RENORM,0.8165081143379211,0.643536520342629,0.6859942674636841,-0.024036049842834473,-0.05357553486339883,0.15463268756866455,0.06515291333198547,,3,True,True
ele-fashion,43,s45_masspres_entry_terminal,EDGE_SHUFFLE_RENORM,0.8149739503860474,0.6501123381103627,0.6929309964179993,-0.025570213794708252,-0.04699971709566508,0.16156941652297974,0.06259588897228241,,4,True,True
ele-fashion,43,s45_masspres_entry_terminal,EDGE_SHUFFLE_RENORM,0.8167126774787903,0.6530869922801821,0.6871452927589417,-0.023831486701965332,-0.04402506292584574,0.15578371286392212,0.06382326036691666,,5,True,True
ele-fashion,43,s45_masspres_entry_terminal,EDGE_SHUFFLE_RENORM,0.8178377747535706,0.6473896919424162,0.6910390853881836,-0.02270638942718506,-0.04972236326361157,0.15967750549316406,0.06136851757764816,,6,True,True
ele-fashion,43,s45_masspres_entry_terminal,EDGE_SHUFFLE_RENORM,0.8173263669013977,0.6506927989090872,0.6895833015441895,-0.02321779727935791,-0.04641925629694066,0.15822172164916992,0.06320957094430923,,7,True,True
ele-fashion,43,s45_masspres_entry_terminal,EDGE_SHUFFLE_RENORM,0.8158944845199585,0.6491604028901122,0.6858264207839966,-0.02464967966079712,-0.04795165231591558,0.15446484088897705,0.06341413408517838,,8,True,True
ele-fashion,43,s45_masspres_entry_terminal,EDGE_SHUFFLE_RENORM,0.8187583088874817,0.651357273217331,0.687188982963562,-0.021785855293273926,-0.04575478198869687,0.15582740306854248,0.061675362288951874,,9,True,True
ele-fashion,43,s45_masspres_entry_terminal,EDGE_SHUFFLE_RENORM,0.8165081143379211,0.6488684142644561,0.6872121691703796,-0.024036049842834473,-0.04824364094157174,0.1558505892753601,0.06239132583141327,,10,True,True
ele-fashion,43,s45_masspres_entry_uniform,CALIBRATION_OFF,0.8727626204490662,0.7408549602231088,0.44620275497436523,-0.0024547576904296875,-0.005062018033774818,0.03185358643531799,0.02014932967722416,True,,,
ele-fashion,43,s45_masspres_entry_uniform,EDGE_SHUFFLE_RENORM,0.8716375231742859,0.743677349529705,0.4498765468597412,-0.003579854965209961,-0.002239628727178644,0.03552737832069397,0.02178582362830639,,1,True,True
ele-fashion,43,s45_masspres_entry_uniform,EDGE_SHUFFLE_RENORM,0.8710238337516785,0.734835005820813,0.4537341296672821,-0.004193544387817383,-0.011081972436070675,0.03938496112823486,0.023115474730730057,,2,True,True
ele-fashion,43,s45_masspres_entry_uniform,EDGE_SHUFFLE_RENORM,0.8715352416038513,0.7386134151394038,0.4523509442806244,-0.0036821365356445312,-0.007303563117479817,0.03800177574157715,0.021581262350082397,,3,True,True
ele-fashion,43,s45_masspres_entry_uniform,EDGE_SHUFFLE_RENORM,0.8708192706108093,0.7407403485088072,0.44952523708343506,-0.0043981075286865234,-0.005176629748076422,0.03517606854438782,0.022399509325623512,,4,True,True
ele-fashion,43,s45_masspres_entry_uniform,EDGE_SHUFFLE_RENORM,0.871842086315155,0.7402533849611082,0.45352014899253845,-0.0033752918243408203,-0.005663593295775482,0.03917098045349121,0.02209266647696495,,5,True,True
ele-fashion,43,s45_masspres_entry_uniform,EDGE_SHUFFLE_RENORM,0.869694173336029,0.7360105532154718,0.4509294033050537,-0.005523204803466797,-0.009906425041411815,0.03658023476600647,0.022910913452506065,,6,True,True
ele-fashion,43,s45_masspres_entry_uniform,EDGE_SHUFFLE_RENORM,0.8707169890403748,0.7326577567247031,0.44875967502593994,-0.004500389099121094,-0.01325922153218051,0.0344105064868927,0.02178582362830639,,7,True,True
ele-fashion,43,s45_masspres_entry_uniform,EDGE_SHUFFLE_RENORM,0.8717398047447205,0.7384192332469215,0.4505232274532318,-0.0034775733947753906,-0.007497745009962142,0.03617405891418457,0.020967576652765274,,8,True,True
ele-fashion,43,s45_masspres_entry_uniform,EDGE_SHUFFLE_RENORM,0.8710238337516785,0.7403734462010397,0.4471978545188904,-0.004193544387817383,-0.005543532055843903,0.03284868597984314,0.021478980779647827,,9,True,True
ele-fashion,43,s45_masspres_entry_uniform,EDGE_SHUFFLE_RENORM,0.8719443678855896,0.7397072241916434,0.45160621404647827,-0.00327301025390625,-0.006209754065240269,0.03725704550743103,0.021274419501423836,,10,True,True
ele-fashion,43,s45_masspres_entry_propagated_uniform,CALIBRATION_OFF,0.8456581830978394,0.6976598502997235,0.5424133539199829,-0.01943337917327881,-0.028955699793224543,0.08540603518486023,0.04756060242652893,True,,,
ele-fashion,43,s45_masspres_entry_propagated_uniform,EDGE_SHUFFLE_RENORM,0.843612551689148,0.6885484140990584,0.5571802258491516,-0.021479010581970215,-0.03806713599388967,0.10017290711402893,0.04929937794804573,,1,True,True
ele-fashion,43,s45_masspres_entry_propagated_uniform,EDGE_SHUFFLE_RENORM,0.8433057069778442,0.6877360161171784,0.5511661171913147,-0.021785855293273926,-0.03887953397576971,0.09415879845619202,0.050219904631376266,,2,True,True
ele-fashion,43,s45_masspres_entry_propagated_uniform,EDGE_SHUFFLE_RENORM,0.8451467752456665,0.6946513238579884,0.5514988303184509,-0.01994478702545166,-0.03196422623495965,0.09449151158332825,0.04970850050449371,,3,True,True
ele-fashion,43,s45_masspres_entry_propagated_uniform,EDGE_SHUFFLE_RENORM,0.8447376489639282,0.6888574401588321,0.5526553392410278,-0.02035391330718994,-0.03775810993411599,0.09564802050590515,0.048174288123846054,,4,True,True
ele-fashion,43,s45_masspres_entry_propagated_uniform,EDGE_SHUFFLE_RENORM,0.8439193964004517,0.692833956371782,0.5493887662887573,-0.021172165870666504,-0.03378159372116607,0.09238144755363464,0.050015341490507126,,5,True,True
ele-fashion,43,s45_masspres_entry_propagated_uniform,EDGE_SHUFFLE_RENORM,0.8432034254074097,0.6947535155010321,0.5549523234367371,-0.021888136863708496,-0.031862034591915944,0.09794500470161438,0.04878797009587288,,6,True,True
ele-fashion,43,s45_masspres_entry_propagated_uniform,EDGE_SHUFFLE_RENORM,0.8432034254074097,0.695070794463621,0.557079553604126,-0.021888136863708496,-0.031544755629327126,0.1000722348690033,0.050117623060941696,,7,True,True
ele-fashion,43,s45_masspres_entry_propagated_uniform,EDGE_SHUFFLE_RENORM,0.8456581830978394,0.6979498275792115,0.5656276941299438,-0.01943337917327881,-0.028665722513736558,0.10862037539482117,0.04878797009587288,,8,True,True
ele-fashion,43,s45_masspres_entry_propagated_uniform,EDGE_SHUFFLE_RENORM,0.8434079885482788,0.6942831640322016,0.5573226809501648,-0.021683573722839355,-0.03233238606074651,0.10031536221504211,0.04889025166630745,,9,True,True
ele-fashion,43,s45_masspres_entry_propagated_uniform,EDGE_SHUFFLE_RENORM,0.8453513383865356,0.6970709434642495,0.5490744709968567,-0.01974022388458252,-0.029544606628698622,0.09206715226173401,0.04776516184210777,,10,True,True
ele-fashion,43,s45_masspres_persistent_uniform,CALIBRATION_OFF,0.8729671835899353,0.7519220528564117,0.44442233443260193,-0.0037844181060791016,-0.00703432774189805,0.02577623724937439,0.024445125833153725,True,,,
ele-fashion,43,s45_masspres_persistent_uniform,EDGE_SHUFFLE_RENORM,0.8683645129203796,0.7471453247153832,0.4716084599494934,-0.008387088775634766,-0.011811055882926524,0.05296236276626587,0.028229517862200737,,1,True,True
ele-fashion,43,s45_masspres_persistent_uniform,EDGE_SHUFFLE_RENORM,0.8681599497795105,0.7446926849837489,0.4645511507987976,-0.008591651916503906,-0.014263695614560867,0.04590505361557007,0.029661450535058975,,2,True,True
ele-fashion,43,s45_masspres_persistent_uniform,EDGE_SHUFFLE_RENORM,0.8688759207725525,0.7487709156766678,0.4661325514316559,-0.007875680923461914,-0.010185464921641962,0.047486454248428345,0.02863864228129387,,3,True,True
ele-fashion,43,s45_masspres_persistent_uniform,EDGE_SHUFFLE_RENORM,0.8687736392021179,0.7467982390404031,0.46678033471107483,-0.007977962493896484,-0.012158141557906621,0.04813423752784729,0.028229517862200737,,4,True,True
ele-fashion,43,s45_masspres_persistent_uniform,EDGE_SHUFFLE_RENORM,0.8695918917655945,0.7453808262022633,0.46645671129226685,-0.007159709930419922,-0.013575554396046408,0.04781061410903931,0.0285363607108593,,5,True,True
ele-fashion,43,s45_masspres_persistent_uniform,EDGE_SHUFFLE_RENORM,0.8669326305389404,0.7461702961448488,0.4710492193698883,-0.009818971157073975,-0.012786084453460966,0.05240312218666077,0.02843407914042473,,6,True,True
ele-fashion,43,s45_masspres_persistent_uniform,EDGE_SHUFFLE_RENORM,0.8687736392021179,0.7513183792854143,0.4673318564891815,-0.007977962493896484,-0.007638001312895382,0.04868575930595398,0.02884320355951786,,7,True,True
ele-fashion,43,s45_masspres_persistent_uniform,EDGE_SHUFFLE_RENORM,0.8673417568206787,0.7444634658654192,0.47168537974357605,-0.009409844875335693,-0.014492914732890494,0.05303928256034851,0.027718113735318184,,8,True,True
ele-fashion,43,s45_masspres_persistent_uniform,EDGE_SHUFFLE_RENORM,0.866318941116333,0.7439772934336716,0.4656592011451721,-0.010432660579681396,-0.014979087164638138,0.04701310396194458,0.029661450535058975,,9,True,True
ele-fashion,43,s45_masspres_persistent_uniform,EDGE_SHUFFLE_RENORM,0.8678531646728516,0.743888594460843,0.4689515233039856,-0.008898437023162842,-0.015067786137466732,0.05030542612075806,0.02874092198908329,,10,True,True
ele-fashion,44,s45_unconstrained_entry_uniform,ROW_MASS_NORMALIZE_AT_INFERENCE,0.8741945624351501,0.7543576234883951,0.5724591016769409,-0.006648242473602295,-0.010626236705873482,0.1218394935131073,0.02700214833021164,True,,,
ele-fashion,44,s45_unconstrained_entry_uniform,TARGET_MEAN_DOSAGE_ONLY,0.8800245523452759,0.7636089320785426,0.45222243666648865,-0.0008182525634765625,-0.0013749281157259263,0.0016028285026550293,0.003068425925448537,True,,,
ele-fashion,44,s45_masspres_entry_terminal,CALIBRATION_OFF,0.8174286484718323,0.651208681531153,0.6509836316108704,-0.0229109525680542,-0.04649759124211372,0.12514829635620117,0.05891377851366997,True,,,
ele-fashion,44,s45_masspres_entry_terminal,EDGE_SHUFFLE_RENORM,0.8168149590492249,0.6495441656830978,0.6637511849403381,-0.02352464199066162,-0.04816210709016888,0.13791584968566895,0.06044799089431763,,1,True,True
ele-fashion,44,s45_masspres_entry_terminal,EDGE_SHUFFLE_RENORM,0.8149739503860474,0.6547364484062373,0.6691703200340271,-0.02536565065383911,-0.04296982436702934,0.1433349847793579,0.061879921704530716,,2,True,True
ele-fashion,44,s45_masspres_entry_terminal,EDGE_SHUFFLE_RENORM,0.816303551197052,0.6500157590810921,0.6674405336380005,-0.024036049842834473,-0.047690513692174585,0.1416051983833313,0.06218676641583443,,3,True,True
ele-fashion,44,s45_masspres_entry_terminal,EDGE_SHUFFLE_RENORM,0.8148716688156128,0.6517523748827505,0.673716127872467,-0.02546793222427368,-0.04595389789051618,0.14788079261779785,0.061675362288951874,,4,True,True
ele-fashion,44,s45_masspres_entry_terminal,EDGE_SHUFFLE_RENORM,0.8143602609634399,0.6516973149591039,0.6658064723014832,-0.025979340076446533,-0.04600895781416281,0.13997113704681396,0.06351641565561295,,5,True,True
ele-fashion,44,s45_masspres_entry_terminal,EDGE_SHUFFLE_RENORM,0.8162013292312622,0.6534940405839782,0.6609745621681213,-0.024138271808624268,-0.04421223218928849,0.13513922691345215,0.0633118525147438,,6,True,True
ele-fashion,44,s45_masspres_entry_terminal,EDGE_SHUFFLE_RENORM,0.8151785135269165,0.6494226186427192,0.6677278876304626,-0.02516108751296997,-0.04828365413054747,0.14189255237579346,0.061982203274965286,,7,True,True
ele-fashion,44,s45_masspres_entry_terminal,EDGE_SHUFFLE_RENORM,0.8146671056747437,0.6509968720570555,0.6701591610908508,-0.025672495365142822,-0.046709400716211213,0.14432382583618164,0.0633118525147438,,8,True,True
ele-fashion,44,s45_masspres_entry_terminal,EDGE_SHUFFLE_RENORM,0.8142579793930054,0.6445324656251183,0.66780024766922,-0.026081621646881104,-0.053173807148148344,0.14196491241455078,0.06085711345076561,,9,True,True
ele-fashion,44,s45_masspres_entry_terminal,EDGE_SHUFFLE_RENORM,0.8155876398086548,0.6509146258897553,0.6604592800140381,-0.02475196123123169,-0.04679164688351134,0.1346239447593689,0.06218676641583443,,10,True,True
ele-fashion,44,s45_masspres_entry_uniform,CALIBRATION_OFF,0.870410144329071,0.741007705330293,0.4461398720741272,-0.005830049514770508,-0.00957804307366883,0.03239595890045166,0.021581262350082397,True,,,
ele-fashion,44,s45_masspres_entry_uniform,EDGE_SHUFFLE_RENORM,0.8695918917655945,0.7402431347928666,0.45492061972618103,-0.00664830207824707,-0.01034261361109523,0.04117670655250549,0.024649688974022865,,1,True,True
ele-fashion,44,s45_masspres_entry_uniform,EDGE_SHUFFLE_RENORM,0.8688759207725525,0.7398562215388504,0.4439820349216461,-0.0073642730712890625,-0.010729526865111416,0.03023812174797058,0.024751968681812286,,2,True,True
ele-fashion,44,s45_masspres_entry_uniform,EDGE_SHUFFLE_RENORM,0.870410144329071,0.7410079717828396,0.4492945969104767,-0.005830049514770508,-0.009577776621122247,0.03555068373680115,0.02372916042804718,,3,True,True
ele-fashion,44,s45_masspres_entry_uniform,EDGE_SHUFFLE_RENORM,0.8705124258995056,0.7427274337795016,0.4461376965045929,-0.0057277679443359375,-0.007858314624460294,0.03239378333091736,0.021172137930989265,,4,True,True
ele-fashion,44,s45_masspres_entry_uniform,EDGE_SHUFFLE_RENORM,0.8687736392021179,0.7419101336740741,0.4524464011192322,-0.007466554641723633,-0.00867561472988776,0.03870248794555664,0.024138282984495163,,5,True,True
ele-fashion,44,s45_masspres_entry_uniform,EDGE_SHUFFLE_RENORM,0.870410144329071,0.7398835749841499,0.4482682943344116,-0.005830049514770508,-0.010702173419811944,0.034524381160736084,0.022399509325623512,,6,True,True
ele-fashion,44,s45_masspres_entry_uniform,EDGE_SHUFFLE_RENORM,0.869694173336029,0.7405950582402738,0.45153284072875977,-0.0065460205078125,-0.009990690163688032,0.03778892755508423,0.024036003276705742,,7,True,True
ele-fashion,44,s45_masspres_entry_uniform,EDGE_SHUFFLE_RENORM,0.8693873286247253,0.7375171041577698,0.4493148922920227,-0.006852865219116211,-0.01306864424619203,0.03557097911834717,0.02372916042804718,,8,True,True
ele-fashion,44,s45_masspres_entry_uniform,EDGE_SHUFFLE_RENORM,0.8689782023429871,0.739584986278169,0.45474594831466675,-0.007261991500854492,-0.011000762125792818,0.04100203514099121,0.022706352174282074,,9,True,True
ele-fashion,44,s45_masspres_entry_uniform,EDGE_SHUFFLE_RENORM,0.8697964549064636,0.7396172249886598,0.4518486261367798,-0.00644373893737793,-0.010968523415302078,0.03810471296310425,0.022604070603847504,,10,True,True
ele-fashion,44,s45_masspres_entry_propagated_uniform,CALIBRATION_OFF,0.8485220670700073,0.7067672877551691,0.5536639094352722,-0.015035271644592285,-0.021514343555011473,0.07248902320861816,0.04398076981306076,True,,,
ele-fashion,44,s45_masspres_entry_propagated_uniform,EDGE_SHUFFLE_RENORM,0.8445330858230591,0.7007678283614841,0.5775954127311707,-0.019024252891540527,-0.02751380294869643,0.0964205265045166,0.04878797009587288,,1,True,True
ele-fashion,44,s45_masspres_entry_propagated_uniform,EDGE_SHUFFLE_RENORM,0.8453513383865356,0.700569577447392,0.5678178071975708,-0.018206000328063965,-0.02771205386278852,0.08664292097091675,0.04889025166630745,,2,True,True
ele-fashion,44,s45_masspres_entry_propagated_uniform,EDGE_SHUFFLE_RENORM,0.8461695909500122,0.7035014074113736,0.57470703125,-0.017387747764587402,-0.024780223898806963,0.09353214502334595,0.046230949461460114,,3,True,True
ele-fashion,44,s45_masspres_entry_propagated_uniform,EDGE_SHUFFLE_RENORM,0.8446353673934937,0.6989873818166475,0.5712618827819824,-0.018921971321105957,-0.029294249493532987,0.09008699655532837,0.0476628839969635,,4,True,True
ele-fashion,44,s45_masspres_entry_propagated_uniform,EDGE_SHUFFLE_RENORM,0.8448399305343628,0.7039380454849954,0.5725658535957336,-0.018717408180236816,-0.024343585825185143,0.09139096736907959,0.048276565968990326,,5,True,True
ele-fashion,44,s45_masspres_entry_propagated_uniform,EDGE_SHUFFLE_RENORM,0.8444308042526245,0.6966239275212296,0.5752061605453491,-0.019126534461975098,-0.03165770378895094,0.09403127431869507,0.04919709637761116,,6,True,True
ele-fashion,44,s45_masspres_entry_propagated_uniform,EDGE_SHUFFLE_RENORM,0.8437148332595825,0.7010427335076094,0.5727094411849976,-0.01984250545501709,-0.02723889780257116,0.0915345549583435,0.05052674561738968,,7,True,True
ele-fashion,44,s45_masspres_entry_propagated_uniform,EDGE_SHUFFLE_RENORM,0.8449422121047974,0.7008914371661417,0.570690929889679,-0.018615126609802246,-0.02739019414403887,0.0895160436630249,0.04745832085609436,,8,True,True
ele-fashion,44,s45_masspres_entry_propagated_uniform,EDGE_SHUFFLE_RENORM,0.8471924066543579,0.7019151783715107,0.572116494178772,-0.0163649320602417,-0.026366452938669793,0.09094160795211792,0.04674235358834267,,9,True,True
ele-fashion,44,s45_masspres_entry_propagated_uniform,EDGE_SHUFFLE_RENORM,0.8476015329360962,0.7062234156556979,0.563688337802887,-0.015955805778503418,-0.022058215654482627,0.08251345157623291,0.04704919829964638,,10,True,True
ele-fashion,44,s45_masspres_persistent_uniform,CALIBRATION_OFF,0.8722512125968933,0.7581096864656356,0.46892619132995605,-0.005318582057952881,-0.010600914438991138,0.007983207702636719,0.02843407914042473,True,,,
ele-fashion,44,s45_masspres_persistent_uniform,EDGE_SHUFFLE_RENORM,0.8657052516937256,0.7471145896680453,0.4950111210346222,-0.011864542961120605,-0.02159601123658139,0.034068137407302856,0.032729875296354294,,1,True,True
ele-fashion,44,s45_masspres_persistent_uniform,EDGE_SHUFFLE_RENORM,0.8680577278137207,0.7530635381702789,0.49439382553100586,-0.009512066841125488,-0.015647062734347794,0.03345084190368652,0.032934438437223434,,2,True,True
ele-fashion,44,s45_masspres_persistent_uniform,EDGE_SHUFFLE_RENORM,0.8650915622711182,0.7436797723923316,0.4983094334602356,-0.012478232383728027,-0.0250308285122951,0.03736644983291626,0.03426408767700195,,3,True,True
ele-fashion,44,s45_masspres_persistent_uniform,EDGE_SHUFFLE_RENORM,0.8674440383911133,0.7497450870887935,0.493320494890213,-0.01012575626373291,-0.018965513815833224,0.03237751126289368,0.034775491803884506,,4,True,True
ele-fashion,44,s45_masspres_persistent_uniform,EDGE_SHUFFLE_RENORM,0.8666257858276367,0.747959754274288,0.49580034613609314,-0.010944008827209473,-0.02075084663033877,0.034857362508773804,0.03426408767700195,,5,True,True
ele-fashion,44,s45_masspres_persistent_uniform,EDGE_SHUFFLE_RENORM,0.8671371936798096,0.7501608270012895,0.4903535842895508,-0.010432600975036621,-0.01854977390333723,0.029410600662231445,0.03324127942323685,,6,True,True
ele-fashion,44,s45_masspres_persistent_uniform,EDGE_SHUFFLE_RENORM,0.8665235042572021,0.7519951117420614,0.4955314099788666,-0.011046290397644043,-0.016715489162565378,0.03458842635154724,0.03365040570497513,,7,True,True
ele-fashion,44,s45_masspres_persistent_uniform,EDGE_SHUFFLE_RENORM,0.8660120964050293,0.7450566596301648,0.4969099462032318,-0.011557698249816895,-0.023653941274461965,0.035966962575912476,0.03242303431034088,,8,True,True
ele-fashion,44,s45_masspres_persistent_uniform,EDGE_SHUFFLE_RENORM,0.8664212226867676,0.7460576471355196,0.5026772618293762,-0.011148571968078613,-0.022652953769107143,0.041734278202056885,0.0354914590716362,,9,True,True
ele-fashion,44,s45_masspres_persistent_uniform,EDGE_SHUFFLE_RENORM,0.8681599497795105,0.754164504692098,0.49236708879470825,-0.009409844875335693,-0.01454609621252878,0.031424105167388916,0.03365040570497513,,10,True,True
Reddit-S,42,s45_unconstrained_entry_uniform,ROW_MASS_NORMALIZE_AT_INFERENCE,0.9562755823135376,0.9208565130681565,0.2252833992242813,-0.0022019147872924805,-0.00277328063726634,0.012583732604980469,0.005033029243350029,True,,,
Reddit-S,42,s45_unconstrained_entry_uniform,TARGET_MEAN_DOSAGE_ONLY,0.9584774971008301,0.9235628215740291,0.21317747235298157,0.0,-6.697213139372771e-05,0.0004778057336807251,0.0003145643277093768,True,,,
Reddit-S,42,s45_masspres_entry_terminal,CALIBRATION_OFF,0.9452658295631409,0.9074878761824176,0.2312241792678833,0.0009437203407287598,0.0005631201172792144,-0.004373461008071899,0.005976722110062838,True,,,
Reddit-S,42,s45_masspres_entry_terminal,EDGE_SHUFFLE_RENORM,0.9446367025375366,0.9065269641748056,0.23338237404823303,0.0003145933151245117,-0.00039779189033273266,-0.002215266227722168,0.0075495438650250435,,1,True,True
Reddit-S,42,s45_masspres_entry_terminal,EDGE_SHUFFLE_RENORM,0.9449512362480164,0.907701549861361,0.23209568858146667,0.000629127025604248,0.0007767937962226412,-0.0035019516944885254,0.006605850998312235,,2,True,True
Reddit-S,42,s45_masspres_entry_terminal,EDGE_SHUFFLE_RENORM,0.9449512362480164,0.9077627878745101,0.23315194249153137,0.000629127025604248,0.0008380318093718087,-0.002445697784423828,0.00471846479922533,,3,True,True
Reddit-S,42,s45_masspres_entry_terminal,EDGE_SHUFFLE_RENORM,0.9452658295631409,0.9082380096709247,0.23090863227844238,0.0009437203407287598,0.0013132536057863797,-0.004689007997512817,0.006605850998312235,,4,True,True
Reddit-S,42,s45_masspres_entry_terminal,EDGE_SHUFFLE_RENORM,0.9440075755119324,0.9062338076566314,0.23185962438583374,-0.00031453371047973633,-0.0006909484085069195,-0.00373801589012146,0.006291286554187536,,5,True,True
Reddit-S,42,s45_masspres_entry_terminal,EDGE_SHUFFLE_RENORM,0.9458949565887451,0.9090148277677687,0.23190456628799438,0.0015728473663330078,0.002090071702630314,-0.0036930739879608154,0.006605850998312235,,6,True,True
Reddit-S,42,s45_masspres_entry_terminal,EDGE_SHUFFLE_RENORM,0.9455803632736206,0.9091371909348215,0.2328982949256897,0.001258254051208496,0.002212434869683144,-0.002699345350265503,0.005976722110062838,,7,True,True
Reddit-S,42,s45_masspres_entry_terminal,EDGE_SHUFFLE_RENORM,0.9446367025375366,0.9080383620599933,0.23438750207424164,0.0003145933151245117,0.0011136059948549937,-0.001210138201713562,0.005976722110062838,,8,True,True
Reddit-S,42,s45_masspres_entry_terminal,EDGE_SHUFFLE_RENORM,0.9458949565887451,0.90917086809411,0.23022495210170746,0.0015728473663330078,0.002246112028971625,-0.005372688174247742,0.006291286554187536,,9,True,True
Reddit-S,42,s45_masspres_entry_terminal,EDGE_SHUFFLE_RENORM,0.9455803632736206,0.9088440692462754,0.23279789090156555,0.001258254051208496,0.0019193131811370279,-0.0027997493743896484,0.006291286554187536,,10,True,True
Reddit-S,42,s45_masspres_entry_uniform,CALIBRATION_OFF,0.9616231322288513,0.9305811549090954,0.16636885702610016,0.0,-8.64689553912168e-05,0.0007410943508148193,0.007234979420900345,True,,,
Reddit-S,42,s45_masspres_entry_uniform,EDGE_SHUFFLE_RENORM,0.9613085985183716,0.9310072280891154,0.16901834309101105,-0.00031453371047973633,0.0003396042246287534,0.003390580415725708,0.0075495438650250435,,1,True,True
Reddit-S,42,s45_masspres_entry_uniform,EDGE_SHUFFLE_RENORM,0.9600503444671631,0.9285928244063131,0.16673621535301208,-0.0015727877616882324,-0.0020747994581735707,0.0011084526777267456,0.007864108309149742,,2,True,True
Reddit-S,42,s45_masspres_entry_uniform,EDGE_SHUFFLE_RENORM,0.9606794714927673,0.9295961379638904,0.17101293802261353,-0.0009436607360839844,-0.0010714859005962474,0.005385175347328186,0.00817867275327444,,3,True,True
Reddit-S,42,s45_masspres_entry_uniform,EDGE_SHUFFLE_RENORM,0.9606794714927673,0.9308208165683027,0.17153114080429077,-0.0009436607360839844,0.00015319270381608519,0.005903378129005432,0.00817867275327444,,4,True,True
Reddit-S,42,s45_masspres_entry_uniform,EDGE_SHUFFLE_RENORM,0.9616231322288513,0.9316914120062861,0.16817933320999146,0.0,0.0010237881417994865,0.0025515705347061157,0.00817867275327444,,5,True,True
Reddit-S,42,s45_masspres_entry_uniform,EDGE_SHUFFLE_RENORM,0.9591066241264343,0.9267823354492137,0.1722346395254135,-0.002516508102416992,-0.003885288415272914,0.006606876850128174,0.00849323719739914,,6,True,True
Reddit-S,42,s45_masspres_entry_uniform,EDGE_SHUFFLE_RENORM,0.9606794714927673,0.9292093084919767,0.16942694783210754,-0.0009436607360839844,-0.0014583153725099551,0.0037991851568222046,0.0069204154424369335,,7,True,True
Reddit-S,42,s45_masspres_entry_uniform,EDGE_SHUFFLE_RENORM,0.9613085985183716,0.9317761887122634,0.16684001684188843,-0.00031453371047973633,0.0011085648477767718,0.0012122541666030884,0.0069204154424369335,,8,True,True
Reddit-S,42,s45_masspres_entry_uniform,EDGE_SHUFFLE_RENORM,0.9591066241264343,0.926165252730365,0.171088308095932,-0.002516508102416992,-0.004502371134121663,0.0054605454206466675,0.00817867275327444,,9,True,True
Reddit-S,42,s45_masspres_entry_uniform,EDGE_SHUFFLE_RENORM,0.9606794714927673,0.9295292713874943,0.17149567604064941,-0.0009436607360839844,-0.0011383524769923437,0.005867913365364075,0.00817867275327444,,10,True,True
Reddit-S,42,s45_masspres_entry_propagated_uniform,CALIBRATION_OFF,0.9443221092224121,0.9090306877677768,0.2995702922344208,-0.004403889179229736,-0.003260390837778182,0.0009423494338989258,0.01321170199662447,True,,,
Reddit-S,42,s45_masspres_entry_propagated_uniform,EDGE_SHUFFLE_RENORM,0.9405473470687866,0.9058490879320867,0.30663180351257324,-0.008178651332855225,-0.00644199067346829,0.008003860712051392,0.017615603283047676,,1,True,True
Reddit-S,42,s45_masspres_entry_propagated_uniform,EDGE_SHUFFLE_RENORM,0.9402327537536621,0.9046731820333438,0.3114652931690216,-0.008493244647979736,-0.007617896572211236,0.012837350368499756,0.01698647439479828,,2,True,True
Reddit-S,42,s45_masspres_entry_propagated_uniform,EDGE_SHUFFLE_RENORM,0.9380308389663696,0.9003819098837746,0.31132712960243225,-0.010695159435272217,-0.011909168721780383,0.0126991868019104,0.018559295684099197,,3,True,True
Reddit-S,42,s45_masspres_entry_propagated_uniform,EDGE_SHUFFLE_RENORM,0.9414910078048706,0.9050361614224137,0.30513596534729004,-0.00723499059677124,-0.007254917183141307,0.0065080225467681885,0.01446995884180069,,4,True,True
Reddit-S,42,s45_masspres_entry_propagated_uniform,EDGE_SHUFFLE_RENORM,0.9414910078048706,0.9044819248971221,0.3040814995765686,-0.00723499059677124,-0.0078091537084329365,0.005453556776046753,0.015413652174174786,,5,True,True
Reddit-S,42,s45_masspres_entry_propagated_uniform,EDGE_SHUFFLE_RENORM,0.9402327537536621,0.9054152768721473,0.30886825919151306,-0.008493244647979736,-0.006875801733407738,0.010240316390991211,0.018559295684099197,,6,True,True
Reddit-S,42,s45_masspres_entry_propagated_uniform,EDGE_SHUFFLE_RENORM,0.9396036267280579,0.9039309696746042,0.3081807792186737,-0.009122371673583984,-0.00836010893095085,0.009552836418151855,0.017615603283047676,,7,True,True
Reddit-S,42,s45_masspres_entry_propagated_uniform,EDGE_SHUFFLE_RENORM,0.9402327537536621,0.9045539941181102,0.31921881437301636,-0.008493244647979736,-0.007737084487444812,0.020590871572494507,0.015413652174174786,,8,True,True
Reddit-S,42,s45_masspres_entry_propagated_uniform,EDGE_SHUFFLE_RENORM,0.9392890930175781,0.9024142728207771,0.31613099575042725,-0.00943690538406372,-0.009876805784777898,0.017503052949905396,0.01604278013110161,,9,True,True
Reddit-S,42,s45_masspres_entry_propagated_uniform,EDGE_SHUFFLE_RENORM,0.9402327537536621,0.904751046738926,0.3147324323654175,-0.008493244647979736,-0.007540031866628993,0.01610448956489563,0.01698647439479828,,10,True,True
Reddit-S,42,s45_masspres_persistent_uniform,CALIBRATION_OFF,0.9609940052032471,0.9290932492070645,0.1662064641714096,-0.0003145933151245117,-0.00115587005819906,0.000859186053276062,0.00943692959845066,True,,,
Reddit-S,42,s45_masspres_persistent_uniform,EDGE_SHUFFLE_RENORM,0.9606794714927673,0.9306667240594159,0.17104072868824005,-0.000629127025604248,0.00041760479415231533,0.005693450570106506,0.010695187374949455,,1,True,True
Reddit-S,42,s45_masspres_persistent_uniform,EDGE_SHUFFLE_RENORM,0.9600503444671631,0.928966600269425,0.17016056180000305,-0.001258254051208496,-0.001282518995838533,0.004813283681869507,0.010380622930824757,,2,True,True
Reddit-S,42,s45_masspres_persistent_uniform,EDGE_SHUFFLE_RENORM,0.9591066241264343,0.9263443406806863,0.17067956924438477,-0.002201974391937256,-0.003904778584577273,0.005332291126251221,0.010066058486700058,,3,True,True
Reddit-S,42,s45_masspres_persistent_uniform,EDGE_SHUFFLE_RENORM,0.9600503444671631,0.9284194307375275,0.1697266548871994,-0.001258254051208496,-0.0018296885277360175,0.004379376769065857,0.011324316263198853,,4,True,True
Reddit-S,42,s45_masspres_persistent_uniform,EDGE_SHUFFLE_RENORM,0.9597357511520386,0.9265189497534777,0.17057792842388153,-0.0015728473663330078,-0.0037301695117858413,0.005230650305747986,0.010066058486700058,,5,True,True
Reddit-S,42,s45_masspres_persistent_uniform,EDGE_SHUFFLE_RENORM,0.9584774971008301,0.9267260790713342,0.1684163212776184,-0.002831101417541504,-0.00352304019392935,0.0030690431594848633,0.008807801641523838,,6,True,True
Reddit-S,42,s45_masspres_persistent_uniform,EDGE_SHUFFLE_RENORM,0.9594212174415588,0.9277667611345881,0.17024457454681396,-0.0018873810768127441,-0.0024823581306754328,0.00489729642868042,0.011638879776000977,,7,True,True
Reddit-S,42,s45_masspres_persistent_uniform,EDGE_SHUFFLE_RENORM,0.9613085985183716,0.9310219138810518,0.17010290920734406,0.0,0.0007727946157882748,0.00475563108921051,0.00943692959845066,,8,True,True
Reddit-S,42,s45_masspres_persistent_uniform,EDGE_SHUFFLE_RENORM,0.9594212174415588,0.9267254769670681,0.17026911675930023,-0.0018873810768127441,-0.003523642298195462,0.004921838641166687,0.007864108309149742,,9,True,True
Reddit-S,42,s45_masspres_persistent_uniform,EDGE_SHUFFLE_RENORM,0.9613085985183716,0.9297290508393952,0.16979463398456573,0.0,-0.0005200684258683808,0.00444735586643219,0.00849323719739914,,10,True,True
Reddit-S,43,s45_unconstrained_entry_uniform,ROW_MASS_NORMALIZE_AT_INFERENCE,0.9565901160240173,0.914796284842849,0.17074716091156006,0.002516508102416992,0.004573329197316789,-0.02527672052383423,0.009122365154325962,True,,,
Reddit-S,43,s45_unconstrained_entry_uniform,TARGET_MEAN_DOSAGE_ONLY,0.9534444808959961,0.9096152521696453,0.1960969716310501,-0.000629127025604248,-0.0006077034758869004,7.309019565582275e-05,0.0006291286554187536,True,,,
Reddit-S,43,s45_masspres_entry_terminal,CALIBRATION_OFF,0.9458949565887451,0.9034527258993595,0.23112863302230835,0.0009437203407287598,0.0003294554736982258,-0.006665930151939392,0.011953444220125675,True,,,
Reddit-S,43,s45_masspres_entry_terminal,EDGE_SHUFFLE_RENORM,0.9465240836143494,0.9046843278097005,0.2311125099658966,0.0015728473663330078,0.0015610573840392217,-0.006682053208351135,0.011953444220125675,,1,True,True
Reddit-S,43,s45_masspres_entry_terminal,EDGE_SHUFFLE_RENORM,0.9452658295631409,0.9026706105132345,0.23381763696670532,0.0003145933151245117,-0.0004526599124268227,-0.003976926207542419,0.011953444220125675,,2,True,True
Reddit-S,43,s45_masspres_entry_terminal,EDGE_SHUFFLE_RENORM,0.9455803632736206,0.9026203728930156,0.23305246233940125,0.000629127025604248,-0.000502897532645763,-0.004742100834846497,0.011638879776000977,,3,True,True
Reddit-S,43,s45_masspres_entry_terminal,EDGE_SHUFFLE_RENORM,0.9455803632736206,0.903401195366432,0.23107175529003143,0.000629127025604248,0.00027792494077072405,-0.006722807884216309,0.010380622930824757,,4,True,True
Reddit-S,43,s45_masspres_entry_terminal,EDGE_SHUFFLE_RENORM,0.9452658295631409,0.9024476449704624,0.2337239682674408,0.0003145933151245117,-0.0006756254551989471,-0.004070594906806946,0.00943692959845066,,5,True,True
Reddit-S,43,s45_masspres_entry_terminal,EDGE_SHUFFLE_RENORM,0.9462094902992249,0.9043320629723277,0.23201099038124084,0.001258254051208496,0.001208792546666393,-0.005783572793006897,0.011009751819074154,,6,True,True
Reddit-S,43,s45_masspres_entry_terminal,EDGE_SHUFFLE_RENORM,0.9455803632736206,0.9034120650072115,0.23463763296604156,0.000629127025604248,0.000288794581550178,-0.0031569302082061768,0.011638879776000977,,7,True,True
Reddit-S,43,s45_masspres_entry_terminal,EDGE_SHUFFLE_RENORM,0.9455803632736206,0.904060952143374,0.23311637341976166,0.000629127025604248,0.0009376817177126906,-0.004678189754486084,0.011638879776000977,,8,True,True
Reddit-S,43,s45_masspres_entry_terminal,EDGE_SHUFFLE_RENORM,0.9458949565887451,0.9032275697334937,0.2325259894132614,0.0009437203407287598,0.0001042993078324006,-0.005268573760986328,0.012268008664250374,,9,True,True
Reddit-S,43,s45_masspres_entry_terminal,EDGE_SHUFFLE_RENORM,0.9455803632736206,0.9040111622051569,0.23255345225334167,0.000629127025604248,0.0008878917794955532,-0.005241110920906067,0.00975149404257536,,10,True,True
Reddit-S,43,s45_masspres_entry_uniform,CALIBRATION_OFF,0.9603648781776428,0.9283206833425185,0.16731122136116028,0.0009436607360839844,0.0011162083127388422,-0.00046716630458831787,0.00408933637663722,True,,,
Reddit-S,43,s45_masspres_entry_uniform,EDGE_SHUFFLE_RENORM,0.9606794714927673,0.9287082043396679,0.16903690993785858,0.001258254051208496,0.001503729309888291,0.0012585222721099854,0.004403900820761919,,1,True,True
Reddit-S,43,s45_masspres_entry_uniform,EDGE_SHUFFLE_RENORM,0.9597357511520386,0.9280774888131063,0.16926786303520203,0.00031453371047973633,0.0008730137833266038,0.0014894753694534302,0.0037747719325125217,,2,True,True
Reddit-S,43,s45_masspres_entry_uniform,EDGE_SHUFFLE_RENORM,0.9609940052032471,0.929525913397477,0.1682448834180832,0.0015727877616882324,0.0023214383676973815,0.0004664957523345947,0.005033029243350029,,3,True,True
Reddit-S,43,s45_masspres_entry_uniform,EDGE_SHUFFLE_RENORM,0.9597357511520386,0.9285530698418608,0.17012669146060944,0.00031453371047973633,0.0013485948120811608,0.00234830379486084,0.005033029243350029,,4,True,True
Reddit-S,43,s45_masspres_entry_uniform,EDGE_SHUFFLE_RENORM,0.9597357511520386,0.9277903030520569,0.1691507250070572,0.00031453371047973633,0.0005858280222772461,0.0013723373413085938,0.004403900820761919,,5,True,True
Reddit-S,43,s45_masspres_entry_uniform,EDGE_SHUFFLE_RENORM,0.9594212174415588,0.9270906796690779,0.1690979152917862,0.0,-0.00011379536070177387,0.0013195276260375977,0.00408933637663722,,6,True,True
Reddit-S,43,s45_masspres_entry_uniform,EDGE_SHUFFLE_RENORM,0.9613085985183716,0.9301818042044812,0.16852711141109467,0.0018873810768127441,0.002977329174701504,0.0007487237453460693,0.004403900820761919,,7,True,True
Reddit-S,43,s45_masspres_entry_uniform,EDGE_SHUFFLE_RENORM,0.9594212174415588,0.927869362724832,0.16821131110191345,0.0,0.0006648876950523519,0.00043292343616485596,0.00408933637663722,,8,True,True
Reddit-S,43,s45_masspres_entry_uniform,EDGE_SHUFFLE_RENORM,0.9597357511520386,0.927191399644516,0.16873164474964142,0.00031453371047973633,-1.3075385263627837e-05,0.0009532570838928223,0.0037747719325125217,,9,True,True
Reddit-S,43,s45_masspres_entry_uniform,EDGE_SHUFFLE_RENORM,0.9600503444671631,0.930563160177047,0.1687108427286148,0.000629127025604248,0.0033586851472673374,0.0009324550628662109,0.0037747719325125217,,10,True,True
Reddit-S,43,s45_masspres_entry_propagated_uniform,CALIBRATION_OFF,0.9449512362480164,0.9122420118861776,0.2922742962837219,-0.003460228443145752,-0.002053865708281255,0.0024369359016418457,0.011638879776000977,True,,,
Reddit-S,43,s45_masspres_entry_propagated_uniform,EDGE_SHUFFLE_RENORM,0.9433784484863281,0.9087910866891603,0.2959596514701843,-0.005033016204833984,-0.00550479090529854,0.006122291088104248,0.012582573108375072,,1,True,True
Reddit-S,43,s45_masspres_entry_propagated_uniform,EDGE_SHUFFLE_RENORM,0.9430638551712036,0.9085496215106629,0.296257346868515,-0.005347609519958496,-0.005746256083795975,0.0064199864864349365,0.012582573108375072,,2,True,True
Reddit-S,43,s45_masspres_entry_propagated_uniform,EDGE_SHUFFLE_RENORM,0.9436929821968079,0.9111439471382928,0.29889166355133057,-0.004718482494354248,-0.003151930456166019,0.009054303169250488,0.012582573108375072,,3,True,True
Reddit-S,43,s45_masspres_entry_propagated_uniform,EDGE_SHUFFLE_RENORM,0.9421201348304749,0.9097528527288354,0.30154770612716675,-0.006291329860687256,-0.004543024865623413,0.01171034574508667,0.01446995884180069,,4,True,True
Reddit-S,43,s45_masspres_entry_propagated_uniform,EDGE_SHUFFLE_RENORM,0.9440075755119324,0.9108156976575295,0.30528566241264343,-0.004403889179229736,-0.003480179936929395,0.015448302030563354,0.011638879776000977,,5,True,True
Reddit-S,43,s45_masspres_entry_propagated_uniform,EDGE_SHUFFLE_RENORM,0.9436929821968079,0.9102244631225656,0.2990807890892029,-0.004718482494354248,-0.004071414471893298,0.009243428707122803,0.014155394397675991,,6,True,True
Reddit-S,43,s45_masspres_entry_propagated_uniform,EDGE_SHUFFLE_RENORM,0.9433784484863281,0.9101731368686142,0.30267444252967834,-0.005033016204833984,-0.00412274072584462,0.012837082147598267,0.011953444220125675,,7,True,True
Reddit-S,43,s45_masspres_entry_propagated_uniform,EDGE_SHUFFLE_RENORM,0.9433784484863281,0.9103511605861003,0.3006216585636139,-0.005033016204833984,-0.003944717008358523,0.010784298181533813,0.012897137552499771,,8,True,True
Reddit-S,43,s45_masspres_entry_propagated_uniform,EDGE_SHUFFLE_RENORM,0.9452658295631409,0.9131712950725577,0.2931359112262726,-0.0031456351280212402,-0.001124582521901174,0.003298550844192505,0.012897137552499771,,9,True,True
Reddit-S,43,s45_masspres_entry_propagated_uniform,EDGE_SHUFFLE_RENORM,0.9418056011199951,0.9086187350931713,0.29937055706977844,-0.006605863571166992,-0.005677142501287591,0.009533196687698364,0.01321170199662447,,10,True,True
Reddit-S,43,s45_masspres_persistent_uniform,CALIBRATION_OFF,0.9597357511520386,0.926145032727625,0.17733453214168549,0.000629127025604248,0.00031728249243223594,-0.000732719898223877,0.004403900820761919,True,,,
Reddit-S,43,s45_masspres_persistent_uniform,EDGE_SHUFFLE_RENORM,0.9600503444671631,0.9248316982406148,0.18092790246009827,0.0009437203407287598,-0.0009960519945779733,0.002860650420188904,0.005976722110062838,,1,True,True
Reddit-S,43,s45_masspres_persistent_uniform,EDGE_SHUFFLE_RENORM,0.9597357511520386,0.9262754919410743,0.18013417720794678,0.000629127025604248,0.0004477417058814659,0.0020669251680374146,0.005662158131599426,,2,True,True
Reddit-S,43,s45_masspres_persistent_uniform,EDGE_SHUFFLE_RENORM,0.9597357511520386,0.9269127249924747,0.1799229234457016,0.000629127025604248,0.0010849747572818647,0.0018556714057922363,0.00471846479922533,,3,True,True
Reddit-S,43,s45_masspres_persistent_uniform,EDGE_SHUFFLE_RENORM,0.9594212174415588,0.9259612236595289,0.1817367970943451,0.0003145933151245117,0.00013347342433611686,0.00366954505443573,0.005033029243350029,,4,True,True
Reddit-S,43,s45_masspres_persistent_uniform,EDGE_SHUFFLE_RENORM,0.9587920904159546,0.9238656823500817,0.17903602123260498,-0.00031453371047973633,-0.0019620678851111073,0.0009687691926956177,0.005662158131599426,,5,True,True
Reddit-S,43,s45_masspres_persistent_uniform,EDGE_SHUFFLE_RENORM,0.9591066241264343,0.9263856445605032,0.1810929775238037,0.0,0.000557894325310393,0.003025725483894348,0.005033029243350029,,6,True,True
Reddit-S,43,s45_masspres_persistent_uniform,EDGE_SHUFFLE_RENORM,0.9594212174415588,0.9253067686967447,0.18260395526885986,0.0003145933151245117,-0.0005209815384481509,0.0045367032289505005,0.006605850998312235,,7,True,True
Reddit-S,43,s45_masspres_persistent_uniform,EDGE_SHUFFLE_RENORM,0.9594212174415588,0.926224281410291,0.1803513616323471,0.0003145933151245117,0.00039653117509819147,0.002284109592437744,0.005347593687474728,,8,True,True
Reddit-S,43,s45_masspres_persistent_uniform,EDGE_SHUFFLE_RENORM,0.9603648781776428,0.9259388348173724,0.17681777477264404,0.001258254051208496,0.00011108458217956585,-0.0012494772672653198,0.0069204154424369335,,9,True,True
Reddit-S,43,s45_masspres_persistent_uniform,EDGE_SHUFFLE_RENORM,0.9591066241264343,0.9249313458597603,0.1795416623353958,0.0,-0.0008964043754324802,0.0014744102954864502,0.006291286554187536,,10,True,True
Reddit-S,44,s45_unconstrained_entry_uniform,ROW_MASS_NORMALIZE_AT_INFERENCE,0.9584774971008301,0.919725367950827,0.16334161162376404,0.001258254051208496,0.0004010863326225911,-0.031765833497047424,0.011638879776000977,True,,,
Reddit-S,44,s45_unconstrained_entry_uniform,TARGET_MEAN_DOSAGE_ONLY,0.9569047093391418,0.9186569921558162,0.1952393651008606,-0.00031453371047973633,-0.0006672894623882542,0.0001319199800491333,0.0003145643277093768,True,,,
Reddit-S,44,s45_masspres_entry_terminal,CALIBRATION_OFF,0.9440075755119324,0.895800222662111,0.2362159639596939,0.0009437203407287598,0.0013615573449764495,-0.0001459270715713501,0.00975149404257536,True,,,
Reddit-S,44,s45_masspres_entry_terminal,EDGE_SHUFFLE_RENORM,0.9433784484863281,0.8967291602340381,0.23623567819595337,0.0003145933151245117,0.002290494916903585,-0.00012621283531188965,0.010066058486700058,,1,True,True
Reddit-S,44,s45_masspres_entry_terminal,EDGE_SHUFFLE_RENORM,0.9433784484863281,0.8957710256437073,0.23589473962783813,0.0003145933151245117,0.0013323603265726902,-0.000467151403427124,0.008807801641523838,,2,True,True
Reddit-S,44,s45_masspres_entry_terminal,EDGE_SHUFFLE_RENORM,0.9430638551712036,0.8952659175981588,0.23733186721801758,0.0,0.0008272522810242044,0.0009699761867523193,0.00975149404257536,,3,True,True
Reddit-S,44,s45_masspres_entry_terminal,EDGE_SHUFFLE_RENORM,0.9430638551712036,0.8952806160348873,0.2368544191122055,0.0,0.0008419507177527263,0.0004925280809402466,0.010380622930824757,,4,True,True
Reddit-S,44,s45_masspres_entry_terminal,EDGE_SHUFFLE_RENORM,0.9430638551712036,0.8952486647758017,0.2369668185710907,0.0,0.00080999945866711,0.0006049275398254395,0.011953444220125675,,5,True,True
Reddit-S,44,s45_masspres_entry_terminal,EDGE_SHUFFLE_RENORM,0.9443221092224121,0.8969749608254853,0.2371852844953537,0.001258254051208496,0.002536295508350772,0.0008233934640884399,0.010380622930824757,,6,True,True
Reddit-S,44,s45_masspres_entry_terminal,EDGE_SHUFFLE_RENORM,0.9430638551712036,0.8942235954628706,0.23874589800834656,0.0,-0.00021506985426400504,0.002384006977081299,0.00849323719739914,,7,True,True
Reddit-S,44,s45_masspres_entry_terminal,EDGE_SHUFFLE_RENORM,0.9424347281455994,0.8940045990513141,0.23882098495960236,-0.000629127025604248,-0.00043406626582043195,0.002459093928337097,0.009122365154325962,,8,True,True
Reddit-S,44,s45_masspres_entry_terminal,EDGE_SHUFFLE_RENORM,0.9436929821968079,0.8959184166580865,0.23557186126708984,0.000629127025604248,0.001479751340951907,-0.000790029764175415,0.010380622930824757,,9,True,True
Reddit-S,44,s45_masspres_entry_terminal,EDGE_SHUFFLE_RENORM,0.9440075755119324,0.89513337710902,0.2331819236278534,0.0009437203407287598,0.0006947117918854051,-0.0031799674034118652,0.00943692959845066,,10,True,True
Reddit-S,44,s45_masspres_entry_uniform,CALIBRATION_OFF,0.9603648781776428,0.927219945207837,0.19320650398731232,-0.000629127025604248,0.0016688250263049431,0.0025435686111450195,0.005347593687474728,True,,,
Reddit-S,44,s45_masspres_entry_uniform,EDGE_SHUFFLE_RENORM,0.9581629633903503,0.9247656114767098,0.19874730706214905,-0.0028310418128967285,-0.000785508704822302,0.00808437168598175,0.007234979420900345,,1,True,True
Reddit-S,44,s45_masspres_entry_uniform,EDGE_SHUFFLE_RENORM,0.9600503444671631,0.9265346725394291,0.19771942496299744,-0.0009436607360839844,0.000983552357897044,0.007056489586830139,0.006291286554187536,,2,True,True
Reddit-S,44,s45_masspres_entry_uniform,EDGE_SHUFFLE_RENORM,0.9603648781776428,0.9273312519113187,0.19438721239566803,-0.000629127025604248,0.0017801317297866381,0.0037242770195007324,0.005662158131599426,,3,True,True
Reddit-S,44,s45_masspres_entry_uniform,EDGE_SHUFFLE_RENORM,0.9603648781776428,0.9271668705862035,0.1943662017583847,-0.000629127025604248,0.0016157504046714344,0.0037032663822174072,0.005347593687474728,,4,True,True
Reddit-S,44,s45_masspres_entry_uniform,EDGE_SHUFFLE_RENORM,0.9597357511520386,0.9257401811045817,0.19590000808238983,-0.001258254051208496,0.00018906092304959987,0.005237072706222534,0.005976722110062838,,5,True,True
Reddit-S,44,s45_masspres_entry_uniform,EDGE_SHUFFLE_RENORM,0.9616231322288513,0.9292897635385536,0.1926676630973816,0.000629127025604248,0.003738643357021565,0.0020047277212142944,0.005976722110062838,,6,True,True
Reddit-S,44,s45_masspres_entry_uniform,EDGE_SHUFFLE_RENORM,0.9603648781776428,0.9271688690119037,0.1940600425004959,-0.000629127025604248,0.0016177488303715792,0.0033971071243286133,0.005976722110062838,,7,True,True
Reddit-S,44,s45_masspres_entry_uniform,EDGE_SHUFFLE_RENORM,0.9591066241264343,0.9264030745444151,0.19671675562858582,-0.0018873810768127441,0.0008519543628829895,0.006053820252418518,0.007234979420900345,,8,True,True
Reddit-S,44,s45_masspres_entry_uniform,EDGE_SHUFFLE_RENORM,0.9591066241264343,0.924557872833943,0.1967361867427826,-0.0018873810768127441,-0.000993247347589099,0.006073251366615295,0.00471846479922533,,9,True,True
Reddit-S,44,s45_masspres_entry_uniform,EDGE_SHUFFLE_RENORM,0.9609940052032471,0.9277956007234538,0.1916109174489975,0.0,0.002244480541921723,0.0009479820728302002,0.00471846479922533,,10,True,True
Reddit-S,44,s45_masspres_entry_propagated_uniform,CALIBRATION_OFF,0.9411764740943909,0.9060357845740906,0.298801451921463,-0.0069203972816467285,-0.00523753052850251,0.00046518445014953613,0.013526266440749168,True,,,
Reddit-S,44,s45_masspres_entry_propagated_uniform,EDGE_SHUFFLE_RENORM,0.9421201348304749,0.9074470354579107,0.3019125163555145,-0.005976736545562744,-0.0038262796446824066,0.00357624888420105,0.013840830884873867,,1,True,True
Reddit-S,44,s45_masspres_entry_propagated_uniform,EDGE_SHUFFLE_RENORM,0.9418056011199951,0.9078104377869772,0.3153548538684845,-0.0062912702560424805,-0.0034628773156158976,0.01701858639717102,0.014784523285925388,,2,True,True
Reddit-S,44,s45_masspres_entry_propagated_uniform,EDGE_SHUFFLE_RENORM,0.9411764740943909,0.9051306654750227,0.3115675449371338,-0.0069203972816467285,-0.006142649627570385,0.013231277465820312,0.013840830884873867,,3,True,True
Reddit-S,44,s45_masspres_entry_propagated_uniform,EDGE_SHUFFLE_RENORM,0.9392890930175781,0.9033761976461667,0.31603533029556274,-0.008807778358459473,-0.007897117456426406,0.017699062824249268,0.01698647439479828,,4,True,True
Reddit-S,44,s45_masspres_entry_propagated_uniform,EDGE_SHUFFLE_RENORM,0.9392890930175781,0.9041810590113831,0.3190218210220337,-0.008807778358459473,-0.007092256091210003,0.020685553550720215,0.014784523285925388,,5,True,True
Reddit-S,44,s45_masspres_entry_propagated_uniform,EDGE_SHUFFLE_RENORM,0.9421201348304749,0.9075798144294975,0.30874159932136536,-0.005976736545562744,-0.0036935006730955955,0.01040533185005188,0.013526266440749168,,6,True,True
Reddit-S,44,s45_masspres_entry_propagated_uniform,EDGE_SHUFFLE_RENORM,0.9392890930175781,0.9041176725010681,0.3208971321582794,-0.008807778358459473,-0.007155642601525014,0.022560864686965942,0.015413652174174786,,7,True,True
Reddit-S,44,s45_masspres_entry_propagated_uniform,EDGE_SHUFFLE_RENORM,0.9414910078048706,0.9066545715549917,0.31089213490486145,-0.006605863571166992,-0.004618743547601389,0.012555867433547974,0.01604278013110161,,8,True,True
Reddit-S,44,s45_masspres_entry_propagated_uniform,EDGE_SHUFFLE_RENORM,0.9396036267280579,0.9031746510659759,0.31518325209617615,-0.008493244647979736,-0.008098664036617187,0.01684698462486267,0.01635734550654888,,9,True,True
Reddit-S,44,s45_masspres_entry_propagated_uniform,EDGE_SHUFFLE_RENORM,0.9408618807792664,0.9042972289884116,0.30520957708358765,-0.00723499059677124,-0.0069760861141815456,0.00687330961227417,0.014155394397675991,,10,True,True
Reddit-S,44,s45_masspres_persistent_uniform,CALIBRATION_OFF,0.9597357511520386,0.9267285061369692,0.18174418807029724,-0.000629127025604248,0.00039701352358723074,0.0029396861791610718,0.00408933637663722,True,,,
Reddit-S,44,s45_masspres_persistent_uniform,EDGE_SHUFFLE_RENORM,0.9587920904159546,0.9253785525164316,0.18399804830551147,-0.0015727877616882324,-0.0009529400969503499,0.005193546414375305,0.006605850998312235,,1,True,True
Reddit-S,44,s45_masspres_persistent_uniform,EDGE_SHUFFLE_RENORM,0.9587920904159546,0.9245394341410813,0.1853921264410019,-0.0015727877616882324,-0.0017920584723006838,0.006587624549865723,0.005033029243350029,,2,True,True
Reddit-S,44,s45_masspres_persistent_uniform,EDGE_SHUFFLE_RENORM,0.9584774971008301,0.9249943398397633,0.18446679413318634,-0.0018873810768127441,-0.0013371527736186772,0.005662292242050171,0.00471846479922533,,3,True,True
Reddit-S,44,s45_masspres_persistent_uniform,EDGE_SHUFFLE_RENORM,0.9584774971008301,0.9241766403099814,0.1867365837097168,-0.0018873810768127441,-0.002154852303400623,0.007932081818580627,0.00471846479922533,,4,True,True
Reddit-S,44,s45_masspres_persistent_uniform,EDGE_SHUFFLE_RENORM,0.9594212174415588,0.9256422919133207,0.18676118552684784,-0.0009436607360839844,-0.0006892007000612876,0.00795668363571167,0.005033029243350029,,5,True,True
Reddit-S,44,s45_masspres_persistent_uniform,EDGE_SHUFFLE_RENORM,0.9562755823135376,0.9215088479700035,0.18767493963241577,-0.004089295864105225,-0.004822644643378449,0.008870437741279602,0.006291286554187536,,6,True,True
Reddit-S,44,s45_masspres_persistent_uniform,EDGE_SHUFFLE_RENORM,0.9584774971008301,0.9236215541081059,0.18532201647758484,-0.0018873810768127441,-0.0027099385052761216,0.006517514586448669,0.005662158131599426,,7,True,True
Reddit-S,44,s45_masspres_persistent_uniform,EDGE_SHUFFLE_RENORM,0.9597357511520386,0.926290969469124,0.18258655071258545,-0.000629127025604248,-4.052314425795345e-05,0.00378204882144928,0.005347593687474728,,8,True,True
Reddit-S,44,s45_masspres_persistent_uniform,EDGE_SHUFFLE_RENORM,0.9587920904159546,0.9262689551369281,0.18493667244911194,-0.0015727877616882324,-6.25374764539055e-05,0.006132170557975769,0.005662158131599426,,9,True,True
Reddit-S,44,s45_masspres_persistent_uniform,EDGE_SHUFFLE_RENORM,0.9591066241264343,0.9264918618152214,0.1832849383354187,-0.001258254051208496,0.0001603692018393721,0.004480436444282532,0.00408933637663722,,10,True,True
