order,mean_node_l2_norm,node_variance,effective_rank,mean_pairwise_node_cosine,node_similarity_sample_size,node_similarity_sampling,normalized_dirichlet_energy,dataset,seed,variant,modality
0,11.778770446777344,89.5330581665039,16.73883819580078,0.35105130076408386,512,fixed seed 0 node subsample,0.3808562073668082,Movies,42,s45_identity_terminal,text
1,8.570305824279785,40.602291107177734,13.088287353515625,0.5310828685760498,512,fixed seed 0 node subsample,0.07138267020174573,Movies,42,s45_identity_terminal,text
2,8.074275970458984,32.834190368652344,11.404339790344238,0.6029201149940491,512,fixed seed 0 node subsample,0.029047003182399167,Movies,42,s45_identity_terminal,text
3,7.750331878662109,30.785388946533203,10.194684982299805,0.6378191113471985,512,fixed seed 0 node subsample,0.01694422597601181,Movies,42,s45_identity_terminal,text
0,12.085766792297363,98.33243560791016,39.413822174072266,0.32791638374328613,512,fixed seed 0 node subsample,0.3761547839665687,Movies,42,s45_identity_terminal,visual
1,8.81435775756836,46.357139587402344,23.12738037109375,0.48310068249702454,512,fixed seed 0 node subsample,0.07638065490486425,Movies,42,s45_identity_terminal,visual
2,8.264241218566895,37.29719924926758,19.94470977783203,0.5511847138404846,512,fixed seed 0 node subsample,0.0340789315530893,Movies,42,s45_identity_terminal,visual
3,7.891412258148193,34.36948776245117,16.980201721191406,0.5868545770645142,512,fixed seed 0 node subsample,0.021146863110993654,Movies,42,s45_identity_terminal,visual
0,11.638679504394531,88.04153442382812,22.222000122070312,0.3442699611186981,512,fixed seed 0 node subsample,0.3925574357618707,Movies,42,s45_identity_uniform,text
1,8.381896018981934,38.4799919128418,14.810447692871094,0.5329556465148926,512,fixed seed 0 node subsample,0.07358092965814071,Movies,42,s45_identity_uniform,text
2,7.8797993659973145,30.840648651123047,12.545804977416992,0.6082255840301514,512,fixed seed 0 node subsample,0.029687432753701348,Movies,42,s45_identity_uniform,text
3,7.559083938598633,28.83597183227539,10.941021919250488,0.6444200277328491,512,fixed seed 0 node subsample,0.017195411303246744,Movies,42,s45_identity_uniform,text
0,12.00372314453125,97.13432312011719,55.77006149291992,0.32671263813972473,512,fixed seed 0 node subsample,0.39905906683896936,Movies,42,s45_identity_uniform,visual
1,8.582280158996582,42.48686981201172,26.774967193603516,0.4997428357601166,512,fixed seed 0 node subsample,0.07975220108216555,Movies,42,s45_identity_uniform,visual
2,8.02175235748291,33.620849609375,21.97772216796875,0.5754761099815369,512,fixed seed 0 node subsample,0.03419148208626023,Movies,42,s45_identity_uniform,visual
3,7.658681392669678,30.932621002197266,17.674789428710938,0.6139032244682312,512,fixed seed 0 node subsample,0.02057132967036439,Movies,42,s45_identity_uniform,visual
0,11.68208122253418,88.85697937011719,19.193878173828125,0.34447526931762695,512,fixed seed 0 node subsample,0.38661444474854534,Movies,42,s45_identity_propagated_uniform,text
1,8.45710277557373,39.732566833496094,13.902206420898438,0.527940034866333,512,fixed seed 0 node subsample,0.07254538171664124,Movies,42,s45_identity_propagated_uniform,text
2,7.959003925323486,32.03627395629883,11.957761764526367,0.6008002758026123,512,fixed seed 0 node subsample,0.029416361549142327,Movies,42,s45_identity_propagated_uniform,text
3,7.636999130249023,29.995838165283203,10.589510917663574,0.6362611055374146,512,fixed seed 0 node subsample,0.01710532551652937,Movies,42,s45_identity_propagated_uniform,text
0,12.037530899047852,97.4910888671875,46.713130950927734,0.32828229665756226,512,fixed seed 0 node subsample,0.387408359671856,Movies,42,s45_identity_propagated_uniform,visual
1,8.69347095489502,44.26106643676758,24.84853172302246,0.493052214384079,512,fixed seed 0 node subsample,0.07804924124745978,Movies,42,s45_identity_propagated_uniform,visual
2,8.138031005859375,35.3068733215332,20.885541915893555,0.5653850436210632,512,fixed seed 0 node subsample,0.034083062745808336,Movies,42,s45_identity_propagated_uniform,visual
3,7.770641326904297,32.51504135131836,17.268657684326172,0.6025610566139221,512,fixed seed 0 node subsample,0.02078253456728553,Movies,42,s45_identity_propagated_uniform,visual
0,12.045917510986328,96.15583038330078,27.349267959594727,0.336209237575531,512,fixed seed 0 node subsample,0.40384952325887535,Movies,42,s45_unconstrained_entry_uniform,text
1,2.673940420150757,8.791121482849121,19.024477005004883,0.33666035532951355,512,fixed seed 0 node subsample,0.4051364594453112,Movies,42,s45_unconstrained_entry_uniform,text
2,1.8815200328826904,3.971242904663086,13.028815269470215,0.48110431432724,512,fixed seed 0 node subsample,0.13037303476659562,Movies,42,s45_unconstrained_entry_uniform,text
3,1.6822980642318726,2.987865924835205,11.638116836547852,0.5724048614501953,512,fixed seed 0 node subsample,0.05904964825114418,Movies,42,s45_unconstrained_entry_uniform,text
0,11.876338005065918,94.7038345336914,51.72005081176758,0.3289371430873871,512,fixed seed 0 node subsample,0.3926691639070825,Movies,42,s45_unconstrained_entry_uniform,visual
1,12.805827140808105,105.7690200805664,18.26886749267578,0.5013318657875061,512,fixed seed 0 node subsample,0.09490888211264921,Movies,42,s45_unconstrained_entry_uniform,visual
2,12.206825256347656,80.27339935302734,17.942777633666992,0.5784518718719482,512,fixed seed 0 node subsample,0.03238329352109757,Movies,42,s45_unconstrained_entry_uniform,visual
3,11.710982322692871,74.0694351196289,14.561422348022461,0.614251971244812,512,fixed seed 0 node subsample,0.01981268709468644,Movies,42,s45_unconstrained_entry_uniform,visual
0,11.806678771972656,91.73101043701172,17.1351375579834,0.3384105861186981,512,fixed seed 0 node subsample,0.3866459710751683,Movies,42,s45_masspres_entry_terminal,text
1,8.698974609375,44.15007400512695,13.399415016174316,0.5013627409934998,512,fixed seed 0 node subsample,0.08753999807477582,Movies,42,s45_masspres_entry_terminal,text
2,8.13037109375,34.6539421081543,11.673001289367676,0.5791612267494202,512,fixed seed 0 node subsample,0.030913819494458192,Movies,42,s45_masspres_entry_terminal,text
3,7.7919921875,32.32866668701172,10.474685668945312,0.6163759231567383,512,fixed seed 0 node subsample,0.01774351370222686,Movies,42,s45_masspres_entry_terminal,text
0,12.186919212341309,99.13740539550781,39.04153823852539,0.3325970470905304,512,fixed seed 0 node subsample,0.37693237874744495,Movies,42,s45_masspres_entry_terminal,visual
1,9.427359580993652,58.563777923583984,27.292949676513672,0.43980956077575684,512,fixed seed 0 node subsample,0.1675495621478077,Movies,42,s45_masspres_entry_terminal,visual
2,8.45250129699707,39.511844635009766,21.80806541442871,0.5371158719062805,512,fixed seed 0 node subsample,0.04585922021373673,Movies,42,s45_masspres_entry_terminal,visual
3,7.999411582946777,35.25313949584961,18.10124969482422,0.5834415555000305,512,fixed seed 0 node subsample,0.025017377889522175,Movies,42,s45_masspres_entry_terminal,visual
0,11.675745010375977,88.935546875,20.468570709228516,0.34152284264564514,512,fixed seed 0 node subsample,0.3896023934449977,Movies,42,s45_masspres_entry_uniform,text
1,9.132606506347656,52.57511901855469,13.862966537475586,0.47220879793167114,512,fixed seed 0 node subsample,0.1557774051165074,Movies,42,s45_masspres_entry_uniform,text
2,8.314111709594727,35.81272888183594,11.462380409240723,0.5815335512161255,512,fixed seed 0 node subsample,0.03546513858378098,Movies,42,s45_masspres_entry_uniform,text
3,7.947800636291504,33.07237243652344,9.94195556640625,0.6231932044029236,512,fixed seed 0 node subsample,0.0180518466590749,Movies,42,s45_masspres_entry_uniform,text
0,12.03076457977295,96.98184967041016,48.37331008911133,0.3293028473854065,512,fixed seed 0 node subsample,0.3911546999730337,Movies,42,s45_masspres_entry_uniform,visual
1,9.035426139831543,51.345943450927734,29.37548828125,0.45603513717651367,512,fixed seed 0 node subsample,0.14027457911278465,Movies,42,s45_masspres_entry_uniform,visual
2,8.19760799407959,36.31743240356445,22.849252700805664,0.552134096622467,512,fixed seed 0 node subsample,0.041357112738067255,Movies,42,s45_masspres_entry_uniform,visual
3,7.7864298820495605,32.78380584716797,18.526954650878906,0.5960221290588379,512,fixed seed 0 node subsample,0.023150128132079527,Movies,42,s45_masspres_entry_uniform,visual
0,11.770254135131836,90.07438659667969,18.865154266357422,0.34539347887039185,512,fixed seed 0 node subsample,0.3886526760004101,Movies,42,s45_masspres_entry_propagated_uniform,text
1,9.245156288146973,55.001441955566406,14.344107627868652,0.4568019509315491,512,fixed seed 0 node subsample,0.18427582644127108,Movies,42,s45_masspres_entry_propagated_uniform,text
2,8.235432624816895,35.20497131347656,12.440329551696777,0.5749126076698303,512,fixed seed 0 node subsample,0.03969047628894327,Movies,42,s45_masspres_entry_propagated_uniform,text
3,7.839474678039551,32.071990966796875,10.823630332946777,0.6233730912208557,512,fixed seed 0 node subsample,0.01988895263938619,Movies,42,s45_masspres_entry_propagated_uniform,text
0,12.144938468933105,98.31974029541016,43.28580856323242,0.3331948518753052,512,fixed seed 0 node subsample,0.3852476814104168,Movies,42,s45_masspres_entry_propagated_uniform,visual
1,9.414013862609863,58.423377990722656,30.558324813842773,0.4404696822166443,512,fixed seed 0 node subsample,0.18352121184428102,Movies,42,s45_masspres_entry_propagated_uniform,visual
2,8.363061904907227,37.8716926574707,23.218656539916992,0.5462503433227539,512,fixed seed 0 node subsample,0.04665351552479415,Movies,42,s45_masspres_entry_propagated_uniform,visual
3,7.910253524780273,33.66862106323242,18.703401565551758,0.5961307287216187,512,fixed seed 0 node subsample,0.02490350792412886,Movies,42,s45_masspres_entry_propagated_uniform,visual
0,11.618892669677734,87.51700592041016,20.914121627807617,0.34561318159103394,512,fixed seed 0 node subsample,0.38768010346373327,Movies,42,s45_masspres_persistent_uniform,text
1,8.75527572631836,44.728641510009766,13.861441612243652,0.500807523727417,512,fixed seed 0 node subsample,0.11173205375075611,Movies,42,s45_masspres_persistent_uniform,text
2,8.315924644470215,36.30537796020508,11.262219429016113,0.5803869962692261,512,fixed seed 0 node subsample,0.052787269231851064,Movies,42,s45_masspres_persistent_uniform,text
3,8.077407836914062,34.743255615234375,9.598408699035645,0.6171740889549255,512,fixed seed 0 node subsample,0.03608619061729387,Movies,42,s45_masspres_persistent_uniform,text
0,12.046286582946777,97.31193542480469,50.41507339477539,0.3288215696811676,512,fixed seed 0 node subsample,0.3951962493168453,Movies,42,s45_masspres_persistent_uniform,visual
1,9.023613929748535,50.800533294677734,30.79238510131836,0.46103689074516296,512,fixed seed 0 node subsample,0.14328168996475826,Movies,42,s45_masspres_persistent_uniform,visual
2,8.335585594177246,39.35725402832031,23.513469696044922,0.5360234975814819,512,fixed seed 0 node subsample,0.0733870319103787,Movies,42,s45_masspres_persistent_uniform,visual
3,7.915656566619873,36.0782470703125,19.4835262298584,0.5710606575012207,512,fixed seed 0 node subsample,0.05393165285955552,Movies,42,s45_masspres_persistent_uniform,visual
0,11.810285568237305,87.46968078613281,13.69919204711914,0.3716443181037903,512,fixed seed 0 node subsample,0.3701513764556946,Movies,43,s45_identity_terminal,text
1,8.67762565612793,40.56819534301758,11.49064826965332,0.5490360856056213,512,fixed seed 0 node subsample,0.06858259759638846,Movies,43,s45_identity_terminal,text
2,8.200300216674805,32.963905334472656,10.176583290100098,0.6183927655220032,512,fixed seed 0 node subsample,0.027777014637160934,Movies,43,s45_identity_terminal,text
3,7.880969047546387,31.060352325439453,9.205525398254395,0.6513168811798096,512,fixed seed 0 node subsample,0.016187940265522734,Movies,43,s45_identity_terminal,text
0,12.062389373779297,97.06849670410156,32.72282409667969,0.3345416188240051,512,fixed seed 0 node subsample,0.35896493295339776,Movies,43,s45_identity_terminal,visual
1,8.926067352294922,48.13818359375,19.97061538696289,0.47693929076194763,512,fixed seed 0 node subsample,0.07283090223029037,Movies,43,s45_identity_terminal,visual
2,8.396543502807617,39.2545280456543,17.357112884521484,0.540949821472168,512,fixed seed 0 node subsample,0.03288668922307757,Movies,43,s45_identity_terminal,visual
3,8.026405334472656,36.350914001464844,15.198439598083496,0.574646532535553,512,fixed seed 0 node subsample,0.020644810823341884,Movies,43,s45_identity_terminal,visual
0,11.651551246643066,86.1507568359375,15.846726417541504,0.36116018891334534,512,fixed seed 0 node subsample,0.37818901498286,Movies,43,s45_identity_uniform,text
1,8.495668411254883,39.09562301635742,12.22952651977539,0.5427469611167908,512,fixed seed 0 node subsample,0.07023291600971877,Movies,43,s45_identity_uniform,text
2,8.012091636657715,31.63075828552246,10.672755241394043,0.6144689321517944,512,fixed seed 0 node subsample,0.02838079915535116,Movies,43,s45_identity_uniform,text
3,7.695041179656982,29.731924057006836,9.569314002990723,0.6488374471664429,512,fixed seed 0 node subsample,0.016514456015728138,Movies,43,s45_identity_uniform,text
0,11.984001159667969,96.67610168457031,40.8406867980957,0.32702815532684326,512,fixed seed 0 node subsample,0.3773574740512004,Movies,43,s45_identity_uniform,visual
1,8.729557037353516,45.46086120605469,22.29119873046875,0.4813021123409271,512,fixed seed 0 node subsample,0.07588226666542598,Movies,43,s45_identity_uniform,visual
2,8.187708854675293,36.66286849975586,18.826955795288086,0.5502762198448181,512,fixed seed 0 node subsample,0.03344447708443431,Movies,43,s45_identity_uniform,visual
3,7.82201623916626,33.87228012084961,16.030288696289062,0.5861348509788513,512,fixed seed 0 node subsample,0.020604330657695916,Movies,43,s45_identity_uniform,visual
0,11.757739067077637,89.6590347290039,17.762990951538086,0.3487440049648285,512,fixed seed 0 node subsample,0.3845112029626007,Movies,43,s45_identity_propagated_uniform,text
1,8.5242919921875,40.34161376953125,13.149857521057129,0.5308504700660706,512,fixed seed 0 node subsample,0.07214736441384038,Movies,43,s45_identity_propagated_uniform,text
2,8.023967742919922,32.5787467956543,11.338298797607422,0.6035090684890747,512,fixed seed 0 node subsample,0.029250167891400364,Movies,43,s45_identity_propagated_uniform,text
3,7.699762344360352,30.535720825195312,10.11907958984375,0.6383450031280518,512,fixed seed 0 node subsample,0.017022699868102727,Movies,43,s45_identity_propagated_uniform,text
0,12.07341480255127,98.19502258300781,42.42832565307617,0.3277495801448822,512,fixed seed 0 node subsample,0.380710311058132,Movies,43,s45_identity_propagated_uniform,visual
1,8.767157554626465,45.61484909057617,23.088346481323242,0.486175537109375,512,fixed seed 0 node subsample,0.07695665706621106,Movies,43,s45_identity_propagated_uniform,visual
2,8.21500015258789,36.610191345214844,19.457101821899414,0.556613564491272,512,fixed seed 0 node subsample,0.03388239987944152,Movies,43,s45_identity_propagated_uniform,visual
3,7.845059394836426,33.761112213134766,16.40044593811035,0.5928878784179688,512,fixed seed 0 node subsample,0.020796031558900488,Movies,43,s45_identity_propagated_uniform,visual
0,11.950493812561035,91.98848724365234,23.4000186920166,0.3528888523578644,512,fixed seed 0 node subsample,0.38755078934667064,Movies,43,s45_unconstrained_entry_uniform,text
1,2.6618146896362305,8.545146942138672,16.64634132385254,0.35558366775512695,512,fixed seed 0 node subsample,0.39696262001626514,Movies,43,s45_unconstrained_entry_uniform,text
2,1.893406629562378,3.927450180053711,11.64676570892334,0.4951210021972656,512,fixed seed 0 node subsample,0.12687429446191656,Movies,43,s45_unconstrained_entry_uniform,text
3,1.700724482536316,2.9728598594665527,10.479220390319824,0.583400309085846,512,fixed seed 0 node subsample,0.05740018754645161,Movies,43,s45_unconstrained_entry_uniform,text
0,11.898016929626465,95.05937957763672,49.71078109741211,0.32891765236854553,512,fixed seed 0 node subsample,0.38858004520291833,Movies,43,s45_unconstrained_entry_uniform,visual
1,12.745540618896484,105.8653335571289,17.8372802734375,0.4974353611469269,512,fixed seed 0 node subsample,0.09057819494061002,Movies,43,s45_unconstrained_entry_uniform,visual
2,12.131291389465332,81.1755599975586,16.81700325012207,0.5745368599891663,512,fixed seed 0 node subsample,0.03314578180553495,Movies,43,s45_unconstrained_entry_uniform,visual
3,11.630276679992676,74.73397827148438,13.48377799987793,0.6093721985816956,512,fixed seed 0 node subsample,0.02057982873848671,Movies,43,s45_unconstrained_entry_uniform,visual
0,11.815598487854004,88.69654846191406,15.696500778198242,0.35982784628868103,512,fixed seed 0 node subsample,0.3694318836307433,Movies,43,s45_masspres_entry_terminal,text
1,8.850861549377441,44.00651550292969,10.76384162902832,0.5268456935882568,512,fixed seed 0 node subsample,0.07060912584568918,Movies,43,s45_masspres_entry_terminal,text
2,8.37756633758545,35.77732849121094,9.499042510986328,0.5938628911972046,512,fixed seed 0 node subsample,0.027307783354183202,Movies,43,s45_masspres_entry_terminal,text
3,8.05606460571289,33.78171920776367,8.627134323120117,0.6270236372947693,512,fixed seed 0 node subsample,0.015930775037998286,Movies,43,s45_masspres_entry_terminal,text
0,12.199251174926758,99.4462661743164,38.97099304199219,0.332063227891922,512,fixed seed 0 node subsample,0.3774161387341518,Movies,43,s45_masspres_entry_terminal,visual
1,9.864236831665039,69.30709838867188,30.593042373657227,0.40677717328071594,512,fixed seed 0 node subsample,0.23294419591611865,Movies,43,s45_masspres_entry_terminal,visual
2,8.589495658874512,41.662567138671875,23.088947296142578,0.5262801051139832,512,fixed seed 0 node subsample,0.05343751542165242,Movies,43,s45_masspres_entry_terminal,visual
3,8.087693214416504,36.571067810058594,18.746023178100586,0.5789013504981995,512,fixed seed 0 node subsample,0.02692118071102696,Movies,43,s45_masspres_entry_terminal,visual
0,11.612847328186035,82.83181762695312,15.01239013671875,0.3782574236392975,512,fixed seed 0 node subsample,0.3669461226393389,Movies,43,s45_masspres_entry_uniform,text
1,9.166488647460938,47.6090202331543,10.137163162231445,0.5280030369758606,512,fixed seed 0 node subsample,0.11077222550961507,Movies,43,s45_masspres_entry_uniform,text
2,8.562372207641602,34.91626739501953,9.064945220947266,0.6220380663871765,512,fixed seed 0 node subsample,0.027984359720631898,Movies,43,s45_masspres_entry_uniform,text
3,8.23848819732666,32.94587326049805,8.014763832092285,0.6574593186378479,512,fixed seed 0 node subsample,0.014890188685845842,Movies,43,s45_masspres_entry_uniform,text
0,12.02619743347168,97.02714538574219,39.76173782348633,0.3294140100479126,512,fixed seed 0 node subsample,0.3753534525495714,Movies,43,s45_masspres_entry_uniform,visual
1,9.25192642211914,55.937442779541016,25.789587020874023,0.4388170540332794,512,fixed seed 0 node subsample,0.1497820186844095,Movies,43,s45_masspres_entry_uniform,visual
2,8.374991416931152,39.44160079956055,20.241823196411133,0.5326471328735352,512,fixed seed 0 node subsample,0.04182822117767829,Movies,43,s45_masspres_entry_uniform,visual
3,7.95657205581665,35.69872283935547,17.040491104125977,0.5752496719360352,512,fixed seed 0 node subsample,0.023239338228599856,Movies,43,s45_masspres_entry_uniform,visual
0,11.732672691345215,82.70677947998047,14.156107902526855,0.391525000333786,512,fixed seed 0 node subsample,0.36043287394659485,Movies,43,s45_masspres_entry_propagated_uniform,text
1,9.247529029846191,48.397090911865234,9.52871036529541,0.5332440137863159,512,fixed seed 0 node subsample,0.11685430196834866,Movies,43,s45_masspres_entry_propagated_uniform,text
2,8.6115083694458,35.00469970703125,8.639270782470703,0.6227478981018066,512,fixed seed 0 node subsample,0.02892271135626547,Movies,43,s45_masspres_entry_propagated_uniform,text
3,8.277426719665527,32.93872833251953,7.690167427062988,0.6595050692558289,512,fixed seed 0 node subsample,0.015257792862907597,Movies,43,s45_masspres_entry_propagated_uniform,text
0,12.116104125976562,97.95411682128906,35.035640716552734,0.3331487774848938,512,fixed seed 0 node subsample,0.3666843860425065,Movies,43,s45_masspres_entry_propagated_uniform,visual
1,9.410836219787598,58.20854187011719,24.86197853088379,0.4368909001350403,512,fixed seed 0 node subsample,0.1522487268151852,Movies,43,s45_masspres_entry_propagated_uniform,visual
2,8.50245475769043,40.7711181640625,19.728483200073242,0.5299037098884583,512,fixed seed 0 node subsample,0.0424845196318132,Movies,43,s45_masspres_entry_propagated_uniform,visual
3,8.070687294006348,36.798038482666016,16.805463790893555,0.5725798010826111,512,fixed seed 0 node subsample,0.023735963229391234,Movies,43,s45_masspres_entry_propagated_uniform,visual
0,11.624102592468262,85.31561279296875,17.213764190673828,0.36137935519218445,512,fixed seed 0 node subsample,0.37387111618726576,Movies,43,s45_masspres_persistent_uniform,text
1,8.76412296295166,43.411102294921875,11.517178535461426,0.522247850894928,512,fixed seed 0 node subsample,0.091256519458467,Movies,43,s45_masspres_persistent_uniform,text
2,8.424752235412598,36.188194274902344,9.543688774108887,0.596164882183075,512,fixed seed 0 node subsample,0.040017523945054874,Movies,43,s45_masspres_persistent_uniform,text
3,8.249801635742188,35.10167694091797,8.254834175109863,0.631707489490509,512,fixed seed 0 node subsample,0.025837425292611592,Movies,43,s45_masspres_persistent_uniform,text
0,12.034588813781738,97.04106140136719,44.49067687988281,0.3306790590286255,512,fixed seed 0 node subsample,0.38491306968204686,Movies,43,s45_masspres_persistent_uniform,visual
1,9.084421157836914,52.22768020629883,27.393081665039062,0.4547700881958008,512,fixed seed 0 node subsample,0.13707939664140512,Movies,43,s45_masspres_persistent_uniform,visual
2,8.458340644836426,41.498294830322266,21.3752498626709,0.5277898907661438,512,fixed seed 0 node subsample,0.07109387537103908,Movies,43,s45_masspres_persistent_uniform,visual
3,8.118682861328125,39.042457580566406,17.906705856323242,0.5611034631729126,512,fixed seed 0 node subsample,0.05307046634332544,Movies,43,s45_masspres_persistent_uniform,visual
0,11.801666259765625,92.6794662475586,17.172271728515625,0.3310003876686096,512,fixed seed 0 node subsample,0.39070791283481277,Movies,44,s45_identity_terminal,text
1,8.507227897644043,41.4973258972168,13.226949691772461,0.5119733214378357,512,fixed seed 0 node subsample,0.07409311934050329,Movies,44,s45_identity_terminal,text
2,7.992258548736572,33.510398864746094,11.4429931640625,0.5852368474006653,512,fixed seed 0 node subsample,0.030183577349039637,Movies,44,s45_identity_terminal,text
3,7.662221908569336,31.319843292236328,10.29316234588623,0.6210556626319885,512,fixed seed 0 node subsample,0.017616216269505342,Movies,44,s45_identity_terminal,text
0,12.1611967086792,99.26057434082031,40.98690414428711,0.32971876859664917,512,fixed seed 0 node subsample,0.3804665818569281,Movies,44,s45_identity_terminal,visual
1,8.832505226135254,46.01548767089844,23.438364028930664,0.4889602065086365,512,fixed seed 0 node subsample,0.07738373135005992,Movies,44,s45_identity_terminal,visual
2,8.273335456848145,36.81655502319336,20.008930206298828,0.5593718886375427,512,fixed seed 0 node subsample,0.03433830804724625,Movies,44,s45_identity_terminal,visual
3,7.8976850509643555,33.883235931396484,16.81403923034668,0.596169114112854,512,fixed seed 0 node subsample,0.021166135971351186,Movies,44,s45_identity_terminal,visual
0,11.636268615722656,86.67594146728516,18.42414665222168,0.35303884744644165,512,fixed seed 0 node subsample,0.3841693626281262,Movies,44,s45_identity_uniform,text
1,8.4432954788208,38.68716812133789,13.554510116577148,0.5391525626182556,512,fixed seed 0 node subsample,0.07164918744300777,Movies,44,s45_identity_uniform,text
2,7.95294713973999,31.160411834716797,11.697245597839355,0.6130227446556091,512,fixed seed 0 node subsample,0.028943357315184912,Movies,44,s45_identity_uniform,text
3,7.634535789489746,29.226852416992188,10.322942733764648,0.648391604423523,512,fixed seed 0 node subsample,0.01681050862267141,Movies,44,s45_identity_uniform,text
0,11.989407539367676,96.70320892333984,47.8071403503418,0.3269127607345581,512,fixed seed 0 node subsample,0.38863005123411726,Movies,44,s45_identity_uniform,visual
1,8.649311065673828,43.78184127807617,24.81498146057129,0.4912201166152954,512,fixed seed 0 node subsample,0.0780251303314075,Movies,44,s45_identity_uniform,visual
2,8.097352981567383,34.93858337402344,20.74085235595703,0.5637484788894653,512,fixed seed 0 node subsample,0.03395271376237502,Movies,44,s45_identity_uniform,visual
3,7.732246398925781,32.198734283447266,17.141433715820312,0.6010494828224182,512,fixed seed 0 node subsample,0.02066556793111299,Movies,44,s45_identity_uniform,visual
0,11.695547103881836,89.22908782958984,17.412187576293945,0.34256821870803833,512,fixed seed 0 node subsample,0.38512808175607416,Movies,44,s45_identity_propagated_uniform,text
1,8.475496292114258,40.199283599853516,13.083292007446289,0.5246078968048096,512,fixed seed 0 node subsample,0.07219848355480118,Movies,44,s45_identity_propagated_uniform,text
2,7.977771282196045,32.508426666259766,11.318872451782227,0.5972786545753479,512,fixed seed 0 node subsample,0.029255917308740102,Movies,44,s45_identity_propagated_uniform,text
3,7.655574798583984,30.46869659423828,10.135109901428223,0.6324373483657837,512,fixed seed 0 node subsample,0.017027935334283758,Movies,44,s45_identity_propagated_uniform,text
0,12.06954574584961,97.7354965209961,41.03261947631836,0.32982462644577026,512,fixed seed 0 node subsample,0.37741372603318113,Movies,44,s45_identity_propagated_uniform,visual
1,8.790593147277832,45.785831451416016,22.869483947753906,0.4863111674785614,512,fixed seed 0 node subsample,0.07621027800383459,Movies,44,s45_identity_propagated_uniform,visual
2,8.242120742797852,36.82076644897461,19.41457176208496,0.5557565689086914,512,fixed seed 0 node subsample,0.03371554610218515,Movies,44,s45_identity_propagated_uniform,visual
3,7.872522830963135,33.97412872314453,16.426591873168945,0.5917508006095886,512,fixed seed 0 node subsample,0.02078434593127877,Movies,44,s45_identity_propagated_uniform,visual
0,12.00036334991455,94.38095092773438,23.471942901611328,0.3411526679992676,512,fixed seed 0 node subsample,0.3962909024101389,Movies,44,s45_unconstrained_entry_uniform,text
1,2.672273635864258,8.691529273986816,17.20943832397461,0.3455605208873749,512,fixed seed 0 node subsample,0.40008645738720855,Movies,44,s45_unconstrained_entry_uniform,text
2,1.892951488494873,3.973503589630127,12.148543357849121,0.48579272627830505,512,fixed seed 0 node subsample,0.1281384014896989,Movies,44,s45_unconstrained_entry_uniform,text
3,1.6972417831420898,3.002310037612915,10.946781158447266,0.5753687024116516,512,fixed seed 0 node subsample,0.058066533427455304,Movies,44,s45_unconstrained_entry_uniform,text
0,11.841802597045898,94.37608337402344,50.63640213012695,0.3282242715358734,512,fixed seed 0 node subsample,0.39085224502721644,Movies,44,s45_unconstrained_entry_uniform,visual
1,12.866361618041992,105.82132720947266,18.793560028076172,0.49700018763542175,512,fixed seed 0 node subsample,0.08730027483807742,Movies,44,s45_unconstrained_entry_uniform,visual
2,12.265475273132324,81.39643096923828,17.765024185180664,0.5744692087173462,512,fixed seed 0 node subsample,0.032590183924533285,Movies,44,s45_unconstrained_entry_uniform,visual
3,11.760068893432617,75.06221008300781,14.255746841430664,0.6091327667236328,512,fixed seed 0 node subsample,0.020208531955053264,Movies,44,s45_unconstrained_entry_uniform,visual
0,11.803581237792969,87.73763275146484,13.84225082397461,0.35941675305366516,512,fixed seed 0 node subsample,0.37399587119673267,Movies,44,s45_masspres_entry_terminal,text
1,8.75991439819336,42.19730758666992,11.267108917236328,0.5339299440383911,512,fixed seed 0 node subsample,0.07588951236756575,Movies,44,s45_masspres_entry_terminal,text
2,8.251883506774902,33.721134185791016,10.13160228729248,0.6051867604255676,512,fixed seed 0 node subsample,0.02859870918859416,Movies,44,s45_masspres_entry_terminal,text
3,7.926915168762207,31.665292739868164,9.16877269744873,0.6409850120544434,512,fixed seed 0 node subsample,0.01652697150940286,Movies,44,s45_masspres_entry_terminal,text
0,12.12196159362793,97.84394836425781,33.79806900024414,0.3340519070625305,512,fixed seed 0 node subsample,0.3643897563502884,Movies,44,s45_masspres_entry_terminal,visual
1,9.32365894317627,56.48733901977539,23.493650436401367,0.43899551033973694,512,fixed seed 0 node subsample,0.13656411842283633,Movies,44,s45_masspres_entry_terminal,visual
2,8.489570617675781,40.843353271484375,19.46074676513672,0.5272736549377441,512,fixed seed 0 node subsample,0.04141473437633884,Movies,44,s45_masspres_entry_terminal,visual
3,8.06414794921875,36.95560836791992,16.799020767211914,0.5698034167289734,512,fixed seed 0 node subsample,0.02373408755682078,Movies,44,s45_masspres_entry_terminal,visual
0,11.626291275024414,87.16314697265625,19.889263153076172,0.34862983226776123,512,fixed seed 0 node subsample,0.39253787272565255,Movies,44,s45_masspres_entry_uniform,text
1,9.113052368164062,52.078365325927734,13.784856796264648,0.4774763286113739,512,fixed seed 0 node subsample,0.16021885489299492,Movies,44,s45_masspres_entry_uniform,text
2,8.276604652404785,35.02472686767578,11.331047058105469,0.5844095349311829,512,fixed seed 0 node subsample,0.03613968829443061,Movies,44,s45_masspres_entry_uniform,text
3,7.908331394195557,32.24837112426758,9.782557487487793,0.6277907490730286,512,fixed seed 0 node subsample,0.018341880550963453,Movies,44,s45_masspres_entry_uniform,text
0,11.989897727966309,96.44786834716797,54.3989372253418,0.3295752704143524,512,fixed seed 0 node subsample,0.4013755857309591,Movies,44,s45_masspres_entry_uniform,visual
1,9.052220344543457,51.90193176269531,32.939510345458984,0.4572313129901886,512,fixed seed 0 node subsample,0.16102780211350098,Movies,44,s45_masspres_entry_uniform,visual
2,8.115802764892578,35.09040069580078,24.66499137878418,0.5636807084083557,512,fixed seed 0 node subsample,0.04380383799117636,Movies,44,s45_masspres_entry_uniform,visual
3,7.6964006423950195,31.444578170776367,19.32210350036621,0.6107513308525085,512,fixed seed 0 node subsample,0.02367684675107432,Movies,44,s45_masspres_entry_uniform,visual
0,11.715584754943848,87.83110046386719,16.33926010131836,0.35395970940589905,512,fixed seed 0 node subsample,0.3868009715327546,Movies,44,s45_masspres_entry_propagated_uniform,text
1,9.274779319763184,55.7718391418457,12.71944808959961,0.457987517118454,512,fixed seed 0 node subsample,0.194506296582665,Movies,44,s45_masspres_entry_propagated_uniform,text
2,8.222840309143066,34.85093307495117,11.597250938415527,0.5790902972221375,512,fixed seed 0 node subsample,0.04115871075434548,Movies,44,s45_masspres_entry_propagated_uniform,text
3,7.818215370178223,31.584827423095703,10.229021072387695,0.6275783181190491,512,fixed seed 0 node subsample,0.020440082733451468,Movies,44,s45_masspres_entry_propagated_uniform,text
0,12.060962677001953,96.8890380859375,40.45143508911133,0.3338087797164917,512,fixed seed 0 node subsample,0.3798364660417076,Movies,44,s45_masspres_entry_propagated_uniform,visual
1,9.226020812988281,54.55356216430664,27.823339462280273,0.4486423134803772,512,fixed seed 0 node subsample,0.15246173174797636,Movies,44,s45_masspres_entry_propagated_uniform,visual
2,8.312234878540039,37.747825622558594,21.901039123535156,0.5468243360519409,512,fixed seed 0 node subsample,0.04327723795337946,Movies,44,s45_masspres_entry_propagated_uniform,visual
3,7.883410453796387,33.898197174072266,18.077919006347656,0.5925006866455078,512,fixed seed 0 node subsample,0.02397894569726789,Movies,44,s45_masspres_entry_propagated_uniform,visual
0,11.61176872253418,86.92555236816406,20.78896141052246,0.3489587604999542,512,fixed seed 0 node subsample,0.3925678106630376,Movies,44,s45_masspres_persistent_uniform,text
1,8.775167465209961,45.42267608642578,15.044449806213379,0.4978844225406647,512,fixed seed 0 node subsample,0.12885439840872676,Movies,44,s45_masspres_persistent_uniform,text
2,8.268552780151367,36.334285736083984,11.816559791564941,0.5770637392997742,512,fixed seed 0 node subsample,0.06279958497389415,Movies,44,s45_masspres_persistent_uniform,text
3,8.019542694091797,34.794708251953125,9.889875411987305,0.6110962629318237,512,fixed seed 0 node subsample,0.045826867585894965,Movies,44,s45_masspres_persistent_uniform,text
0,12.002711296081543,96.55784606933594,52.21101760864258,0.3300532102584839,512,fixed seed 0 node subsample,0.3973247102754905,Movies,44,s45_masspres_persistent_uniform,visual
1,8.937076568603516,49.16084289550781,30.95089340209961,0.465149849653244,512,fixed seed 0 node subsample,0.13772880112946487,Movies,44,s45_masspres_persistent_uniform,visual
2,8.219734191894531,37.552955627441406,24.403749465942383,0.5454481244087219,512,fixed seed 0 node subsample,0.069698715813066,Movies,44,s45_masspres_persistent_uniform,visual
3,7.776505470275879,34.14702606201172,20.168193817138672,0.5794233679771423,512,fixed seed 0 node subsample,0.051142406345705056,Movies,44,s45_masspres_persistent_uniform,visual
0,11.90900707244873,92.74014282226562,26.564437866210938,0.34622812271118164,512,fixed seed 0 node subsample,0.37780326235869527,Grocery,42,s45_identity_terminal,text
1,8.408660888671875,45.53641128540039,14.602441787719727,0.5029491782188416,512,fixed seed 0 node subsample,0.10119819179236846,Grocery,42,s45_identity_terminal,text
2,7.871676921844482,32.95209884643555,13.189054489135742,0.5989505052566528,512,fixed seed 0 node subsample,0.047182787574783926,Grocery,42,s45_identity_terminal,text
3,7.34890604019165,30.023344039916992,10.272974967956543,0.645008385181427,512,fixed seed 0 node subsample,0.029248780625668658,Grocery,42,s45_identity_terminal,text
0,12.272111892700195,101.36656188964844,31.100854873657227,0.3320995271205902,512,fixed seed 0 node subsample,0.39738959979504,Grocery,42,s45_identity_terminal,visual
1,8.507218360900879,47.27455139160156,16.57292366027832,0.49341246485710144,512,fixed seed 0 node subsample,0.10426283466374486,Grocery,42,s45_identity_terminal,visual
2,7.926857948303223,34.064395904541016,14.970528602600098,0.5968401432037354,512,fixed seed 0 node subsample,0.047553430790434954,Grocery,42,s45_identity_terminal,visual
3,7.397259712219238,31.0107479095459,11.327855110168457,0.6443198919296265,512,fixed seed 0 node subsample,0.02910590568148293,Grocery,42,s45_identity_terminal,visual
0,11.964775085449219,94.68134307861328,33.02130889892578,0.3401009142398834,512,fixed seed 0 node subsample,0.38599743940377024,Grocery,42,s45_identity_uniform,text
1,8.388772964477539,45.61613082885742,16.209842681884766,0.49983081221580505,512,fixed seed 0 node subsample,0.10298204817648417,Grocery,42,s45_identity_uniform,text
2,7.841553688049316,32.93011474609375,14.520560264587402,0.598167359828949,512,fixed seed 0 node subsample,0.04766334545600486,Grocery,42,s45_identity_uniform,text
3,7.316900253295898,29.979597091674805,10.976011276245117,0.644758403301239,512,fixed seed 0 node subsample,0.02939273259152974,Grocery,42,s45_identity_uniform,text
0,12.063779830932617,97.25613403320312,40.91769790649414,0.3351817727088928,512,fixed seed 0 node subsample,0.40799001563310455,Grocery,42,s45_identity_uniform,visual
1,8.28872013092041,43.803775787353516,17.973424911499023,0.5061882734298706,512,fixed seed 0 node subsample,0.10582346770595914,Grocery,42,s45_identity_uniform,visual
2,7.71882963180542,31.14826202392578,16.17144203186035,0.6135514378547668,512,fixed seed 0 node subsample,0.04715680534438953,Grocery,42,s45_identity_uniform,visual
3,7.20546817779541,28.419225692749023,11.403382301330566,0.6619736552238464,512,fixed seed 0 node subsample,0.028275964557337684,Grocery,42,s45_identity_uniform,visual
0,11.90997314453125,93.82020568847656,28.473291397094727,0.33946001529693604,512,fixed seed 0 node subsample,0.3811140422331128,Grocery,42,s45_identity_propagated_uniform,text
1,8.383027076721191,45.81991195678711,15.2581148147583,0.49604350328445435,512,fixed seed 0 node subsample,0.1022806389868128,Grocery,42,s45_identity_propagated_uniform,text
2,7.838978290557861,33.20571517944336,13.679656028747559,0.5920913219451904,512,fixed seed 0 node subsample,0.04772646959073264,Grocery,42,s45_identity_propagated_uniform,text
3,7.314281940460205,30.211688995361328,10.652666091918945,0.638235330581665,512,fixed seed 0 node subsample,0.029628197312437123,Grocery,42,s45_identity_propagated_uniform,text
0,12.137751579284668,98.20455169677734,32.796531677246094,0.3369661569595337,512,fixed seed 0 node subsample,0.39590143815142914,Grocery,42,s45_identity_propagated_uniform,visual
1,8.42940616607666,45.93220138549805,16.62940216064453,0.4993475377559662,512,fixed seed 0 node subsample,0.10311027731943107,Grocery,42,s45_identity_propagated_uniform,visual
2,7.86690092086792,33.111244201660156,15.017783164978027,0.6024116277694702,512,fixed seed 0 node subsample,0.04676258209225257,Grocery,42,s45_identity_propagated_uniform,visual
3,7.346894264221191,30.232351303100586,11.207220077514648,0.6493829488754272,512,fixed seed 0 node subsample,0.02851915396235453,Grocery,42,s45_identity_propagated_uniform,visual
0,12.216618537902832,99.3472671508789,32.929710388183594,0.33465829491615295,512,fixed seed 0 node subsample,0.38862001433699905,Grocery,42,s45_unconstrained_entry_uniform,text
1,5.742275714874268,28.649993896484375,12.82604694366455,0.4522407650947571,512,fixed seed 0 node subsample,0.23184817456830592,Grocery,42,s45_unconstrained_entry_uniform,text
2,4.868223667144775,17.889795303344727,10.797038078308105,0.5495728254318237,512,fixed seed 0 node subsample,0.07758841457173624,Grocery,42,s45_unconstrained_entry_uniform,text
3,4.54132604598999,14.568902015686035,9.37989616394043,0.6196945905685425,512,fixed seed 0 node subsample,0.043305348936781986,Grocery,42,s45_unconstrained_entry_uniform,text
0,11.956929206848145,94.93834686279297,45.737247467041016,0.3393625319004059,512,fixed seed 0 node subsample,0.41334579859983167,Grocery,42,s45_unconstrained_entry_uniform,visual
1,13.338105201721191,125.93806457519531,11.718734741210938,0.5258961319923401,512,fixed seed 0 node subsample,0.11314720886527516,Grocery,42,s45_unconstrained_entry_uniform,visual
2,12.982735633850098,85.16658782958984,14.109124183654785,0.6430996656417847,512,fixed seed 0 node subsample,0.04376878760874113,Grocery,42,s45_unconstrained_entry_uniform,visual
3,12.157734870910645,80.12570190429688,9.3360013961792,0.6858962178230286,512,fixed seed 0 node subsample,0.025750963319921324,Grocery,42,s45_unconstrained_entry_uniform,visual
0,11.851034164428711,92.6307144165039,22.370235443115234,0.341704398393631,512,fixed seed 0 node subsample,0.3734752132811659,Grocery,42,s45_masspres_entry_terminal,text
1,8.812950134277344,55.01720428466797,14.578835487365723,0.4543158710002899,512,fixed seed 0 node subsample,0.17289166662345137,Grocery,42,s45_masspres_entry_terminal,text
2,8.029245376586914,35.024593353271484,12.863726615905762,0.5868269801139832,512,fixed seed 0 node subsample,0.05644702268784181,Grocery,42,s45_masspres_entry_terminal,text
3,7.452289581298828,31.44426918029785,9.90772533416748,0.6376549601554871,512,fixed seed 0 node subsample,0.031786869720469686,Grocery,42,s45_masspres_entry_terminal,text
0,12.303685188293457,102.94709014892578,25.58075523376465,0.32345205545425415,512,fixed seed 0 node subsample,0.39141829490915775,Grocery,42,s45_masspres_entry_terminal,visual
1,9.26559066772461,65.60918426513672,19.993196487426758,0.4060336947441101,512,fixed seed 0 node subsample,0.22522047325901345,Grocery,42,s45_masspres_entry_terminal,visual
2,8.17129135131836,38.63087844848633,16.29496955871582,0.5494644641876221,512,fixed seed 0 node subsample,0.06577316695024252,Grocery,42,s45_masspres_entry_terminal,visual
3,7.524557590484619,33.682132720947266,12.36596393585205,0.6115873456001282,512,fixed seed 0 node subsample,0.03601035110779228,Grocery,42,s45_masspres_entry_terminal,visual
0,11.917855262756348,94.0054702758789,30.67146110534668,0.3389701843261719,512,fixed seed 0 node subsample,0.38357256072002,Grocery,42,s45_masspres_entry_uniform,text
1,8.983827590942383,60.13449478149414,19.129735946655273,0.4303116500377655,512,fixed seed 0 node subsample,0.20691437117702657,Grocery,42,s45_masspres_entry_uniform,text
2,8.066170692443848,36.27727508544922,15.205855369567871,0.5669814944267273,512,fixed seed 0 node subsample,0.06086424018628963,Grocery,42,s45_masspres_entry_uniform,text
3,7.452705383300781,32.029380798339844,11.387665748596191,0.6250075697898865,512,fixed seed 0 node subsample,0.033763315865605,Grocery,42,s45_masspres_entry_uniform,text
0,12.043575286865234,97.0946273803711,38.30070877075195,0.33381855487823486,512,fixed seed 0 node subsample,0.40676599870769664,Grocery,42,s45_masspres_entry_uniform,visual
1,9.147320747375488,65.71048736572266,24.784677505493164,0.4135238528251648,512,fixed seed 0 node subsample,0.24327866092287295,Grocery,42,s45_masspres_entry_uniform,visual
2,8.078720092773438,37.63572311401367,18.734447479248047,0.54756760597229,512,fixed seed 0 node subsample,0.0682732559589015,Grocery,42,s45_masspres_entry_uniform,visual
3,7.418251037597656,32.60843276977539,13.417496681213379,0.6141473650932312,512,fixed seed 0 node subsample,0.03662195104882841,Grocery,42,s45_masspres_entry_uniform,visual
0,11.942185401916504,94.59815979003906,25.7181396484375,0.33835622668266296,512,fixed seed 0 node subsample,0.37826614524154284,Grocery,42,s45_masspres_entry_propagated_uniform,text
1,9.018043518066406,60.4459342956543,16.832006454467773,0.4308358132839203,512,fixed seed 0 node subsample,0.19785052828315688,Grocery,42,s45_masspres_entry_propagated_uniform,text
2,8.122211456298828,37.16560745239258,13.85145378112793,0.5627745389938354,512,fixed seed 0 node subsample,0.060646677228975564,Grocery,42,s45_masspres_entry_propagated_uniform,text
3,7.506454944610596,32.866939544677734,10.825346946716309,0.6183603405952454,512,fixed seed 0 node subsample,0.0340875579635181,Grocery,42,s45_masspres_entry_propagated_uniform,text
0,12.198647499084473,99.90025329589844,30.038787841796875,0.3332539200782776,512,fixed seed 0 node subsample,0.3949566936133215,Grocery,42,s45_masspres_entry_propagated_uniform,visual
1,9.160173416137695,63.887359619140625,21.22698974609375,0.4213589131832123,512,fixed seed 0 node subsample,0.21877863333875044,Grocery,42,s45_masspres_entry_propagated_uniform,visual
2,8.153562545776367,38.0223503112793,16.838661193847656,0.5545425415039062,512,fixed seed 0 node subsample,0.06461792430224286,Grocery,42,s45_masspres_entry_propagated_uniform,visual
3,7.5084228515625,33.21435546875,12.560739517211914,0.6163727045059204,512,fixed seed 0 node subsample,0.0354836286245565,Grocery,42,s45_masspres_entry_propagated_uniform,visual
0,11.898687362670898,93.0384521484375,28.972299575805664,0.3446959853172302,512,fixed seed 0 node subsample,0.3793508691043733,Grocery,42,s45_masspres_persistent_uniform,text
1,8.893936157226562,57.34600067138672,16.94403839111328,0.44412362575531006,512,fixed seed 0 node subsample,0.17069151583943537,Grocery,42,s45_masspres_persistent_uniform,text
2,8.445652961730957,46.18434143066406,14.149272918701172,0.5151804685592651,512,fixed seed 0 node subsample,0.11320789456927763,Grocery,42,s45_masspres_persistent_uniform,text
3,7.922321796417236,42.878395080566406,11.93852710723877,0.5401052832603455,512,fixed seed 0 node subsample,0.08971608658384966,Grocery,42,s45_masspres_persistent_uniform,text
0,12.035213470458984,96.90140533447266,35.683414459228516,0.3343850076198578,512,fixed seed 0 node subsample,0.4020594764317978,Grocery,42,s45_masspres_persistent_uniform,visual
1,8.850750923156738,56.74774932861328,20.539020538330078,0.44238054752349854,512,fixed seed 0 node subsample,0.17032372201735915,Grocery,42,s45_masspres_persistent_uniform,visual
2,8.405862808227539,45.80289077758789,16.701990127563477,0.520086407661438,512,fixed seed 0 node subsample,0.10583369343634078,Grocery,42,s45_masspres_persistent_uniform,visual
3,7.920307159423828,43.375797271728516,13.420429229736328,0.5474289655685425,512,fixed seed 0 node subsample,0.08244127915008155,Grocery,42,s45_masspres_persistent_uniform,visual
0,11.87003231048584,93.05857849121094,28.11138153076172,0.33919757604599,512,fixed seed 0 node subsample,0.38356920487704343,Grocery,43,s45_identity_terminal,text
1,8.336108207702637,45.00493621826172,15.095346450805664,0.4991915822029114,512,fixed seed 0 node subsample,0.10315751360191062,Grocery,43,s45_identity_terminal,text
2,7.788783550262451,32.394535064697266,13.631732940673828,0.5971243381500244,512,fixed seed 0 node subsample,0.04813137032459497,Grocery,43,s45_identity_terminal,text
3,7.264967918395996,29.429391860961914,10.524287223815918,0.6438590288162231,512,fixed seed 0 node subsample,0.029806707029305473,Grocery,43,s45_identity_terminal,text
0,12.283050537109375,101.88248443603516,34.487335205078125,0.3281606435775757,512,fixed seed 0 node subsample,0.40567193081781605,Grocery,43,s45_identity_terminal,visual
1,8.448443412780762,46.20389938354492,17.1436824798584,0.4968055784702301,512,fixed seed 0 node subsample,0.10647102457982772,Grocery,43,s45_identity_terminal,visual
2,7.852911472320557,32.933685302734375,15.397255897521973,0.6044475436210632,512,fixed seed 0 node subsample,0.04804643374117019,Grocery,43,s45_identity_terminal,visual
3,7.324543476104736,29.92325782775879,11.313482284545898,0.6536528468132019,512,fixed seed 0 node subsample,0.029083356490358127,Grocery,43,s45_identity_terminal,visual
0,11.900120735168457,93.95489501953125,31.66938591003418,0.33769145607948303,512,fixed seed 0 node subsample,0.38540833423986004,Grocery,43,s45_identity_uniform,text
1,8.347417831420898,45.4818115234375,15.847539901733398,0.4972086250782013,512,fixed seed 0 node subsample,0.10289544366253744,Grocery,43,s45_identity_uniform,text
2,7.8056321144104,32.905094146728516,14.163106918334961,0.5943989753723145,512,fixed seed 0 node subsample,0.04779318992530748,Grocery,43,s45_identity_uniform,text
3,7.282690525054932,29.956937789916992,10.87909984588623,0.6403917074203491,512,fixed seed 0 node subsample,0.02957274522183153,Grocery,43,s45_identity_uniform,text
0,12.032423973083496,96.6620864868164,38.0195426940918,0.3360443413257599,512,fixed seed 0 node subsample,0.404634335790488,Grocery,43,s45_identity_uniform,visual
1,8.293198585510254,44.054447174072266,17.433486938476562,0.5051926970481873,512,fixed seed 0 node subsample,0.10513465325952089,Grocery,43,s45_identity_uniform,visual
2,7.728059768676758,31.456911087036133,15.683563232421875,0.6110315918922424,512,fixed seed 0 node subsample,0.04704801974707045,Grocery,43,s45_identity_uniform,visual
3,7.2149128913879395,28.714622497558594,11.291085243225098,0.6588333249092102,512,fixed seed 0 node subsample,0.028334326596930668,Grocery,43,s45_identity_uniform,visual
0,11.85551643371582,92.3351058959961,28.367450714111328,0.34384584426879883,512,fixed seed 0 node subsample,0.3789760202329285,Grocery,43,s45_identity_propagated_uniform,text
1,8.362654685974121,45.26783752441406,15.12531566619873,0.5017709732055664,512,fixed seed 0 node subsample,0.10129890784784129,Grocery,43,s45_identity_propagated_uniform,text
2,7.8255534172058105,32.81254959106445,13.637262344360352,0.5976378321647644,512,fixed seed 0 node subsample,0.047252537293871834,Grocery,43,s45_identity_propagated_uniform,text
3,7.305909156799316,29.892858505249023,10.584936141967773,0.6430858969688416,512,fixed seed 0 node subsample,0.029344575208339142,Grocery,43,s45_identity_propagated_uniform,text
0,12.118520736694336,98.6920166015625,32.31914138793945,0.3313904404640198,512,fixed seed 0 node subsample,0.39780100948041835,Grocery,43,s45_identity_propagated_uniform,visual
1,8.398462295532227,45.989933013916016,16.52527618408203,0.49454957246780396,512,fixed seed 0 node subsample,0.10415016187293472,Grocery,43,s45_identity_propagated_uniform,visual
2,7.826786041259766,33.13422393798828,14.836664199829102,0.5982741117477417,512,fixed seed 0 node subsample,0.047378310725357246,Grocery,43,s45_identity_propagated_uniform,visual
3,7.305102825164795,30.18775177001953,11.216901779174805,0.6457595229148865,512,fixed seed 0 node subsample,0.028956666894094547,Grocery,43,s45_identity_propagated_uniform,visual
0,12.09196662902832,97.05317687988281,29.952682495117188,0.3370264768600464,512,fixed seed 0 node subsample,0.3824938789139339,Grocery,43,s45_unconstrained_entry_uniform,text
1,4.7955145835876465,20.398029327392578,14.378091812133789,0.43989676237106323,512,fixed seed 0 node subsample,0.2674636046918332,Grocery,43,s45_unconstrained_entry_uniform,text
2,3.9179487228393555,12.047403335571289,11.300488471984863,0.5342532396316528,512,fixed seed 0 node subsample,0.08867382536510332,Grocery,43,s45_unconstrained_entry_uniform,text
3,3.633594512939453,9.560382843017578,9.771849632263184,0.6073741912841797,512,fixed seed 0 node subsample,0.04698382859719431,Grocery,43,s45_unconstrained_entry_uniform,text
0,11.899298667907715,93.97340393066406,40.15648651123047,0.33884716033935547,512,fixed seed 0 node subsample,0.4056663384245286,Grocery,43,s45_unconstrained_entry_uniform,visual
1,13.7146577835083,135.80935668945312,11.485193252563477,0.5191857218742371,512,fixed seed 0 node subsample,0.11179185751777383,Grocery,43,s45_unconstrained_entry_uniform,visual
2,13.393376350402832,92.85311126708984,13.607776641845703,0.6319932341575623,512,fixed seed 0 node subsample,0.04341393451308298,Grocery,43,s45_unconstrained_entry_uniform,visual
3,12.547050476074219,87.44451904296875,9.394749641418457,0.6741130948066711,512,fixed seed 0 node subsample,0.025798088092170404,Grocery,43,s45_unconstrained_entry_uniform,visual
0,11.877164840698242,92.7498550415039,25.45277214050293,0.34473446011543274,512,fixed seed 0 node subsample,0.3784694637852442,Grocery,43,s45_masspres_entry_terminal,text
1,8.935857772827148,57.44940948486328,16.60975456237793,0.4555390179157257,512,fixed seed 0 node subsample,0.20338447723992564,Grocery,43,s45_masspres_entry_terminal,text
2,8.045748710632324,34.02718734741211,14.635809898376465,0.5990461111068726,512,fixed seed 0 node subsample,0.059885021109497096,Grocery,43,s45_masspres_entry_terminal,text
3,7.447944641113281,30.33853530883789,10.244524955749512,0.6535534858703613,512,fixed seed 0 node subsample,0.03209341877732052,Grocery,43,s45_masspres_entry_terminal,text
0,12.344827651977539,104.01167297363281,29.588207244873047,0.32049039006233215,512,fixed seed 0 node subsample,0.3999238463411419,Grocery,43,s45_masspres_entry_terminal,visual
1,9.419449806213379,70.56805419921875,22.581295013427734,0.394757479429245,512,fixed seed 0 node subsample,0.26460036679904,Grocery,43,s45_masspres_entry_terminal,visual
2,8.189509391784668,38.58717346191406,18.04009437561035,0.5467532873153687,512,fixed seed 0 node subsample,0.07222064259661047,Grocery,43,s45_masspres_entry_terminal,visual
3,7.502980709075928,33.204185485839844,12.937004089355469,0.6162536144256592,512,fixed seed 0 node subsample,0.03767827261410898,Grocery,43,s45_masspres_entry_terminal,visual
0,11.89995002746582,93.84928131103516,30.59976577758789,0.33854299783706665,512,fixed seed 0 node subsample,0.3830633612281097,Grocery,43,s45_masspres_entry_uniform,text
1,8.933830261230469,58.729068756103516,18.84389877319336,0.43881720304489136,512,fixed seed 0 node subsample,0.19536706751695643,Grocery,43,s45_masspres_entry_uniform,text
2,8.0601167678833,36.13816833496094,14.999451637268066,0.5695843696594238,512,fixed seed 0 node subsample,0.05945178110793275,Grocery,43,s45_masspres_entry_uniform,text
3,7.453326225280762,31.9976863861084,11.286208152770996,0.6259291172027588,512,fixed seed 0 node subsample,0.03337721253216269,Grocery,43,s45_masspres_entry_uniform,text
0,12.029742240905762,97.36678314208984,38.49479293823242,0.3306156098842621,512,fixed seed 0 node subsample,0.40743265497463604,Grocery,43,s45_masspres_entry_uniform,visual
1,9.090458869934082,64.08893585205078,24.07729721069336,0.4116922914981842,512,fixed seed 0 node subsample,0.2283414455961736,Grocery,43,s45_masspres_entry_uniform,visual
2,8.057239532470703,37.76133728027344,18.529695510864258,0.5461381077766418,512,fixed seed 0 node subsample,0.06586754509131068,Grocery,43,s45_masspres_entry_uniform,visual
3,7.411956310272217,32.87652587890625,13.531742095947266,0.6090716123580933,512,fixed seed 0 node subsample,0.03609408421275298,Grocery,43,s45_masspres_entry_uniform,visual
0,11.826793670654297,91.58165740966797,24.60040855407715,0.3467961847782135,512,fixed seed 0 node subsample,0.37258702376961816,Grocery,43,s45_masspres_entry_propagated_uniform,text
1,8.837300300598145,56.022796630859375,15.705175399780273,0.4522840082645416,512,fixed seed 0 node subsample,0.16856004814761155,Grocery,43,s45_masspres_entry_propagated_uniform,text
2,8.076240539550781,36.190616607666016,13.310582160949707,0.5696476101875305,512,fixed seed 0 node subsample,0.05618575715697628,Grocery,43,s45_masspres_entry_propagated_uniform,text
3,7.488397598266602,32.33063507080078,10.494039535522461,0.6222476363182068,512,fixed seed 0 node subsample,0.0325139134223754,Grocery,43,s45_masspres_entry_propagated_uniform,text
0,12.12955093383789,98.99819946289062,28.22804832458496,0.32902899384498596,512,fixed seed 0 node subsample,0.39067845595804157,Grocery,43,s45_masspres_entry_propagated_uniform,visual
1,9.065065383911133,61.51601028442383,19.283058166503906,0.42443910241127014,512,fixed seed 0 node subsample,0.19347084880826823,Grocery,43,s45_masspres_entry_propagated_uniform,visual
2,8.15677261352539,38.47616958618164,16.00567054748535,0.5505781769752502,512,fixed seed 0 node subsample,0.06073945564555526,Grocery,43,s45_masspres_entry_propagated_uniform,visual
3,7.534815788269043,33.983238220214844,12.353214263916016,0.6086432933807373,512,fixed seed 0 node subsample,0.0344345875681063,Grocery,43,s45_masspres_entry_propagated_uniform,visual
0,11.87336540222168,92.65779876708984,30.15056037902832,0.3441775143146515,512,fixed seed 0 node subsample,0.3805560645466674,Grocery,43,s45_masspres_persistent_uniform,text
1,8.792421340942383,55.044986724853516,17.493227005004883,0.4507301151752472,512,fixed seed 0 node subsample,0.16154448664470275,Grocery,43,s45_masspres_persistent_uniform,text
2,8.250977516174316,42.392791748046875,14.838780403137207,0.5267760753631592,512,fixed seed 0 node subsample,0.10087242262490828,Grocery,43,s45_masspres_persistent_uniform,text
3,7.67517614364624,38.67866516113281,12.291895866394043,0.5571516156196594,512,fixed seed 0 node subsample,0.07753575422474546,Grocery,43,s45_masspres_persistent_uniform,text
0,12.008321762084961,96.75371551513672,36.465789794921875,0.33187589049339294,512,fixed seed 0 node subsample,0.4026261368088004,Grocery,43,s45_masspres_persistent_uniform,visual
1,8.861810684204102,57.634029388427734,20.401033401489258,0.4343712031841278,512,fixed seed 0 node subsample,0.17076727989352924,Grocery,43,s45_masspres_persistent_uniform,visual
2,8.41810131072998,46.844112396240234,16.799957275390625,0.5073169469833374,512,fixed seed 0 node subsample,0.107044458177161,Grocery,43,s45_masspres_persistent_uniform,visual
3,7.924826145172119,44.317344665527344,13.976673126220703,0.5303550362586975,512,fixed seed 0 node subsample,0.0833236216676047,Grocery,43,s45_masspres_persistent_uniform,visual
0,11.979558944702148,94.2720947265625,27.35141944885254,0.34394311904907227,512,fixed seed 0 node subsample,0.37969913851272313,Grocery,44,s45_identity_terminal,text
1,8.441165924072266,46.0417366027832,14.873502731323242,0.5026273131370544,512,fixed seed 0 node subsample,0.10153645811802607,Grocery,44,s45_identity_terminal,text
2,7.894163608551025,33.319091796875,13.382652282714844,0.6009433269500732,512,fixed seed 0 node subsample,0.04723054059131534,Grocery,44,s45_identity_terminal,text
3,7.369287490844727,30.345781326293945,10.398585319519043,0.6475240588188171,512,fixed seed 0 node subsample,0.02923284443202095,Grocery,44,s45_identity_terminal,text
0,12.25793170928955,101.5393295288086,32.97409439086914,0.329010546207428,512,fixed seed 0 node subsample,0.40109475462876104,Grocery,44,s45_identity_terminal,visual
1,8.465826034545898,46.81317901611328,17.06468391418457,0.49180033802986145,512,fixed seed 0 node subsample,0.10539136523851449,Grocery,44,s45_identity_terminal,visual
2,7.875979423522949,33.58588409423828,15.421274185180664,0.5981754064559937,512,fixed seed 0 node subsample,0.04794886115979052,Grocery,44,s45_identity_terminal,visual
3,7.346731662750244,30.532438278198242,11.528693199157715,0.6464654207229614,512,fixed seed 0 node subsample,0.029261406955913827,Grocery,44,s45_identity_terminal,visual
0,11.897415161132812,92.82083892822266,28.999422073364258,0.34575915336608887,512,fixed seed 0 node subsample,0.3771262295417421,Grocery,44,s45_identity_uniform,text
1,8.40689468383789,45.89963150024414,15.15364933013916,0.5010191202163696,512,fixed seed 0 node subsample,0.1004761702086471,Grocery,44,s45_identity_uniform,text
2,7.878173828125,33.422080993652344,13.60891342163086,0.5965390801429749,512,fixed seed 0 node subsample,0.046814910810311465,Grocery,44,s45_identity_uniform,text
3,7.357254505157471,30.509008407592773,10.595685958862305,0.6418451070785522,512,fixed seed 0 node subsample,0.02908468476942765,Grocery,44,s45_identity_uniform,text
0,12.037114143371582,96.76612854003906,34.380523681640625,0.33718445897102356,512,fixed seed 0 node subsample,0.397252377650654,Grocery,44,s45_identity_uniform,visual
1,8.350608825683594,45.22336959838867,17.011228561401367,0.49937039613723755,512,fixed seed 0 node subsample,0.10360336205719721,Grocery,44,s45_identity_uniform,visual
2,7.794219970703125,32.59043884277344,15.404475212097168,0.6020530462265015,512,fixed seed 0 node subsample,0.04695336354783412,Grocery,44,s45_identity_uniform,visual
3,7.277266502380371,29.76394271850586,11.431350708007812,0.6487226486206055,512,fixed seed 0 node subsample,0.028624691045624123,Grocery,44,s45_identity_uniform,visual
0,11.83695125579834,91.81192016601562,25.989856719970703,0.3454340696334839,512,fixed seed 0 node subsample,0.3744069595247429,Grocery,44,s45_identity_propagated_uniform,text
1,8.382122993469238,45.72157287597656,14.406092643737793,0.5005243420600891,512,fixed seed 0 node subsample,0.09983311902056456,Grocery,44,s45_identity_propagated_uniform,text
2,7.855840682983398,33.379356384277344,12.936151504516602,0.5954445600509644,512,fixed seed 0 node subsample,0.04667304205633526,Grocery,44,s45_identity_propagated_uniform,text
3,7.337611198425293,30.47684097290039,10.275033950805664,0.6404588222503662,512,fixed seed 0 node subsample,0.029091325635254534,Grocery,44,s45_identity_propagated_uniform,text
0,12.099516868591309,97.77719116210938,29.927366256713867,0.3356339931488037,512,fixed seed 0 node subsample,0.38984620894267924,Grocery,44,s45_identity_propagated_uniform,visual
1,8.445906639099121,46.728031158447266,16.11435317993164,0.493198037147522,512,fixed seed 0 node subsample,0.10195514342285937,Grocery,44,s45_identity_propagated_uniform,visual
2,7.888856887817383,33.947269439697266,14.61511516571045,0.594847559928894,512,fixed seed 0 node subsample,0.046750758700464794,Grocery,44,s45_identity_propagated_uniform,visual
3,7.367413520812988,31.005321502685547,11.24564266204834,0.6410813331604004,512,fixed seed 0 node subsample,0.02881579218031581,Grocery,44,s45_identity_propagated_uniform,visual
0,11.976805686950684,95.09217071533203,26.535017013549805,0.3379691541194916,512,fixed seed 0 node subsample,0.37545053437951337,Grocery,44,s45_unconstrained_entry_uniform,text
1,6.353057384490967,25.744979858398438,17.178848266601562,0.4784279465675354,512,fixed seed 0 node subsample,0.12466191885526841,Grocery,44,s45_unconstrained_entry_uniform,text
2,5.674454212188721,18.504638671875,13.629971504211426,0.5685926675796509,512,fixed seed 0 node subsample,0.05504457813067147,Grocery,44,s45_unconstrained_entry_uniform,text
3,5.291058540344238,16.160844802856445,11.122273445129395,0.6180353164672852,512,fixed seed 0 node subsample,0.033051198103821865,Grocery,44,s45_unconstrained_entry_uniform,text
0,11.90756893157959,92.94546508789062,33.21933364868164,0.34699028730392456,512,fixed seed 0 node subsample,0.3943548356322632,Grocery,44,s45_unconstrained_entry_uniform,visual
1,13.880192756652832,139.5286102294922,11.037827491760254,0.521665096282959,512,fixed seed 0 node subsample,0.10911023789980644,Grocery,44,s45_unconstrained_entry_uniform,visual
2,13.591202735900879,96.23271179199219,12.893350601196289,0.6304359436035156,512,fixed seed 0 node subsample,0.04302681567144992,Grocery,44,s45_unconstrained_entry_uniform,visual
3,12.73806095123291,90.69774627685547,9.222794532775879,0.6712383031845093,512,fixed seed 0 node subsample,0.025855405251048295,Grocery,44,s45_unconstrained_entry_uniform,visual
0,11.938966751098633,94.70913696289062,23.788028717041016,0.33735230565071106,512,fixed seed 0 node subsample,0.3761418204980404,Grocery,44,s45_masspres_entry_terminal,text
1,8.828360557556152,55.387489318847656,15.843021392822266,0.45209795236587524,512,fixed seed 0 node subsample,0.1698027922654835,Grocery,44,s45_masspres_entry_terminal,text
2,8.026861190795898,35.70502853393555,13.840806007385254,0.5773800611495972,512,fixed seed 0 node subsample,0.05689209721560779,Grocery,44,s45_masspres_entry_terminal,text
3,7.446577548980713,31.902359008789062,10.709986686706543,0.6294111013412476,512,fixed seed 0 node subsample,0.03238031953544069,Grocery,44,s45_masspres_entry_terminal,text
0,12.33747673034668,103.53096008300781,26.669017791748047,0.3231029808521271,512,fixed seed 0 node subsample,0.39365294751752555,Grocery,44,s45_masspres_entry_terminal,visual
1,9.28227424621582,66.75181579589844,20.575674057006836,0.40540561079978943,512,fixed seed 0 node subsample,0.23816258522110464,Grocery,44,s45_masspres_entry_terminal,visual
2,8.170028686523438,38.549232482910156,16.645736694335938,0.5484966039657593,512,fixed seed 0 node subsample,0.06890080885867199,Grocery,44,s45_masspres_entry_terminal,visual
3,7.505424499511719,33.44488525390625,12.49936294555664,0.6142795085906982,512,fixed seed 0 node subsample,0.03696913792779755,Grocery,44,s45_masspres_entry_terminal,visual
0,11.918313026428223,93.95345306396484,27.810434341430664,0.33936455845832825,512,fixed seed 0 node subsample,0.37731273912657953,Grocery,44,s45_masspres_entry_uniform,text
1,8.887299537658691,57.04569625854492,17.588607788085938,0.44607746601104736,512,fixed seed 0 node subsample,0.17523819974133062,Grocery,44,s45_masspres_entry_uniform,text
2,8.077345848083496,36.50892639160156,14.618149757385254,0.5710405707359314,512,fixed seed 0 node subsample,0.05695192255720044,Grocery,44,s45_masspres_entry_uniform,text
3,7.48888635635376,32.516883850097656,11.257841110229492,0.6220149397850037,512,fixed seed 0 node subsample,0.03280997788090135,Grocery,44,s45_masspres_entry_uniform,text
0,12.037131309509277,96.04138946533203,32.63949203491211,0.3395082950592041,512,fixed seed 0 node subsample,0.39643907407811135,Grocery,44,s45_masspres_entry_uniform,visual
1,8.972249031066895,59.57936096191406,20.671566009521484,0.43264755606651306,512,fixed seed 0 node subsample,0.19284987255942773,Grocery,44,s45_masspres_entry_uniform,visual
2,8.064743041992188,37.18252182006836,16.819236755371094,0.5593152046203613,512,fixed seed 0 node subsample,0.06058847052290535,Grocery,44,s45_masspres_entry_uniform,visual
3,7.45051908493042,32.789451599121094,12.649518966674805,0.6162188053131104,512,fixed seed 0 node subsample,0.03439764268342751,Grocery,44,s45_masspres_entry_uniform,visual
0,11.932169914245605,93.15559387207031,25.253992080688477,0.34726470708847046,512,fixed seed 0 node subsample,0.37269454447312744,Grocery,44,s45_masspres_entry_propagated_uniform,text
1,8.974211692810059,58.1866455078125,16.70380401611328,0.4493909776210785,512,fixed seed 0 node subsample,0.17835632736898008,Grocery,44,s45_masspres_entry_propagated_uniform,text
2,8.159900665283203,36.9181022644043,14.000582695007324,0.5737778544425964,512,fixed seed 0 node subsample,0.05736897025801696,Grocery,44,s45_masspres_entry_propagated_uniform,text
3,7.562315940856934,32.895721435546875,10.828758239746094,0.6259638071060181,512,fixed seed 0 node subsample,0.03282343613194376,Grocery,44,s45_masspres_entry_propagated_uniform,text
0,12.187884330749512,100.19866943359375,28.37833023071289,0.327832967042923,512,fixed seed 0 node subsample,0.3939410197115809,Grocery,44,s45_masspres_entry_propagated_uniform,visual
1,9.047713279724121,60.92661666870117,19.57508087158203,0.4230659008026123,512,fixed seed 0 node subsample,0.19632581806381674,Grocery,44,s45_masspres_entry_propagated_uniform,visual
2,8.101654052734375,37.75275802612305,15.980731964111328,0.5545248985290527,512,fixed seed 0 node subsample,0.061567583193858105,Grocery,44,s45_masspres_entry_propagated_uniform,visual
3,7.479091644287109,33.19086837768555,12.285249710083008,0.6129934787750244,512,fixed seed 0 node subsample,0.03480441405560034,Grocery,44,s45_masspres_entry_propagated_uniform,visual
0,11.962376594543457,95.0237045288086,31.508577346801758,0.337553471326828,512,fixed seed 0 node subsample,0.3849594613508984,Grocery,44,s45_masspres_persistent_uniform,text
1,8.891350746154785,57.28994369506836,18.492252349853516,0.4419073462486267,512,fixed seed 0 node subsample,0.16904582727364012,Grocery,44,s45_masspres_persistent_uniform,text
2,8.335001945495605,44.80131912231445,15.456753730773926,0.5144079327583313,512,fixed seed 0 node subsample,0.10731994968170408,Grocery,44,s45_masspres_persistent_uniform,text
3,7.771327018737793,41.279903411865234,12.95164680480957,0.5417587161064148,512,fixed seed 0 node subsample,0.08500137398167763,Grocery,44,s45_masspres_persistent_uniform,text
0,12.066377639770508,97.86425018310547,37.03136444091797,0.3302132189273834,512,fixed seed 0 node subsample,0.40623193640348476,Grocery,44,s45_masspres_persistent_uniform,visual
1,8.673528671264648,52.221561431884766,19.828704833984375,0.4568846821784973,512,fixed seed 0 node subsample,0.14939357027544403,Grocery,44,s45_masspres_persistent_uniform,visual
2,8.081957817077637,38.78876876831055,16.907773971557617,0.5531389117240906,512,fixed seed 0 node subsample,0.08235292521385991,Grocery,44,s45_masspres_persistent_uniform,visual
3,7.525115489959717,35.40850067138672,13.215249061584473,0.5908904075622559,512,fixed seed 0 node subsample,0.05856056388573714,Grocery,44,s45_masspres_persistent_uniform,visual
0,12.30672836303711,101.75739288330078,15.355671882629395,0.3299209773540497,512,fixed seed 0 node subsample,0.3229756132479738,ele-fashion,42,s45_identity_terminal,text
1,8.801712036132812,73.40274810791016,9.868424415588379,0.384758859872818,512,fixed seed 0 node subsample,0.10982116087657023,ele-fashion,42,s45_identity_terminal,text
2,9.113231658935547,55.55763626098633,8.9118070602417,0.45197901129722595,512,fixed seed 0 node subsample,0.04582289733981683,ele-fashion,42,s45_identity_terminal,text
3,8.317331314086914,55.857276916503906,8.305024147033691,0.47135892510414124,512,fixed seed 0 node subsample,0.023793336249461762,ele-fashion,42,s45_identity_terminal,text
0,11.97109317779541,93.38623046875,16.151437759399414,0.34399089217185974,512,fixed seed 0 node subsample,0.36410987620419233,ele-fashion,42,s45_identity_terminal,visual
1,8.26720905303955,61.53924560546875,8.569807052612305,0.43471068143844604,512,fixed seed 0 node subsample,0.12187804181700095,ele-fashion,42,s45_identity_terminal,visual
2,8.514915466308594,43.631526947021484,8.156953811645508,0.5212141871452332,512,fixed seed 0 node subsample,0.04913205398636177,ele-fashion,42,s45_identity_terminal,visual
3,7.740095138549805,44.560245513916016,7.222695350646973,0.5455060601234436,512,fixed seed 0 node subsample,0.024212806660849368,ele-fashion,42,s45_identity_terminal,visual
0,12.043577194213867,95.92234802246094,17.627777099609375,0.3390682339668274,512,fixed seed 0 node subsample,0.32556556128452235,ele-fashion,42,s45_identity_uniform,text
1,8.595879554748535,68.75365447998047,10.431069374084473,0.39838457107543945,512,fixed seed 0 node subsample,0.11023865532367715,ele-fashion,42,s45_identity_uniform,text
2,8.88651180267334,51.41572189331055,9.83241081237793,0.46988368034362793,512,fixed seed 0 node subsample,0.045914615757132876,ele-fashion,42,s45_identity_uniform,text
3,8.11072826385498,51.8548583984375,8.849492073059082,0.4904928207397461,512,fixed seed 0 node subsample,0.023806437400663627,ele-fashion,42,s45_identity_uniform,text
0,11.638230323791504,86.92154693603516,19.279621124267578,0.3532816767692566,512,fixed seed 0 node subsample,0.36650659853702594,ele-fashion,42,s45_identity_uniform,visual
1,8.022994995117188,56.52116394042969,9.063640594482422,0.4466708302497864,512,fixed seed 0 node subsample,0.12198879989431217,ele-fashion,42,s45_identity_uniform,visual
2,8.240034103393555,39.4533576965332,9.081243515014648,0.5384336113929749,512,fixed seed 0 node subsample,0.04883808700835052,ele-fashion,42,s45_identity_uniform,visual
3,7.494555473327637,40.46820831298828,7.645668029785156,0.5638890266418457,512,fixed seed 0 node subsample,0.02392739592896924,ele-fashion,42,s45_identity_uniform,visual
0,12.166234970092773,98.28559875488281,14.318360328674316,0.3379621207714081,512,fixed seed 0 node subsample,0.31836776573186043,ele-fashion,42,s45_identity_propagated_uniform,text
1,8.736063003540039,71.896484375,9.452862739562988,0.39118778705596924,512,fixed seed 0 node subsample,0.10789840398676859,ele-fashion,42,s45_identity_propagated_uniform,text
2,9.063817024230957,54.523902893066406,8.562918663024902,0.45697104930877686,512,fixed seed 0 node subsample,0.044970487891097526,ele-fashion,42,s45_identity_propagated_uniform,text
3,8.279097557067871,54.96385192871094,8.02490234375,0.47571155428886414,512,fixed seed 0 node subsample,0.02332929777820542,ele-fashion,42,s45_identity_propagated_uniform,text
0,11.77200698852539,88.67760467529297,15.550904273986816,0.35543742775917053,512,fixed seed 0 node subsample,0.35742111119585146,ele-fashion,42,s45_identity_propagated_uniform,visual
1,8.18282699584961,59.53373336791992,8.404762268066406,0.44371211528778076,512,fixed seed 0 node subsample,0.11874249591068332,ele-fashion,42,s45_identity_propagated_uniform,visual
2,8.448636054992676,42.30291748046875,8.05721378326416,0.5275977253913879,512,fixed seed 0 node subsample,0.04771967807813849,ele-fashion,42,s45_identity_propagated_uniform,visual
3,7.691660404205322,43.387874603271484,7.1481122970581055,0.5509093999862671,512,fixed seed 0 node subsample,0.023473714462066603,ele-fashion,42,s45_identity_propagated_uniform,visual
0,12.203457832336426,99.10494232177734,13.486068725585938,0.3352859914302826,512,fixed seed 0 node subsample,0.3168255366058887,ele-fashion,42,s45_unconstrained_entry_uniform,text
1,6.078911781311035,32.70992660522461,8.711811065673828,0.36717677116394043,512,fixed seed 0 node subsample,0.18037868461883685,ele-fashion,42,s45_unconstrained_entry_uniform,text
2,5.284864902496338,25.035160064697266,6.694717884063721,0.41963082551956177,512,fixed seed 0 node subsample,0.058701702722218814,ele-fashion,42,s45_unconstrained_entry_uniform,text
3,5.075479984283447,22.424787521362305,5.9377360343933105,0.4589420557022095,512,fixed seed 0 node subsample,0.026750246378765243,ele-fashion,42,s45_unconstrained_entry_uniform,text
0,11.793485641479492,89.09696960449219,17.333120346069336,0.3558095693588257,512,fixed seed 0 node subsample,0.36290090973012634,ele-fashion,42,s45_unconstrained_entry_uniform,visual
1,5.874753952026367,30.814762115478516,12.89810848236084,0.41337865591049194,512,fixed seed 0 node subsample,0.24569642504414974,ele-fashion,42,s45_unconstrained_entry_uniform,visual
2,4.941196441650391,21.022043228149414,10.569350242614746,0.49809780716896057,512,fixed seed 0 node subsample,0.07558396952499058,ele-fashion,42,s45_unconstrained_entry_uniform,visual
3,4.767026424407959,17.88294792175293,9.539501190185547,0.5483360290527344,512,fixed seed 0 node subsample,0.03265414044921959,ele-fashion,42,s45_unconstrained_entry_uniform,visual
0,12.410465240478516,104.1191635131836,12.320433616638184,0.32593509554862976,512,fixed seed 0 node subsample,0.31964109212483494,ele-fashion,42,s45_masspres_entry_terminal,text
1,8.94807243347168,77.62122344970703,10.64284896850586,0.37556368112564087,512,fixed seed 0 node subsample,0.22372226666492057,ele-fashion,42,s45_masspres_entry_terminal,text
2,8.840975761413574,49.99883270263672,10.194247245788574,0.5048224925994873,512,fixed seed 0 node subsample,0.06945187409251638,ele-fashion,42,s45_masspres_entry_terminal,text
3,8.070240020751953,49.55025863647461,8.41463851928711,0.5154039859771729,512,fixed seed 0 node subsample,0.029818740092316193,ele-fashion,42,s45_masspres_entry_terminal,text
0,12.06893253326416,95.57825469970703,13.705313682556152,0.3393523693084717,512,fixed seed 0 node subsample,0.35934726966168234,ele-fashion,42,s45_masspres_entry_terminal,visual
1,8.574824333190918,72.7905044555664,14.233436584472656,0.3950735330581665,512,fixed seed 0 node subsample,0.29571306317639057,ele-fashion,42,s45_masspres_entry_terminal,visual
2,8.263842582702637,41.46730422973633,12.31964111328125,0.5283684134483337,512,fixed seed 0 node subsample,0.08688620852586457,ele-fashion,42,s45_masspres_entry_terminal,visual
3,7.4391865730285645,39.67658233642578,9.471856117248535,0.5689838528633118,512,fixed seed 0 node subsample,0.03530787324003155,ele-fashion,42,s45_masspres_entry_terminal,visual
0,12.147015571594238,97.2607421875,13.90049934387207,0.3430841267108917,512,fixed seed 0 node subsample,0.31712211645207417,ele-fashion,42,s45_masspres_entry_uniform,text
1,8.840534210205078,76.2485122680664,9.22835922241211,0.3940672278404236,512,fixed seed 0 node subsample,0.2026025860585031,ele-fashion,42,s45_masspres_entry_uniform,text
2,8.952813148498535,50.030311584472656,9.17178726196289,0.5021112561225891,512,fixed seed 0 node subsample,0.06551624510957565,ele-fashion,42,s45_masspres_entry_uniform,text
3,8.14243221282959,50.313812255859375,7.552709102630615,0.5187864303588867,512,fixed seed 0 node subsample,0.028688398577447184,ele-fashion,42,s45_masspres_entry_uniform,text
0,11.725275993347168,87.17068481445312,16.900087356567383,0.3611607253551483,512,fixed seed 0 node subsample,0.3592515060169302,ele-fashion,42,s45_masspres_entry_uniform,visual
1,8.378284454345703,66.41512298583984,13.32001781463623,0.41696375608444214,512,fixed seed 0 node subsample,0.23496568619762867,ele-fashion,42,s45_masspres_entry_uniform,visual
2,8.243398666381836,40.493255615234375,12.27025032043457,0.530983030796051,512,fixed seed 0 node subsample,0.07062323568830277,ele-fashion,42,s45_masspres_entry_uniform,visual
3,7.442726135253906,39.82904052734375,9.38452434539795,0.5681459903717041,512,fixed seed 0 node subsample,0.030367328683469547,ele-fashion,42,s45_masspres_entry_uniform,visual
0,12.25477409362793,99.2221908569336,13.653865814208984,0.3419189453125,512,fixed seed 0 node subsample,0.317706860681401,ele-fashion,42,s45_masspres_entry_propagated_uniform,text
1,8.87469482421875,74.3562240600586,9.206953048706055,0.39218124747276306,512,fixed seed 0 node subsample,0.1655166330414986,ele-fashion,42,s45_masspres_entry_propagated_uniform,text
2,8.995874404907227,51.37487030029297,8.496723175048828,0.49534872174263,512,fixed seed 0 node subsample,0.05612845626168487,ele-fashion,42,s45_masspres_entry_propagated_uniform,text
3,8.22829532623291,51.81036376953125,7.529862403869629,0.5072394609451294,512,fixed seed 0 node subsample,0.025818897976894087,ele-fashion,42,s45_masspres_entry_propagated_uniform,text
0,11.97884464263916,92.6748046875,14.967318534851074,0.3486585021018982,512,fixed seed 0 node subsample,0.36184920444833407,ele-fashion,42,s45_masspres_entry_propagated_uniform,visual
1,8.548749923706055,73.00557708740234,15.342026710510254,0.40436631441116333,512,fixed seed 0 node subsample,0.2996138179919114,ele-fashion,42,s45_masspres_entry_propagated_uniform,visual
2,8.291436195373535,41.6111946105957,13.662874221801758,0.5265541672706604,512,fixed seed 0 node subsample,0.0903942308416228,ele-fashion,42,s45_masspres_entry_propagated_uniform,visual
3,7.439671039581299,39.684814453125,10.063008308410645,0.5701323747634888,512,fixed seed 0 node subsample,0.03694025834220551,ele-fashion,42,s45_masspres_entry_propagated_uniform,visual
0,12.157769203186035,97.05587005615234,13.345995903015137,0.34511107206344604,512,fixed seed 0 node subsample,0.31447076987306577,ele-fashion,42,s45_masspres_persistent_uniform,text
1,8.814815521240234,73.57637786865234,9.585860252380371,0.39387786388397217,512,fixed seed 0 node subsample,0.12919875780146553,ele-fashion,42,s45_masspres_persistent_uniform,text
2,9.225153923034668,58.13623809814453,8.94098949432373,0.45789989829063416,512,fixed seed 0 node subsample,0.06214001193085183,ele-fashion,42,s45_masspres_persistent_uniform,text
3,8.504334449768066,59.07874298095703,8.324677467346191,0.473227858543396,512,fixed seed 0 node subsample,0.035728840858842995,ele-fashion,42,s45_masspres_persistent_uniform,text
0,11.72640323638916,86.76519775390625,16.04924964904785,0.3648003041744232,512,fixed seed 0 node subsample,0.35611638247767924,ele-fashion,42,s45_masspres_persistent_uniform,visual
1,8.29592514038086,62.961856842041016,11.136500358581543,0.4329162836074829,512,fixed seed 0 node subsample,0.20354659947910422,ele-fashion,42,s45_masspres_persistent_uniform,visual
2,8.588898658752441,48.61406707763672,11.699713706970215,0.5309252738952637,512,fixed seed 0 node subsample,0.12421436984605058,ele-fashion,42,s45_masspres_persistent_uniform,visual
3,7.8856401443481445,49.07353210449219,9.185400009155273,0.5538274049758911,512,fixed seed 0 node subsample,0.07452328876265253,ele-fashion,42,s45_masspres_persistent_uniform,visual
0,12.30824089050293,101.21907043457031,16.46473503112793,0.33283647894859314,512,fixed seed 0 node subsample,0.3249443567407169,ele-fashion,43,s45_identity_terminal,text
1,8.79050064086914,72.80061340332031,10.333456039428711,0.3901717960834503,512,fixed seed 0 node subsample,0.11086312655930324,ele-fashion,43,s45_identity_terminal,text
2,9.100217819213867,54.78132629394531,9.641067504882812,0.45845678448677063,512,fixed seed 0 node subsample,0.046309712756528676,ele-fashion,43,s45_identity_terminal,text
3,8.301836967468262,55.12089920043945,8.822159767150879,0.47829964756965637,512,fixed seed 0 node subsample,0.02404321605317807,ele-fashion,43,s45_identity_terminal,text
0,12.100037574768066,94.38481903076172,17.12516975402832,0.34954115748405457,512,fixed seed 0 node subsample,0.36365945604471694,ele-fashion,43,s45_identity_terminal,visual
1,8.356995582580566,62.25770568847656,8.550230979919434,0.4416821599006653,512,fixed seed 0 node subsample,0.12169588056719517,ele-fashion,43,s45_identity_terminal,visual
2,8.602503776550293,43.80497360229492,8.499702453613281,0.5295457243919373,512,fixed seed 0 node subsample,0.04893369010072613,ele-fashion,43,s45_identity_terminal,visual
3,7.82136869430542,44.889564514160156,7.292510509490967,0.5543262362480164,512,fixed seed 0 node subsample,0.02404129006925249,ele-fashion,43,s45_identity_terminal,visual
0,12.011604309082031,95.50972747802734,17.25867462158203,0.3374342918395996,512,fixed seed 0 node subsample,0.3253509690191823,ele-fashion,43,s45_identity_uniform,text
1,8.574957847595215,68.38800048828125,10.270496368408203,0.39696696400642395,512,fixed seed 0 node subsample,0.1102692222104884,ele-fashion,43,s45_identity_uniform,text
2,8.861894607543945,51.19558334350586,9.555416107177734,0.4675157070159912,512,fixed seed 0 node subsample,0.04589654847429855,ele-fashion,43,s45_identity_uniform,text
3,8.088969230651855,51.59983444213867,8.653820991516113,0.48826345801353455,512,fixed seed 0 node subsample,0.023785065992141276,ele-fashion,43,s45_identity_uniform,text
0,11.798897743225098,88.33425903320312,18.757604598999023,0.3613406717777252,512,fixed seed 0 node subsample,0.3639609022441582,ele-fashion,43,s45_identity_uniform,visual
1,8.150761604309082,58.04107666015625,8.686264991760254,0.45550858974456787,512,fixed seed 0 node subsample,0.12078598072019049,ele-fashion,43,s45_identity_uniform,visual
2,8.384246826171875,40.43830490112305,8.76203441619873,0.5464298129081726,512,fixed seed 0 node subsample,0.048283932924881715,ele-fashion,43,s45_identity_uniform,visual
3,7.629162788391113,41.631595611572266,7.354757785797119,0.5710453391075134,512,fixed seed 0 node subsample,0.023607523618323106,ele-fashion,43,s45_identity_uniform,visual
0,12.185053825378418,98.65270233154297,13.22900390625,0.33584266901016235,512,fixed seed 0 node subsample,0.3164859276478072,ele-fashion,43,s45_identity_propagated_uniform,text
1,8.765934944152832,72.92256927490234,9.15599536895752,0.3882574737071991,512,fixed seed 0 node subsample,0.10772316395445546,ele-fashion,43,s45_identity_propagated_uniform,text
2,9.119997024536133,55.54745864868164,8.291089057922363,0.45122724771499634,512,fixed seed 0 node subsample,0.04498059994489599,ele-fashion,43,s45_identity_propagated_uniform,text
3,8.329432487487793,56.015872955322266,7.864517688751221,0.46961575746536255,512,fixed seed 0 node subsample,0.023334367436607203,ele-fashion,43,s45_identity_propagated_uniform,text
0,11.949617385864258,90.59971618652344,14.354737281799316,0.35989853739738464,512,fixed seed 0 node subsample,0.35277148617350335,ele-fashion,43,s45_identity_propagated_uniform,visual
1,8.337409019470215,61.84611129760742,7.899600505828857,0.44576722383499146,512,fixed seed 0 node subsample,0.11695545263739787,ele-fashion,43,s45_identity_propagated_uniform,visual
2,8.62552547454834,44.096248626708984,7.574548244476318,0.5277121067047119,512,fixed seed 0 node subsample,0.04698695041574913,ele-fashion,43,s45_identity_propagated_uniform,visual
3,7.8572869300842285,45.3410758972168,6.765962600708008,0.550355076789856,512,fixed seed 0 node subsample,0.02310965621969404,ele-fashion,43,s45_identity_propagated_uniform,visual
0,12.164546966552734,98.69051361083984,15.012794494628906,0.33284997940063477,512,fixed seed 0 node subsample,0.32261142706891044,ele-fashion,43,s45_unconstrained_entry_uniform,text
1,6.013185977935791,31.462888717651367,9.327132225036621,0.3661949932575226,512,fixed seed 0 node subsample,0.17558249349194327,ele-fashion,43,s45_unconstrained_entry_uniform,text
2,5.177839279174805,24.26447296142578,7.0604705810546875,0.4203808307647705,512,fixed seed 0 node subsample,0.058467553723463156,ele-fashion,43,s45_unconstrained_entry_uniform,text
3,4.984062671661377,21.6575927734375,6.254345417022705,0.4626091718673706,512,fixed seed 0 node subsample,0.026946821109677725,ele-fashion,43,s45_unconstrained_entry_uniform,text
0,11.801894187927246,89.01849365234375,20.296785354614258,0.35396435856819153,512,fixed seed 0 node subsample,0.3697224959114173,ele-fashion,43,s45_unconstrained_entry_uniform,visual
1,5.389318466186523,25.935569763183594,16.176368713378906,0.407607764005661,512,fixed seed 0 node subsample,0.2929675705392174,ele-fashion,43,s45_unconstrained_entry_uniform,visual
2,4.288024425506592,16.891765594482422,11.493912696838379,0.49524277448654175,512,fixed seed 0 node subsample,0.09575898210809197,ele-fashion,43,s45_unconstrained_entry_uniform,visual
3,4.165719509124756,13.578514099121094,11.093391418457031,0.5570659041404724,512,fixed seed 0 node subsample,0.040375660334916214,ele-fashion,43,s45_unconstrained_entry_uniform,visual
0,12.389020919799805,103.81294250488281,11.86324405670166,0.3255704939365387,512,fixed seed 0 node subsample,0.3198901254766551,ele-fashion,43,s45_masspres_entry_terminal,text
1,8.92426586151123,77.31966400146484,11.344500541687012,0.3738586902618408,512,fixed seed 0 node subsample,0.22289019833353674,ele-fashion,43,s45_masspres_entry_terminal,text
2,8.804818153381348,50.44328308105469,10.393739700317383,0.4946449398994446,512,fixed seed 0 node subsample,0.0692838430230396,ele-fashion,43,s45_masspres_entry_terminal,text
3,8.04165267944336,49.68291473388672,8.803686141967773,0.5074471235275269,512,fixed seed 0 node subsample,0.029908055219960886,ele-fashion,43,s45_masspres_entry_terminal,text
0,12.048117637634277,93.82801818847656,14.438488006591797,0.34694039821624756,512,fixed seed 0 node subsample,0.3585310823783579,ele-fashion,43,s45_masspres_entry_terminal,visual
1,8.56788444519043,70.61608123779297,11.58286190032959,0.4061105251312256,512,fixed seed 0 node subsample,0.2833819831706202,ele-fashion,43,s45_masspres_entry_terminal,visual
2,8.280004501342773,39.511024475097656,11.665657997131348,0.5554907321929932,512,fixed seed 0 node subsample,0.08439186854620218,ele-fashion,43,s45_masspres_entry_terminal,visual
3,7.463342189788818,38.66065216064453,8.45802116394043,0.5920172929763794,512,fixed seed 0 node subsample,0.03438341287079477,ele-fashion,43,s45_masspres_entry_terminal,visual
0,12.17885971069336,98.77374267578125,12.7650785446167,0.33629316091537476,512,fixed seed 0 node subsample,0.3167946365840152,ele-fashion,43,s45_masspres_entry_uniform,text
1,8.815485954284668,74.04776000976562,9.176889419555664,0.38815033435821533,512,fixed seed 0 node subsample,0.1620661935589354,ele-fashion,43,s45_masspres_entry_uniform,text
2,8.963997840881348,51.86908721923828,8.543560028076172,0.48711851239204407,512,fixed seed 0 node subsample,0.05578010967505198,ele-fashion,43,s45_masspres_entry_uniform,text
3,8.201085090637207,52.30085754394531,7.612570762634277,0.497476726770401,512,fixed seed 0 node subsample,0.02570867003161478,ele-fashion,43,s45_masspres_entry_uniform,text
0,11.810175895690918,86.78187561035156,16.891380310058594,0.37094470858573914,512,fixed seed 0 node subsample,0.3577308311846935,ele-fashion,43,s45_masspres_entry_uniform,visual
1,8.474936485290527,69.70911407470703,14.495402336120605,0.4305213689804077,512,fixed seed 0 node subsample,0.27972145226560413,ele-fashion,43,s45_masspres_entry_uniform,visual
2,8.291610717773438,39.97850036621094,13.307027816772461,0.5439437627792358,512,fixed seed 0 node subsample,0.08234800894227282,ele-fashion,43,s45_masspres_entry_uniform,visual
3,7.456207275390625,38.64229202270508,9.520487785339355,0.5888736248016357,512,fixed seed 0 node subsample,0.033688852746096225,ele-fashion,43,s45_masspres_entry_uniform,visual
0,12.323473930358887,101.29969787597656,12.381646156311035,0.33650362491607666,512,fixed seed 0 node subsample,0.3172944484894275,ele-fashion,43,s45_masspres_entry_propagated_uniform,text
1,8.930899620056152,77.28311157226562,8.904114723205566,0.3862265348434448,512,fixed seed 0 node subsample,0.1891990826004859,ele-fashion,43,s45_masspres_entry_propagated_uniform,text
2,9.043028831481934,52.24435806274414,8.658669471740723,0.4976128935813904,512,fixed seed 0 node subsample,0.0638444958336055,ele-fashion,43,s45_masspres_entry_propagated_uniform,text
3,8.25005054473877,52.547080993652344,7.57503080368042,0.5057972073554993,512,fixed seed 0 node subsample,0.028497924672820637,ele-fashion,43,s45_masspres_entry_propagated_uniform,text
0,11.916714668273926,91.00093078613281,15.963419914245605,0.3521508276462555,512,fixed seed 0 node subsample,0.3607497651749103,ele-fashion,43,s45_masspres_entry_propagated_uniform,visual
1,8.487302780151367,69.80242919921875,13.208762168884277,0.4092332720756531,512,fixed seed 0 node subsample,0.26414388964370433,ele-fashion,43,s45_masspres_entry_propagated_uniform,visual
2,8.298789978027344,40.955848693847656,12.10399341583252,0.5325630307197571,512,fixed seed 0 node subsample,0.07839254826384467,ele-fashion,43,s45_masspres_entry_propagated_uniform,visual
3,7.471739292144775,39.7949333190918,9.072410583496094,0.5731911063194275,512,fixed seed 0 node subsample,0.03269800978638297,ele-fashion,43,s45_masspres_entry_propagated_uniform,visual
0,12.114211082458496,97.45064544677734,14.074780464172363,0.3383433222770691,512,fixed seed 0 node subsample,0.3191764962817201,ele-fashion,43,s45_masspres_persistent_uniform,text
1,8.746088027954102,72.76419067382812,9.954146385192871,0.39087092876434326,512,fixed seed 0 node subsample,0.13694471134725195,ele-fashion,43,s45_masspres_persistent_uniform,text
2,9.108962059020996,57.55278778076172,9.353134155273438,0.46073728799819946,512,fixed seed 0 node subsample,0.06950270237001746,ele-fashion,43,s45_masspres_persistent_uniform,text
3,8.41295051574707,57.947998046875,8.496431350708008,0.47740575671195984,512,fixed seed 0 node subsample,0.03886699360668708,ele-fashion,43,s45_masspres_persistent_uniform,text
0,11.727640151977539,86.25419616699219,18.579269409179688,0.36674773693084717,512,fixed seed 0 node subsample,0.3626367639721644,ele-fashion,43,s45_masspres_persistent_uniform,visual
1,8.291728019714355,62.962440490722656,11.577401161193848,0.43785539269447327,512,fixed seed 0 node subsample,0.21405916530114977,ele-fashion,43,s45_masspres_persistent_uniform,visual
2,8.618223190307617,47.9521369934082,13.000636100769043,0.5361164808273315,512,fixed seed 0 node subsample,0.12283195888141717,ele-fashion,43,s45_masspres_persistent_uniform,visual
3,7.960020065307617,49.33149719238281,9.760266304016113,0.5588898062705994,512,fixed seed 0 node subsample,0.07915837255538548,ele-fashion,43,s45_masspres_persistent_uniform,visual
0,12.347969055175781,102.14749145507812,15.807085037231445,0.3301922082901001,512,fixed seed 0 node subsample,0.3243457141304357,ele-fashion,44,s45_identity_terminal,text
1,8.821883201599121,73.5420150756836,10.07825756072998,0.38691964745521545,512,fixed seed 0 node subsample,0.11041257435603907,ele-fashion,44,s45_identity_terminal,text
2,9.13463306427002,55.49325942993164,9.28494644165039,0.454759806394577,512,fixed seed 0 node subsample,0.04611211663813389,ele-fashion,44,s45_identity_terminal,text
3,8.334397315979004,55.809120178222656,8.571213722229004,0.47427743673324585,512,fixed seed 0 node subsample,0.023950225446703464,ele-fashion,44,s45_identity_terminal,text
0,12.021644592285156,93.42974853515625,17.292728424072266,0.3484111726284027,512,fixed seed 0 node subsample,0.36442681870510557,ele-fashion,44,s45_identity_terminal,visual
1,8.29914379119873,61.47159957885742,8.663284301757812,0.4393746852874756,512,fixed seed 0 node subsample,0.1218480447977358,ele-fashion,44,s45_identity_terminal,visual
2,8.540616989135742,43.28023147583008,8.529187202453613,0.5283981561660767,512,fixed seed 0 node subsample,0.04898125613296456,ele-fashion,44,s45_identity_terminal,visual
3,7.764904022216797,44.32585525512695,7.353489875793457,0.5529857873916626,512,fixed seed 0 node subsample,0.024067624390593276,ele-fashion,44,s45_identity_terminal,visual
0,12.075323104858398,96.72010803222656,15.758140563964844,0.3380473554134369,512,fixed seed 0 node subsample,0.32392448774984495,ele-fashion,44,s45_identity_uniform,text
1,8.632591247558594,69.91429901123047,9.93531322479248,0.3952239453792572,512,fixed seed 0 node subsample,0.1099787012397632,ele-fashion,44,s45_identity_uniform,text
2,8.947463989257812,52.5941162109375,9.190128326416016,0.4633888304233551,512,fixed seed 0 node subsample,0.045858577251557016,ele-fashion,44,s45_identity_uniform,text
3,8.16579532623291,53.02821350097656,8.45822811126709,0.4830275774002075,512,fixed seed 0 node subsample,0.023760685298586867,ele-fashion,44,s45_identity_uniform,text
0,11.66744613647461,87.00531768798828,18.771385192871094,0.35688459873199463,512,fixed seed 0 node subsample,0.365777425031246,ele-fashion,44,s45_identity_uniform,visual
1,8.050036430358887,57.005584716796875,8.9334716796875,0.4501006305217743,512,fixed seed 0 node subsample,0.12172347103214345,ele-fashion,44,s45_identity_uniform,visual
2,8.28262710571289,39.78669738769531,9.065058708190918,0.5401315093040466,512,fixed seed 0 node subsample,0.04883620068886433,ele-fashion,44,s45_identity_uniform,visual
3,7.532317638397217,40.87618637084961,7.6152119636535645,0.5650640726089478,512,fixed seed 0 node subsample,0.02395598917293956,ele-fashion,44,s45_identity_uniform,visual
0,12.209298133850098,99.14088439941406,15.220454216003418,0.3343847095966339,512,fixed seed 0 node subsample,0.32242329186666113,ele-fashion,44,s45_identity_propagated_uniform,text
1,8.737854957580566,71.85446166992188,9.752288818359375,0.3909664750099182,512,fixed seed 0 node subsample,0.10945498344247441,ele-fashion,44,s45_identity_propagated_uniform,text
2,9.05726146697998,54.21571350097656,8.950248718261719,0.4587453007698059,512,fixed seed 0 node subsample,0.04564445052448086,ele-fashion,44,s45_identity_propagated_uniform,text
3,8.2677583694458,54.6351203918457,8.293281555175781,0.4782974123954773,512,fixed seed 0 node subsample,0.023667236641745897,ele-fashion,44,s45_identity_propagated_uniform,text
0,11.805643081665039,89.67023468017578,17.603744506835938,0.3520953357219696,512,fixed seed 0 node subsample,0.36404475787254187,ele-fashion,44,s45_identity_propagated_uniform,visual
1,8.155660629272461,59.00579833984375,8.745091438293457,0.4441685378551483,512,fixed seed 0 node subsample,0.12133161629316257,ele-fashion,44,s45_identity_propagated_uniform,visual
2,8.393424987792969,41.469886779785156,8.62590503692627,0.5332096219062805,512,fixed seed 0 node subsample,0.04872321410309739,ele-fashion,44,s45_identity_propagated_uniform,visual
3,7.633773326873779,42.522457122802734,7.410782337188721,0.5576310753822327,512,fixed seed 0 node subsample,0.023926363850552083,ele-fashion,44,s45_identity_propagated_uniform,visual
0,12.150811195373535,98.31657409667969,17.358781814575195,0.33622491359710693,512,fixed seed 0 node subsample,0.32641849468429823,ele-fashion,44,s45_unconstrained_entry_uniform,text
1,6.377756595611572,44.431644439697266,7.710994243621826,0.3650539517402649,512,fixed seed 0 node subsample,0.2209138702455144,ele-fashion,44,s45_unconstrained_entry_uniform,text
2,5.627565860748291,32.751708984375,6.204990863800049,0.4177839756011963,512,fixed seed 0 node subsample,0.07321087399547574,ele-fashion,44,s45_unconstrained_entry_uniform,text
3,5.3598313331604,29.28365135192871,5.523221969604492,0.46892663836479187,512,fixed seed 0 node subsample,0.03346867594711069,ele-fashion,44,s45_unconstrained_entry_uniform,text
0,11.767827987670898,89.21698760986328,20.812719345092773,0.35163548588752747,512,fixed seed 0 node subsample,0.3753599767147039,ele-fashion,44,s45_unconstrained_entry_uniform,visual
1,5.780112266540527,33.7989387512207,11.407275199890137,0.4124538004398346,512,fixed seed 0 node subsample,0.3022858187646084,ele-fashion,44,s45_unconstrained_entry_uniform,visual
2,4.926851272583008,20.740232467651367,11.074233055114746,0.5072933435440063,512,fixed seed 0 node subsample,0.09345986839922023,ele-fashion,44,s45_unconstrained_entry_uniform,visual
3,4.669349670410156,17.496429443359375,9.868337631225586,0.564663827419281,512,fixed seed 0 node subsample,0.03947389053070925,ele-fashion,44,s45_unconstrained_entry_uniform,visual
0,12.382022857666016,104.13135528564453,12.178594589233398,0.32201147079467773,512,fixed seed 0 node subsample,0.31840991806885716,ele-fashion,44,s45_masspres_entry_terminal,text
1,8.97371768951416,81.06587982177734,11.739069938659668,0.36622411012649536,512,fixed seed 0 node subsample,0.22901518013724761,ele-fashion,44,s45_masspres_entry_terminal,text
2,8.951071739196777,53.55002212524414,10.40621566772461,0.4650132358074188,512,fixed seed 0 node subsample,0.07281141144011709,ele-fashion,44,s45_masspres_entry_terminal,text
3,8.116423606872559,52.322975158691406,9.104202270507812,0.4849341809749603,512,fixed seed 0 node subsample,0.03184515027650657,ele-fashion,44,s45_masspres_entry_terminal,text
0,12.131290435791016,95.14390563964844,14.896564483642578,0.3460574746131897,512,fixed seed 0 node subsample,0.35950151935595276,ele-fashion,44,s45_masspres_entry_terminal,visual
1,8.640462875366211,73.24480438232422,12.95691204071045,0.41164469718933105,512,fixed seed 0 node subsample,0.301436313545787,ele-fashion,44,s45_masspres_entry_terminal,visual
2,8.356573104858398,39.734500885009766,12.623632431030273,0.5600720047950745,512,fixed seed 0 node subsample,0.08852922546978025,ele-fashion,44,s45_masspres_entry_terminal,visual
3,7.512468338012695,38.80064392089844,8.658985137939453,0.5956462621688843,512,fixed seed 0 node subsample,0.035483259473092305,ele-fashion,44,s45_masspres_entry_terminal,visual
0,12.203680038452148,99.25077056884766,13.678976058959961,0.33743417263031006,512,fixed seed 0 node subsample,0.31708152071429335,ele-fashion,44,s45_masspres_entry_uniform,text
1,8.872300148010254,76.27413940429688,10.153953552246094,0.3851034939289093,512,fixed seed 0 node subsample,0.18005991508494124,ele-fashion,44,s45_masspres_entry_uniform,text
2,8.99609661102295,52.413856506347656,9.355546951293945,0.48201438784599304,512,fixed seed 0 node subsample,0.05971221298504569,ele-fashion,44,s45_masspres_entry_uniform,text
3,8.203216552734375,52.39585876464844,8.153887748718262,0.49649104475975037,512,fixed seed 0 node subsample,0.027126577306775763,ele-fashion,44,s45_masspres_entry_uniform,text
0,11.842414855957031,88.70219421386719,15.818388938903809,0.36160552501678467,512,fixed seed 0 node subsample,0.35901127580972825,ele-fashion,44,s45_masspres_entry_uniform,visual
1,8.508357048034668,71.63697052001953,14.625219345092773,0.41804492473602295,512,fixed seed 0 node subsample,0.2832899387860965,ele-fashion,44,s45_masspres_entry_uniform,visual
2,8.335638999938965,40.95367431640625,12.69912338256836,0.53439861536026,512,fixed seed 0 node subsample,0.08352952520454288,ele-fashion,44,s45_masspres_entry_uniform,visual
3,7.477333068847656,39.623043060302734,9.211740493774414,0.5768672823905945,512,fixed seed 0 node subsample,0.03433825467630824,ele-fashion,44,s45_masspres_entry_uniform,visual
0,12.315520286560059,101.09485626220703,14.020020484924316,0.33716854453086853,512,fixed seed 0 node subsample,0.3205595360951994,ele-fashion,44,s45_masspres_entry_propagated_uniform,text
1,8.929386138916016,78.18773651123047,9.842093467712402,0.3866176903247833,512,fixed seed 0 node subsample,0.19798291134648632,ele-fashion,44,s45_masspres_entry_propagated_uniform,text
2,9.051714897155762,52.480709075927734,9.542409896850586,0.4906774163246155,512,fixed seed 0 node subsample,0.0663521731857279,ele-fashion,44,s45_masspres_entry_propagated_uniform,text
3,8.227493286132812,52.394954681396484,8.190136909484863,0.5046042203903198,512,fixed seed 0 node subsample,0.029591613382899628,ele-fashion,44,s45_masspres_entry_propagated_uniform,text
0,11.938200950622559,91.31580352783203,16.567211151123047,0.3530254065990448,512,fixed seed 0 node subsample,0.36287611918812224,ele-fashion,44,s45_masspres_entry_propagated_uniform,visual
1,8.520641326904297,71.09024810791016,12.27436351776123,0.41355231404304504,512,fixed seed 0 node subsample,0.2631538947668273,ele-fashion,44,s45_masspres_entry_propagated_uniform,visual
2,8.392507553100586,41.20949172973633,11.509461402893066,0.5327026844024658,512,fixed seed 0 node subsample,0.07921939583183801,ele-fashion,44,s45_masspres_entry_propagated_uniform,visual
3,7.52951192855835,40.429874420166016,8.351222038269043,0.5763841867446899,512,fixed seed 0 node subsample,0.03330513979393285,ele-fashion,44,s45_masspres_entry_propagated_uniform,visual
0,12.10212516784668,97.71824645996094,17.502037048339844,0.33524540066719055,512,fixed seed 0 node subsample,0.3260328692716551,ele-fashion,44,s45_masspres_persistent_uniform,text
1,8.71346378326416,72.61872863769531,11.138039588928223,0.3876042068004608,512,fixed seed 0 node subsample,0.13663700230838435,ele-fashion,44,s45_masspres_persistent_uniform,text
2,9.130281448364258,58.43265914916992,10.803629875183105,0.45425528287887573,512,fixed seed 0 node subsample,0.07333891568963416,ele-fashion,44,s45_masspres_persistent_uniform,text
3,8.418730735778809,59.029048919677734,9.659859657287598,0.4704332947731018,512,fixed seed 0 node subsample,0.04253167801126636,ele-fashion,44,s45_masspres_persistent_uniform,text
0,11.746251106262207,88.61804962158203,20.71156120300293,0.35341185331344604,512,fixed seed 0 node subsample,0.37100177774083565,ele-fashion,44,s45_masspres_persistent_uniform,visual
1,8.264082908630371,64.25627899169922,13.326854705810547,0.4255090355873108,512,fixed seed 0 node subsample,0.2372106515621018,ele-fashion,44,s45_masspres_persistent_uniform,visual
2,8.588212013244629,51.82525634765625,12.433379173278809,0.5211219191551208,512,fixed seed 0 node subsample,0.15785608118564276,ele-fashion,44,s45_masspres_persistent_uniform,visual
3,7.931310653686523,53.56483840942383,9.18982982635498,0.5466882586479187,512,fixed seed 0 node subsample,0.10196189753095074,ele-fashion,44,s45_masspres_persistent_uniform,visual
0,11.620210647583008,81.73876953125,18.792125701904297,0.39277881383895874,512,fixed seed 0 node subsample,0.26281451304658554,Reddit-S,42,s45_identity_terminal,text
1,9.942557334899902,46.188846588134766,11.316194534301758,0.5450392961502075,512,fixed seed 0 node subsample,3.535198692911737e-08,Reddit-S,42,s45_identity_terminal,text
2,9.942556381225586,46.1888313293457,11.316197395324707,0.5450392961502075,512,fixed seed 0 node subsample,3.4034088538723265e-08,Reddit-S,42,s45_identity_terminal,text
3,9.942553520202637,46.18882369995117,11.31619644165039,0.5450392961502075,512,fixed seed 0 node subsample,2.9454238489727077e-08,Reddit-S,42,s45_identity_terminal,text
0,12.848001480102539,115.77987670898438,16.966510772705078,0.3041601777076721,512,fixed seed 0 node subsample,0.11608195373556138,Reddit-S,42,s45_identity_terminal,visual
1,12.051902770996094,96.57345581054688,14.40585708618164,0.34745219349861145,512,fixed seed 0 node subsample,2.1810779454180643e-08,Reddit-S,42,s45_identity_terminal,visual
2,12.051899909973145,96.57344055175781,14.40585994720459,0.34745219349861145,512,fixed seed 0 node subsample,2.3674804151930598e-08,Reddit-S,42,s45_identity_terminal,visual
3,12.051898956298828,96.57341003417969,14.405856132507324,0.34745219349861145,512,fixed seed 0 node subsample,2.0187468651632694e-08,Reddit-S,42,s45_identity_terminal,visual
0,11.779526710510254,86.65947723388672,18.909629821777344,0.3753328323364258,512,fixed seed 0 node subsample,0.2690398253116779,Reddit-S,42,s45_identity_uniform,text
1,10.031819343566895,49.264190673828125,11.479098320007324,0.5255173444747925,512,fixed seed 0 node subsample,4.129567145814786e-08,Reddit-S,42,s45_identity_uniform,text
2,10.031818389892578,49.264183044433594,11.479095458984375,0.5255173444747925,512,fixed seed 0 node subsample,3.930563500430883e-08,Reddit-S,42,s45_identity_uniform,text
3,10.031818389892578,49.26416778564453,11.47909927368164,0.5255173444747925,512,fixed seed 0 node subsample,3.580994223641176e-08,Reddit-S,42,s45_identity_uniform,text
0,13.009757041931152,122.95973205566406,16.998029708862305,0.27961400151252747,512,fixed seed 0 node subsample,0.11911157548648092,Reddit-S,42,s45_identity_uniform,visual
1,12.179216384887695,102.74992370605469,14.459120750427246,0.32034894824028015,512,fixed seed 0 node subsample,3.979510831062933e-08,Reddit-S,42,s45_identity_uniform,visual
2,12.179213523864746,102.74990844726562,14.459117889404297,0.32034894824028015,512,fixed seed 0 node subsample,3.772833535967346e-08,Reddit-S,42,s45_identity_uniform,visual
3,12.179213523864746,102.74988555908203,14.459121704101562,0.32034894824028015,512,fixed seed 0 node subsample,3.507356290993376e-08,Reddit-S,42,s45_identity_uniform,visual
0,11.62791633605957,81.6773910522461,18.754253387451172,0.3939623236656189,512,fixed seed 0 node subsample,0.2621706233173618,Reddit-S,42,s45_identity_propagated_uniform,text
1,9.953621864318848,46.16899490356445,11.290044784545898,0.5461059212684631,512,fixed seed 0 node subsample,3.50853579545486e-08,Reddit-S,42,s45_identity_propagated_uniform,text
2,9.953620910644531,46.168983459472656,11.29004955291748,0.5461059212684631,512,fixed seed 0 node subsample,3.25353525928863e-08,Reddit-S,42,s45_identity_propagated_uniform,text
3,9.953619956970215,46.168975830078125,11.290045738220215,0.5461059212684631,512,fixed seed 0 node subsample,2.7297158254551665e-08,Reddit-S,42,s45_identity_propagated_uniform,text
0,12.849380493164062,115.80931854248047,16.968610763549805,0.30410176515579224,512,fixed seed 0 node subsample,0.11608630177010311,Reddit-S,42,s45_identity_propagated_uniform,visual
1,12.053157806396484,96.59838104248047,14.40860652923584,0.34740161895751953,512,fixed seed 0 node subsample,4.0140202284823285e-08,Reddit-S,42,s45_identity_propagated_uniform,visual
2,12.053156852722168,96.59835815429688,14.408604621887207,0.3474016785621643,512,fixed seed 0 node subsample,3.9545633799613364e-08,Reddit-S,42,s45_identity_propagated_uniform,visual
3,12.053156852722168,96.59833526611328,14.408601760864258,0.34740158915519714,512,fixed seed 0 node subsample,3.817170470592141e-08,Reddit-S,42,s45_identity_propagated_uniform,visual
0,12.315218925476074,100.60893249511719,27.112539291381836,0.3360805809497833,512,fixed seed 0 node subsample,0.3136993435499367,Reddit-S,42,s45_unconstrained_entry_uniform,text
1,11.630155563354492,84.53372955322266,9.31124496459961,0.5045750141143799,512,fixed seed 0 node subsample,0.01609430401767432,Reddit-S,42,s45_unconstrained_entry_uniform,text
2,11.592877388000488,82.0882568359375,9.01427936553955,0.5070300102233887,512,fixed seed 0 node subsample,2.5333234992890205e-08,Reddit-S,42,s45_unconstrained_entry_uniform,text
3,11.592875480651855,82.08824157714844,9.014280319213867,0.5070300102233887,512,fixed seed 0 node subsample,2.3018522285269645e-08,Reddit-S,42,s45_unconstrained_entry_uniform,text
0,13.031615257263184,126.22554779052734,17.93033790588379,0.2647589445114136,512,fixed seed 0 node subsample,0.13577478528219725,Reddit-S,42,s45_unconstrained_entry_uniform,visual
1,10.528400421142578,83.4080810546875,12.917304992675781,0.3091355562210083,512,fixed seed 0 node subsample,0.002143672265474373,Reddit-S,42,s45_unconstrained_entry_uniform,visual
2,10.519990921020508,83.15731811523438,12.87830924987793,0.3093535602092743,512,fixed seed 0 node subsample,4.807715144423894e-08,Reddit-S,42,s45_unconstrained_entry_uniform,visual
3,10.519989967346191,83.15730285644531,12.878312110900879,0.3093535602092743,512,fixed seed 0 node subsample,4.4622007793286966e-08,Reddit-S,42,s45_unconstrained_entry_uniform,visual
0,11.81021785736084,86.77703094482422,19.60845184326172,0.37300536036491394,512,fixed seed 0 node subsample,0.2736160493849409,Reddit-S,42,s45_masspres_entry_terminal,text
1,10.153877258300781,50.69449996948242,11.3917818069458,0.520065188407898,512,fixed seed 0 node subsample,0.004251945039279275,Reddit-S,42,s45_masspres_entry_terminal,text
2,10.131701469421387,50.25251770019531,11.287015914916992,0.5224932432174683,512,fixed seed 0 node subsample,4.1138847998534e-08,Reddit-S,42,s45_masspres_entry_terminal,text
3,10.13170051574707,50.252506256103516,11.287014961242676,0.5224932432174683,512,fixed seed 0 node subsample,3.9181907111773806e-08,Reddit-S,42,s45_masspres_entry_terminal,text
0,12.870144844055176,116.1457748413086,17.077058792114258,0.30470290780067444,512,fixed seed 0 node subsample,0.11899967635084441,Reddit-S,42,s45_masspres_entry_terminal,visual
1,12.067609786987305,96.5665054321289,14.37164306640625,0.34935036301612854,512,fixed seed 0 node subsample,0.0005135087697052781,Reddit-S,42,s45_masspres_entry_terminal,visual
2,12.064369201660156,96.49122619628906,14.363639831542969,0.3492053151130676,512,fixed seed 0 node subsample,3.46254863109516e-08,Reddit-S,42,s45_masspres_entry_terminal,visual
3,12.064369201660156,96.49120330810547,14.363639831542969,0.3492053151130676,512,fixed seed 0 node subsample,3.2777291151761854e-08,Reddit-S,42,s45_masspres_entry_terminal,visual
0,11.99283218383789,92.78070831298828,21.950654983520508,0.35237354040145874,512,fixed seed 0 node subsample,0.2892438897450234,Reddit-S,42,s45_masspres_entry_uniform,text
1,10.34410572052002,56.4564208984375,12.790498733520508,0.48648467659950256,512,fixed seed 0 node subsample,0.010410097016648839,Reddit-S,42,s45_masspres_entry_uniform,text
2,10.289633750915527,55.333335876464844,12.538616180419922,0.49172741174697876,512,fixed seed 0 node subsample,4.1151807656244505e-08,Reddit-S,42,s45_masspres_entry_uniform,text
3,10.289633750915527,55.33332443237305,12.538619995117188,0.49172741174697876,512,fixed seed 0 node subsample,3.982228968778811e-08,Reddit-S,42,s45_masspres_entry_uniform,text
0,13.058116912841797,125.12433624267578,17.175304412841797,0.2721305787563324,512,fixed seed 0 node subsample,0.12509108414979386,Reddit-S,42,s45_masspres_entry_uniform,visual
1,12.2166166305542,104.38488006591797,14.440302848815918,0.31574681401252747,512,fixed seed 0 node subsample,0.0014345390336872915,Reddit-S,42,s45_masspres_entry_uniform,visual
2,12.20725154876709,104.16907501220703,14.420334815979004,0.3158434331417084,512,fixed seed 0 node subsample,3.658770871282523e-08,Reddit-S,42,s45_masspres_entry_uniform,visual
3,12.207250595092773,104.16905212402344,14.420333862304688,0.3158434331417084,512,fixed seed 0 node subsample,3.497611633603997e-08,Reddit-S,42,s45_masspres_entry_uniform,visual
0,12.102733612060547,95.17886352539062,24.363624572753906,0.3472560942173004,512,fixed seed 0 node subsample,0.3017542414308117,Reddit-S,42,s45_masspres_entry_propagated_uniform,text
1,10.569746971130371,60.67558288574219,14.857616424560547,0.4639771282672882,512,fixed seed 0 node subsample,0.03120121956039361,Reddit-S,42,s45_masspres_entry_propagated_uniform,text
2,10.398782730102539,57.16765594482422,14.17914867401123,0.4808494448661804,512,fixed seed 0 node subsample,4.153790544640762e-08,Reddit-S,42,s45_masspres_entry_propagated_uniform,text
3,10.398780822753906,57.167640686035156,14.17914867401123,0.4808494448661804,512,fixed seed 0 node subsample,4.105201120701861e-08,Reddit-S,42,s45_masspres_entry_propagated_uniform,text
0,12.932473182678223,121.56966400146484,17.860504150390625,0.2798202931880951,512,fixed seed 0 node subsample,0.1310480715022164,Reddit-S,42,s45_masspres_entry_propagated_uniform,visual
1,12.224418640136719,104.16802215576172,14.836410522460938,0.31293046474456787,512,fixed seed 0 node subsample,0.012737949971747627,Reddit-S,42,s45_masspres_entry_propagated_uniform,visual
2,12.138031959533691,102.25288391113281,14.702082633972168,0.31858861446380615,512,fixed seed 0 node subsample,2.821521285511413e-08,Reddit-S,42,s45_masspres_entry_propagated_uniform,visual
3,12.138030052185059,102.25286102294922,14.702080726623535,0.31858861446380615,512,fixed seed 0 node subsample,2.6941239990038684e-08,Reddit-S,42,s45_masspres_entry_propagated_uniform,visual
0,11.997039794921875,92.8551254272461,21.879390716552734,0.35233691334724426,512,fixed seed 0 node subsample,0.2889291385741295,Reddit-S,42,s45_masspres_persistent_uniform,text
1,10.442811012268066,58.11288070678711,12.973352432250977,0.4791155755519867,512,fixed seed 0 node subsample,0.012679783070668083,Reddit-S,42,s45_masspres_persistent_uniform,text
2,10.336188316345215,56.07469177246094,12.582521438598633,0.48992037773132324,512,fixed seed 0 node subsample,0.0018105288904676831,Reddit-S,42,s45_masspres_persistent_uniform,text
3,10.372072219848633,56.72346115112305,12.633874893188477,0.48713546991348267,512,fixed seed 0 node subsample,0.0004935556027978393,Reddit-S,42,s45_masspres_persistent_uniform,text
0,13.060340881347656,125.18720245361328,17.169921875,0.2719596326351166,512,fixed seed 0 node subsample,0.12505513791560835,Reddit-S,42,s45_masspres_persistent_uniform,visual
1,12.215787887573242,104.40687561035156,14.447051048278809,0.3154909014701843,512,fixed seed 0 node subsample,0.0014512464902602393,Reddit-S,42,s45_masspres_persistent_uniform,visual
2,12.219143867492676,104.4880142211914,14.416871070861816,0.31499436497688293,512,fixed seed 0 node subsample,0.00010614435192225779,Reddit-S,42,s45_masspres_persistent_uniform,visual
3,12.22041130065918,104.51111602783203,14.416817665100098,0.3148714601993561,512,fixed seed 0 node subsample,1.4309146033290125e-05,Reddit-S,42,s45_masspres_persistent_uniform,visual
0,11.646614074707031,83.03169250488281,18.7310791015625,0.38663461804389954,512,fixed seed 0 node subsample,0.26649534739633696,Reddit-S,43,s45_identity_terminal,text
1,9.93886661529541,46.836055755615234,11.034607887268066,0.5393252968788147,512,fixed seed 0 node subsample,3.504261926346647e-08,Reddit-S,43,s45_identity_terminal,text
2,9.93886661529541,46.836036682128906,11.034605026245117,0.5393252968788147,512,fixed seed 0 node subsample,3.1842551267377214e-08,Reddit-S,43,s45_identity_terminal,text
3,9.938864707946777,46.83602523803711,11.034603118896484,0.5393252968788147,512,fixed seed 0 node subsample,2.7383758516773767e-08,Reddit-S,43,s45_identity_terminal,text
0,12.845159530639648,114.62120819091797,17.080020904541016,0.31187906861305237,512,fixed seed 0 node subsample,0.11671024025046017,Reddit-S,43,s45_identity_terminal,visual
1,12.043717384338379,95.3263168334961,14.445271492004395,0.35473695397377014,512,fixed seed 0 node subsample,3.5382673938715573e-08,Reddit-S,43,s45_identity_terminal,visual
2,12.043716430664062,95.3262939453125,14.445269584655762,0.35473695397377014,512,fixed seed 0 node subsample,3.35014093143475e-08,Reddit-S,43,s45_identity_terminal,visual
3,12.043715476989746,95.32627868652344,14.445271492004395,0.35473695397377014,512,fixed seed 0 node subsample,3.061795517694308e-08,Reddit-S,43,s45_identity_terminal,visual
0,11.75216293334961,87.53897857666016,19.94127082824707,0.3668253421783447,512,fixed seed 0 node subsample,0.2771325815384104,Reddit-S,43,s45_identity_uniform,text
1,9.952354431152344,49.21347427368164,11.763137817382812,0.5193398594856262,512,fixed seed 0 node subsample,3.941789597927761e-08,Reddit-S,43,s45_identity_uniform,text
2,9.952354431152344,49.213462829589844,11.763139724731445,0.5193398594856262,512,fixed seed 0 node subsample,3.812038304234413e-08,Reddit-S,43,s45_identity_uniform,text
3,9.952352523803711,49.21345138549805,11.763139724731445,0.5193398594856262,512,fixed seed 0 node subsample,3.31625751173268e-08,Reddit-S,43,s45_identity_uniform,text
0,13.00511646270752,121.9967041015625,16.956335067749023,0.2853991985321045,512,fixed seed 0 node subsample,0.1195238595895054,Reddit-S,43,s45_identity_uniform,visual
1,12.170740127563477,101.7370376586914,14.38073444366455,0.3257380425930023,512,fixed seed 0 node subsample,4.495048230543537e-08,Reddit-S,43,s45_identity_uniform,visual
2,12.17073917388916,101.73703002929688,14.380728721618652,0.3257380425930023,512,fixed seed 0 node subsample,4.374539355345559e-08,Reddit-S,43,s45_identity_uniform,visual
3,12.170737266540527,101.73700714111328,14.38073444366455,0.3257380425930023,512,fixed seed 0 node subsample,3.8533786553207744e-08,Reddit-S,43,s45_identity_uniform,visual
0,11.720970153808594,86.71734619140625,19.956645965576172,0.3680339753627777,512,fixed seed 0 node subsample,0.27889524136618987,Reddit-S,43,s45_identity_propagated_uniform,text
1,9.913070678710938,48.347999572753906,11.745147705078125,0.52403324842453,512,fixed seed 0 node subsample,4.0917406333268804e-08,Reddit-S,43,s45_identity_propagated_uniform,text
2,9.913070678710938,48.347991943359375,11.74515151977539,0.52403324842453,512,fixed seed 0 node subsample,3.805465667995191e-08,Reddit-S,43,s45_identity_propagated_uniform,text
3,9.913068771362305,48.347984313964844,11.745150566101074,0.52403324842453,512,fixed seed 0 node subsample,3.438991552149531e-08,Reddit-S,43,s45_identity_propagated_uniform,text
0,12.83176040649414,114.3078842163086,17.240921020507812,0.3124566972255707,512,fixed seed 0 node subsample,0.1179751544522666,Reddit-S,43,s45_identity_propagated_uniform,visual
1,12.022725105285645,94.84359741210938,14.531061172485352,0.3556147813796997,512,fixed seed 0 node subsample,3.503400053937072e-08,Reddit-S,43,s45_identity_propagated_uniform,visual
2,12.022723197937012,94.84358215332031,14.531063079833984,0.3556147813796997,512,fixed seed 0 node subsample,3.351869819359563e-08,Reddit-S,43,s45_identity_propagated_uniform,visual
3,12.022721290588379,94.84355926513672,14.531062126159668,0.3556147813796997,512,fixed seed 0 node subsample,2.919311681085481e-08,Reddit-S,43,s45_identity_propagated_uniform,visual
0,11.338114738464355,70.25048065185547,16.07248306274414,0.4495300054550171,512,fixed seed 0 node subsample,0.23091722837078513,Reddit-S,43,s45_unconstrained_entry_uniform,text
1,15.296869277954102,98.4126205444336,9.4679594039917,0.5927967429161072,512,fixed seed 0 node subsample,0.0062934008038392966,Reddit-S,43,s45_unconstrained_entry_uniform,text
2,15.247706413269043,96.9216537475586,9.305356979370117,0.5957184433937073,512,fixed seed 0 node subsample,3.519951115147454e-08,Reddit-S,43,s45_unconstrained_entry_uniform,text
3,15.24770450592041,96.92162322998047,9.305356979370117,0.5957184433937073,512,fixed seed 0 node subsample,3.348220258696435e-08,Reddit-S,43,s45_unconstrained_entry_uniform,text
0,12.760735511779785,112.13719940185547,16.877939224243164,0.3172658383846283,512,fixed seed 0 node subsample,0.11614460672497762,Reddit-S,43,s45_unconstrained_entry_uniform,visual
1,20.415544509887695,274.8141784667969,13.824920654296875,0.35898998379707336,512,fixed seed 0 node subsample,0.003379253859407203,Reddit-S,43,s45_unconstrained_entry_uniform,visual
2,20.375133514404297,273.3848571777344,13.753390312194824,0.3608328402042389,512,fixed seed 0 node subsample,2.8914558125601426e-08,Reddit-S,43,s45_unconstrained_entry_uniform,visual
3,20.375131607055664,273.38482666015625,13.753388404846191,0.3608328104019165,512,fixed seed 0 node subsample,2.7887010195508204e-08,Reddit-S,43,s45_unconstrained_entry_uniform,visual
0,11.641984939575195,82.44599914550781,18.563589096069336,0.38753968477249146,512,fixed seed 0 node subsample,0.26275701336346663,Reddit-S,43,s45_masspres_entry_terminal,text
1,10.067312240600586,49.101348876953125,10.687403678894043,0.5276046991348267,512,fixed seed 0 node subsample,0.003006148930373032,Reddit-S,43,s45_masspres_entry_terminal,text
2,10.051793098449707,48.794246673583984,10.620126724243164,0.5283377766609192,512,fixed seed 0 node subsample,3.567947014950725e-08,Reddit-S,43,s45_masspres_entry_terminal,text
3,10.051793098449707,48.79423522949219,10.620128631591797,0.5283377766609192,512,fixed seed 0 node subsample,3.576139277614821e-08,Reddit-S,43,s45_masspres_entry_terminal,text
0,12.92175006866455,117.5354995727539,17.03618812561035,0.30130118131637573,512,fixed seed 0 node subsample,0.11791866748067291,Reddit-S,43,s45_masspres_entry_terminal,visual
1,12.128923416137695,98.19550323486328,14.425293922424316,0.3438107967376709,512,fixed seed 0 node subsample,0.0007836042588076549,Reddit-S,43,s45_masspres_entry_terminal,visual
2,12.12391185760498,98.07948303222656,14.412307739257812,0.3438808023929596,512,fixed seed 0 node subsample,4.0281129419516334e-08,Reddit-S,43,s45_masspres_entry_terminal,visual
3,12.123909950256348,98.07946014404297,14.412310600280762,0.3438808023929596,512,fixed seed 0 node subsample,3.927473726358898e-08,Reddit-S,43,s45_masspres_entry_terminal,visual
0,11.957754135131836,92.50672912597656,22.055889129638672,0.35121506452560425,512,fixed seed 0 node subsample,0.28907912610866354,Reddit-S,43,s45_masspres_entry_uniform,text
1,10.294195175170898,55.48359298706055,12.88875675201416,0.49021774530410767,512,fixed seed 0 node subsample,0.009189286397401637,Reddit-S,43,s45_masspres_entry_uniform,text
2,10.246358871459961,54.501197814941406,12.652604103088379,0.49370628595352173,512,fixed seed 0 node subsample,4.429302580979048e-08,Reddit-S,43,s45_masspres_entry_uniform,text
3,10.246356964111328,54.501190185546875,12.652606010437012,0.49370628595352173,512,fixed seed 0 node subsample,4.177609435338966e-08,Reddit-S,43,s45_masspres_entry_uniform,text
0,13.065398216247559,125.0840072631836,17.274080276489258,0.27366575598716736,512,fixed seed 0 node subsample,0.1240972297438072,Reddit-S,43,s45_masspres_entry_uniform,visual
1,12.220793724060059,104.39509582519531,14.499345779418945,0.31493109464645386,512,fixed seed 0 node subsample,0.0014140185941585574,Reddit-S,43,s45_masspres_entry_uniform,visual
2,12.211492538452148,104.18230438232422,14.477132797241211,0.31506890058517456,512,fixed seed 0 node subsample,4.359956555594179e-08,Reddit-S,43,s45_masspres_entry_uniform,visual
3,12.211490631103516,104.18228912353516,14.477131843566895,0.31506890058517456,512,fixed seed 0 node subsample,4.220185373929011e-08,Reddit-S,43,s45_masspres_entry_uniform,visual
0,12.011126518249512,93.20616149902344,23.46530532836914,0.3513714373111725,512,fixed seed 0 node subsample,0.29617024691274685,Reddit-S,43,s45_masspres_entry_propagated_uniform,text
1,10.519024848937988,60.21253204345703,14.026998519897461,0.46164005994796753,512,fixed seed 0 node subsample,0.03289266690158547,Reddit-S,43,s45_masspres_entry_propagated_uniform,text
2,10.33973217010498,56.54780197143555,13.3574857711792,0.48056259751319885,512,fixed seed 0 node subsample,3.8768369296982366e-08,Reddit-S,43,s45_masspres_entry_propagated_uniform,text
3,10.33973217010498,56.54779052734375,13.357488632202148,0.48056259751319885,512,fixed seed 0 node subsample,3.72947488963795e-08,Reddit-S,43,s45_masspres_entry_propagated_uniform,text
0,12.940205574035645,122.19536590576172,17.956645965576172,0.27505868673324585,512,fixed seed 0 node subsample,0.1304950820781357,Reddit-S,43,s45_masspres_entry_propagated_uniform,visual
1,12.200324058532715,104.07111358642578,14.913756370544434,0.3095836639404297,512,fixed seed 0 node subsample,0.008139897945743322,Reddit-S,43,s45_masspres_entry_propagated_uniform,visual
2,12.14555835723877,102.85213470458984,14.827584266662598,0.31321024894714355,512,fixed seed 0 node subsample,2.787074397487896e-08,Reddit-S,43,s45_masspres_entry_propagated_uniform,visual
3,12.145556449890137,102.85211944580078,14.827583312988281,0.31321024894714355,512,fixed seed 0 node subsample,2.5437426263716457e-08,Reddit-S,43,s45_masspres_entry_propagated_uniform,visual
0,11.997811317443848,94.02632904052734,22.49281883239746,0.3458264172077179,512,fixed seed 0 node subsample,0.2935001103658702,Reddit-S,43,s45_masspres_persistent_uniform,text
1,10.367501258850098,57.52722930908203,13.414036750793457,0.4785342812538147,512,fixed seed 0 node subsample,0.012669354362823685,Reddit-S,43,s45_masspres_persistent_uniform,text
2,10.34324836730957,56.95247268676758,13.158149719238281,0.48021671175956726,512,fixed seed 0 node subsample,0.0015036262475664616,Reddit-S,43,s45_masspres_persistent_uniform,text
3,10.360116004943848,57.22963333129883,13.171456336975098,0.47944435477256775,512,fixed seed 0 node subsample,0.00033503695669217777,Reddit-S,43,s45_masspres_persistent_uniform,text
0,13.081767082214355,125.908203125,17.339139938354492,0.27068451046943665,512,fixed seed 0 node subsample,0.1252892629853334,Reddit-S,43,s45_masspres_persistent_uniform,visual
1,12.226370811462402,104.92918395996094,14.529876708984375,0.3123098313808441,512,fixed seed 0 node subsample,0.0015314043108454218,Reddit-S,43,s45_masspres_persistent_uniform,visual
2,12.227385520935059,104.96353149414062,14.491698265075684,0.3121058940887451,512,fixed seed 0 node subsample,0.00011906520456604998,Reddit-S,43,s45_masspres_persistent_uniform,visual
3,12.228349685668945,104.98140716552734,14.491663932800293,0.31183165311813354,512,fixed seed 0 node subsample,1.611110760377892e-05,Reddit-S,43,s45_masspres_persistent_uniform,visual
0,11.504687309265137,80.05549621582031,18.026426315307617,0.3923195004463196,512,fixed seed 0 node subsample,0.26188818776541045,Reddit-S,44,s45_identity_terminal,text
1,9.852460861206055,45.337188720703125,10.985376358032227,0.5434450507164001,512,fixed seed 0 node subsample,3.6909367293964304e-08,Reddit-S,44,s45_identity_terminal,text
2,9.852460861206055,45.33717727661133,10.985377311706543,0.5434450507164001,512,fixed seed 0 node subsample,3.5710695033684886e-08,Reddit-S,44,s45_identity_terminal,text
3,9.852458953857422,45.337162017822266,10.985374450683594,0.5434450507164001,512,fixed seed 0 node subsample,3.106605154533557e-08,Reddit-S,44,s45_identity_terminal,text
0,12.880398750305176,114.8487548828125,16.741313934326172,0.315289169549942,512,fixed seed 0 node subsample,0.11405534748624996,Reddit-S,44,s45_identity_terminal,visual
1,12.099181175231934,95.8819580078125,14.229424476623535,0.35847556591033936,512,fixed seed 0 node subsample,3.9929971293236204e-08,Reddit-S,44,s45_identity_terminal,visual
2,12.099180221557617,95.88195037841797,14.229423522949219,0.35847556591033936,512,fixed seed 0 node subsample,3.799506433306521e-08,Reddit-S,44,s45_identity_terminal,visual
3,12.099178314208984,95.88192749023438,14.229421615600586,0.35847556591033936,512,fixed seed 0 node subsample,3.342539772939758e-08,Reddit-S,44,s45_identity_terminal,visual
0,11.874099731445312,90.90695190429688,22.151405334472656,0.35333454608917236,512,fixed seed 0 node subsample,0.2904816683694559,Reddit-S,44,s45_identity_uniform,text
1,9.963797569274902,49.89761734008789,13.215665817260742,0.5113837122917175,512,fixed seed 0 node subsample,3.6893843095268475e-08,Reddit-S,44,s45_identity_uniform,text
2,9.96379566192627,49.897605895996094,13.21566390991211,0.5113837122917175,512,fixed seed 0 node subsample,3.438128779044619e-08,Reddit-S,44,s45_identity_uniform,text
3,9.963794708251953,49.89759826660156,13.215664863586426,0.5113837122917175,512,fixed seed 0 node subsample,3.008427710804285e-08,Reddit-S,44,s45_identity_uniform,text
0,13.0103178024292,122.8479232788086,17.040510177612305,0.2821941673755646,512,fixed seed 0 node subsample,0.12130102143662864,Reddit-S,44,s45_identity_uniform,visual
1,12.16511058807373,102.26129913330078,14.427253723144531,0.32370251417160034,512,fixed seed 0 node subsample,3.7399988696238153e-08,Reddit-S,44,s45_identity_uniform,visual
2,12.16511058807373,102.26129150390625,14.427254676818848,0.32370251417160034,512,fixed seed 0 node subsample,3.626935238841306e-08,Reddit-S,44,s45_identity_uniform,visual
3,12.165108680725098,102.26126098632812,14.427255630493164,0.32370251417160034,512,fixed seed 0 node subsample,3.108921229969656e-08,Reddit-S,44,s45_identity_uniform,visual
0,11.503753662109375,80.0256576538086,18.018526077270508,0.39247724413871765,512,fixed seed 0 node subsample,0.26184386108459207,Reddit-S,44,s45_identity_propagated_uniform,text
1,9.851977348327637,45.31884002685547,10.980657577514648,0.5436055660247803,512,fixed seed 0 node subsample,3.734552417261291e-08,Reddit-S,44,s45_identity_propagated_uniform,text
2,9.85197639465332,45.31883239746094,10.980657577514648,0.5436055660247803,512,fixed seed 0 node subsample,3.6937663277104676e-08,Reddit-S,44,s45_identity_propagated_uniform,text
3,9.851974487304688,45.31882095336914,10.980655670166016,0.5436055660247803,512,fixed seed 0 node subsample,3.3069033564306965e-08,Reddit-S,44,s45_identity_propagated_uniform,text
0,12.881854057312012,114.81742858886719,16.73828125,0.3156849145889282,512,fixed seed 0 node subsample,0.11400289975842282,Reddit-S,44,s45_identity_propagated_uniform,visual
1,12.10097599029541,95.85517120361328,14.226117134094238,0.3588840961456299,512,fixed seed 0 node subsample,4.666918989928982e-08,Reddit-S,44,s45_identity_propagated_uniform,visual
2,12.10097599029541,95.85515594482422,14.226118087768555,0.3588840663433075,512,fixed seed 0 node subsample,4.635971032657687e-08,Reddit-S,44,s45_identity_propagated_uniform,visual
3,12.100975036621094,95.85513305664062,14.226116180419922,0.3588840961456299,512,fixed seed 0 node subsample,4.1894047003871446e-08,Reddit-S,44,s45_identity_propagated_uniform,visual
0,11.63418960571289,82.056884765625,17.506877899169922,0.3908708095550537,512,fixed seed 0 node subsample,0.26232710389465425,Reddit-S,44,s45_unconstrained_entry_uniform,text
1,14.644651412963867,105.2476577758789,10.3972806930542,0.5412513613700867,512,fixed seed 0 node subsample,0.008440077279697098,Reddit-S,44,s45_unconstrained_entry_uniform,text
2,14.590598106384277,103.38421630859375,10.183906555175781,0.5441555380821228,512,fixed seed 0 node subsample,3.6122333061620404e-08,Reddit-S,44,s45_unconstrained_entry_uniform,text
3,14.590596199035645,103.38420104980469,10.183905601501465,0.5441555380821228,512,fixed seed 0 node subsample,3.3558492324056766e-08,Reddit-S,44,s45_unconstrained_entry_uniform,text
0,12.660675048828125,109.70346069335938,17.546173095703125,0.319933146238327,512,fixed seed 0 node subsample,0.11895212639542314,Reddit-S,44,s45_unconstrained_entry_uniform,visual
1,20.641311645507812,278.14044189453125,14.29893970489502,0.3627397418022156,512,fixed seed 0 node subsample,0.003641228527087917,Reddit-S,44,s45_unconstrained_entry_uniform,visual
2,20.59726333618164,276.5653381347656,14.21789264678955,0.36505070328712463,512,fixed seed 0 node subsample,1.9785252637503723e-08,Reddit-S,44,s45_unconstrained_entry_uniform,visual
3,20.597261428833008,276.5653076171875,14.217894554138184,0.36505070328712463,512,fixed seed 0 node subsample,1.6634392232018727e-08,Reddit-S,44,s45_unconstrained_entry_uniform,visual
0,11.57742691040039,76.25315856933594,15.106863021850586,0.4260713458061218,512,fixed seed 0 node subsample,0.236582337508231,Reddit-S,44,s45_masspres_entry_terminal,text
1,10.170223236083984,45.82668685913086,9.555838584899902,0.564446747303009,512,fixed seed 0 node subsample,0.002861579530296932,Reddit-S,44,s45_masspres_entry_terminal,text
2,10.155303001403809,45.52899169921875,9.494749069213867,0.5656062960624695,512,fixed seed 0 node subsample,3.623287592740318e-08,Reddit-S,44,s45_masspres_entry_terminal,text
3,10.155302047729492,45.52898406982422,9.49474811553955,0.5656062960624695,512,fixed seed 0 node subsample,3.432273244307003e-08,Reddit-S,44,s45_masspres_entry_terminal,text
0,12.900829315185547,116.80731964111328,17.034408569335938,0.30272817611694336,512,fixed seed 0 node subsample,0.11467294891019598,Reddit-S,44,s45_masspres_entry_terminal,visual
1,12.1363525390625,98.06437683105469,14.467996597290039,0.3445926308631897,512,fixed seed 0 node subsample,0.0002471597355304465,Reddit-S,44,s45_masspres_entry_terminal,visual
2,12.134815216064453,98.02774810791016,14.46464729309082,0.3442445993423462,512,fixed seed 0 node subsample,3.6897839583724724e-08,Reddit-S,44,s45_masspres_entry_terminal,visual
3,12.134814262390137,98.02772521972656,14.464651107788086,0.3442445993423462,512,fixed seed 0 node subsample,3.6585831244863636e-08,Reddit-S,44,s45_masspres_entry_terminal,visual
0,12.120685577392578,95.39066314697266,23.937253952026367,0.3490583300590515,512,fixed seed 0 node subsample,0.2955744892855752,Reddit-S,44,s45_masspres_entry_uniform,text
1,10.498726844787598,58.67299270629883,14.528751373291016,0.4782438278198242,512,fixed seed 0 node subsample,0.012941848995775286,Reddit-S,44,s45_masspres_entry_uniform,text
2,10.43075942993164,57.23697280883789,14.200733184814453,0.48422032594680786,512,fixed seed 0 node subsample,3.716513882017333e-08,Reddit-S,44,s45_masspres_entry_uniform,text
3,10.430758476257324,57.236968994140625,14.200733184814453,0.48422032594680786,512,fixed seed 0 node subsample,3.542001083409651e-08,Reddit-S,44,s45_masspres_entry_uniform,text
0,13.068634986877441,126.62712860107422,17.70016098022461,0.2655142843723297,512,fixed seed 0 node subsample,0.1280958650858546,Reddit-S,44,s45_masspres_entry_uniform,visual
1,12.210363388061523,105.41999816894531,14.76733684539795,0.30697527527809143,512,fixed seed 0 node subsample,0.0019077990534660419,Reddit-S,44,s45_masspres_entry_uniform,visual
2,12.197613716125488,105.13323974609375,14.741719245910645,0.30710458755493164,512,fixed seed 0 node subsample,3.95589792753042e-08,Reddit-S,44,s45_masspres_entry_uniform,visual
3,12.197613716125488,105.13321685791016,14.741719245910645,0.30710458755493164,512,fixed seed 0 node subsample,3.649034023583437e-08,Reddit-S,44,s45_masspres_entry_uniform,visual
0,12.077317237854004,93.83000946044922,23.380123138427734,0.35446202754974365,512,fixed seed 0 node subsample,0.29539257711382333,Reddit-S,44,s45_masspres_entry_propagated_uniform,text
1,10.51433277130127,58.57357406616211,14.577128410339355,0.4796031713485718,512,fixed seed 0 node subsample,0.021039289834806504,Reddit-S,44,s45_masspres_entry_propagated_uniform,text
2,10.401339530944824,56.23301696777344,14.094168663024902,0.49070224165916443,512,fixed seed 0 node subsample,3.728377305694048e-08,Reddit-S,44,s45_masspres_entry_propagated_uniform,text
3,10.401337623596191,56.233001708984375,14.09416675567627,0.49070224165916443,512,fixed seed 0 node subsample,3.7145143138621576e-08,Reddit-S,44,s45_masspres_entry_propagated_uniform,text
0,12.913912773132324,121.82604217529297,18.118850708007812,0.2762514650821686,512,fixed seed 0 node subsample,0.13036277574340194,Reddit-S,44,s45_masspres_entry_propagated_uniform,visual
1,12.280535697937012,106.46994018554688,15.1310396194458,0.30195924639701843,512,fixed seed 0 node subsample,0.01497646056076127,Reddit-S,44,s45_masspres_entry_propagated_uniform,visual
2,12.18070125579834,104.1979751586914,14.969939231872559,0.30822324752807617,512,fixed seed 0 node subsample,2.9995085119812243e-08,Reddit-S,44,s45_masspres_entry_propagated_uniform,visual
3,12.180700302124023,104.19795227050781,14.969940185546875,0.30822324752807617,512,fixed seed 0 node subsample,3.080821998353991e-08,Reddit-S,44,s45_masspres_entry_propagated_uniform,visual
0,12.052431106567383,93.87158203125,22.99148941040039,0.3514224588871002,512,fixed seed 0 node subsample,0.29180430417707715,Reddit-S,44,s45_masspres_persistent_uniform,text
1,10.572668075561523,60.377220153808594,14.207487106323242,0.46702516078948975,512,fixed seed 0 node subsample,0.014677169617888345,Reddit-S,44,s45_masspres_persistent_uniform,text
2,10.43232250213623,57.70027542114258,13.738673210144043,0.47966888546943665,512,fixed seed 0 node subsample,0.003027258495022703,Reddit-S,44,s45_masspres_persistent_uniform,text
3,10.497323036193848,58.83989334106445,13.789692878723145,0.4745986759662628,512,fixed seed 0 node subsample,0.0011774531329084242,Reddit-S,44,s45_masspres_persistent_uniform,text
0,13.051460266113281,125.94414520263672,17.639286041259766,0.2668329179286957,512,fixed seed 0 node subsample,0.12668146705099848,Reddit-S,44,s45_masspres_persistent_uniform,visual
1,12.196087837219238,104.85965728759766,14.749165534973145,0.30900290608406067,512,fixed seed 0 node subsample,0.0013055122032060175,Reddit-S,44,s45_masspres_persistent_uniform,visual
2,12.196937561035156,104.87432861328125,14.72596263885498,0.3083238899707794,512,fixed seed 0 node subsample,8.540603344055824e-05,Reddit-S,44,s45_masspres_persistent_uniform,visual
3,12.198345184326172,104.89982604980469,14.723684310913086,0.3082321584224701,512,fixed seed 0 node subsample,1.0160707387284466e-05,Reddit-S,44,s45_masspres_persistent_uniform,visual
